iso,year,log_gdppc,sec_enroll
ABW,1999,10.180543767247153,93.4739685058594
ABW,2000,10.243699054962644,91.5802001953125
ABW,2001,10.27531792495204,97.5565338134766
ABW,2002,10.258902941749522,100.163063049316
ABW,2003,10.258564490065902,101.929069519043
ABW,2004,10.307610921546775,100.940940856934
ABW,2005,10.277864619739226,99.2053527832031
ABW,2006,10.27110927669914,99.8657531738281
ABW,2007,10.294070416319773,106.236473083496
ABW,2008,10.304632167664872,97.0627517700195
ABW,2009,10.173669629508701,97.9976272583008
ABW,2010,10.143654110695536,98.2207412719727
ABW,2011,10.169424435607478,96.633918762207
ABW,2012,10.14426407186926,108.976188659668
ABW,2018,10.289403094518178,137.829788208008
ABW,2019,10.298914562663938,139.320587158203
ABW,2020,10.030922940419066,135.124725341797
ABW,2021,10.177439790203405,123.625907897949
ABW,2022,10.281889410894292,131.802169799805
ABW,2024,10.432318724433648,124.379366731084
AFE,1970,7.2310039016357885,16.8848991394043
AFE,1971,7.25550994979428,16.1438903808594
AFE,1972,7.2543464064577,16.9476795196533
AFE,1973,7.270315284465299,17.1273708343506
AFE,1974,7.293845848439974,17.2605495452881
AFE,1975,7.278280495894859,17.8118801116943
AFE,1976,7.272322729003298,17.8740692138672
AFE,1977,7.255066362192999,18.3465805053711
AFE,1978,7.239867109757947,18.949649810791
AFE,1979,7.237431046285555,19.5662002563477
AFE,1980,7.260532050462248,20.37034034729
AFE,1981,7.268133806698219,21.0441398620606
AFE,1982,7.239060390459484,21.8070297241211
AFE,1983,7.20836677891447,22.352689743042
AFE,1984,7.211519383392338,22.9280109405518
AFE,1985,7.180546412813541,23.5769100189209
AFE,1986,7.173125894824218,23.6898307800293
AFE,1987,7.18178849986747,24.0443096160889
AFE,1988,7.194711310349158,24.2764701843262
AFE,1989,7.192765765452541,24.0915794372559
AFE,1990,7.165312023025982,24.2189292907715
AFE,1991,7.136743685778751,24.6175899505615
AFE,1992,7.085887187613857,24.4192504882812
AFE,1993,7.049766898282214,24.6954898834229
AFE,1994,7.042210962289488,25.0056095123291
AFE,1995,7.058866566603038,25.7894802093506
AFE,1996,7.085944799692773,26.1036396026611
AFE,1997,7.098147187206533,26.4752101898193
AFE,1998,7.089830623970044,27.3343696594238
AFE,1999,7.08960196572944,27.5691108703613
AFE,2000,7.094962103709805,27.7371292114258
AFE,2001,7.103509447175725,28.7891101837158
AFE,2002,7.11585228153977,29.4754505157471
AFE,2003,7.119310384694277,30.0984306335449
AFE,2004,7.147713232231565,31.5510196685791
AFE,2005,7.181034971430031,32.5553398132324
AFE,2006,7.218601987016151,34.0642395019531
AFE,2007,7.256560658669608,35.4449501037598
AFE,2008,7.272760441678649,36.8555488586426
AFE,2009,7.25453527144903,37.9614715576172
AFE,2010,7.279167600890849,38.864860534668
AFE,2011,7.28953277913196,39.4915084838867
AFE,2012,7.281224388321311,40.5120582580566
AFE,2013,7.299040293924229,41.1352310180664
AFE,2014,7.310415422606254,42.2156600952148
AFE,2015,7.312364000988607,42.2618598937988
AFE,2016,7.3086227446158825,42.6814994812012
AFE,2017,7.308638165214992,43.2540893554688
AFE,2018,7.307997908353046,43.5594100952148
AFE,2019,7.299952086136764,44.1287307739258
AFE,2020,7.243211235085429,44.682559967041
AFE,2021,7.260280448688831,45.1505317687988
AFE,2022,7.270376484439112,45.2816200256348
AFE,2023,7.264412589671137,45.1553916931152
AFE,2024,7.2671823368564805,45.6060791015625
AFG,2001,5.624443593897058,14.0404100418091
AFG,2003,5.8466457683621,13.959529876709
AFG,2004,5.824929546003668,19.2143802642822
AFG,2005,5.896164756200818,20.2735099792481
AFG,2006,5.907425960704261,29.523889541626
AFG,2007,6.018003573244542,28.8154907226562
AFG,2008,6.034637254889591,38.930850982666
AFG,2009,6.192016115571962,44.2999496459961
AFG,2010,6.296871778787796,50.4406204223633
AFG,2011,6.264211232548303,52.4474296569824
AFG,2012,6.343755683741355,54.372859954834
AFG,2013,6.364068653933694,54.8833694458008
AFG,2014,6.354624348994881,54.2936515808105
AFG,2015,6.337833595485375,53.1501083374023
AFG,2016,6.334827872548525,53.4350395202637
AFG,2017,6.3328702621956765,55.5364303588867
AFG,2018,6.315584290000878,57.3578491210938
AFG,2023,5.935069585324131,59.6136016845703
AFW,1970,7.2292053807114085,7.98661994934082
AFW,1971,7.304046936759218,8.21300029754639
AFW,1972,7.310721548854384,8.65359973907471
AFW,1973,7.323976897863727,9.16162967681885
AFW,1974,7.3925328783973026,9.45987033843994
AFW,1975,7.345436013759706,9.91619968414307
AFW,1976,7.399476923896181,10.4410495758057
AFW,1977,7.4169047939750365,11.0622701644897
AFW,1978,7.369629221059377,12.1180200576782
AFW,1979,7.390403069586169,13.332329750061
AFW,1980,7.3805955603499855,15.0003299713135
AFW,1981,7.283418599181141,16.9752101898193
AFW,1982,7.221236055716891,18.9348602294922
AFW,1983,7.129139260283163,20.9244003295898
AFW,1984,7.107797954384631,22.6107006072998
AFW,1985,7.132362558543755,22.8133296966553
AFW,1986,7.117538070247668,21.5825500488281
AFW,1987,7.104173896465084,21.5655994415283
AFW,1988,7.123210471017319,21.2176399230957
AFW,1989,7.112590916203276,20.1980400085449
AFW,1990,7.140475268179521,20.4625606536865
AFW,1991,7.12516716920478,20.5557498931885
AFW,1992,7.120240945371054,20.6794700622559
AFW,1993,7.079935385815841,20.7306098937988
AFW,1994,7.051057830081502,20.7932205200195
AFW,1995,7.042063275458848,20.8791694641113
AFW,1996,7.059950577566367,20.9238700866699
AFW,1997,7.0756670500631165,20.9066505432129
AFW,1998,7.083625461750189,21.0443801879883
AFW,1999,7.071437713699227,21.3046798706055
AFW,2000,7.081380712871449,22.3391399383545
AFW,2001,7.104543667317399,23.9813995361328
AFW,2002,7.171236495161529,25.3692607879639
AFW,2003,7.1978357930723496,27.1360893249512
AFW,2004,7.247190636268217,28.7706794738769
AFW,2005,7.275165097827111,29.5611190795898
AFW,2006,7.298419747088073,29.8653297424316
AFW,2007,7.323200508006038,30.1015605926514
AFW,2008,7.355136403643788,32.6177215576172
AFW,2009,7.38674356944731,35.1795806884766
AFW,2010,7.426466898900738,38.3284301757812
AFW,2011,7.446278794131101,40.1716804504395
AFW,2012,7.46854110980681,41.6457786560059
AFW,2013,7.500007195556286,46.4255905151367
AFW,2014,7.528144023006615,42.5117301940918
AFW,2015,7.530158866983318,43.7089309692383
AFW,2016,7.505305764609678,42.3061790466309
AFW,2017,7.501940714939774,42.4331703186035
AFW,2018,7.505300102272209,42.7145614624023
AFW,2019,7.513252894329062,43.9062690734863
AFW,2020,7.451502383990212,44.7343406677246
AFW,2021,7.453081580620127,45.5674285888672
AFW,2022,7.4736708679538735,45.6372985839844
AFW,2023,7.485674571113908,46.4422416687012
AFW,2024,7.506630485961907,46.3004913330078
AGO,1980,8.066753603114273,10.8339395523071
AGO,1981,7.985331619910696,13.9767599105835
AGO,1982,7.948551269889938,9.97611999511719
AGO,1983,7.952532589533055,9.17257976531982
AGO,1984,7.9737411579414355,11.5424299240112
AGO,1985,7.971356102314829,9.99211025238037
AGO,1986,7.963759320487775,11.4603796005249
AGO,1987,7.969037896932584,11.1706104278565
AGO,1988,7.994488066593707,9.44001007080078
AGO,1989,7.960758478332761,10.4483404159546
AGO,1990,7.891724245565713,9.64206981658936
AGO,1991,7.867998475135612,10.1731996536255
AGO,1992,7.7751005863334,11.4410495758057
AGO,1998,7.698023238773372,11.8974800109863
AGO,1999,7.6866508295679195,11.7708902359009
AGO,2000,7.683616948912489,13.3690700531006
AGO,2001,7.691279364175825,15.0013399124146
AGO,2002,7.785296001922814,16.1495990753174
AGO,2008,8.177289737932542,22.7990207672119
AGO,2009,8.159033501405847,24.3320198059082
AGO,2010,8.172105595730596,28.2108038778932
AGO,2011,8.168534104123705,29.6869517832747
AGO,2016,8.16211592674171,54.4167987304753
AGO,2021,7.933139802670658,53.1351542727131
AGO,2023,7.918975016038248,51.4839046246776
ALB,1980,7.5085071207122365,87.4630508422852
ALB,1981,7.5443437349027995,88.3687286376953
ALB,1982,7.5522706345644055,84.1934280395508
ALB,1983,7.542050565395047,78.9021987915039
ALB,1984,7.508416248329848,78.7036895751953
ALB,1985,7.5055060643660925,81.3915786743164
ALB,1986,7.541014660979032,84.6373901367188
ALB,1987,7.5131346360931595,84.9363708496094
ALB,1988,7.479965343824573,86.8583068847656
ALB,1989,7.546909880232338,87.7146911621094
ALB,1990,7.428262536556052,90.8411865234375
ALB,1991,7.105756820744654,93.7076873779297
ALB,1992,7.037236503226149,80.463737487793
ALB,1993,7.134634949621695,72.5160827636719
ALB,1994,7.220535191399161,70.497673034668
ALB,1995,7.351778307346563,70.0542678833008
ALB,1996,7.4287904012862755,68.9900970458984
ALB,1997,7.310483547549403,69.0590515136719
ALB,1998,7.396604424035054,70.3278579711914
ALB,1999,7.518502774665193,70.4011001586914
ALB,2000,7.596851444585374,70.3186492919922
ALB,2001,7.691162885553096,72.4845733642578
ALB,2002,7.739406452395294,74.5389175415039
ALB,2003,7.795107027260158,77.751823425293
ALB,2004,7.850609121509021,78.9801864624023
ALB,2005,7.905762334472726,82.9714279174805
ALB,2006,7.970519407319937,84.3257675170898
ALB,2007,8.041052263627465,86.2188568115234
ALB,2008,8.115515387692694,87.8338394165039
ALB,2009,8.148806201724556,89.3157196044922
ALB,2010,8.183068952995455,93.6818237304688
ALB,2011,8.210095742267674,95.4705276489258
ALB,2012,8.2353202979289,97.6086120605469
ALB,2013,8.267679934508259,102.903209514161
ALB,2014,8.305266334335276,103.321377531566
ALB,2015,8.342730067120554,102.440729325166
ALB,2016,8.396506123719536,99.170755047578
ALB,2017,8.444241950183459,97.5743697537481
ALB,2018,8.495729230969024,98.822387862215
ALB,2019,8.53157654989607,99.01515356567
ALB,2020,8.513309056972297,95.9294474518951
ALB,2021,8.614638804836305,97.665033031442
ALB,2022,8.677209655950756,97.3224714726407
ALB,2023,8.733019679172903,96.1368771236947
ALB,2024,8.787103356010247,108.355392456055
AND,1971,10.643760429942192,23.6061305999756
AND,1972,10.653835739439216,21.6661701202393
AND,1973,10.662847671527663,19.5792407989502
AND,1974,10.654041146215505,23.8222694396973
AND,1975,10.598468310282243,34.9425888061523
AND,1976,10.57281807114453,45.4616203308105
AND,1983,10.345515878682159,61.8485717773438
AND,2002,10.547562242236257,82.2911224365234
AND,2003,10.587097401000207,82.7032623291016
AND,2004,10.597991840637471,79.4815368652344
AND,2005,10.60975268683884,85.7897186279297
AND,2006,10.629151605479175,85.0033187866211
AND,2007,10.616171613559564,82.4481887817383
AND,2008,10.539406126392391,82.1809616088867
AND,2009,10.48022405560148,82.6435775756836
AND,2010,10.498946500133034,85.1478881835938
AND,2011,10.535755822986848,85.8587875366211
AND,2012,10.497007153700574,86.870361328125
AND,2013,10.482462436222539,86.4044036865234
AND,2014,10.526765345966576,88.978157043457
AND,2015,10.562429723012254,91.2962188720703
AND,2016,10.598757992350489,94.6524124145508
AND,2017,10.580532339238744,95.1090393066406
AND,2018,10.577506573182125,95.9804306030273
AND,2019,10.58015658699795,96.2081298828125
AND,2020,10.4497763557476,97.1500396728516
AND,2021,10.516752947863903,98.0404205322266
AND,2022,10.591129522521134,98.5098724365234
AND,2023,10.602299496229332,99.5086517333984
AND,2024,10.62677570784863,101.923820495605
ARB,1970,8.114844829340216,37.2041091918945
ARB,1971,8.158531791348626,33.9620399475098
ARB,1972,8.260516083352224,34.1434211730957
ARB,1973,8.355948965215715,34.8604316711426
ARB,1974,8.42630407832879,35.5096588134766
ARB,1975,8.395247389403812,36.6606903076172
ARB,1976,8.497120805314196,38.052661895752
ARB,1977,8.529590410209922,39.8356018066406
ARB,1978,8.525810897413217,41.4048614501953
ARB,1979,8.591895620685893,33.1569709777832
ARB,1980,8.618172431869933,43.4109802246094
ARB,1981,8.594770158746819,44.1123504638672
ARB,1982,8.50216442819659,45.4540481567383
ARB,1983,8.4323880692293,46.3324012756348
ARB,1984,8.41342912458688,47.3159294128418
ARB,1985,8.374187292885209,48.4849891662598
ARB,1986,8.336034136362684,50.0637817382812
ARB,1987,8.308721933157987,50.805290222168
ARB,1988,8.313284990294994,50.9879608154297
ARB,1989,8.323771968732768,51.5518798828125
ARB,1990,8.36631503780018,54.0517387390137
ARB,1991,8.33624164575476,54.1323509216309
ARB,1992,8.374346856255041,53.1566009521484
ARB,1993,8.378588558048982,53.5955200195312
ARB,1994,8.384161610009414,55.2493782043457
ARB,1995,8.386561633200277,55.2427101135254
ARB,1996,8.4091731779614,54.6554298400879
ARB,1997,8.438338245706685,55.859058380127
ARB,1998,8.46074206908052,57.2500610351562
ARB,1999,8.464212482412472,58.1433410644531
ARB,2000,8.50149363620282,59.2162818908691
ARB,2001,8.498461211391467,60.4908599853516
ARB,2002,8.487379091622536,61.2261085510254
ARB,2003,8.505029784243689,62.7699584960938
ARB,2004,8.568744390281264,64.0756912231445
ARB,2005,8.59929699193802,63.4458312988281
ARB,2006,8.636284427214823,63.5213584899902
ARB,2007,8.656378562856249,62.4767303466797
ARB,2008,8.685392389014373,62.5955390930176
ARB,2009,8.667458289267563,64.5199203491211
ARB,2010,8.693784313455573,64.951042175293
ARB,2011,8.708474564861223,66.7186431884766
ARB,2012,8.738001758837328,67.1283721923828
ARB,2013,8.737817549540756,65.3426971435547
ARB,2014,8.739914847660915,65.7318267822266
ARB,2015,8.74828555931228,66.154541015625
ARB,2016,8.760210648498736,66.4599990844727
ARB,2017,8.753372813749053,66.9350433349609
ARB,2018,8.761949504437151,67.0554885864258
ARB,2019,8.760472993553092,67.3800735473633
ARB,2020,8.68513080694347,67.2821731567383
ARB,2021,8.713347300718803,68.0012435913086
ARB,2022,8.75800074667171,69.4561386108398
ARB,2023,8.751794939479039,68.6525421142578
ARB,2024,8.750089555624772,68.8945465087891
ARE,1971,10.949907906398412,12.7587900161743
ARE,1972,11.140715850099756,15.0365400314331
ARE,1973,11.5842698087328,15.7375001907349
ARE,1974,11.605673913481047,15.0065202713013
ARE,1975,11.56178408859962,19.1164798736572
ARE,1976,11.588548839553255,29.7107391357422
ARE,1977,11.64026660699118,31.655460357666
ARE,1978,11.49366445712075,33.5856018066406
ARE,1979,11.564138876487641,38.5720100402832
ARE,1980,11.670555933667856,45.0272483825684
ARE,1981,11.636496350276312,51.0481910705566
ARE,1982,11.508223046243037,54.9244384765625
ARE,1983,11.402177594992768,57.8344612121582
ARE,1984,11.385915018407703,61.3924903869629
ARE,1985,11.295701665469064,63.914421081543
ARE,1986,11.070767456212726,65.8701934814453
ARE,1987,11.03372820719364,55.8296508789062
ARE,1988,10.94110623360589,52.6680793762207
ARE,1989,10.995176669878806,52.7465286254883
ARE,1990,11.10468034239991,54.8809394836426
ARE,1991,11.057706507731929,59.1981887817383
ARE,1992,11.038139512750323,62.9990081787109
ARE,1993,11.001149236169658,67.7818832397461
ARE,1994,11.021195419751878,73.9902572631836
ARE,1995,11.04121316596539,78.7334899902344
ARE,1997,11.030290899439864,68.000617980957
ARE,1998,10.957030933408474,62.6474304199219
ARE,2018,10.677703128452555,102.184448242188
ARE,2019,10.679790746411875,101.747344264722
ARE,2020,10.593591767710432,99.1635400791877
ARE,2021,10.619762501180276,103.210663324826
ARE,2022,10.641334846598959,102.380981445312
ARE,2023,10.64367520911643,101.944972436447
ARE,2024,10.635985578904108,102.129724902444
ARG,1970,9.131743225076619,44.4310989379883
ARG,1971,9.171039159742756,45.5424003601074
ARG,1972,9.171359197672666,47.4634094238281
ARG,1973,9.182921135882198,49.8359298706055
ARG,1974,9.220334950723299,52.5121002197266
ARG,1975,9.203969705754135,54.0673713684082
ARG,1976,9.167928418047428,55.4148712158203
ARG,1977,9.219135331403521,55.1345100402832
ARG,1978,9.15703875646156,55.0469398498535
ARG,1979,9.2384035328818,55.0656509399414
ARG,1980,9.237546768935978,56.1840209960938
ARG,1981,9.16823357268037,57.6031494140625
ARG,1982,9.144807719934564,59.5750198364258
ARG,1983,9.17136043575739,60.4059982299805
ARG,1984,9.171022169334927,65.9580993652344
ARG,1985,9.102010869753958,70.6447067260742
ARG,1986,9.146171773229526,70.5317306518555
ARG,1987,9.157409818683082,70.3070983886719
ARG,1988,9.130951619338513,70.9180603027344
ARG,1990,9.001481046574039,72.95556640625
ARG,1991,9.074500394927384,74.1312637329102
ARG,1994,9.24569716059452,70.8677520751953
ARG,1996,9.244948540627123,78.4926071166992
ARG,1997,9.310790784763434,74.4772796630859
ARG,1998,9.336814614986345,80.6520309448242
ARG,1999,9.290843275402365,92.2904663085938
ARG,2000,9.271590714591147,96.2141189575195
ARG,2001,9.215521411810418,97.6240463256836
ARG,2002,9.089478325218936,96.9965667724609
ARG,2003,9.163828464434127,96.0464477539062
ARG,2004,9.240136673356535,95.4575576782227
ARG,2005,9.314677947324345,93.6376724243164
ARG,2006,9.381793005097167,92.4075775146484
ARG,2007,9.45812987103844,92.1874084472656
ARG,2008,9.487771863276931,93.183219909668
ARG,2009,9.416165091577739,96.4056777954102
ARG,2010,9.502050972116228,99.0709991455078
ARG,2011,9.54970975869115,100.884559631348
ARG,2012,9.529115900298596,102.709991455078
ARG,2013,9.54295482571449,104.540863037109
ARG,2014,9.507190185666095,106.038902282715
ARG,2015,9.52366288803301,107.504867553711
ARG,2016,9.492951061469718,109.598327636719
ARG,2017,9.511933706412325,110.377799987793
ARG,2018,9.477181411867754,109.671241760254
ARG,2019,9.449860910237419,110.460151672363
ARG,2020,9.340758851642148,112.376731872559
ARG,2021,9.437418665623444,115.735778808594
ARG,2022,9.493775178375971,114.14811706543
ARG,2023,9.472173178879085,105.574584297051
ARM,1991,7.2632090170524375,92.2821502685547
ARM,1992,6.733646218150828,89.9987030029297
ARM,1993,6.675278128894983,91.9980621337891
ARM,1994,6.753898110024813,91.6731719970703
ARM,1996,6.903474404419655,82.2040481567383
ARM,1997,6.946090816156673,80.2212219238281
ARM,1998,7.028289095283086,68.4525375366211
ARM,1999,7.073653897855953,71.0547409057617
ARM,2000,7.114131118141311,86.0512008666992
ARM,2001,7.208689695141339,86.7833099365234
ARM,2004,7.57825934040802,88.6511611938477
ARM,2005,7.714272542250184,92.0563430786133
ARM,2006,7.844411406664453,95.2676467895508
ARM,2007,7.97912431526816,96.8182601928711
ARM,2008,8.052402172085555,96.5329437255859
ARM,2009,7.9072741735352015,102.957763671875
ARM,2010,7.935974228208692,107.732391357422
ARM,2011,7.9874690677133895,94.8774032592773
ARM,2013,8.09141276658874,86.8721923828125
ARM,2014,8.129497033280357,86.5204010009766
ARM,2015,8.164052993685441,86.442138671875
ARM,2018,8.30098402411806,83.0249410833595
ARM,2019,8.376426175164447,86.8260633029699
ARM,2020,8.302040238703432,88.5080298201293
ARM,2021,8.35815047524684,91.4853735120921
ARM,2022,8.474495442334888,91.7106609922965
ARM,2023,8.555882049724369,89.4111027634947
ARM,2024,8.59013096483468,90.9458714101262
ATG,1977,8.709877091316013,76.4063491821289
ATG,1978,8.750026489985737,64.365478515625
ATG,1992,9.497492770149027,98.3675537109375
ATG,2000,9.67790927943493,80.2067489624023
ATG,2007,9.941277866872218,112.227951049805
ATG,2008,9.926460946976311,122.261581420898
ATG,2009,9.783954910362805,118.682388305664
ATG,2010,9.688770732908345,115.466743469238
ATG,2011,9.657197495355556,116.185371398926
ATG,2012,9.679680657506735,117.228363037109
ATG,2014,9.678297220288695,115.270439147949
ATG,2015,9.685184397388992,117.55770111084
ATG,2017,9.740552815986323,117.209930419922
ATG,2018,9.800466500618446,121.685249328613
ATG,2022,9.761881791535526,107.799908772997
ATG,2023,9.794694412313689,108.880778588808
AUS,2015,10.950286434437997,159.110763549805
AUS,2016,10.96185059222698,155.594390869141
AUS,2017,10.96805640614174,153.576126098633
AUS,2018,10.981432847810053,136.105545043945
AUS,2019,10.988360889052197,144.056564331055
AUS,2020,10.974690395163083,137.490737915039
AUS,2021,10.99315219129977,135.526565551758
AUS,2022,11.021909966780772,133.277267456055
AUS,2023,11.03277585891089,134.099243164062
AUS,2024,11.02657098984954,131.931564331055
AUT,2001,10.569514116426912,98.8608627319336
AUT,2002,10.579328910212183,98.9512710571289
AUT,2003,10.585808554858044,99.3974533081055
AUT,2004,10.604933471077446,99.2856369018555
AUT,2005,10.621059338504935,100.199432373047
AUT,2006,10.648281662827076,100.416679382324
AUT,2007,10.682097270561812,100.102569580078
AUT,2008,10.69339531968793,100.126129150391
AUT,2009,10.654254275368153,100.594093322754
AUT,2010,10.669778482664274,100.263969421387
AUT,2011,10.695262034267998,99.6729583740234
AUT,2012,10.696965469540093,100.108726501465
AUT,2013,10.688561184309245,101.173210144043
AUT,2014,10.688275337993321,101.304809570312
AUT,2015,10.690016418660566,101.411582946777
AUT,2016,10.700153635335925,100.227989196777
AUT,2017,10.715675612695888,100.337898254395
AUT,2018,10.735343554098822,100.692596435547
AUT,2019,10.748294360955562,101.543632507324
AUT,2020,10.678875753026356,101.690559387207
AUT,2021,10.72257647213907,102.307662963867
AUT,2022,10.764950837219436,101.458000183105
AUT,2023,10.747162675814796,100.504371643066
AUT,2024,10.735501166081626,100.622657775879
AZE,2010,8.575482945981532,83.0853181521079
AZE,2011,8.546597935020886,82.9176205382172
AZE,2012,8.555100544642803,82.762274922741
AZE,2013,8.598956681903728,83.1376553563209
AZE,2014,8.61406626855578,83.4386600193183
AZE,2015,8.61259493907989,84.8098586425184
AZE,2016,8.570301290618433,86.5856935803605
AZE,2017,8.562023640524542,89.2625164667822
AZE,2018,8.568253041203139,108.488781124
AZE,2019,8.584282179728273,107.863960509557
AZE,2020,8.53454187453439,91.365513501165
AZE,2021,8.584773754732,91.4106367606057
AZE,2022,8.630447811428732,90.9530364179442
AZE,2023,8.642699254361219,92.7402972401367
AZE,2024,8.678637145742835,91.1228035886648
BDI,1971,5.718865810773357,1.69605004787445
BDI,1972,5.652728156532426,1.7769900560379
BDI,1973,5.720770554805434,1.39962005615234
BDI,1974,5.6884321400380085,1.73073995113373
BDI,1975,5.670580629915221,2.09219002723694
BDI,1976,5.7246079744392855,2.27378988265991
BDI,1977,5.80751869237581,2.24475002288818
BDI,1978,5.769180424192565,2.37529993057251
BDI,1979,5.760837650306256,2.46285009384155
BDI,1980,5.728729583185149,2.4968900680542
BDI,1981,5.802768895604662,2.73457002639771
BDI,1982,5.767222540674922,2.89607000350952
BDI,1983,5.776906326470888,2.75788998603821
BDI,1984,5.754229873931777,2.91128993034363
BDI,1985,5.844019244093343,3.18098998069763
BDI,1986,5.857235855044266,3.38247990608215
BDI,1987,5.887990927356722,3.73199009895325
BDI,1988,5.9149256571468705,3.90317010879517
BDI,1989,5.908697306737245,4.30228996276855
BDI,1990,5.9222356880138385,4.60391998291016
BDI,1991,5.950304887744721,5.19403982162476
BDI,1992,5.933619096512576,5.52936983108521
BDI,1993,5.900669691613511,6.10045003890991
BDI,2001,5.571826548045039,9.41998958587646
BDI,2002,5.58712933161196,9.92739963531494
BDI,2003,5.54322563228284,10.2563495635986
BDI,2004,5.553153399918638,11.8093099594116
BDI,2005,5.524970486020733,12.9770698547363
BDI,2006,5.5416775075109515,14.3381099700928
BDI,2007,5.5385607803557715,15.3361196517944
BDI,2009,5.531736027160813,20.8934001922607
BDI,2010,5.53460842042922,23.7647094726562
BDI,2011,5.538287004548373,26.7943801879883
BDI,2012,5.545881860116984,29.5732898712158
BDI,2013,5.558028565529743,34.2124507321275
BDI,2014,5.565656626531303,40.2641258748146
BDI,2015,5.538917993469318,43.9351929825496
BDI,2016,5.55319975299393,47.4715342848197
BDI,2017,5.567297540952551,48.2243487332289
BDI,2018,5.589152059911642,46.330394174756
BDI,2019,5.59994304493375,41.8352417514484
BDI,2020,5.573916266980457,44.9151717353101
BDI,2025,5.6110565373979355,23.1256008148193
BEL,2001,10.49538487079286,155.946166992188
BEL,2002,10.507827087208238,157.648773193359
BEL,2003,10.513966726265327,158.87922668457
BEL,2004,10.544728021573649,151.638092041016
BEL,2005,10.562179420864767,157.343399047852
BEL,2006,10.580786963637339,158.685104370117
BEL,2007,10.609553039325432,159.439895629883
BEL,2008,10.60611236562133,160.468811035156
BEL,2009,10.578817890268201,159.661544799805
BEL,2010,10.59642382637253,160.66047668457
BEL,2011,10.602541246025885,159.349304199219
BEL,2012,10.598495321138124,160.110534667969
BEL,2013,10.596832208325084,161.845886230469
BEL,2014,10.609894273134854,162.421981811523
BEL,2015,10.618733852262814,164.079818725586
BEL,2016,10.625535218770558,160.689270019531
BEL,2017,10.636319968850893,158.670288085938
BEL,2018,10.650373645440041,156.509765625
BEL,2019,10.6691043191879,156.635375976562
BEL,2020,10.615677802572218,151.727508544922
BEL,2021,10.672228350505144,143.163513183594
BEL,2022,10.703604002633188,142.918075561523
BEL,2023,10.710593297044216,142.960266113281
BEN,1971,6.5425210152834765,4.0755500793457
BEN,1972,6.581853816429262,4.88382005691528
BEN,1973,6.594841712385166,5.97448015213013
BEN,1974,6.60387380350919,6.59416007995605
BEN,1975,6.529363787980624,7.63440990447998
BEN,1976,6.513290741913822,7.92439985275269
BEN,1977,6.536486919037437,8.40485000610352
BEN,1978,6.523049837110841,9.18058013916016
BEN,1979,6.559763147675564,9.87539005279541
BEN,1980,6.5978148331404505,11.2798700332642
BEN,1981,6.664313599557206,14.0813703536987
BEN,1982,6.657547222060221,16.8068695068359
BEN,1983,6.584077768574932,19.3123397827148
BEN,1984,6.631159744031529,18.3752899169922
BEN,1985,6.6742168436136495,17.3734798431396
BEN,1986,6.665865956093829,14.9980697631836
BEN,1987,6.620611515752077,13.8815498352051
BEN,1999,6.732183038594309,19.2567005157471
BEN,2000,6.75834219966419,20.0005397796631
BEN,2001,6.779756511719725,21.7104396820068
BEN,2002,6.794740097604671,23.5846691131592
BEN,2003,6.798104197777691,24.9001197814941
BEN,2004,6.810830671020009,26.7041492462158
BEN,2011,6.832726096468562,45.7294692993164
BEN,2013,6.889997749463516,52.0378494262695
BEN,2014,6.92208512082466,52.5952682495117
BEN,2015,6.91017122702415,55.1333084106445
BEN,2016,6.913776382035356,55.2945899963379
BEN,2020,7.027007493729783,43.9858703613281
BEN,2021,7.070194890251125,44.2737998962402
BEN,2022,7.105373156024975,43.5606498718262
BFA,1971,5.621452763463567,1.3445600271225
BFA,1972,5.627068788931791,1.3668999671936
BFA,1973,5.613684544328119,1.44518005847931
BFA,1974,5.674364462063495,1.67333996295929
BFA,1975,5.683752390673151,1.74807000160217
BFA,1976,5.744239567602185,1.78524994850159
BFA,1977,5.724629722770507,1.93594002723694
BFA,1978,5.744752869176555,2.01066994667053
BFA,1979,5.754846142533933,2.12760996818542
BFA,1980,5.735943982859919,2.4734799861908
BFA,1981,5.750305252978056,2.63835000991821
BFA,1982,5.814012509980971,2.92724990844727
BFA,1983,5.789134978878725,2.95922994613648
BFA,1984,5.742324541508325,3.17685008049011
BFA,1985,5.795191614776289,3.77155995368958
BFA,1986,5.843526771387679,4.48827981948853
BFA,1987,5.813799124555182,5.10592985153198
BFA,1988,5.84326746332439,5.72839021682739
BFA,1989,5.8379922795342765,6.50735998153687
BFA,1990,5.805596539066159,6.78861999511719
BFA,1991,5.8670534967406685,7.12624979019165
BFA,1992,5.844708425754764,7.33198976516724
BFA,1993,5.853871233276178,7.73708009719849
BFA,1994,5.841720099103872,8.05136013031006
BFA,1999,6.07097956387847,9.29944038391113
BFA,2000,6.059846757500523,9.85589981079102
BFA,2001,6.093375897686621,10.0396404266357
BFA,2003,6.149030205944249,11.2848196029663
BFA,2004,6.161389609580599,12.3676996231079
BFA,2005,6.2129923890088605,13.3723297119141
BFA,2006,6.242443341931234,14.1544599533081
BFA,2007,6.252406670397183,15.2793703079224
BFA,2008,6.279405273490241,17.9947395324707
BFA,2009,6.279402995752449,19.4353504180908
BFA,2010,6.3312299647200545,21.1780201888507
BFA,2011,6.365789217013496,23.1764371916742
BFA,2012,6.398147819116164,25.2399681000378
BFA,2013,6.42444969963834,27.6008880705968
BFA,2014,6.437074436779726,29.5668744354491
BFA,2015,6.445917816849948,32.8931343608996
BFA,2016,6.474539375075245,34.9336280775566
BFA,2017,6.506196994781748,37.1627510802261
BFA,2018,6.543181813870662,39.6278467471779
BFA,2019,6.575105958830349,40.0770460332282
BFA,2020,6.570661898582423,39.2540084845692
BFA,2021,6.614018330623652,38.1480312365517
BFA,2022,6.607064046397968,33.6212866168282
BFA,2023,6.613928143738638,30.8551216331757
BFA,2024,6.638675931995337,29.9905774531085
BGD,1973,5.926958284455994,18.770450592041
BGD,1976,5.951968631364598,16.5570602416992
BGD,1977,5.953465440322075,16.6743297576904
BGD,1979,6.0202202758078,16.9423198699951
BGD,1980,6.004446836972859,18.8754196166992
BGD,1981,6.048641167552612,16.7868995666504
BGD,1983,6.053609356779162,20.1548004150391
BGD,1984,6.074845564736765,20.423620223999
BGD,1985,6.083091768659131,19.8446998596191
BGD,1986,6.100498875438637,19.3086490631104
BGD,1987,6.115140754806188,19.5772895812988
BGD,1988,6.1177430315509165,19.4372291564941
BGD,1989,6.12523976733037,19.3137493133545
BGD,1990,6.160035371561115,19.8893508911133
BGD,1998,6.37066811175281,41.9298782348633
BGD,1999,6.397316785543117,45.0674591064453
BGD,2000,6.430623058110431,46.7210006713867
BGD,2001,6.463480093085436,48.4609718322754
BGD,2002,6.4856608764511465,49.6199493408203
BGD,2003,6.517414596024433,49.5259017944336
BGD,2004,6.5548679488008865,46.3084297180176
BGD,2005,6.6055735505548245,45.1695098876953
BGD,2006,6.658549502218567,45.7007904052734
BGD,2007,6.715999232982851,46.4658813476562
BGD,2008,6.764413819035702,44.5729598999023
BGD,2009,6.804314725962496,48.1255798339844
BGD,2010,6.849770412875309,49.5031106793162
BGD,2011,6.903325428823803,49.7515496494472
BGD,2012,6.956918139444686,51.6718482971191
BGD,2013,7.005931311098014,55.6214332189314
BGD,2015,7.110195162156987,59.4217414855957
BGD,2016,7.169989468534807,64.1664546117285
BGD,2017,7.225302153504579,62.3408639225315
BGD,2018,7.2877319680106325,65.2714888764112
BGD,2019,7.355134920224906,65.1185413488915
BGD,2020,7.380670866530346,66.4329548486639
BGD,2021,7.4396064784919735,66.8282318620991
BGD,2022,7.49795533274916,67.0384586440383
BGD,2023,7.541883258170298,65.9856598598849
BGD,2024,7.571102181101636,64.2997191043961
BGR,2001,8.278403589312173,80.9440765380859
BGR,2002,8.357170559941478,83.9819869995117
BGR,2003,8.416137912020812,88.118782043457
BGR,2004,8.486758555144245,90.5342712402344
BGR,2005,8.562473467140995,91.3667678833008
BGR,2006,8.635880542048357,92.4120101928711
BGR,2007,8.70765673993136,93.1541595458984
BGR,2008,8.77416638254398,92.3840713500977
BGR,2009,8.74656477478822,92.5213775634766
BGR,2010,8.768581438001785,94.1819229125977
BGR,2011,8.795680042204475,96.4361267089844
BGR,2012,8.808932496747483,95.3903503417969
BGR,2013,8.82366009926138,100.78581237793
BGR,2014,8.845254901111836,104.942199707031
BGR,2015,8.891377567758276,103.889343261719
BGR,2016,8.934177266972299,103.003921508789
BGR,2017,8.974505445521666,103.46102142334
BGR,2018,9.011254227063816,104.043922424316
BGR,2019,9.062602837004778,102.656936645508
BGR,2020,9.040798506308539,101.354942321777
BGR,2021,9.122813816951695,98.7087631225586
BGR,2022,9.169347350927119,96.6720733642578
BGR,2023,9.188888426097868,95.6239624023438
BGR,2024,9.223001407391736,94.7816314697266
BHR,1971,9.75551016994856,42.3922500610352
BHR,1972,9.812375768407946,41.0688400268555
BHR,1973,9.889624485403967,40.4124298095703
BHR,1974,9.918613450255469,41.545108795166
BHR,1975,9.7746636588805,42.8202514648438
BHR,1976,9.990356591512219,43.1158714294434
BHR,1977,10.06372651721558,44.860969543457
BHR,1978,10.054105705190068,49.2526702880859
BHR,1979,10.042302081120566,52.5561714172363
BHR,1980,10.02357841611149,55.7067718505859
BHR,1981,9.929224742102688,61.7102394104004
BHR,1982,9.81525675194244,64.9738616943359
BHR,1983,9.842220373149845,73.5944900512695
BHR,1984,9.855626212139299,71.5131072998047
BHR,1985,9.770906342881846,75.4793472290039
BHR,1986,9.746324273651574,80.5029220581055
BHR,1987,9.80880358055351,83.2659378051758
BHR,1988,9.840235644274859,84.5710906982422
BHR,1989,9.808259525494467,85.3340530395508
BHR,1990,9.817158015597903,82.7652893066406
BHR,1991,9.946667047441572,94.7738800048828
BHR,1992,9.98512385288315,94.1440811157227
BHR,1993,10.079882964560676,91.7564697265625
BHR,1994,10.051059450508268,90.8866806030273
BHR,1995,10.063295609911576,90.1035079956055
BHR,1996,10.07723954754412,89.6896591186523
BHR,1997,10.081346398130027,88.2741622924805
BHR,1998,10.10178873779379,89.3260879516602
BHR,1999,10.117543795466462,88.5614624023438
BHR,2000,10.142818159915754,91.4384078979492
BHR,2001,10.130873570817933,92.7467269897461
BHR,2002,10.091998896402309,85.6890182495117
BHR,2003,10.079859795454524,81.412971496582
BHR,2004,10.072728602374184,80.4924011230469
BHR,2005,10.062185183664795,81.2799224853516
BHR,2006,10.047372208013686,83.5526885986328
BHR,2008,10.04876533310278,89.0208892822266
BHR,2009,10.008160005466591,90.1288833618164
BHR,2010,10.008931377471761,90.1969414818577
BHR,2011,10.05569541516558,93.2938990893653
BHR,2012,10.081419507639575,98.4732914840696
BHR,2013,10.097063370284674,107.610472634995
BHR,2014,10.091439028654932,104.203846916518
BHR,2015,10.07466622038898,100.303914816394
BHR,2016,10.073874808551128,100.583649344321
BHR,2017,10.069293759891265,100.923412884105
BHR,2018,10.088297006286167,100.701887411111
BHR,2019,10.121564852283482,102.128281941881
BHR,2022,10.135963523511741,103.393222951005
BHR,2023,10.140242947499639,104.392938701638
BHR,2024,10.161466805927242,98.8139181413527
BHS,1971,10.148466382144033,93.3461227416992
BHS,1972,10.085996035395805,93.7359619140625
BHS,1973,10.135075712762944,92.4617309570312
BHS,1974,9.929290538875229,99.5805282592773
BHS,1975,9.747197447891221,105.838790893555
BHS,1976,9.77599985086157,104.767768859863
BHS,1980,10.210659151682384,90.2667007446289
BHS,1981,10.096429329490537,82.7992095947266
BHS,1982,10.144506103044131,81.0516204833984
BHS,1983,10.163013982167984,80.6445999145508
BHS,1984,10.278664675456815,86.2430877685547
BHS,1985,10.308731203765529,79.9499282836914
BHS,1986,10.309380137243936,82.213493347168
BHS,1987,10.321851765284825,89.8674621582031
BHS,1990,10.341596765483004,84.7572708129883
BHS,1991,10.281684036889494,86.0130004882812
BHS,1992,10.224337626940088,95.6539993286133
BHS,1993,10.208659961238771,97.2704467773438
BHS,1994,10.222073470964302,93.2357406616211
BHS,1995,10.24836633268225,92.8307876586914
BHS,1997,10.27168586311161,90.336540222168
BHS,1999,10.359149899830173,83.6602478027344
BHS,2002,10.415550491089789,93.4659576416016
BHS,2004,10.387273084707946,85.4551467895508
BHS,2005,10.408640754867037,86.3187637329102
BHS,2006,10.420549214197724,86.5019989013672
BHS,2007,10.420772350869473,89.3580932617188
BHS,2008,10.383807306290871,89.3178863525391
BHS,2009,10.328145109003763,89.0210571289062
BHS,2010,10.330630388512159,91.0886370856719
BHS,2011,10.325241732195183,89.2416368950958
BHS,2012,10.359439541688364,92.1807628524046
BHS,2013,10.321153365901191,84.6595407759303
BHS,2014,10.330666351425958,91.6218404766036
BHS,2015,10.332649832174202,76.0440338812974
BHS,2016,10.314011905209883,85.0686327399149
BHS,2017,10.340927562029366,92.6182585115999
BHS,2018,10.358924424360916,80.8808929269834
BHS,2019,10.345529815791751,78.566734376867
BHS,2021,10.278976490177339,72.6381880061026
BHS,2023,10.40455508910712,87.1455240465819
BHS,2024,10.433180166579163,79.4858750299258
BIH,2007,8.20660807931343,80.9894485473633
BIH,2008,8.27614861279719,85.227912902832
BIH,2009,8.262955024805164,87.0009307861328
BIH,2010,8.289341036235497,85.5183715820312
BIH,2011,8.317339634219136,87.7279968261719
BIH,2012,8.328431097474217,90.7853088378906
BIH,2013,8.367934600951074,92.2983932495117
BIH,2014,8.392236627510174,90.2868576049805
BIH,2015,8.44725530758742,85.716178894043
BIH,2016,8.492190147213005,83.1699523925781
BIH,2017,8.53695974523128,83.668083190918
BIH,2018,8.586766269783533,85.6409912109375
BIH,2019,8.62753477920858,85.5401306152344
BIH,2020,8.610820804926988,85.5591125488281
BIH,2021,8.698771468030062,85.6761474609375
BIH,2022,8.752607084196047,87.0373992919922
BIH,2023,8.778529851948015,87.8663787841797
BLR,1990,7.968600958261421,97.5836486816406
BLR,1991,7.956067064229591,93.4987411499023
BLR,1992,7.852944226427294,92.6515197753906
BLR,1993,7.771693279296515,91.4912109375
BLR,1994,7.648445117363245,91.3214721679688
BLR,1995,7.541874395431091,92.4664993286133
BLR,1996,7.572856320290619,93.9261322021484
BLR,1997,7.684969554710463,93.1295623779297
BLR,1998,7.770131730485332,84.6017837524414
BLR,2008,8.55210566583693,115.713592529297
BLR,2009,8.55656277532507,113.701538085938
BLR,2010,8.633391704349176,111.028998547015
BLR,2011,8.68974888225533,108.98986744867
BLR,2012,8.708249385064127,107.657786407767
BLR,2013,8.718570835638193,104.523124130077
BLR,2014,8.734385738447378,103.510351178762
BLR,2015,8.694008944147766,102.895731001158
BLR,2016,8.667542642890593,102.969005936733
BLR,2017,8.69364701474173,102.480850468241
BLR,2018,8.72679153118074,101.596010989492
BLR,2019,8.743170338293512,100.438744155791
BLR,2020,8.740654930453196,100.575710351095
BLR,2021,8.773033225000715,100.42063921059
BLR,2022,8.733371597824371,99.0602032881737
BLR,2023,8.779216552680667,97.4265999006565
BLR,2024,8.826785144967392,94.7902702871216
BLZ,1980,8.06696215474694,54.8918609619141
BLZ,1981,8.05288359654737,55.1115913391113
BLZ,1982,8.02684552211651,56.1762084960938
BLZ,1986,7.985364226851053,64.2074279785156
BLZ,1987,8.064928859693536,65.1169586181641
BLZ,1991,8.411739274245207,60.4676704406738
BLZ,1994,8.528519211602156,66.7534103393555
BLZ,1995,8.510764881671205,66.8318786621094
BLZ,1999,8.559019407806085,64.7755508422852
BLZ,2000,8.641823190583125,67.7030181884766
BLZ,2001,8.659558794351607,69.2901992797852
BLZ,2003,8.744244980855715,75.2354507446289
BLZ,2004,8.761405129262622,76.6425094604492
BLZ,2005,8.754180299743702,75.2656326293945
BLZ,2006,8.769598440394471,76.0926818847656
BLZ,2007,8.774286490019918,75.4892196655273
BLZ,2008,8.730360561741394,75.4095230102539
BLZ,2009,8.699128752317334,75.1112899780273
BLZ,2010,8.689086223585983,75.6223037349759
BLZ,2011,8.665999922662687,76.1272789038614
BLZ,2012,8.683172326476612,78.8095397154118
BLZ,2013,8.70169217571898,80.6694303700292
BLZ,2014,8.718744627943913,80.3583033664053
BLZ,2015,8.724958727608884,81.2936199454549
BLZ,2016,8.701548174369977,87.7313726328389
BLZ,2017,8.660014660772736,86.323893201399
BLZ,2018,8.649555756147757,86.2833561409511
BLZ,2019,8.676612161105819,87.4526596660355
BLZ,2020,8.518489257713213,86.1886596150512
BLZ,2021,8.672383601318545,88.8215546932903
BLZ,2022,8.742344467140153,87.4381668552162
BLZ,2023,8.726756004273785,83.619553808705
BLZ,2024,8.746794716182972,86.4571583269413
BMU,1971,11.034497096073883,85.6168518066406
BMU,1972,11.048742834380995,84.9336471557617
BMU,1973,11.060766122146077,90.6687088012695
BMU,1974,11.067424368770618,85.7223815917969
BMU,1975,11.10303797937695,87.8833236694336
BMU,1976,11.187128301803511,89.5489120483398
BMU,1977,11.242326500227971,103.492607116699
BMU,1978,11.254707729460481,105.190658569336
BMU,1979,11.274351746406852,109.855918884277
BMU,1980,11.347882720683675,116.728790283203
BMU,2001,11.66830332224774,85.5536804199219
BMU,2002,11.648979965953071,84.8986434936523
BMU,2003,11.678599480482802,85.6302795410156
BMU,2004,11.6988415580506,87.598030090332
BMU,2005,11.712954314673146,86.630241394043
BMU,2006,11.7649513328622,82.0112533569336
BMU,2010,11.681679641271442,89.5964279174805
BMU,2011,11.643408277777473,88.0554428100586
BMU,2012,11.590262136096754,86.2392807006836
BMU,2013,11.588593029110404,85.0652008056641
BMU,2014,11.551588162913477,85.4845428466797
BMU,2015,11.560337220734333,86.8070526123047
BMU,2023,11.646097752286563,74.3967514038086
BOL,1970,7.471937859248799,27.4794006347656
BOL,1971,7.498855294716727,29.1389102935791
BOL,1972,7.553053534235274,31.9619998931885
BOL,1973,7.586363642423682,32.6678085327148
BOL,1975,7.640637195246816,37.8674392700195
BOL,1998,7.6135735150973165,69.6854934692383
BOL,1999,7.600374990329908,75.2548294067383
BOL,2000,7.60797253075436,72.7576370239258
BOL,2001,7.607801511730905,75.7862701416016
BOL,2002,7.615628466234788,80.6306991577148
BOL,2003,7.6256298686933,83.4697265625
BOL,2004,7.649688247863464,86.3809967041016
BOL,2005,7.676096525466966,87.4255523681641
BOL,2006,7.705905162842936,86.5906295776367
BOL,2007,7.733432810508475,86.0495986938477
BOL,2008,7.776220517941462,85.3683776855469
BOL,2009,7.792586630706832,83.7523803710938
BOL,2010,7.81658102037143,87.7601876397411
BOL,2011,7.851085337706473,85.300407946135
BOL,2012,7.885042836256124,87.0108512162742
BOL,2013,7.935055785008936,88.7650557098116
BOL,2014,7.972777145401465,89.4564819756877
BOL,2015,8.005037649739139,90.6139031958796
BOL,2016,8.031895790639762,90.6152852803158
BOL,2017,8.058379271204153,89.4000212849504
BOL,2018,8.072322806138477,88.7218999579042
BOL,2019,8.07321185107095,88.8235046622532
BOL,2020,7.9248294460835655,88.8672369779995
BOL,2021,8.010210543368496,90.4144137410078
BOL,2022,8.035357036892758,90.3729338176816
BOL,2023,8.046475865841769,91.3676827044767
BOL,2024,8.021458053429036,90.5272216796875
BRA,2012,9.123419816967365,94.5829467773438
BRA,2013,9.144920323671,104.086219787598
BRA,2014,9.141884083229511,102.780311584473
BRA,2015,9.097865343318206,101.086227416992
BRA,2016,9.05693785163387,102.692901611328
BRA,2017,9.062797340537387,102.989486694336
BRA,2018,9.07364240569415,104.818481445312
BRA,2019,9.079256326487013,103.667556762695
BRA,2020,9.040146350349604,103.882659912109
BRA,2021,9.082419435054037,106.298461914062
BRA,2022,9.108538496359254,105.702369689941
BRA,2024,9.166048320733326,104.144660949707
BRB,1971,9.641415383402936,88.0299911499023
BRB,1972,9.652108330602578,88.041862487793
BRB,1973,9.662770148457382,89.2678527832031
BRB,1974,9.613329462905597,83.6720504760742
BRB,1975,9.592560834126829,88.9008483886719
BRB,1976,9.634176691056744,85.3425521850586
BRB,1977,9.669219631940502,83.1651306152344
BRB,1978,9.717135208050653,87.5503082275391
BRB,1979,9.79422676669298,86.1119995117188
BRB,1980,9.836013888965384,88.346321105957
BRB,1981,9.813872071860992,87.7714462280273
BRB,1982,9.760356017246385,87.6423263549805
BRB,1983,9.761818169521973,89.4295806884766
BRB,1984,9.793541924030643,91.8292999267578
BRB,1985,9.800940151781106,96.2273635864258
BRB,1989,9.937214257474889,91.7927398681641
BRB,1990,9.901748064457589,88.8083190917969
BRB,1999,9.96125681885505,109.671096801758
BRB,2000,10.00649912178653,107.564750671387
BRB,2001,9.981179823442513,108.259826660156
BRB,2002,9.9824787764003,107.798782348633
BRB,2003,9.997856031033596,107.189636230469
BRB,2004,10.006163014881196,108.061492919922
BRB,2005,10.039701634903658,108.776031494141
BRB,2006,10.093824336175103,107.878128051758
BRB,2007,10.109651351322047,109.740669250488
BRB,2008,10.110723336511525,110.919006347656
BRB,2009,10.054094894977263,110.282241821289
BRB,2010,9.965758063338853,107.682540893555
BRB,2011,9.961765657909899,107.300071716309
BRB,2014,9.934793987884,108.186309814453
BRB,2015,9.924733975897922,108.196029663086
BRB,2016,9.936620940546945,108.310737609863
BRB,2017,9.941098887156977,109.804237365723
BRB,2018,9.9366493118982,108.216751098633
BRB,2019,9.937292025401375,106.086326599121
BRB,2020,9.744315185691471,104.318992614746
BRB,2021,9.819867619667974,103.569473266602
BRB,2022,9.967210256245375,104.222328186035
BRB,2023,9.985125880088003,102.513702392578
BRB,2024,10.017777086844555,104.371182990274
BRN,1974,11.081097146416898,52.5702018737793
BRN,1975,11.039772371683458,53.590030670166
BRN,1976,11.194922785586645,56.406078338623
BRN,1977,11.255563886435468,55.2544403076172
BRN,1978,11.290814873196524,55.9800796508789
BRN,1979,11.477475822677317,57.4993209838867
BRN,1980,11.344310222364681,59.1200294494629
BRN,1981,11.059870708198098,60.1447296142578
BRN,1982,11.050900706993868,62.348991394043
BRN,1983,11.022240777912211,65.5317535400391
BRN,1984,10.96494770300315,64.4163208007812
BRN,1985,10.901728425040295,65.1013336181641
BRN,1986,10.812118316242302,63.4754295349121
BRN,1991,10.696505848158202,77.1070175170898
BRN,1992,10.637593618452884,78.6126480102539
BRN,1993,10.605149638340473,80.1648178100586
BRN,1994,10.589646233700613,79.5582427978516
BRN,1998,10.500431641476805,80.8910598754883
BRN,1999,10.519913888045878,83.0422592163086
BRN,2000,10.532352136134428,82.8583526611328
BRN,2001,10.525925476650121,84.982307434082
BRN,2002,10.544716579244508,86.768928527832
BRN,2003,10.560882388328917,87.8041305541992
BRN,2004,10.543989448405567,90.8928298950195
BRN,2005,10.527077717144701,93.6873092651367
BRN,2006,10.551358996007842,97.5592575073242
BRN,2007,10.496110186254489,98.3408584594727
BRN,2008,10.43783517686366,98.7723617553711
BRN,2009,10.399877546975508,100.720039367676
BRN,2010,10.407932397084807,101.011688232422
BRN,2011,10.426864993967188,102.111122131348
BRN,2012,10.420629355552785,105.229759216309
BRN,2013,10.385329394671794,102.392692565918
BRN,2014,10.34652874458926,96.2848663330078
BRN,2015,10.329576152718698,92.8161697387695
BRN,2016,10.291888376815523,90.0986175537109
BRN,2017,10.292981095796208,88.6814727783203
BRN,2018,10.281930673248487,89.1818084716797
BRN,2019,10.308827343536349,88.2910308837891
BRN,2020,10.309484480891822,86.6857810342997
BRN,2023,10.262767858456911,91.8381544399811
BTN,1970,6.014691476592668,2.27627992630005
BTN,1971,6.007070682708019,2.63386011123657
BTN,1972,5.984596106997471,3.17389011383057
BTN,1974,5.981358099901657,5.02431011199951
BTN,1977,6.007183772201302,3.88487005233765
BTN,1982,6.180065378081011,9.17702007293701
BTN,1983,6.247419965181239,10.6076698303223
BTN,1984,6.260388337600107,11.3084001541138
BTN,1985,6.268701509494979,11.2931299209595
BTN,1998,7.075798560233976,23.7952499389648
BTN,1999,7.129791023647576,27.1374893188477
BTN,2000,7.138568355771268,30.5185794830322
BTN,2001,7.186219080154105,33.8684310913086
BTN,2005,7.397574828944108,43.8849105834961
BTN,2006,7.439041420490369,46.4304084777832
BTN,2007,7.5767415953928134,50.2249412536621
BTN,2008,7.609743357942211,53.5040893554688
BTN,2009,7.672555365082885,58.5537414550781
BTN,2010,7.774321215251077,62.9354400634766
BTN,2011,7.844824127200809,66.9861221313477
BTN,2012,7.8841050099469205,72.1302185058594
BTN,2013,7.890236143087459,76.680793762207
BTN,2014,7.936595406781572,84.1404190063477
BTN,2015,7.990929281246013,85.2313079833984
BTN,2016,8.062548679029446,85.6766128540039
BTN,2017,8.074589618989066,86.5600433349609
BTN,2018,8.101844419811647,87.5722870683987
BTN,2019,8.151156271992653,90.6185575459377
BTN,2020,8.036613604240262,89.7711428873908
BTN,2021,8.07284285890358,92.5248380307052
BTN,2022,8.116635948907158,89.9829129407455
BTN,2023,8.154935230036719,86.8564415582911
BTN,2024,8.220728808765113,86.1810001963554
BWA,1970,6.6662884832096765,8.29621982574463
BWA,1971,6.878936888932949,9.72729015350342
BWA,1972,7.07705382036438,10.6847400665283
BWA,1973,7.223100786267372,13.983320236206
BWA,1974,7.25801916390909,15.2034397125244
BWA,1975,7.289397428447155,16.8735599517822
BWA,1976,7.3390011053649715,18.3707294464111
BWA,1977,7.399711545761851,19.36376953125
BWA,1978,7.473393298901997,19.7206707000732
BWA,1979,7.528059997994605,19.371789932251
BWA,1980,7.6023994149062855,20.0036296844482
BWA,1981,7.655080766747426,22.0947799682617
BWA,1983,7.8178339381085,22.4902000427246
BWA,1984,7.864592251567335,26.8535594940186
BWA,1985,7.898701389147904,30.3325805664062
BWA,1986,7.943345894301998,32.2607612609863
BWA,1987,8.022972854403102,33.7296409606934
BWA,1988,8.170871115089367,33.4043807983398
BWA,1989,8.265838021169767,39.1617698669434
BWA,1990,8.3038676464955,43.0783309936523
BWA,1991,8.348561162104675,51.9570999145508
BWA,1992,8.34918628814334,51.1772499084473
BWA,1993,8.339535654810987,55.1363792419434
BWA,1994,8.347457888502898,53.1301307678223
BWA,1995,8.389164086682218,58.8820610046387
BWA,1998,8.460609445006444,74.405143737793
BWA,1999,8.531283006234341,75.0786209106445
BWA,2000,8.529643936544536,76.1968231201172
BWA,2001,8.511570155327604,75.3002014160156
BWA,2002,8.551686701463298,75.8795700073242
BWA,2003,8.579311341155258,76.5648727416992
BWA,2004,8.58847613664489,78.3988189697266
BWA,2005,8.61508502255226,79.5636215209961
BWA,2006,8.676757806307286,81.6948394775391
BWA,2007,8.713686428500589,82.4867095947266
BWA,2008,8.725607403645729,77.806510925293
BWA,2021,8.838684029406704,70.6292572021484
CAF,1971,6.3287661820445,3.51150989532471
CAF,1972,6.3091883968809,4.31066989898682
CAF,1973,6.308744043340389,4.8976001739502
CAF,1974,6.350927965403424,5.36774015426636
CAF,1975,6.335516489460704,5.7471399307251
CAF,1976,6.373553819482296,6.45628976821899
CAF,1977,6.4005891196727855,6.86375999450684
CAF,1978,6.402115631032892,8.31770038604736
CAF,1979,6.366440032144234,8.72507953643799
CAF,1980,6.309647458648201,10.1856203079224
CAF,1981,6.282774661258307,11.7866201400757
CAF,1982,6.345478209003524,13.9929599761963
CAF,1983,6.248817354476507,14.072509765625
CAF,1985,6.35319517825885,14.5128698348999
CAF,1986,6.375618037966141,14.7474298477173
CAF,1987,6.311806375713757,12.6296901702881
CAF,1988,6.312114719106623,11.6077404022217
CAF,1989,6.306227181376423,11.3615598678589
CAF,1990,6.253418604301803,12.1238403320312
CAF,1991,6.216588438036461,12.2781200408935
CAF,1992,6.118425268095969,10.2222499847412
CAF,2001,6.101794620963096,10.9798498153687
CAF,2002,6.115469745381494,10.9962396621704
CAF,2009,6.198916423357111,11.9955196380615
CAF,2011,6.277363070491019,15.9189596176147
CAF,2012,6.316676441789753,15.6197595596313
CAF,2016,5.931869132982871,13.9465503692627
CAF,2017,5.959349204342171,15.8074398040772
CAN,2000,10.542888385329666,101.992736816406
CAN,2005,10.621480118016743,100.274856567383
CAN,2006,10.637382024637729,100.449310302734
CAN,2007,10.647967251281502,101.272247314453
CAN,2008,10.647033388135789,102.278419494629
CAN,2009,10.606002120137163,102.979949951172
CAN,2010,10.62532862861404,102.510261535645
CAN,2011,10.646464456840944,102.823951721191
CAN,2012,10.653031268031413,110.873832702637
CAN,2013,10.665489245389708,111.407608032227
CAN,2014,10.683804585865452,111.68155670166
CAN,2015,10.682680262531703,111.737281799316
CAN,2016,10.681696815432375,111.607330322266
CAN,2017,10.699629700539841,111.974517822266
CAN,2018,10.712357621426529,111.833679199219
CAN,2019,10.716644993442019,110.980072021484
CAN,2020,10.654105471199319,109.628059387207
CAN,2021,10.706368529642504,108.337341308594
CAN,2022,10.733850085535499,107.467987060547
CAN,2023,10.725368920713002,104.320877075195
CEB,1999,8.871747199001884,91.7294616699219
CEB,2000,8.91608792378345,92.1335372924805
CEB,2001,8.952989796373165,93.7049789428711
CEB,2002,8.994326233568025,95.392578125
CEB,2003,9.036659322464393,96.852180480957
CEB,2004,9.09648590867358,93.5608062744141
CEB,2005,9.147146807956943,94.5363998413086
CEB,2006,9.213984700594716,95.9759368896484
CEB,2007,9.279174512299745,95.5907974243164
CEB,2008,9.321614687181869,97.9198989868164
CEB,2009,9.286639969716388,99.637321472168
CEB,2010,9.305530760206238,100.192092895508
CEB,2011,9.343275556446644,100.422637939453
CEB,2012,9.353970590545241,99.4697265625
CEB,2013,9.364091892227476,104.638191223145
CEB,2014,9.398990393860798,103.411109924316
CEB,2015,9.441207230709315,102.259826660156
CEB,2016,9.47205628933591,101.328056335449
CEB,2017,9.524895106745328,101.303939819336
CEB,2018,9.575817272953792,101.131561279297
CEB,2019,9.617407495563386,100.450477600098
CEB,2020,9.590226032726695,102.24365234375
CEB,2021,9.6639124986952,101.30696105957
CEB,2022,9.704853465317798,100.121192932129
CEB,2023,9.710913995792756,99.31640625
CEB,2024,9.732866839634498,99.31640625
CHE,2000,11.224353356657415,94.5499114990234
CHE,2001,11.233822197311252,94.758171081543
CHE,2002,11.230054389899072,93.588623046875
CHE,2003,11.219788923499603,93.3511962890625
CHE,2004,11.238455004433444,93.2228698730469
CHE,2005,11.261142487643408,93.8099594116211
CHE,2006,11.295378345354818,94.1694793701172
CHE,2007,11.32550053805686,95.0716171264648
CHE,2008,11.337795177570449,95.5135726928711
CHE,2009,11.305761592759621,95.8478317260742
CHE,2010,11.327432014684732,96.6068572998047
CHE,2011,11.330291676635238,97.1951599121094
CHE,2012,11.33085212634982,98.3727416992188
CHE,2013,11.337548035912526,101.221382141113
CHE,2015,11.353520060500577,103.913391113281
CHE,2016,11.36153524473918,104.09513092041
CHE,2017,11.36630722298666,103.900062561035
CHE,2018,11.391673600179173,104.188026428223
CHE,2019,11.395631943701853,104.071113586426
CHE,2020,11.365514403488842,104.211616516113
CHE,2021,11.41778945244471,103.605186462402
CHE,2022,11.444222981093114,103.392356872559
CHE,2023,11.439794856747044,102.965591430664
CHE,2024,11.440552353374823,101.4287109375
CHL,2000,9.043736998669685,86.9013595581055
CHL,2002,9.083721095781787,89.4216384887695
CHL,2003,9.119406869372144,90.6209564208984
CHL,2004,9.173922704414691,91.0151062011719
CHL,2005,9.22072831390893,92.0045623779297
CHL,2006,9.269704378495659,91.9973297119141
CHL,2007,9.310307425489734,91.5507965087891
CHL,2008,9.337509637549179,91.5420074462891
CHL,2009,9.3161776149694,89.8597564697266
CHL,2010,9.36300048795795,90.99951171875
CHL,2011,9.41351336106279,90.9826202392578
CHL,2012,9.463651038951573,89.5031433105469
CHL,2013,9.48666314331262,99.1520767211914
CHL,2014,9.49446266864666,99.8654403686523
CHL,2015,9.505538153004625,100.921676635742
CHL,2016,9.510822501382549,101.488136291504
CHL,2017,9.508468631529055,102.294822692871
CHL,2018,9.529739611195893,103.173049926758
CHL,2019,9.520170003201258,104.405769348145
CHL,2020,9.447842436877993,103.691688537598
CHL,2021,9.550822529675072,106.673522949219
CHL,2022,9.566293718149335,106.068328857422
CHL,2023,9.567644864156994,105.83097076416
CHL,2024,9.589935642412886,105.608551025391
CHN,1970,5.66071439806457,25.6986503601074
CHN,1971,5.701464481531861,34.3487205505371
CHN,1972,5.714283031455814,43.8977890014648
CHN,1973,5.766185423938018,53.8520202636719
CHN,1974,5.768363107736017,58.2484588623047
CHN,1975,5.834304773751389,57.590461730957
CHN,1976,5.803006843658854,58.1372909545898
CHN,1977,5.862350661370475,57.1651306152344
CHN,1978,5.956270057177808,53.2011489868164
CHN,1979,6.016132927434559,47.5873718261719
CHN,1980,6.079082318476488,40.256160736084
CHN,1981,6.116156295490321,36.6918296813965
CHN,1982,6.1878305538156315,32.6269607543945
CHN,1983,6.275683445971426,30.1499004364014
CHN,1984,6.403994044968017,29.9084606170654
CHN,1985,6.516379391590356,31.3245601654053
CHN,1986,6.587166877159477,32.6376609802246
CHN,1987,6.681376781280893,35.1423110961914
CHN,1988,6.771624302351636,37.2133903503418
CHN,1989,6.79750994534262,38.1876487731934
CHN,1990,6.82131234459171,39.0024795532227
CHN,1991,6.897285944931701,41.5681610107422
CHN,1992,7.018666167728319,44.4469909667969
CHN,1993,7.137549804861502,46.7595100402832
CHN,1994,7.249196530752756,47.1572189331055
CHN,1995,7.342830306783288,48.9643783569336
CHN,1996,7.427416203886311,52.3077697753906
CHN,1997,7.506085905331778,54.7360382080078
CHN,1999,7.638646988767542,58.6365814208984
CHN,2000,7.713025274859904,59.4924812316895
CHN,2001,7.785718452051346,62.2098388671875
CHN,2002,7.867359395555581,62.8378982543945
CHN,2003,7.9574750847727005,64.0541305541992
CHN,2006,8.264434057003331,74.0575637817383
CHN,2007,8.391561280018372,78.1607131958008
CHN,2008,8.478731921413216,82.6792526245117
CHN,2009,8.563654569843813,88.2874984741211
CHN,2010,8.659499741124039,90.7829173331445
CHN,2011,8.744442915713616,92.0329425203903
CHN,2012,8.813303154830061,92.2603063015232
CIV,1971,7.805126776618337,9.22047996520996
CIV,1972,7.801831531388428,10.1796903610229
CIV,1973,7.814006491264646,11.0865001678467
CIV,1974,7.810685144763772,10.818699836731
CIV,1975,7.844357161560249,11.4515104293823
CIV,1976,7.9251096877951,12.4472599029541
CIV,1977,7.958981985426664,12.9619598388672
CIV,1978,8.024842616323829,14.003339767456
CIV,1979,8.009914851101453,15.2307796478272
CIV,1980,7.854348847287113,16.8812007904053
CIV,1981,7.848709713461449,18.0322895050049
CIV,1983,7.730555654243885,17.7665195465088
CIV,1984,7.663239451958384,17.5473194122314
CIV,1985,7.667654207132767,17.7126197814941
CIV,1987,7.618556166617979,17.0907402038574
CIV,1999,7.479223634834587,21.0010890960693
CIV,2014,7.463097336104087,40.4629922041554
CIV,2015,7.503685666289025,43.9865647318392
CIV,2016,7.543949907775461,46.2425069943643
CIV,2017,7.587216390032501,49.0863555848622
CIV,2018,7.607541907538331,51.072614509286
CIV,2019,7.646401472551903,53.791930617454
CIV,2020,7.628072410732317,55.4380323721262
CIV,2021,7.671575473933528,57.135967003236
CIV,2022,7.708447477628731,54.0714108290486
CIV,2023,7.747322339494329,63.9607557764462
CIV,2024,7.781413699375004,65.3065056618336
CMR,1971,6.828284231871239,8.15713024139404
CMR,1972,6.827499759224068,9.02085018157959
CMR,1973,6.852171432734997,10.0165596008301
CMR,1974,6.92637805777387,10.7924404144287
CMR,1975,7.005042019703149,11.9529695510864
CMR,1976,6.921733794251567,13.1848697662353
CMR,1977,7.0246826307058585,14.6225500106812
CMR,1978,7.196302605424017,15.9022798538208
CMR,1979,7.226876550395053,16.7174892425537
CMR,1980,7.174482061387256,17.3506107330322
CMR,1981,7.297083892496546,18.3261203765869
CMR,1982,7.345760323455872,18.7550792694092
CMR,1983,7.391703906349522,20.0884304046631
CMR,1984,7.435998694473371,20.9485893249512
CMR,1985,7.483739739261215,22.2830505371094
CMR,1986,7.519130596362856,22.4186000823975
CMR,1987,7.467042250410485,24.3035907745361
CMR,1988,7.35572720333776,25.2620391845703
CMR,1989,7.308061610647231,25.7427101135254
CMR,1990,7.215591132480248,25.8838996887207
CMR,1991,7.147595923612852,27.3890495300293
CMR,1992,7.087449068876316,28.2887706756592
CMR,1994,6.966847683344793,27.1619205474854
CMR,1995,6.967924336809637,26.1854991912842
CMR,1997,7.000058740727588,24.5228691101074
CMR,1998,7.019751111820425,25.418830871582
CMR,1999,7.037346531722833,26.9488792419434
CMR,2000,7.048626947148554,28.4606399536133
CMR,2001,7.064696380231057,33.5832786560059
CMR,2002,7.081680920992034,29.3418807983398
CMR,2003,7.107502835094139,30.9356803894043
CMR,2004,7.1481438907788375,27.5096206665039
CMR,2005,7.142624575998407,28.0079002380371
CMR,2006,7.152527168104394,24.4080104827881
CMR,2007,7.166830042594613,33.4497184753418
CMR,2008,7.1662830494786025,37.8488082885742
CMR,2009,7.163094629118003,41.7743606567383
CMR,2011,7.168045468094992,49.8732461065506
CMR,2012,7.185136693601378,53.102088720007
CMR,2013,7.205793340346184,54.9012784916851
CMR,2014,7.231156304432972,59.1253563645436
CMR,2015,7.254884878703265,60.4960883608074
CMR,2016,7.269350911545437,61.4037045147156
CMR,2021,7.274878649172877,45.5255767078224
CMR,2022,7.2852747220074,45.6066724321371
CMR,2023,7.2917777072928365,44.840795775403
COD,1971,7.224514183144023,9.68144989013672
COD,1972,7.1995325346049714,11.2670803070068
COD,1973,7.25099712181317,11.9695501327515
COD,1974,7.255097775271786,11.9729204177856
COD,1975,7.177489961695472,15.4525203704834
COD,1976,7.09708548590793,17.1304092407227
COD,1977,7.079376303729293,19.4257907867432
COD,1978,6.993411178669245,22.0605392456055
COD,1979,6.962553690083673,24.969030380249
COD,1980,6.952918723958246,24.4957695007324
COD,1981,6.947026410626962,24.1414699554443
COD,1982,6.9124334959034766,23.8208599090576
COD,1983,6.894749684085523,23.5234394073486
COD,1984,6.915258638996769,23.2607002258301
COD,1985,6.886766422153472,23.0501804351807
COD,1986,6.901363961390686,22.9296894073486
COD,1987,6.8962333348914395,22.8661403656006
COD,1988,6.8688955601408805,24.1345806121826
COD,1992,6.457455265598657,22.2480907440186
COD,1993,6.277046510778808,23.8845405578613
COD,1994,6.189935418672441,25.3936805725098
COD,1995,6.155397686585987,27.3251304626465
COD,2007,5.933895893396675,33.6185607910156
COD,2008,5.9754381016955405,35.8376388549805
COD,2009,5.949929419569896,37.3938407897949
COD,2010,6.000727448365571,37.0387916564941
COD,2011,5.963886002120302,38.9499206542969
COD,2012,6.013632592283134,38.8012313842773
COD,2013,6.1410190710467045,38.5140419006348
COD,2014,6.177591856753407,41.1783905029297
COD,2015,6.206226335413076,42.1804618835449
COD,2021,6.184480394602183,55.3636283874512
COD,2023,6.290567019787564,55.4860992431641
COG,1971,7.254346652044765,15.7612495422363
COG,1972,7.305971015530733,18.7414798736572
COG,1973,7.353803167075294,23.6966304779053
COG,1974,7.398493613028231,30.3291492462158
COG,1975,7.445088966979246,35.6599082946777
COG,1976,7.429807038581055,40.2546691894531
COG,1977,7.312098440321877,46.6742401123047
COG,1978,7.350302386802753,50.6019592285156
COG,1979,7.421045659093799,53.464038848877
COG,1980,7.561105261768252,55.0942611694336
COG,1981,7.701343427879286,62.7895393371582
COG,1982,7.891686375950339,66.8084030151367
COG,1983,7.927910998301214,65.9817276000977
COG,1984,7.970429369338166,61.88671875
COG,1985,7.929041602498226,60.6314506530762
COG,1986,7.8286302155012075,64.868049621582
COG,1987,7.80130547322967,66.5762176513672
COG,1988,7.789844103639098,62.3566513061523
COG,1989,7.786610608255735,53.5592308044434
COG,1990,7.768011819585404,47.1228408813477
COG,1991,7.763245578429376,46.0549201965332
COG,1992,7.760756474934655,46.9916496276855
COG,1994,7.635205526139932,49.610179901123
COG,1996,7.6604103135104875,48.1370811462402
COG,2002,7.649772985789891,36.9716186523438
COG,2003,7.629920745221341,38.03369140625
COG,2004,7.6299193817256485,42.6813201904297
COG,2012,7.810782854394589,50.520320892334
COL,2000,8.298243214136546,76.4044799804688
COL,2002,8.308515733738236,78.1551971435547
COL,2004,8.369137611599138,82.9504623413086
COL,2005,8.402292955782052,86.9616470336914
COL,2006,8.4540477111501,90.2876663208008
COL,2007,8.506587672816924,93.012809753418
COL,2008,8.526860684740482,94.2315521240234
COL,2009,8.526543583446504,98.2700805664062
COL,2010,8.559149673592595,99.9543685913086
COL,2011,8.615607839856338,101.20581817627
COL,2012,8.643959081011802,97.2326889038086
COL,2013,8.684537467094968,98.1015014648438
COL,2014,8.719617954543367,97.3632888793945
COL,2015,8.740099099350715,97.6741180419922
COL,2016,8.750852565595604,98.4156265258789
COL,2017,8.749839837418161,99.2193298339844
COL,2018,8.75676842867108,100.373336791992
COL,2019,8.77027816661759,101.989349365234
COL,2020,8.681343179480681,101.499450683594
COL,2021,8.772946299201278,102.987998962402
COL,2022,8.832985333472989,101.573776245117
COM,1981,7.090992219412691,24.9079399108887
COM,1986,7.110630245121917,32.9933090209961
COM,1987,7.103725551936214,32.4956588745117
COM,1992,7.096135461428246,22.8796195983887
COM,1994,7.044650026326286,24.6837005615234
COM,1999,7.077557760535587,31.9223709106445
COM,2002,7.1042388652436435,35.0426712036133
COM,2003,7.104128229916015,38.9220008850098
COM,2004,7.115702183533342,42.5534706115723
COM,2013,7.203068286254512,58.998580844006
COM,2014,7.202161880398047,61.5078774291294
COM,2017,7.222136585577547,56.9502144763063
COM,2018,7.238385990233898,61.7014685443494
COM,2022,7.220338246882811,54.8057289123535
CPV,1980,6.366049510057376,7.62445020675659
CPV,1981,6.433222759842035,8.05778980255127
CPV,1982,6.446312049008127,8.8383903503418
CPV,1984,6.545417554126942,10.6281700134277
CPV,1987,6.65650922210722,13.4268703460693
CPV,1988,6.700777182861965,15.1571702957153
CPV,1989,6.741197659168695,16.2550392150879
CPV,1990,6.7275762930536676,18.4422798156738
CPV,1994,7.015656821782467,25.6682395935059
CPV,2000,7.619389127778705,65.0551376342773
CPV,2001,7.626188719733243,63.2078514099121
CPV,2002,7.662800962786934,66.3999862670898
CPV,2003,7.690238010483442,67.3274078369141
CPV,2004,7.77477020092141,66.9400405883789
CPV,2005,7.8296971301820175,70.2636032104492
CPV,2006,7.89500367460655,81.5834884643555
CPV,2007,8.025179844747967,80.4710464477539
CPV,2008,8.082847503220249,82.10888671875
CPV,2009,8.05819659770341,81.2256927490234
CPV,2010,8.069222383821266,83.5471330073283
CPV,2011,8.104462114909028,86.7000153273789
CPV,2012,8.114247538458907,89.9634082592786
CPV,2013,8.120021758612051,94.7526092529297
CPV,2014,8.12676711236428,93.6074664791524
CPV,2015,8.13595112243954,96.6012286324786
CPV,2016,8.177555169407254,98.2528458088996
CPV,2017,8.221401810012392,99.462782259485
CPV,2018,8.25678365930564,94.8972015380859
CPV,2019,8.322613489944018,95.2902285572104
CPV,2020,8.088235159928717,98.3093023666237
CPV,2021,8.152386803047163,97.0059250429478
CPV,2022,8.293491392437424,96.4315940376876
CRI,2002,8.98589087591986,65.6379089355469
CRI,2004,9.041392488708512,77.7891998291016
CRI,2005,9.065931713134097,79.1932067871094
CRI,2006,9.122633593956799,85.9572372436523
CRI,2007,9.188044813132949,86.9762496948242
CRI,2008,9.220776647630187,88.2622985839844
CRI,2009,9.198639754584931,94.3034362792969
CRI,2010,9.238450132413732,97.5067367553711
CRI,2011,9.269784956273197,99.7109375
CRI,2012,9.305788661192018,103.267303466797
CRI,2013,9.319297354028341,108.534126281738
CRI,2014,9.343355571154657,114.289863586426
CRI,2015,9.368600648303643,115.72087097168
CRI,2016,9.399673551623106,118.203712463379
CRI,2017,9.430965994761966,121.514961242676
CRI,2018,9.450050282876473,125.964347839355
CRI,2019,9.468388678338293,132.849334716797
CRI,2020,9.419160709731832,132.678680419922
CRI,2021,9.493054244646686,138.903381347656
CRI,2022,9.541932589325903,131.907592773438
CRI,2023,9.584074021276846,125.510070800781
CRI,2024,9.619326938629671,121.810760498047
CSS,1970,8.794756937590908,52.5725898742676
CSS,1971,8.803991220108276,52.4924697875977
CSS,1972,8.802527397869751,53.3165283203125
CSS,1973,8.817589567606523,53.4120788574219
CSS,1974,8.779239331194,52.606819152832
CSS,1975,8.753677054234721,58.5386390686035
CSS,1976,8.797622007895946,60.992618560791
CSS,1977,8.85450561197235,62.1242713928223
CSS,1978,8.923216897116633,63.478328704834
CSS,1979,8.987803200431447,64.6264419555664
CSS,1980,9.030761610226202,67.2014389038086
CSS,1981,9.026592794887257,64.9829330444336
CSS,1982,9.023874854343168,65.4047393798828
CSS,1983,8.980155225158432,66.3493728637695
CSS,1984,8.991944675257379,66.597412109375
CSS,1985,8.994705624991072,68.3655166625977
CSS,1986,9.00006696530373,69.3047409057617
CSS,1987,8.994336576992646,69.8135986328125
CSS,1988,9.004708485069619,71.2142715454102
CSS,1989,9.029505054898792,70.3319931030273
CSS,1990,9.02043547313401,71.2089385986328
CSS,1991,9.013476141138067,72.1574783325195
CSS,1992,9.025643850773312,72.0128936767578
CSS,1993,9.022582376513641,70.6517715454102
CSS,1994,9.04770729541065,72.2988586425781
CSS,1995,9.069530252672195,73.9906692504883
CSS,1996,9.108746251144595,75.602668762207
CSS,1997,9.145413298066291,77.2176818847656
CSS,1998,9.185151529820956,78.8621215820312
CSS,1999,9.226260690249378,80.208251953125
CSS,2000,9.264232381543625,81.2740173339844
CSS,2001,9.277098635707938,82.5914535522461
CSS,2002,9.308134721865168,82.9308166503906
CSS,2003,9.359227843785357,82.6902618408203
CSS,2004,9.397393545941945,84.7573776245117
CSS,2005,9.448043458850282,84.3032684326172
CSS,2006,9.517614621475389,85.2551879882812
CSS,2007,9.548956776754112,86.2248992919922
CSS,2008,9.559425039767145,87.3981399536133
CSS,2009,9.51955375413565,88.3771362304688
CSS,2010,9.52496324278722,88.9340286254883
CSS,2011,9.527434770593963,90.3090133666992
CSS,2012,9.561266612514187,89.2785263061523
CSS,2013,9.569941289030576,87.6178512573242
CSS,2014,9.588826790510554,87.7550201416016
CSS,2015,9.581757701341092,86.7618789672852
CSS,2016,9.544125453448487,88.6953125
CSS,2017,9.530892700230748,87.5022735595703
CSS,2018,9.534445071053542,86.9079513549805
CSS,2019,9.535042256027356,87.9669418334961
CSS,2020,9.434091840343411,86.0121917724609
CSS,2021,9.499512601052505,85.8405685424805
CSS,2022,9.632980580352063,84.883918762207
CSS,2023,9.712357716276426,85.927131652832
CSS,2024,9.833246070052084,85.9280090332031
CUB,1971,7.9359362433098015,22.8366298675537
CUB,1972,7.96707605889304,20.807710647583
CUB,1973,7.986541296335545,22.9630794525146
CUB,1974,7.983578033328346,27.2698097229004
CUB,1975,8.062921094876259,33.8246383666992
CUB,1976,8.106171224596388,45.3217391967773
CUB,1977,8.181646985100082,55.3750381469727
CUB,1978,8.238958842455055,60.7625694274902
CUB,1979,8.244505978024172,67.0158920288086
CUB,1980,8.190560677828161,78.8212585449219
CUB,1981,8.365750878577979,79.2370300292969
CUB,1982,8.44476572608904,79.9341125488281
CUB,1983,8.489594557161196,77.380859375
CUB,1984,8.557703643702412,79.5663528442383
CUB,1985,8.565246951542486,80.665771484375
CUB,1986,8.557668822107319,82.8561477661133
CUB,1987,8.524500865380576,84.8535079956055
CUB,1988,8.551521418617671,87.3642730712891
CUB,1989,8.548697054733655,90.7102508544922
CUB,1990,8.509454804908563,92.1929931640625
CUB,1991,8.388326316647266,92.7400283813477
CUB,1992,8.25890793364091,91.1841278076172
CUB,1993,8.092713591147147,88.0818786621094
CUB,1994,8.095715930069066,83.0703811645508
CUB,1995,8.116383519573382,79.062629699707
CUB,1996,8.188501602851954,82.6675262451172
CUB,1997,8.212683743771962,82.2095108032227
CUB,1999,8.267589239408926,79.6453323364258
CUB,2000,8.321728444095221,81.8830108642578
CUB,2001,8.349934362636903,84.3682479858398
CUB,2002,8.361099611879945,88.5996932983398
CUB,2003,8.39546975163608,91.7871322631836
CUB,2004,8.448954611389995,91.1237411499023
CUB,2005,8.553014447576277,92.3748474121094
CUB,2006,8.665511749438265,93.1539993286133
CUB,2007,8.734844252548541,93.1459197998047
CUB,2008,8.774789967677503,93.1690521240234
CUB,2009,8.7889368775586,92.1000823974609
CUB,2010,8.812321047837221,92.4079409432897
CUB,2011,8.8395902610853,92.221518431358
CUB,2012,8.86915179876374,90.9268566341812
CUB,2013,8.896700292688333,91.3310039372362
CUB,2014,8.90821898541771,95.9867990183168
CUB,2015,8.952595020259022,96.0929099069438
CUB,2016,8.95854909596948,97.8005641142909
CUB,2017,8.978064963675275,98.8916381409707
CUB,2018,9.002138539575917,99.5805926474392
CUB,2019,9.00267058465408,100.467809909244
CUB,2020,8.889072299684374,101.487990578922
CUB,2021,8.906399200893967,100.016181545784
CUB,2022,8.929611605456687,103.627148989561
CUB,2023,8.913742519010999,95.5986574273359
CUB,2024,8.906718295391586,91.7456844321038
CYM,2006,11.47279728265698,88.0352325439453
CYM,2007,11.474213097179659,89.9581604003906
CYM,2008,11.44159397005145,94.58740234375
CYM,2011,11.267447072138475,92.3470839260313
CYM,2012,11.25252632651147,89.14686825054
CYM,2013,11.23900006153898,88.6417168280555
CYM,2018,11.28106616251717,89.0140845070423
CYM,2019,11.298674405768027,88.1225128173828
CYM,2020,11.22790178387129,84.0909118652344
CYM,2021,11.254926887433509,85.4616444648599
CYM,2022,11.289058147163038,85.6012268066406
CYM,2023,11.325469294513065,86.0370923044127
CYM,2024,11.34310314397642,84.7603098178773
CYP,2001,10.044085677142808,93.4450607299805
CYP,2002,10.06917899799005,96.9152069091797
CYP,2003,10.082920501211705,97.5562286376953
CYP,2004,10.118584283608284,96.2935333251953
CYP,2005,10.15157170398194,94.0052337646484
CYP,2006,10.180948450086756,93.1404724121094
CYP,2007,10.209382998936231,92.9139404296875
CYP,2008,10.22009277223239,92.3691635131836
CYP,2009,10.172891359187945,91.9261779785156
CYP,2010,10.169308800489862,91.440803527832
CYP,2011,10.147952950322953,92.8256225585938
CYP,2012,10.097634100020509,95.2998504638672
CYP,2013,10.03063588477268,97.9726409912109
CYP,2014,10.015635469861357,97.8358383178711
CYP,2015,10.047086891698926,98.9578094482422
CYP,2016,10.105528996658267,98.830940246582
CYP,2017,10.152922057315555,99.5133590698242
CYP,2018,10.202198306568011,99.4265899658203
CYP,2019,10.245911559480287,101.017471313477
CYP,2020,10.199720655804496,101.935836791992
CYP,2021,10.292723632616772,102.047653198242
CYP,2022,10.357908237719556,103.827629089355
CYP,2023,10.374179055494048,105.159156799316
CYP,2024,10.396888474576713,106.741279602051
CZE,2001,9.469504657410187,94.5851364135742
CZE,2002,9.486454883114803,95.2897491455078
CZE,2003,9.519216380120033,96.0471115112305
CZE,2004,9.56518798732511,95.4745712280273
CZE,2005,9.625605399742563,96.0492401123047
CZE,2006,9.687028128231754,97.459716796875
CZE,2007,9.734627552346243,97.7152786254883
CZE,2008,9.7521207377691,98.0813293457031
CZE,2009,9.697250802198612,97.9063034057617
CZE,2010,9.721121901720869,98.6544189453125
CZE,2011,9.73662299844166,99.4467315673828
CZE,2012,9.727487210043492,99.7749633789062
CZE,2013,9.72673729898426,106.875068664551
CZE,2014,9.74788830654419,106.118507385254
CZE,2015,9.794319729778335,104.810516357422
CZE,2016,9.817880524099502,103.015083312988
CZE,2017,9.86566589978201,102.204696655273
CZE,2018,9.890231555051948,101.514892578125
CZE,2019,9.921330413792809,100.21556854248
CZE,2020,9.864390473398958,99.3292617797852
CZE,2021,9.922008884046004,102.089942932129
CZE,2022,9.934373078708143,102.935562133789
CZE,2023,9.917024878154018,97.6154174804688
DEU,2001,10.480620848221173,99.554801940918
DEU,2002,10.476654398864689,100.853607177734
DEU,2003,10.470788667642328,101.226783752441
DEU,2004,10.482559629672282,101.377777099609
DEU,2005,10.491943290911498,101.436492919922
DEU,2006,10.53100925685123,102.486396789551
DEU,2007,10.56082813498111,102.009773254395
DEU,2008,10.571569399997207,103.240730285645
DEU,2009,10.517061295036783,103.314292907715
DEU,2010,10.559107749483772,104.891357421875
DEU,2011,10.614535674088017,105.34651184082
DEU,2012,10.617282807358228,104.442237854004
DEU,2013,10.618515901568854,103.935333251953
DEU,2014,10.635914726419337,103.303871154785
DEU,2015,10.643750994955075,102.192413330078
DEU,2016,10.657657715704788,100.852310180664
DEU,2017,10.681515274290929,101.095642089844
DEU,2018,10.689802961609656,100.837303161621
DEU,2019,10.697277620874173,101.152557373047
DEU,2020,10.65426364114353,101.307800292969
DEU,2021,10.692195323889663,101.203536987305
DEU,2022,10.710345747831287,100.81729888916
DEU,2023,10.700296126230926,100.603057861328
DEU,2024,10.69257569472132,100.243698120117
DMA,1977,8.077768257667346,65.8647537231445
DMA,1978,8.173554746126673,63.2240104675293
DMA,1979,7.9674864653527075,66.5390701293945
DMA,1984,8.315164027676232,75.9389419555664
DMA,1986,8.406679037315,80.0651779174805
DMA,1987,8.473223394421996,71.8369216918945
DMA,1990,8.619186266600366,77.9037628173828
DMA,1999,8.807956493568108,101.596809387207
DMA,2000,8.836315407810757,106.89208984375
DMA,2001,8.838937030134108,109.117523193359
DMA,2002,8.806419977385474,112.225051879883
DMA,2003,8.860451194836433,117.79776763916
DMA,2004,8.89889183470651,114.818801879883
DMA,2005,8.906765649096409,114.346900939941
DMA,2006,8.948785591716899,113.30908203125
DMA,2007,9.000383186977029,112.818580627441
DMA,2008,9.069073282341723,110.860000610352
DMA,2009,9.05750555436405,111.792961120605
DMA,2010,9.056521497224809,108.655853271484
DMA,2011,9.054135404695808,109.177848815918
DMA,2012,9.051619383651605,102.783400809717
DMA,2014,9.056753628667709,93.3871994018555
DMA,2015,9.021912056472,95.9454803466797
DMA,2019,9.062364235686067,105.625543006082
DMA,2020,8.896032908754442,105.181579589844
DMA,2021,8.953939539938476,105.535634244733
DMA,2022,9.05846135388528,105.387588500977
DMA,2023,9.09907224356153,102.585807800293
DNK,2001,10.810881848138775,129.876510620117
DNK,2002,10.812241887698672,125.105667114258
DNK,2003,10.813922993772907,124.619468688965
DNK,2004,10.83872377073826,121.348091125488
DNK,2005,10.859290957187323,122.080146789551
DNK,2006,10.893459118759536,118.173477172852
DNK,2007,10.898847789083996,117.994140625
DNK,2008,10.888791802611369,117.272972106934
DNK,2009,10.832416323033874,117.131889343262
DNK,2010,10.843679350166735,118.944053649902
DNK,2011,10.852584842339224,121.816520690918
DNK,2012,10.848767795421312,124.577186584473
DNK,2013,10.858429430246288,131.692306518555
DNK,2014,10.866057920734086,132.451354980469
DNK,2015,10.879819458138824,133.795471191406
DNK,2016,10.9022832621249,131.441299438477
DNK,2017,10.925956727766048,130.324432373047
DNK,2018,10.939427547508824,129.849563598633
DNK,2019,10.952815452764716,129.311126708984
DNK,2020,10.93193763621599,129.995193481445
DNK,2021,10.990580679753318,131.772018432617
DNK,2022,10.987134160931975,130.326995849609
DNK,2023,10.985749980450018,126.98078918457
DNK,2024,11.014898626662925,125.628089904785
DOM,1971,7.5661418526299205,19.1340808868408
DOM,1972,7.637205134650982,20.5434494018555
DOM,1973,7.7308656430302864,22.6999893188477
DOM,1974,7.761930477663264,23.9834709167481
DOM,1975,7.785938197600336,25.1532497406006
DOM,1976,7.824919280659209,33.3131408691406
DOM,1977,7.847802631771372,34.8985481262207
DOM,1978,7.843639057461004,36.4568214416504
DOM,1979,7.862993409428438,38.2195014953613
DOM,1980,7.9150413260812496,39.7014312744141
DOM,1981,7.932905856453936,41.2140007019043
DOM,1982,7.9263968977305765,43.3141098022461
DOM,1984,7.938224520693577,53.4263191223145
DOM,1986,7.907495327147015,50.1219215393066
DOM,1994,8.060838373075482,41.0424690246582
DOM,1995,8.097536302435133,42.800220489502
DOM,1998,8.253454651750511,53.2979393005371
DOM,1999,8.295098781667118,55.082950592041
DOM,2000,8.324361976722292,59.4400787353516
DOM,2002,8.36189561307953,67.816276550293
DOM,2004,8.345695352172381,68.8893127441406
DOM,2005,8.422717568691741,70.5230407714844
DOM,2007,8.557333675012996,79.9215469360352
DOM,2008,8.577144956264481,78.7571563720703
DOM,2009,8.574452067694693,80.7119979858398
DOM,2010,8.642319216205266,77.9718275378447
DOM,2011,8.661046584483083,77.4272200156803
DOM,2012,8.675955893763161,77.986106386808
DOM,2013,8.711942864856029,79.1714978028552
DOM,2014,8.76877306832018,80.11454424521
DOM,2015,8.824818042218277,79.9378896410207
DOM,2016,8.87874176696129,80.0944728713855
DOM,2017,8.906447583754677,79.9406801126231
DOM,2018,8.964274338056054,80.2159299988463
DOM,2019,9.00172162213943,81.8562360431581
DOM,2020,8.908677478547647,80.0444119218853
DOM,2021,9.029406464326538,75.7044807816311
DOM,2022,9.070864019724837,76.5283197247412
DOM,2023,9.083638559314252,75.4805556926418
DOM,2024,9.123523978409294,76.3648403372637
DZA,1971,7.80382382114398,12.1087102890015
DZA,1972,8.023166396035771,12.6597995758057
DZA,1973,8.037019802644256,14.074649810791
DZA,1974,8.085057975189367,15.1989603042603
DZA,1975,8.098894362626476,16.3679904937744
DZA,1976,8.133886230716685,19.0519599914551
DZA,1977,8.148822690651373,22.5548000335693
DZA,1978,8.208523826270165,26.3100109100342
DZA,1979,8.250831441610229,28.8074798583984
DZA,1980,8.227565292989,30.6669998168945
DZA,1981,8.224683231151886,32.572868347168
DZA,1982,8.253377474452913,35.3191795349121
DZA,1983,8.272043417438272,38.3708190917969
DZA,1984,8.292397126736214,41.5667381286621
DZA,1985,8.294688484535756,44.6754684448242
DZA,1986,8.265743977725398,48.9760704040527
DZA,1987,8.22848810710273,51.4887809753418
DZA,1988,8.190428829173479,52.7663192749023
DZA,1989,8.207089101491729,60.236270904541
DZA,1990,8.190267603580839,60.6158790588379
DZA,1991,8.154359251940686,59.8202705383301
DZA,1992,8.147846690751416,60.1012496948242
DZA,1993,8.102562055032175,59.9651985168457
DZA,1994,8.071396326109882,60.4800682067871
DZA,1995,8.08800508561311,59.5076599121094
DZA,1996,8.10860984106455,58.9312896728516
DZA,1997,8.100909583890244,58.7424392700195
DZA,1999,8.152339740985397,64.7455978393555
DZA,2000,8.175638840160971,64.5954208374023
DZA,2001,8.191464728976442,68.763298034668
DZA,2002,8.230753231325924,72.5830688476562
DZA,2003,8.280431878074173,75.4358673095703
DZA,2004,8.31048435923574,79.6298599243164
DZA,2005,8.348443720896721,81.8563690185547
DZA,2006,8.361618441364065,83.4811935424805
DZA,2007,8.375456929632021,73.517822265625
DZA,2008,8.381961011598607,80.2311401367188
DZA,2009,8.374730730242145,96.3929595947266
DZA,2010,8.402143727831959,100.739776611328
DZA,2011,8.41213358633255,103.184272766113
DZA,2022,8.42166570173465,104.550270080566
DZA,2023,8.44685773124866,101.264892578125
DZA,2024,8.469205795295908,105.164131811213
EAP,1970,5.99645264701046,29.0610294342041
EAP,1971,6.035276262569005,32.0123596191406
EAP,1972,6.0584987927884075,38.071361541748
EAP,1973,6.114727175510822,44.0902709960938
EAP,1974,6.131818307524126,46.0779113769531
EAP,1975,6.177942481168088,46.486141204834
EAP,1976,6.18791220146549,48.1709518432617
EAP,1977,6.244093253038511,49.4617805480957
EAP,1978,6.316304328498415,48.0255584716797
EAP,1979,6.368395328516087,44.6707382202148
EAP,1980,6.425141853015491,39.626880645752
EAP,1981,6.463847155377128,37.152229309082
EAP,1982,6.50913262658884,34.3635215759277
EAP,1983,6.566449423882458,33.932559967041
EAP,1984,6.64580973794424,32.887451171875
EAP,1985,6.706020916074619,34.3520393371582
EAP,1986,6.758371650501131,35.6301918029785
EAP,1987,6.828916970583498,38.1649513244629
EAP,1988,6.904818898016781,39.8857612609863
EAP,1989,6.943444969859159,40.7088508605957
EAP,1990,6.977444331234123,40.9200210571289
EAP,1991,7.040013128144258,42.795108795166
EAP,1992,7.132343346184848,45.0162315368652
EAP,1993,7.225822003650288,46.8458709716797
EAP,1994,7.316327468564528,47.6492614746094
EAP,1995,7.397847765820174,49.6841697692871
EAP,1996,7.472229754651537,52.628719329834
EAP,1997,7.531141351953142,54.9293785095215
EAP,1998,7.548876214910589,56.5885391235352
EAP,1999,7.600598323521716,57.9278411865234
EAP,2000,7.664970130694761,58.803581237793
EAP,2001,7.723084504359218,60.8021697998047
EAP,2002,7.792538845719157,61.7501411437988
EAP,2003,7.8704402015156925,63.2360382080078
EAP,2004,7.949909529134222,65.840217590332
EAP,2005,8.037610327855063,67.8498001098633
EAP,2006,8.134661064877625,70.7548065185547
EAP,2007,8.24411820768296,74.4192199707031
EAP,2008,8.319250453065791,77.0969085693359
EAP,2009,8.38884646263782,81.1558380126953
EAP,2010,8.475776492848574,82.9164581298828
EAP,2011,8.550317420291634,84.3170776367188
EAP,2012,8.61464667837573,84.8089904785156
EAP,2013,8.676689058034825,85.7846832275391
EAP,2014,8.736419253993343,85.1415786743164
EAP,2015,8.793281046305752,85.3801116943359
EAP,2016,8.848856734815405,84.7789535522461
EAP,2017,8.905819624310233,85.0468063354492
EAP,2018,8.962723050909126,85.8236083984375
EAP,2019,9.014402901086266,87.5550308227539
EAP,2020,9.023224136172509,88.6450271606445
EAP,2021,9.094444630155753,89.4162979125977
EAP,2022,9.1269717058772,90.1883010864258
EAP,2023,9.17637857639476,90.9574508666992
EAP,2024,9.223051056698399,91.0118637084961
EAR,1977,7.5254940699298,23.9967708587646
EAR,1978,7.522844357441651,24.9107799530029
EAR,1979,7.538060724021525,39.9490089416504
EAR,1980,7.544371629061585,27.1677799224854
EAR,1981,7.553912793540545,27.9337501525879
EAR,1982,7.532902744920337,29.657470703125
EAR,1983,7.510430792098674,31.5520000457764
EAR,1984,7.5061634280728375,32.7571105957031
EAR,1985,7.491429876072984,44.7389793395996
EAR,1986,7.481913290030767,35.2919883728027
EAR,1987,7.486237666513011,36.4708099365234
EAR,1988,7.493956630074067,37.2375907897949
EAR,1989,7.489799695337559,37.8648109436035
EAR,1990,7.5148719662012144,45.7701988220215
EAR,1991,7.534843380541295,46.1200485229492
EAR,1992,7.553153956462361,46.3838081359863
EAR,1993,7.566533175854622,44.0271911621094
EAR,1994,7.579501760885271,45.2142715454102
EAR,1995,7.584482304578041,46.2762298583984
EAR,1996,7.619225355631944,47.5610504150391
EAR,1997,7.647360274796871,48.6483993530273
EAR,1998,7.651362556708532,50.0564384460449
EAR,1999,7.654278704053037,49.3931083679199
EAR,2000,7.678207637787298,51.0884819030762
EAR,2001,7.67175271543999,51.6705207824707
EAR,2002,7.671473147503521,53.2014808654785
EAR,2003,7.702562782185337,54.8293418884277
EAR,2004,7.747021014421776,55.9640197753906
EAR,2005,7.788194548005005,56.9295310974121
EAR,2006,7.831195581399889,58.2147903442383
EAR,2007,7.8709810479675975,59.984489440918
EAR,2008,7.889373563269172,61.3353118896484
EAR,2009,7.880172657232127,61.7705307006836
EAR,2010,7.926558064505383,63.9171485900879
EAR,2011,7.959442050519753,65.6760025024414
EAR,2012,7.985952569630834,67.4394912719727
EAR,2013,8.011000996158076,68.3061828613281
EAR,2014,8.03636773809348,71.2937927246094
EAR,2015,8.064280173703114,72.0406494140625
EAR,2016,8.091614261819469,73.1884231567383
EAR,2017,8.122925498389876,72.8589096069336
EAR,2018,8.1462173028219,73.9441833496094
EAR,2019,8.156463008242856,74.3150634765625
EAR,2020,8.10052712277621,75.3833694458008
EAR,2021,8.16237448448107,76.6091537475586
EAR,2022,8.209682910566615,77.2122268676758
EAR,2023,8.238355531561957,76.8434066772461
EAR,2024,8.264721060667206,76.7462997436523
EAS,1970,7.562554129146284,36.8691215515137
EAS,1971,7.587869348954349,38.695728302002
EAS,1972,7.633684883047376,44.4287185668945
EAS,1973,7.685416669248419,50.0742111206055
EAS,1974,7.674761673039696,52.3742790222168
EAS,1975,7.691309053809844,52.7157592773438
EAS,1976,7.715658533035251,53.7963409423828
EAS,1977,7.750983313261629,54.3136405944824
EAS,1978,7.792210918922171,52.5590896606445
EAS,1979,7.834561431354299,49.3363304138184
EAS,1980,7.856543100770253,44.5707092285156
EAS,1981,7.886547060281729,42.390998840332
EAS,1982,7.911156352779212,39.9481086730957
EAS,1983,7.9378392764310295,39.6227493286133
EAS,1984,7.983003449118877,38.8107490539551
EAS,1985,8.023776912791389,40.3511581420898
EAS,1986,8.056442457354809,41.7358016967773
EAS,1987,8.101544763454084,44.3227500915527
EAS,1988,8.159405959156649,46.0550308227539
EAS,1989,8.193690655767456,46.9850883483887
EAS,1990,8.228465167534186,47.235710144043
EAS,1991,8.261227041043913,49.0395088195801
EAS,1992,8.289212483704135,50.9795913696289
EAS,1993,8.317286562782924,52.2735900878906
EAS,1994,8.35533941839764,53.0307998657227
EAS,1995,8.397128807584163,54.7741889953613
EAS,1996,8.439674418484039,57.368350982666
EAS,1997,8.469670885303179,59.0056686401367
EAS,1998,8.461168658210587,60.5957412719727
EAS,1999,8.488248585519257,61.5584487915039
EAS,2000,8.532669793763583,62.1436996459961
EAS,2001,8.55579593419336,63.9107894897461
EAS,2002,8.59086245034693,64.6817474365234
EAS,2003,8.630972595728968,65.9770584106445
EAS,2004,8.680364103589369,68.4119262695312
EAS,2005,8.730801647930779,70.3503723144531
EAS,2006,8.786461978975348,73.1226196289062
EAS,2007,8.85158325252023,76.6228790283203
EAS,2008,8.887363415321852,79.1833419799805
EAS,2009,8.905175639345844,83.070068359375
EAS,2010,8.971651445756914,84.7297592163086
EAS,2011,9.016779786999418,86.061653137207
EAS,2012,9.059938722157677,86.5859222412109
EAS,2013,9.103313109353051,87.486198425293
EAS,2014,9.14372305152479,86.9173736572266
EAS,2015,9.18303536572224,87.1539535522461
EAS,2016,9.221276516465228,86.5248031616211
EAS,2017,9.263363135113403,86.7522583007812
EAS,2018,9.304336598650272,87.2916488647461
EAS,2019,9.338773158959832,88.9832077026367
EAS,2020,9.333781371260615,89.899040222168
EAS,2021,9.394170465021652,90.5817565917969
EAS,2022,9.42233711361986,91.2770309448242
EAS,2023,9.460216845809866,91.9760818481445
EAS,2024,9.495168072160375,92.0157470703125
ECA,1999,8.023550367183063,84.0653305053711
ECA,2000,8.085143425971562,85.3211822509766
ECA,2001,8.081679255516669,89.3230285644531
ECA,2002,8.139194862083208,91.5156478881836
ECA,2003,8.198643141997815,93.3531112670898
ECA,2004,8.285718898354174,92.3721008300781
ECA,2005,8.363311460676787,89.7980804443359
ECA,2006,8.437788027112136,91.6042175292969
ECA,2007,8.504545385405434,92.6936569213867
ECA,2008,8.528588542059946,92.1290969848633
ECA,2009,8.485952696247894,89.202751159668
ECA,2010,8.54671423170042,90.7503280639648
ECA,2011,8.618842205088733,91.5636901855469
ECA,2012,8.650833325296595,91.3797607421875
ECA,2013,8.705703112929811,97.7195816040039
ECA,2014,8.728902783105575,99.2012100219727
ECA,2015,8.754445924089323,98.9926681518555
ECA,2016,8.773747479070162,99.2952423095703
ECA,2017,8.82353227203758,100.829452514648
ECA,2018,8.852182134047835,100.512466430664
ECA,2019,8.869244101252152,100.420219421387
ECA,2020,8.865034306848372,98.5530319213867
ECA,2021,8.947737167814127,98.3634719848633
ECA,2022,8.983769463589823,99.5128402709961
ECA,2023,9.040234358037404,99.7431793212891
ECA,2024,9.073288473845544,101.207878112793
ECS,1999,9.78317176170576,94.1346664428711
ECS,2000,9.82497301293268,95.2436599731445
ECS,2001,9.845658327925124,96.9802398681641
ECS,2002,9.859430536886038,98.0451431274414
ECS,2003,9.874828472386925,98.739990234375
ECS,2004,9.903235155105657,96.467643737793
ECS,2005,9.927384984557586,96.1891174316406
ECS,2006,9.962635415137493,96.7032089233398
ECS,2007,9.996173562415079,97.109733581543
ECS,2008,10.002329970243332,97.6943511962891
ECS,2009,9.953278941320246,97.5254592895508
ECS,2010,9.975666689404344,99.2390975952148
ECS,2011,9.99637289723244,99.5089569091797
ECS,2012,9.995653061328085,99.0625915527344
ECS,2013,10.000601533106073,104.560623168945
ECS,2014,10.015799499203345,104.894180297852
ECS,2015,10.03198955584318,104.618797302246
ECS,2016,10.046437876458553,104.274139404297
ECS,2017,10.071808002044058,105.108917236328
ECS,2018,10.089742953744075,104.914413452148
ECS,2019,10.104074093587414,104.735778808594
ECS,2020,10.046940492264879,103.197662353516
ECS,2021,10.112184256975493,103.049743652344
ECS,2022,10.146008265174808,103.31950378418
ECS,2023,10.155841806951983,102.803550720215
ECS,2024,10.167763250017387,103.311096191406
ECU,2000,8.282330942924474,55.9612693786621
ECU,2001,8.306225262709143,56.2870216369629
ECU,2002,8.336845190471081,57.2436103820801
ECU,2003,8.347640876056564,56.8165702819824
ECU,2004,8.396208401073688,57.409610748291
ECU,2005,8.431488994320295,59.8716011047363
ECU,2006,8.456801913123694,61.9531517028809
ECU,2007,8.458568582904595,63.4471893310547
ECU,2009,8.498894143856889,85.9710388183594
ECU,2010,8.521624109159822,91.5583877563477
ECU,2011,8.586617988892254,95.6929702758789
ECU,2012,8.626918292108286,98.554801940918
ECU,2013,8.681575078092347,100.659210205078
ECU,2014,8.708646547394471,102.590339660645
ECU,2015,8.695533446764424,100.791786193848
ECU,2016,8.674049216381379,98.0803764939006
ECU,2017,8.716744220594295,96.1637651807361
ECU,2018,8.709975776667743,94.9748100922065
ECU,2019,8.694734906925728,93.8371637137576
ECU,2020,8.585914703255183,93.9849491291463
ECU,2021,8.66821236299871,94.5899282617776
ECU,2022,8.717271976290036,94.1335305764161
ECU,2023,8.726709881444197,92.8118025876465
EGY,1971,6.882614312527059,30.7486190795898
EGY,1972,6.8896984394932845,32.3830490112305
EGY,1973,6.901162913304516,33.9320487976074
EGY,1974,6.893516464213809,35.3625183105469
EGY,1975,6.955563543695143,38.6690101623535
EGY,1976,7.056857755296886,41.534481048584
EGY,1977,7.119390543852767,44.8044204711914
EGY,1978,7.177611524739649,46.9204483032227
EGY,1979,7.197084634818923,48.1811981201172
EGY,1980,7.266409020991266,49.3188896179199
EGY,1981,7.310453115412181,50.3342895507812
EGY,1982,7.377384358228672,51.8542594909668
EGY,1983,7.397795585119257,53.2851715087891
EGY,1984,7.460677729657298,54.5424385070801
EGY,1985,7.487217631515715,55.8237113952637
EGY,1986,7.504984036401743,57.939380645752
EGY,1987,7.514861571240864,59.5753898620605
EGY,1988,7.540232699875922,59.1290817260742
EGY,1989,7.561046822948377,57.9833183288574
EGY,1990,7.586873458191159,68.7174301147461
EGY,1991,7.570494896901921,69.0611572265625
EGY,1992,7.590357102859379,64.1928482055664
EGY,1993,7.5958794655070845,65.0155715942383
EGY,1994,7.613302133873521,70.1933212280273
EGY,1995,7.6376392785571525,68.1645965576172
EGY,1996,7.665588489380541,66.10498046875
EGY,1997,7.6983311933636225,70.2326889038086
EGY,1999,7.767206523053944,76.0923614501953
EGY,2000,7.807350757482065,77.8339462280273
EGY,2001,7.820854688756066,79.3897399902344
EGY,2002,7.823438311021506,78.8174133300781
EGY,2003,7.833919020683645,78.5066070556641
EGY,2004,7.853380872645033,77.7841796875
EGY,2009,8.05041527015425,63.2154998779297
EGY,2010,8.081427176435344,64.7296371459961
EGY,2011,8.077874410142257,72.5487594604492
EGY,2012,8.077444647624214,73.0182495117188
EGY,2013,8.076011282035749,73.8954466194364
EGY,2014,8.08198896567844,73.3723421134374
EGY,2016,8.125992598554863,75.7524086692863
EGY,2017,8.146972520522551,76.4337653082262
EGY,2018,8.179939755339994,76.9816189396849
EGY,2019,8.216424429768118,77.9093978841525
EGY,2020,8.235060884801872,79.6544750074231
EGY,2021,8.252529465257624,81.8833487066739
EGY,2023,8.321497440966105,84.474862198776
EGY,2024,8.327873434401413,84.8286031306453
EMU,1999,10.279851167373074,103.318656921387
EMU,2000,10.315242863705045,103.357780456543
EMU,2001,10.334184077552319,104.363250732422
EMU,2002,10.339475959427583,104.744567871094
EMU,2003,10.341918146281813,104.906600952148
EMU,2004,10.35961465981315,103.947647094727
EMU,2005,10.372368579986968,105.659561157227
EMU,2006,10.400686834244715,106.141639709473
EMU,2007,10.425465645808561,106.226913452148
EMU,2008,10.425033447400734,106.84635925293
EMU,2009,10.376019989530752,107.047309875488
EMU,2010,10.394609843283357,108.635520935059
EMU,2011,10.414203408307083,109.403747558594
EMU,2012,10.403037945434528,108.290733337402
EMU,2013,10.400225981380409,108.890731811523
EMU,2014,10.413218578371518,108.222770690918
EMU,2015,10.432014012196154,108.078437805176
EMU,2016,10.447461027724577,107.324981689453
EMU,2017,10.47168494295048,107.568962097168
EMU,2018,10.487389472697803,107.819023132324
EMU,2019,10.501283981635279,107.758697509766
EMU,2020,10.437744408836371,108.483871459961
EMU,2021,10.499683538906446,108.488922119141
EMU,2022,10.532990542692328,108.442291259766
EMU,2023,10.533239160440706,107.966979980469
EMU,2024,10.538676547442162,107.966987609863
ERI,1993,6.559598814069479,24.2678394317627
ERI,1994,6.721323330764587,25.5674705505371
ERI,1995,6.692955565000317,27.7611198425293
ERI,1996,6.731806062792611,28.9619407653809
ERI,1997,6.796861453263499,32.2417984008789
ERI,1999,6.786777534795088,40.1892585754395
ERI,2000,6.739493337042711,45.2635498046875
ERI,2001,6.794887471146691,45.8157081604004
ERI,2002,6.790107486972024,46.5302581787109
ERI,2003,6.721883032683531,47.3321685791016
ERI,2004,6.695293746446187,47.4052391052246
ERI,2005,6.696780874173698,51.6001396179199
ERI,2006,6.671276244067787,53.1192588806152
ERI,2007,6.670858460762138,50.1338500976562
ERI,2008,6.541605409673738,51.3945808410645
ERI,2009,6.554547085315661,51.8130187988281
ERI,2010,6.556604156869258,51.5608596801758
ERI,2011,6.621904727996706,51.8398818969727
ESP,2001,10.12175437006674,115.331329345703
ESP,2002,10.134810182879763,115.286270141602
ESP,2003,10.145694845257607,114.452789306641
ESP,2004,10.159110322815067,115.084503173828
ESP,2005,10.177113069806827,117.570930480957
ESP,2006,10.199847815939053,117.273666381836
ESP,2007,10.216062049970796,117.488693237305
ESP,2008,10.207751124941538,117.210586547852
ESP,2009,10.160484139040701,117.357116699219
ESP,2010,10.156820836433829,122.622512817383
ESP,2011,10.146847683412647,126.152786254883
ESP,2012,10.11712883089339,127.786712646484
ESP,2013,10.106369454011844,126.814498901367
ESP,2014,10.124542975250144,125.537757873535
ESP,2015,10.165176266554539,125.170799255371
ESP,2016,10.193139342327708,123.736541748047
ESP,2017,10.219256993809829,121.1416015625
ESP,2018,10.238412970115375,120.109077453613
ESP,2019,10.250667944350491,119.379127502441
ESP,2020,10.129707163242017,118.338188171387
ESP,2021,10.192619682417382,120.135841369629
ESP,2022,10.247187511200723,119.646171569824
ESP,2023,10.259714515507623,118.361709594727
ESP,2024,10.283471394692004,118.537803649902
EST,2001,9.274529973063835,96.2154312133789
EST,2002,9.347896602878398,99.0828704833984
EST,2003,9.427388918715423,99.0774383544922
EST,2004,9.499161429013615,101.44522857666
EST,2005,9.59584886294519,104.22184753418
EST,2006,9.69489482293567,104.028030395508
EST,2007,9.772436862056837,105.091178894043
EST,2008,9.722504965252952,105.395011901855
EST,2009,9.566254604254663,107.425552368164
EST,2010,9.592737434433703,110.888679504395
EST,2011,9.669088541910629,112.287406921387
EST,2012,9.70873004978842,112.536003112793
EST,2013,9.729701425205867,110.521713256836
EST,2014,9.765011771172404,107.685821533203
EST,2015,9.782570874036644,108.18879699707
EST,2016,9.81274124557614,111.596199035645
EST,2017,9.866347008624501,113.249786376953
EST,2018,9.899195630013553,112.759696960449
EST,2019,9.932068968224876,112.287200927734
EST,2020,9.90083131269748,112.527702331543
EST,2021,9.979089607962248,113.01091003418
EST,2022,9.95338660136682,112.551849365234
EST,2023,9.90978632598162,108.442070007324
EST,2024,9.907386928184476,108.538726806641
ETH,1971,5.620314860258938,4.09932994842529
ETH,1972,5.63499721470172,4.39421987533569
ETH,1973,5.658222351075314,4.81599998474121
ETH,1974,5.664568028228955,5.24279022216797
ETH,1984,5.661644447885709,11.6299104690552
ETH,1986,5.577988697600412,12.5261001586914
ETH,1987,5.673708963602865,13.7807397842407
ETH,1988,5.6396848320226765,15.1533002853394
ETH,1989,5.597656934540359,15.1527500152588
ETH,1991,5.470177958865092,13.8706998825073
ETH,1992,5.33738364893026,11.9716300964356
ETH,1993,5.4257131430296965,10.651909828186
ETH,1994,5.422302960474391,10.3277502059937
ETH,1995,5.447730200346377,10.4840297698975
ETH,1996,5.531858614000982,11.0706901550293
ETH,1999,5.48315538475389,13.2957601547241
ETH,2000,5.511432455142027,14.451319694519
ETH,2001,5.560844371931545,17.3430194854736
ETH,2002,5.545437707029065,19.1939201354981
ETH,2003,5.493376891606241,19.5667705535889
ETH,2004,5.5907015419850365,21.47705078125
ETH,2005,5.672750530766828,23.8548793792725
ETH,2006,5.746247588025826,27.4775695800781
ETH,2007,5.825407202013486,30.251350402832
ETH,2008,5.898916621193537,31.3109302520752
ETH,2009,5.954884635217175,31.649019241333
ETH,2010,6.04476505384559,33.0478591918945
ETH,2011,6.122294607085325,34.4468994140625
ETH,2012,6.177196946836758,36.2193489074707
ETH,2015,6.39344377528803,33.9114221981431
EUU,1999,10.142437480104634,101.418937683105
EUU,2000,10.179823318555359,101.507369995117
EUU,2001,10.199877455513212,102.644721984863
EUU,2002,10.20843683675483,103.308792114258
EUU,2003,10.214082753971667,103.688247680664
EUU,2004,10.235872043841029,101.402328491211
EUU,2005,10.251844941902048,102.904357910156
EUU,2006,10.283520536819491,103.673866271973
EUU,2007,10.310957554051228,103.664260864258
EUU,2008,10.313763056130064,104.85627746582
EUU,2009,10.2671490833286,105.569038391113
EUU,2010,10.287148445419295,106.968536376953
EUU,2011,10.308090953945607,107.659210205078
EUU,2012,10.298932969354686,106.665733337402
EUU,2013,10.29779778517729,108.920433044434
EUU,2014,10.312874668347698,108.217712402344
EUU,2015,10.334349529972618,107.956428527832
EUU,2016,10.351378665445562,107.125511169434
EUU,2017,10.377721856440067,107.415512084961
EUU,2018,10.396324976305438,107.554359436035
EUU,2019,10.412995623118183,107.295478820801
EUU,2020,10.355678576219388,108.119239807129
EUU,2021,10.418943916857064,107.976928710938
EUU,2022,10.451785568903215,107.638740539551
EUU,2023,10.452375379585597,106.954109191895
EUU,2024,10.460222697800642,106.954109191895
FIN,2001,10.565766442246437,128.174865722656
FIN,2002,10.58007512397124,129.487838745117
FIN,2003,10.597608857738258,132.235412597656
FIN,2004,10.633977792119145,110.782669067383
FIN,2005,10.657949721074669,111.326103210449
FIN,2006,10.693520849629339,110.277038574219
FIN,2007,10.741031351305585,109.042900085449
FIN,2008,10.744189564154127,108.298301696777
FIN,2009,10.65519872389004,107.702293395996
FIN,2010,10.681815110699374,108.609390258789
FIN,2011,10.700802242658,109.248931884766
FIN,2012,10.680698603596396,109.962677001953
FIN,2013,10.666245645191548,145.653442382812
FIN,2014,10.657317894845738,147.413314819336
FIN,2015,10.658678246085698,150.819213867188
FIN,2016,10.68119819509062,152.471435546875
FIN,2017,10.711351303153466,153.583709716797
FIN,2018,10.721884069873319,153.651428222656
FIN,2019,10.734189259287104,144.613204956055
FIN,2020,10.70752697299843,143.122909545898
FIN,2021,10.731865674190225,143.361343383789
FIN,2022,10.736747683651803,144.852462768555
FIN,2023,10.718774518542816,142.861724853516
FIN,2024,10.716086786147034,142.395156860352
FJI,1970,7.893333764490199,55.003360748291
FJI,1971,7.941427460191924,58.1894416809082
FJI,1972,7.9964289255242464,62.0423698425293
FJI,1973,8.090573699444978,64.4716110229492
FJI,1974,8.10157782003553,67.1397323608398
FJI,1975,8.092142838141585,68.7117767333984
FJI,1976,8.10255703383542,70.1999816894531
FJI,1977,8.139179620434604,71.7444305419922
FJI,1978,8.13402579833291,72.1358489990234
FJI,1979,8.225514334723378,72.2590179443359
FJI,1980,8.185526879251823,70.3306274414062
FJI,1981,8.223052775467625,68.5044784545898
FJI,1983,8.072947738361858,68.7380523681641
FJI,1984,8.129364840126556,69.0605926513672
FJI,1985,8.058299637237466,67.5377197265625
FJI,1986,8.111691645186978,69.8832397460938
FJI,1987,8.028170938589795,72.4010162353516
FJI,1991,8.100382018566348,75.3627471923828
FJI,1992,8.15232230485014,79.4425582885742
FJI,1998,8.23945801631337,76.7268676757812
FJI,1999,8.31222767971811,76.0805587768555
FJI,2000,8.284223782733651,75.6572799682617
FJI,2001,8.293748919910334,74.7156372070312
FJI,2002,8.315347308535024,76.0836715698242
FJI,2003,8.315743728770713,77.7666320800781
FJI,2004,8.358103025929811,80.5614318847656
FJI,2006,8.365301537907776,79.7871704101562
FJI,2007,8.348407139923859,79.2860107421875
FJI,2008,8.352500760158872,79.2769012451172
FJI,2009,8.334301827870611,79.3391189575195
FJI,2011,8.383794552297468,83.9304962158203
FJI,2012,8.395698419208589,82.1471405029297
FJI,2014,8.493564825962569,88.1849686883865
FJI,2015,8.536511597309282,87.836769819804
FJI,2016,8.56003393008174,89.18202295018
FJI,2018,8.651761576246027,92.0806759919252
FJI,2019,8.64841517985015,91.8760588497548
FJI,2020,8.459801934372832,91.541633605957
FJI,2021,8.413461022644697,93.95505855048
FJI,2022,8.573860236940176,95.3068339697491
FJI,2023,8.658965195551744,98.540177642079
FJI,2024,8.68865751407072,98.0927630329298
FRA,2001,10.423491143620433,104.571113586426
FRA,2002,10.426841714324294,103.186340332031
FRA,2003,10.429417063317526,102.772102355957
FRA,2004,10.450369670643694,102.220016479492
FRA,2005,10.46156035781355,106.781677246094
FRA,2006,10.481375840933726,106.927520751953
FRA,2007,10.500183536717612,106.69352722168
FRA,2008,10.498397836691959,106.432838439941
FRA,2009,10.46461223230059,106.239227294922
FRA,2010,10.479488279806773,106.424942016602
FRA,2011,10.498745023373234,106.610641479492
FRA,2012,10.495744539126457,105.813583374023
FRA,2013,10.498362554628631,104.376602172852
FRA,2014,10.503542950822526,103.425827026367
FRA,2015,10.510598309049092,103.396041870117
FRA,2016,10.516523159928422,103.308097839355
FRA,2017,10.534243183775834,103.756080627441
FRA,2018,10.546983342576375,103.773330688477
FRA,2019,10.563729425368221,104.07689666748
FRA,2020,10.483163766260127,104.566566467285
FRA,2021,10.546153139940396,104.522842407227
FRA,2022,10.567935067766882,104.316436767578
FRA,2023,10.579473701890324,103.962417602539
FRA,2024,10.588688126006776,103.78540802002
FSM,1971,7.4317848337577,143.328674316406
FSM,1972,7.415678017300789,147.821166992188
FSM,1973,7.680769089240281,153.85627746582
FSM,1974,7.796192728192787,156.473205566406
FSM,1976,7.751520296185889,153.110870361328
FSM,1977,7.751114248401171,148.117935180664
FSM,2004,7.922531472803548,85.3729476928711
FSM,2005,7.954190477656835,87.2520217895508
GAB,1971,8.694410200782732,13.3138599395752
GAB,1972,8.781281808401832,14.8757200241089
GAB,1973,8.857474701526439,18.2420291900635
GAB,1974,9.16890394204251,21.4823608398438
GAB,1975,9.322304214660443,24.9201908111572
GAB,1976,9.60399487485839,25.9124298095703
GAB,1977,9.445674416395848,26.1101799011231
GAB,1978,9.146021862666503,28.3845500946045
GAB,1979,9.125583650407084,27.2277793884277
GAB,1980,9.125057696523859,27.0223903656006
GAB,1981,9.148387333346493,28.7653903961182
GAB,1982,9.090084425517226,28.6228408813477
GAB,1983,9.117505164488941,29.9379997253418
GAB,1984,9.162547952185298,31.973970413208
GAB,1985,9.111458772712636,33.5465507507324
GAB,1986,9.075785757304521,36.2993202209473
GAB,1987,8.85995372218785,35.6776695251465
GAB,1988,8.95298518838255,36.9185791015625
GAB,1989,9.007315869435168,35.230339050293
GAB,1994,9.026731199572637,36.2813987731934
GAB,1995,9.049577558309386,38.6296997070312
GAB,1996,9.059867204105455,45.6380081176758
GAB,1997,9.090444224993844,46.0411911010742
GAB,1999,8.98025341835928,44.3464584350586
GAB,2001,8.930199122999735,48.6175193786621
GAB,2002,8.900924653044678,49.4348793029785
GAB,2019,8.82725820556544,70.2639966402203
GBR,2000,10.578906935959393,101.204360961914
GBR,2001,10.598686026147227,101.229797363281
GBR,2002,10.611398533105135,102.614517211914
GBR,2003,10.638420192766988,102.157028198242
GBR,2004,10.655724551877935,104.942939758301
GBR,2005,10.676382694300225,105.705047607422
GBR,2006,10.690694098683508,98.4682769775391
GBR,2007,10.711795251008132,97.7785186767578
GBR,2008,10.703430685941642,98.8158798217773
GBR,2009,10.648907150700913,100.634750366211
GBR,2010,10.663421993615653,103.461151123047
GBR,2011,10.664085262516195,94.1645202636719
GBR,2012,10.672129437639674,92.5272903442383
GBR,2013,10.68248836713804,126.064338684082
GBR,2014,10.706129570954941,128.822494506836
GBR,2015,10.720091425900469,126.110870361328
GBR,2017,10.758316647036539,125.62979888916
GBR,2018,10.768826194480233,120.088279724121
GBR,2019,10.776179814785435,117.156600952148
GBR,2020,10.668607408899039,114.617248535156
GBR,2021,10.747024927230289,113.719017028809
GBR,2022,10.787463648853766,113.202857971191
GBR,2023,10.777103616697978,112.120048522949
GEO,1981,8.324306400478697,110.624351501465
GEO,1986,8.358601820452616,113.061073303223
GEO,1991,7.926172962096592,97.0041275024414
GEO,1992,7.322411468760094,91.402099609375
GEO,1993,6.96799891604681,80.8724899291992
GEO,1994,6.8735981045261685,79.5162811279297
GEO,1995,6.93680963001293,77.1405181884766
GEO,1996,7.079288185532387,77.9451599121094
GEO,1997,7.211396958204062,78.7020111083984
GEO,1999,7.315526384744354,81.5452117919922
GEO,2000,7.3532091874893375,83.4423599243164
GEO,2001,7.415674798754026,86.5363998413086
GEO,2002,7.47794186249235,89.9919891357422
GEO,2003,7.589569196739825,94.034912109375
GEO,2004,7.65207299240279,90.6913909912109
GEO,2005,7.750012245177596,95.7935409545898
GEO,2006,7.845734128141321,98.6351013183594
GEO,2007,7.969405137405952,107.933776855469
GEO,2008,7.996370625261619,110.87841796875
GEO,2009,7.968061876581072,106.653327941895
GEO,2013,8.244466988701284,107.038832287684
GEO,2014,8.28408788641567,105.757088910744
GEO,2015,8.315474075721646,106.764155546761
GEO,2016,8.34879620797026,107.779901789534
GEO,2017,8.398974235046817,109.523203664239
GEO,2018,8.45821858661897,111.616827005361
GEO,2019,8.51234374824076,111.900853903077
GEO,2020,8.446686872355555,108.06699476725
GEO,2021,8.551633004229327,106.201856681079
GEO,2022,8.65457046590989,103.710205488304
GEO,2023,8.72917396650096,103.183588288651
GEO,2024,8.79578775566817,100.959315536762
GHA,1971,7.072473420629204,41.2566719055176
GHA,1973,7.018708339696461,37.7664794921875
GHA,1974,7.055981956867233,34.6358184814453
GHA,1975,6.894277912235683,32.7644882202148
GHA,1976,6.829555051332443,32.1391296386719
GHA,1977,6.822564101205771,31.7534198760986
GHA,1978,6.873543209718409,31.2852993011475
GHA,1979,6.817534053864004,31.2207202911377
GHA,1980,6.7929929818377515,32.4118003845215
GHA,1981,6.7292380688164,33.2023887634277
GHA,1982,6.62843085002472,32.4906997680664
GHA,1983,6.551645954724565,33.4504203796387
GHA,1984,6.608769390726805,34.1676483154297
GHA,1985,6.6369274178709645,33.6412200927734
GHA,1986,6.665604636514685,34.3852691650391
GHA,1987,6.689511715817729,34.5608787536621
GHA,1988,6.720241129084021,36.7949295043945
GHA,1989,6.744867551084775,33.3457908630371
GHA,1990,6.752098056484593,33.9981918334961
GHA,1995,6.8393643459342695,33.2568283081055
GHA,1999,6.91857844579669,32.4872817993164
GHA,2000,6.929786017434901,32.5775909423828
GHA,2001,6.942375677407058,30.9433898925781
GHA,2002,6.958891181606044,32.267578125
GHA,2003,6.982584334854198,33.6547889709473
GHA,2004,7.010586877806363,36.1445503234863
GHA,2005,7.041684408174118,38.1276893615723
GHA,2006,7.077722254076571,39.8474884033203
GHA,2007,7.094497930022228,43.759521484375
GHA,2008,7.156671186674488,46.0595817565918
GHA,2009,7.17902632740855,47.9277191162109
GHA,2011,7.338120028780592,55.6069297790527
GHA,2012,7.402781174330231,56.7326017795109
GHA,2013,7.449263567025663,68.1991424560547
GHA,2014,7.453775812456562,63.974569978053
GHA,2015,7.4516903812515745,67.0486566518056
GHA,2016,7.462106386506756,67.2644101341977
GHA,2017,7.518306607865188,66.6359450193038
GHA,2018,7.5577095484827375,68.2222557975165
GHA,2019,7.600679295743949,71.1877006008423
GHA,2020,7.585887352209717,74.0102186341371
GHA,2021,7.615815044659655,76.2084742091088
GHA,2022,7.6339546472453055,77.8168696801948
GHA,2024,7.6838654979736445,75.7174682617188
GIN,1971,6.152419888627142,12.0461301803589
GIN,1977,6.215057730568784,14.0631999969482
GIN,1978,6.264956014927771,15.10435962677
GIN,1979,6.236248063548375,15.0129804611206
GIN,1980,6.244313488445076,15.4343595504761
GIN,1981,6.23157680610463,15.2640895843506
GIN,1982,6.229324784995534,14.1991701126099
GIN,1983,6.221096403789645,14.031060218811
GIN,1984,6.212806056180632,14.1015996932983
GIN,1985,6.238100972559922,14.2275295257568
GIN,1986,6.244067530888174,12.7202796936035
GIN,1987,6.250864241294681,10.9707403182983
GIN,1989,6.299179532538323,10.3337697982788
GIN,1990,6.306953040468329,9.75790977478027
GIN,1991,6.292721711139453,10.2290000915527
GIN,1993,6.31174704620104,11.9838304519653
GIN,1994,6.320701353675846,12.6506395339966
GIN,1996,6.3531568978464685,13.6655597686768
GIN,1999,6.415109538216811,13.9581604003906
GIN,2001,6.443050473922217,18.4985904693604
GIN,2002,6.477825789345846,21.2247695922852
GIN,2003,6.467809306805135,22.6574001312256
GIN,2004,6.469533754748539,24.6455307006836
GIN,2005,6.479061881204382,29.0273208618164
GIN,2006,6.469981835099149,32.2970886230469
GIN,2008,6.529091456762496,33.2380905151367
GIN,2011,6.545636963018205,36.7464790344238
GIN,2012,6.578564749774563,36.8766899108887
GIN,2014,6.604312692171993,38.5548782348633
GMB,1971,6.327275696776968,6.97776985168457
GMB,1972,6.300490433492826,7.31401014328003
GMB,1973,6.359473396536815,7.45120000839233
GMB,1974,6.38715096526583,8.53337955474854
GMB,1975,6.4743228859606425,8.43451023101807
GMB,1976,6.514674216297685,8.72085952758789
GMB,1977,6.516866543794974,9.77758979797363
GMB,1978,6.5456152936301,9.86633014678955
GMB,1979,6.4988147704962715,10.1267595291138
GMB,1980,6.5252414087120805,10.7506198883057
GMB,1981,6.523214574319215,11.1865301132202
GMB,1982,6.480146759477459,11.811710357666
GMB,1983,6.54656943058523,13.391679763794
GMB,1984,6.542907958893158,14.9694995880127
GMB,1985,6.4952778572964265,15.8861503601074
GMB,1986,6.495269068760056,15.2643804550171
GMB,1987,6.478886057311622,14.7030897140503
GMB,1988,6.481577176696145,14.2409601211548
GMB,1989,6.497274578628008,14.646650314331
GMB,1990,6.490285146060383,15.0076599121094
GMB,1991,6.478862291819818,15.4440202713013
GMB,1992,6.471451043702028,15.7997798919678
GMB,1993,6.4644617201147385,18.0642108917236
GMB,1994,6.433826064765986,18.2833099365234
GMB,1995,6.41283333764244,20.5519695281982
GMB,1996,6.405905790310624,20.0912609100342
GMB,2008,6.48871192105011,45.2912902832031
GMB,2009,6.5241986221400285,46.214469909668
GMB,2010,6.552528606636002,45.5351409912109
GMB,2021,6.535956892337384,107.027125590442
GNB,1971,6.229948053962049,6.43560981750488
GNB,1972,6.291066748009591,5.96768999099731
GNB,1976,6.302100012962328,2.82080006599426
GNB,1977,6.161381239262261,4.11071014404297
GNB,1978,6.219603561132616,4.74784994125366
GNB,1979,6.204381600109852,5.30704021453857
GNB,1980,6.019148269818821,5.20242977142334
GNB,1981,6.17037407369765,5.7329797744751
GNB,1982,6.195666720486999,7.43093013763428
GNB,1983,6.145211899491652,9.68216037750244
GNB,1984,6.21650247899412,10.6938695907593
GNB,1985,6.241403007345555,10.0270299911499
GNB,1987,6.230048218259394,6.38120985031128
GNB,1988,6.258756242643217,5.22602987289429
GNB,1989,6.301410627604298,5.86583995819092
GNB,2000,6.34755384615281,17.9289207458496
GNB,2005,6.39014427920185,32.1273002624512
GNB,2006,6.392347760553726,34.3966407775879
GNQ,1980,6.126014796396328,6.46315002441406
GNQ,1983,6.078952888449562,8.66942024230957
GNQ,1993,6.184957289276768,24.9821891784668
GNQ,1994,6.30187780527586,22.8022499084473
GNQ,1999,8.13830806344438,22.3604698181152
GNQ,2000,8.25298970773808,21.7535190582275
GNQ,2001,8.679796702858056,18.6993808746338
GNQ,2002,8.79543163228197,18.1188793182373
GNQ,2005,9.231363284338242,17.7594795227051
GRC,2000,9.798288493921106,97.0996704101562
GRC,2001,9.838544873901602,102.047653198242
GRC,2002,9.88064707061025,98.1837997436523
GRC,2003,9.93461094105719,94.3411178588867
GRC,2004,9.984519236978075,92.8870162963867
GRC,2005,9.993352323137543,96.8381423950195
GRC,2006,10.05279218530422,96.8165969848633
GRC,2007,10.08471240855404,95.9788131713867
GRC,2010,9.97802548337689,107.819053649902
GRC,2011,9.875512669062738,105.956047058105
GRC,2012,9.793932811716232,106.290550231934
GRC,2013,9.77820074620124,107.414306640625
GRC,2014,9.792752913444167,103.468589782715
GRC,2015,9.797055898070218,103.377700805664
GRC,2016,9.800897030118499,103.952072143555
GRC,2017,9.81749865878462,104.228790283203
GRC,2018,9.83996392753441,103.891693115234
GRC,2019,9.863533720531763,106.527839660645
GRC,2020,9.769210243689429,103.615829467773
GRC,2021,9.864293860796053,104.77806854248
GRC,2022,9.930640789735907,106.599418640137
GRC,2023,9.954696921932085,105.191741943359
GRD,1977,8.019626466744192,75.7471084594727
GRD,1978,8.079028788108246,76.1793212890625
GRD,1979,8.142035411751962,75.1130905151367
GRD,1980,8.146692880872441,73.7985076904297
GRD,1981,8.167072308315278,69.665641784668
GRD,1982,8.203973979656233,71.7248764038086
GRD,1983,8.233687102448023,72.8492584228516
GRD,1984,8.262973879776286,86.5956192016602
GRD,1985,8.314652868277047,85.3270034790039
GRD,1986,8.37708560353504,85.4782485961914
GRD,1987,8.456581382927977,87.8281402587891
GRD,1988,8.477831324111342,88.9877624511719
GRD,1989,8.506580262876486,88.5499801635742
GRD,1990,8.537523469640087,91.9722290039062
GRD,1991,8.542955002899502,98.2413787841797
GRD,1992,8.52641277455624,101.758346557617
GRD,1993,8.498982532213708,106.585258483887
GRD,2002,8.810962012272697,110.115692138672
GRD,2003,8.896969204973345,114.018257141113
GRD,2004,8.886449943613586,107.162467956543
GRD,2005,9.007356286397378,101.858772277832
GRD,2007,9.018860476148145,116.305992126465
GRD,2008,9.024913063113436,116.674461364746
GRD,2009,8.953268963381756,107.998832702637
GRD,2010,8.945164674708524,117.012619018555
GRD,2011,8.948374928791383,108.343828715365
GRD,2013,8.947513887713324,106.78381256656
GRD,2014,9.012697475128231,106.993851559069
GRD,2015,9.070402717871168,105.402661854275
GRD,2016,9.10316531919438,105.224225612575
GRD,2017,9.143923532044312,104.433148126256
GRD,2018,9.18442435389704,110.379410343161
GRD,2020,9.037567087597413,104.298669179131
GRD,2021,9.08049610887162,100.989177237286
GRD,2024,9.214596333928869,100.731679432948
GTM,1970,7.793422249854373,10.2123498916626
GTM,1971,7.821896002352458,8.62909984588623
GTM,1972,7.866910097847471,9.40419006347656
GTM,1973,7.906690253186218,9.38325977325439
GTM,1974,7.9431669411435335,11.0336103439331
GTM,1975,7.938112163467399,11.8522701263428
GTM,1976,7.98780715980587,13.0401000976562
GTM,1977,8.041029619587274,13.765700340271
GTM,1978,8.065098521751034,18.0410709381104
GTM,1979,8.086132633118257,18.6885795593262
GTM,1980,8.097738390688543,18.7226104736328
GTM,1981,8.07907925160287,19.3670692443848
GTM,1982,8.020144758435992,18.5580596923828
GTM,1983,7.969610962631556,19.0822696685791
GTM,1984,7.946519228144643,19.5062808990479
GTM,1985,7.912110000692723,19.9350299835205
GTM,1986,7.885759056994575,21.2443199157715
GTM,1991,7.9251153765552695,23.9654808044434
GTM,1993,7.957631580718298,25.4644393920898
GTM,1994,7.970544360401332,26.3874702453613
GTM,1995,7.9923868976441375,26.4856491088867
GTM,1996,7.9956419180908895,25.8547992706299
GTM,1997,8.012776544463264,25.6461906433106
GTM,1998,8.035919064777675,25.8775901794434
GTM,1999,8.048507818077956,27.4185390472412
GTM,2000,8.06020335773018,30.9806594848633
GTM,2001,8.060288996538507,32.8574981689453
GTM,2002,8.075044360452877,35.5038414001465
GTM,2004,8.08647353853656,38.6178703308105
GTM,2005,8.097064481541459,40.5942687988281
GTM,2006,8.128039815933025,42.4339714050293
GTM,2007,8.168424044493321,44.2429885864258
GTM,2008,8.180301355090869,45.231330871582
GTM,2009,8.165134421048453,48.2657203674316
GTM,2010,8.173752433555334,52.1883200232994
GTM,2011,8.194609295168963,52.7689609562719
GTM,2012,8.204008652015611,53.1178493302463
GTM,2013,8.220754109259989,53.323315834897
GTM,2014,8.24528363451438,52.9668023678254
GTM,2015,8.267065144732472,54.8864188204824
GTM,2016,8.275065313803355,54.4252556188872
GTM,2017,8.287211461114792,54.0444773151521
GTM,2018,8.30405248040512,54.0797647125185
GTM,2019,8.328238982347058,52.5563883982916
GTM,2020,8.29550836654481,51.7956964848587
GTM,2021,8.35904789412786,48.157456034521
GTM,2022,8.38569476214461,45.8926232164663
GTM,2023,8.404932288649032,47.3762534803949
GTM,2024,8.426001551477633,49.5765804970836
GUY,1971,8.065525727531528,64.9109802246094
GUY,1972,8.019298915033579,69.4247512817383
GUY,1973,8.019930248983936,71.4396591186523
GUY,1974,8.083348515867351,70.2710266113281
GUY,1976,8.160972584723526,72.3236236572266
GUY,1984,7.837488895889466,68.9725112915039
GUY,1985,7.864610589877508,73.0292282104492
GUY,1986,7.859953298271305,80.0857925415039
GUY,1987,7.8740995436655865,80.9361572265625
GUY,1999,8.246258253098803,81.3145065307617
GUY,2001,8.255073497852399,94.4679107666016
GUY,2003,8.261795326719266,83.45947265625
GUY,2005,8.260475555902968,86.2115325927734
GUY,2007,8.38528436666892,85.3779830932617
GUY,2008,8.405668198550513,86.2414169311523
GUY,2009,8.444480864450162,89.8750076293945
GUY,2010,8.488812463592412,93.2864608764648
GUY,2011,8.543619986883122,101.134757995605
GUY,2012,8.594857502660926,102.622467041016
GUY,2020,9.10615805138486,86.9400100708008
GUY,2021,9.279119638809998,86.70068359375
GUY,2023,10.047646502077137,84.4850463867188
GUY,2024,10.405321336799007,91.4304496450171
HKG,2001,10.199338865476035,78.5696563720703
HKG,2002,10.211341678025693,79.9700393676758
HKG,2003,10.243421545349632,80.1741027832031
HKG,2004,10.319044570978237,81.7347793579102
HKG,2005,10.385955548517714,83.003662109375
HKG,2006,10.447496563969208,83.1464614868164
HKG,2007,10.50154472319604,84.0665588378906
HKG,2008,10.516618459525374,85.7025909423828
HKG,2009,10.489566604511879,86.5672225952148
HKG,2010,10.54770746488115,87.9053960567278
HKG,2011,10.588005570004386,86.9782026085403
HKG,2012,10.593826274692525,108.257447754558
HKG,2013,10.620350713690899,102.779391100703
HKG,2014,10.64057647968543,105.555217060167
HKG,2015,10.655661890799847,107.387782928825
HKG,2016,10.67098945742284,107.750724637681
HKG,2017,10.700562620726833,106.78970984146
HKG,2018,10.720631693143805,108.16398016119
HKG,2019,10.696373141858224,105.068965517241
HKG,2020,10.63227449803691,100.449691991786
HKG,2021,10.703939089396906,100.161026837806
HKG,2022,10.67546917413164,106.185208398621
HKG,2024,10.708498876164882,107.160326941213
HND,1970,5.21092747261376,12.2723503112793
HND,1971,5.226380312056245,14.1202802658081
HND,1972,5.234307035368317,15.121000289917
HND,1974,5.308645795617159,18.073579788208
HND,1975,5.330794157317622,15.0285596847534
HND,1976,5.448869224707254,16.3354206085205
HND,1977,5.500952306513034,23.5937404632568
HND,1978,5.5916810392877005,26.9982795715332
HND,1979,5.670042819326368,26.8504295349121
HND,1980,5.762105552115039,29.876989364624
HND,1982,5.8148417882276275,32.9665908813477
HND,1983,5.852735233231779,33.9573593139648
HND,1984,5.846646569207681,34.637508392334
HND,1985,5.863292074801673,37.6263198852539
HND,1986,5.888542695542675,35.5794715881348
HND,1991,6.329944752694043,32.1048812866211
HND,1993,6.487485867726333,31.0745296478271
HND,2006,7.628777765251771,57.6387100219727
HND,2007,7.6658449958021375,59.5118598937988
HND,2008,7.6848515706753915,59.5015602111816
HND,2010,7.653719336371345,66.1681900024414
HND,2011,7.670690920319553,65.9018478393555
HND,2012,7.6909231236638504,64.5327911376953
HND,2013,7.698664751950635,61.920711517334
HND,2014,7.709419463290649,49.4766821842053
HND,2015,7.728064776258591,50.3511085144012
HND,2016,7.747480178426329,51.0466486801865
HND,2017,7.776272403264893,51.0120391845703
HND,2019,7.802869969930534,64.3524169921875
HND,2020,7.691397285335537,58.4268999434804
HND,2021,7.793077951936529,54.5046566571526
HND,2022,7.81691015067728,53.8605804443359
HND,2023,7.834896397263408,54.5012702941895
HND,2024,7.85372939247482,51.7639813154374
HPC,1970,6.666963688202444,11.3295698165894
HPC,1971,6.684259187477158,11.0111799240112
HPC,1972,6.678065607038267,11.782600402832
HPC,1973,6.681059639422795,12.0252895355225
HPC,1974,6.70534364811834,13.8715400695801
HPC,1975,6.698574069521819,12.7243499755859
HPC,1976,6.708072572450709,14.3986101150513
HPC,1977,6.715113623261237,15.0354795455933
HPC,1978,6.710694333551421,15.613920211792
HPC,1979,6.687498015521273,16.2246608734131
HPC,1980,6.669978651009037,16.9814701080322
HPC,1981,6.677642552269187,17.6725692749023
HPC,1982,6.658619726398134,17.9996299743652
HPC,1983,6.634176138918495,18.3511199951172
HPC,1984,6.617564691260789,18.4449405670166
HPC,1985,6.6043670594218895,18.311580657959
HPC,1986,6.6065436318885,18.2054004669189
HPC,1987,6.609856831067157,18.2515392303467
HPC,1988,6.596152450775579,18.6404304504394
HPC,1989,6.583176690281602,18.3393898010254
HPC,1990,6.545011653594678,18.2614898681641
HPC,1991,6.527404845648774,18.4481906890869
HPC,1992,6.483796922626405,18.2151203155518
HPC,1993,6.455229801861433,18.1474304199219
HPC,1994,6.428629277292312,18.5049705505371
HPC,1995,6.45047551302086,18.9749908447266
HPC,1996,6.476123808360646,19.10618019104
HPC,1997,6.50610765435007,19.2966403961182
HPC,1998,6.514612642063428,20.0860900878906
HPC,1999,6.52036526770154,20.8013095855713
HPC,2000,6.52159549264855,21.4551296234131
HPC,2001,6.530596855477249,22.6099891662598
HPC,2002,6.540143690626556,23.5430603027344
HPC,2003,6.550419331264435,24.4925594329834
HPC,2004,6.5782591561763635,25.9283199310303
HPC,2005,6.603693786338916,27.3044300079346
HPC,2006,6.630783658619397,28.8976898193359
HPC,2007,6.6565370504986126,30.4340705871582
HPC,2008,6.68337458531491,32.3616714477539
HPC,2009,6.68918796891619,33.9503402709961
HPC,2010,6.72166113859413,35.683780670166
HPC,2011,6.734585845060782,36.9638404846191
HPC,2012,6.746300926443596,38.1359405517578
HPC,2013,6.778090389108968,39.0158882141113
HPC,2014,6.802653921748543,39.6006393432617
HPC,2015,6.8221147519970575,39.8027687072754
HPC,2016,6.835510550053597,40.2464485168457
HPC,2017,6.855692696862935,40.608570098877
HPC,2018,6.868105366744609,41.0755996704102
HPC,2019,6.8814831345805585,41.5368003845215
HPC,2020,6.853911536700031,41.8020210266113
HPC,2021,6.8696156024916055,42.0259895324707
HPC,2022,6.891470519219584,41.903938293457
HPC,2023,6.899899419383557,42.0036888122559
HPC,2024,6.923898264634539,42.031810760498
HRV,2001,9.160722215315799,94.7751998901367
HRV,2002,9.216527219075166,95.021728515625
HRV,2003,9.270431692789243,95.4956436157227
HRV,2005,9.352095509637103,99.0768890380859
HRV,2006,9.401315604307257,99.0345077514648
HRV,2007,9.450789337095587,99.0125274658203
HRV,2008,9.47043393506152,98.9992294311523
HRV,2009,9.400936311686397,98.9394226074219
HRV,2010,9.389752826070092,98.8955230712891
HRV,2011,9.392089574727283,99.2656021118164
HRV,2012,9.374208146049614,99.3463897705078
HRV,2013,9.379108447129262,101.800498962402
HRV,2014,9.381161178832615,102.528923034668
HRV,2015,9.416042708105977,102.981330871582
HRV,2016,9.460980308816126,103.719436645508
HRV,2017,9.509360757335081,104.214416503906
HRV,2018,9.551164535233514,104.960083007812
HRV,2019,9.591640754590063,105.13597869873
HRV,2020,9.513827402634133,105.585418701172
HRV,2021,9.641816648072357,105.876342773438
HRV,2022,9.718261785319784,105.577796936035
HRV,2023,9.754143246574452,105.025161743164
HUN,2001,9.144836471082037,98.4254531860352
HUN,2002,9.19390003223576,99.8345108032227
HUN,2003,9.235396227928526,101.850860595703
HUN,2004,9.286049537171168,95.9443588256836
HUN,2005,9.330142216715485,97.3733291625977
HUN,2006,9.370284620027851,97.7556076049805
HUN,2007,9.375151804223755,97.8563613891602
HUN,2008,9.386788127288737,98.3803329467773
HUN,2009,9.318556539942156,99.7433776855469
HUN,2010,9.331439562362826,101.997688293457
HUN,2011,9.353258883634082,103.081069946289
HUN,2012,9.344937894871526,101.234046936035
HUN,2013,9.369868460150887,107.21753692627
HUN,2014,9.416327831067596,106.026969909668
HUN,2015,9.455866846819694,104.633018493652
HUN,2016,9.48384663995505,103.966499328613
HUN,2017,9.527647575569224,104.152000427246
HUN,2018,9.584230758165745,103.612083435059
HUN,2019,9.635007178272721,102.438682556152
HUN,2020,9.593171051148595,101.940628051758
HUN,2021,9.667002494211667,99.6460494995117
HUN,2022,9.710375834381889,102.851913452148
HUN,2023,9.703513886296053,105.419059753418
HUN,2024,9.713724672212992,107.350929260254
IBD,1970,7.221306791087057,44.3641090393066
IBD,1971,7.2565169578779996,28.7930793762207
IBD,1972,7.297838398964763,31.2389907836914
IBD,1973,7.344328707359748,33.5876197814941
IBD,1974,7.378566713327004,47.8720016479492
IBD,1975,7.403925726208791,37.0545082092285
IBD,1976,7.445730549938084,37.6665802001953
IBD,1977,7.472936869074668,39.6009407043457
IBD,1978,7.494314571430102,40.1394691467285
IBD,1979,7.522283932431754,51.3185195922852
IBD,1980,7.551548137463906,40.6666297912598
IBD,1981,7.553956537508477,39.3491096496582
IBD,1982,7.563013639757209,39.5275993347168
IBD,1983,7.559186887989877,40.1268882751465
IBD,1984,7.588707252348905,40.3420715332031
IBD,1985,7.613200471839349,45.5482482910156
IBD,1986,7.632665045127999,42.3266296386719
IBD,1987,7.661505726868738,44.0729484558105
IBD,1988,7.682942092186546,45.2120780944824
IBD,1989,7.6937788646698,46.2627410888672
IBD,1990,7.696147089025855,52.0505104064941
IBD,1991,7.691973804359943,52.7771110534668
IBD,1992,7.692616139311036,53.7660598754883
IBD,1993,7.713824120587836,52.8295402526855
IBD,1994,7.734516527080976,53.941520690918
IBD,1995,7.760049217276567,55.2819213867188
IBD,1996,7.799167190771025,57.1627388000488
IBD,1997,7.838004015389506,58.7119216918945
IBD,1998,7.8509301432153435,60.468318939209
IBD,1999,7.874327868170607,60.5438194274902
IBD,2000,7.919420504031282,61.9828186035156
IBD,2001,7.943375973576189,62.9276695251465
IBD,2002,7.976138162693969,64.784553527832
IBD,2003,8.022270375107535,65.8054809570312
IBD,2004,8.085671049211323,67.3457794189453
IBD,2005,8.144836868521551,68.8309631347656
IBD,2006,8.21429477953799,70.1134490966797
IBD,2007,8.289980840026496,72.4257125854492
IBD,2008,8.33745366063454,74.6135482788086
IBD,2009,8.354632077352864,75.9820938110352
IBD,2010,8.419141267407545,78.076171875
IBD,2011,8.470275205786558,79.6119537353516
IBD,2012,8.512600843923114,80.7305221557617
IBD,2013,8.552490088254178,82.0818023681641
IBD,2014,8.588621342473859,83.9163665771484
IBD,2015,8.620979950816906,83.8866729736328
IBD,2016,8.654957631613916,84.2895202636719
IBD,2017,8.695968396430384,84.0430603027344
IBD,2018,8.73482982846683,84.8651809692383
IBD,2019,8.76604214711527,85.4896697998047
IBD,2020,8.746255744618953,86.5367431640625
IBD,2021,8.814231367608983,88.0158615112305
IBD,2022,8.846558206975983,88.6169586181641
IBD,2023,8.887044646039076,88.1284332275391
IBD,2024,8.924820107390358,87.8844375610352
IBT,1970,7.155551268945965,40.1952018737793
IBT,1971,7.190906683137524,27.1726608276367
IBT,1972,7.225525743007456,29.2152500152588
IBT,1973,7.2674250891520495,31.1222591400146
IBT,1974,7.3026582858735996,42.628288269043
IBT,1975,7.320483451525797,33.8492012023926
IBT,1976,7.3600391688932225,34.3772087097168
IBT,1977,7.385045068504631,36.1429214477539
IBT,1978,7.401429531488868,36.7859802246094
IBT,1979,7.426171347932406,46.1050186157227
IBT,1980,7.452147677954261,37.4902801513672
IBT,1981,7.450019863420253,36.280101776123
IBT,1982,7.454107441608504,36.6924514770508
IBT,1983,7.445886435502552,37.3409385681152
IBT,1984,7.470191475347716,37.5890083312988
IBT,1985,7.492689798955035,41.8248405456543
IBT,1986,7.509493985704454,39.0659217834473
IBT,1987,7.535369666093325,40.570629119873
IBT,1988,7.5559365218472285,41.3830490112305
IBT,1989,7.564370371902051,41.9965286254883
IBT,1990,7.566597565063633,46.4005317687988
IBT,1991,7.561234837438122,47.0038299560547
IBT,1992,7.559958606593198,47.7563209533691
IBT,1993,7.576195623072136,46.9123611450195
IBT,1994,7.5922369677689,47.7295989990234
IBT,1995,7.614864872181578,48.8025016784668
IBT,1996,7.65098743547378,50.2426910400391
IBT,1997,7.686040118069012,51.4290084838867
IBT,1998,7.6971251765262005,52.8050003051758
IBT,1999,7.717407163067828,52.8792495727539
IBT,2000,7.758260313063174,54.0967407226562
IBT,2001,7.779828917024042,55.0251693725586
IBT,2002,7.810504881905821,56.575080871582
IBT,2003,7.8528113268845585,57.4931907653809
IBT,2004,7.9124997103510575,58.7388000488281
IBT,2005,7.967852861063488,59.757438659668
IBT,2006,8.032425581803238,60.8423385620117
IBT,2007,8.102533520781181,62.4862785339355
IBT,2008,8.146077449647041,64.1296310424805
IBT,2009,8.161795654642233,65.2445526123047
IBT,2010,8.221917343116715,66.9524307250977
IBT,2011,8.268252036723096,68.109016418457
IBT,2012,8.306231147688148,69.0432205200195
IBT,2013,8.343818242234287,70.2397766113281
IBT,2014,8.37781655352524,71.2070465087891
IBT,2015,8.406762979099456,71.2579727172852
IBT,2016,8.436869262922306,71.5326538085938
IBT,2017,8.473889952396043,71.2666473388672
IBT,2018,8.508971155558783,72.0176467895508
IBT,2019,8.536433913557948,72.4810028076172
IBT,2020,8.512219252112626,73.1505279541016
IBT,2021,8.57328757031727,74.037956237793
IBT,2022,8.60167729169786,74.3354263305664
IBT,2023,8.636604203763287,74.1094665527344
IBT,2024,8.670001041996413,74.2192764282227
IDA,1970,6.741096413142473,19.424280166626
IDA,1971,6.777847728624861,19.319299697876
IDA,1972,6.770690004191456,19.7499694824219
IDA,1973,6.784167151481464,20.0036296844482
IDA,1974,6.828393289628397,19.9669609069824
IDA,1975,6.797912874738775,20.1626396179199
IDA,1976,6.824918450789438,20.0871391296387
IDA,1977,6.837911366349544,20.4354400634766
IDA,1978,6.8230447179479095,20.9165802001953
IDA,1979,6.82942123516932,21.3523502349854
IDA,1980,6.836444558025623,22.3871994018555
IDA,1981,6.805291532380317,21.8689193725586
IDA,1982,6.776560997943887,23.5544891357422
IDA,1983,6.739935478905847,24.667350769043
IDA,1984,6.728521464690521,25.3892707824707
IDA,1985,6.741497523855723,25.6972408294678
IDA,1986,6.743312049538597,25.0406398773193
IDA,1987,6.751580647435524,25.9695491790771
IDA,1988,6.771718731753981,25.9696807861328
IDA,1989,6.767588671554137,25.4182300567627
IDA,1990,6.778771451642597,25.2684993743896
IDA,1991,6.773104587633466,26.2042102813721
IDA,1992,6.766322669802728,26.8640193939209
IDA,1993,6.747999081906809,26.9977493286133
IDA,1994,6.73231182202279,27.3647499084473
IDA,1995,6.741645648247453,27.9831504821777
IDA,1996,6.763985897271693,28.4375
IDA,1997,6.776577755674203,28.7614097595215
IDA,1998,6.786012331755417,29.4597606658936
IDA,1999,6.791209932498048,29.7818508148193
IDA,2000,6.805421155265215,30.5623397827148
IDA,2001,6.821349543825462,31.6405906677246
IDA,2002,6.850935309426845,32.5206298828125
IDA,2003,6.873900024597588,33.5605506896973
IDA,2004,6.91514864466335,34.5162315368652
IDA,2005,6.951441048763558,35.0686492919922
IDA,2006,6.986183819547219,36.4875106811523
IDA,2007,7.01974253888446,37.2564697265625
IDA,2008,7.045119805410745,38.4963607788086
IDA,2009,7.070621723068302,39.9637908935547
IDA,2010,7.10738553778706,41.545238494873
IDA,2011,7.124732695923629,42.4450798034668
IDA,2012,7.136398340003816,43.5987396240234
IDA,2013,7.168489658858821,45.0409088134766
IDA,2014,7.200349229550958,44.604808807373
IDA,2015,7.213698492178104,45.4048004150391
IDA,2016,7.22455647757306,45.9741096496582
IDA,2017,7.242356984831652,46.0770606994629
IDA,2018,7.263433910666109,47.0796508789062
IDA,2019,7.28013440263033,47.7252197265625
IDA,2020,7.24023060990671,48.1654510498047
IDA,2021,7.257688180901063,48.3628692626953
IDA,2022,7.28115869665138,48.4808082580566
IDA,2023,7.290568885396017,49.1449699401855
IDA,2024,7.312138517922013,49.8824882507324
IDB,1970,7.140957925101179,22.6684398651123
IDB,1971,7.213122363007056,22.5202198028564
IDB,1972,7.225297487335514,22.5683097839356
IDB,1973,7.251999957947947,22.7846508026123
IDB,1974,7.301842433503159,22.9016799926758
IDB,1975,7.259443512342704,23.3053207397461
IDB,1976,7.295697879820367,23.4218406677246
IDB,1977,7.318375310588997,23.492769241333
IDB,1978,7.292502623008109,23.901819229126
IDB,1979,7.3151400243764675,23.9355907440186
IDB,1980,7.319837622290422,25.0206203460693
IDB,1981,7.248648356499526,24.0851097106934
IDB,1982,7.205928418056427,27.2252998352051
IDB,1983,7.145281602006364,28.8764896392822
IDB,1984,7.129104096790822,30.4389400482178
IDB,1985,7.1565134535225114,31.4848194122314
IDB,1986,7.154628945586618,29.8614006042481
IDB,1987,7.158245789810798,31.2478008270264
IDB,1988,7.186983963023613,30.7349395751953
IDB,1989,7.18774316656348,29.3014698028564
IDB,1990,7.215060693756,29.3790893554688
IDB,1991,7.204025519351391,30.4784507751465
IDB,1992,7.203292658384437,31.2742195129394
IDB,1993,7.17372512377379,30.724889755249
IDB,1994,7.155563250017888,30.3935394287109
IDB,1995,7.151012756395351,30.2010803222656
IDB,1996,7.1702226812163685,30.284200668335
IDB,1997,7.167937722301089,29.9330596923828
IDB,1998,7.169110384602422,29.5878601074219
IDB,1999,7.163605746718356,29.0166606903076
IDB,2000,7.172264727093846,29.419189453125
IDB,2001,7.184844246980103,30.4426898956299
IDB,2002,7.221634431363779,30.9767398834229
IDB,2003,7.241185615496766,31.8403205871582
IDB,2004,7.287243114331326,33.6651306152344
IDB,2005,7.320385002858018,33.9795799255371
IDB,2006,7.351286270194076,35.8907203674316
IDB,2007,7.378306569245965,36.570930480957
IDB,2008,7.393302237161309,38.0503311157227
IDB,2009,7.4247685286339395,39.3078193664551
IDB,2010,7.457088108035509,40.9758491516113
IDB,2011,7.474449441722547,41.7251510620117
IDB,2012,7.496090018152251,42.8155403137207
IDB,2013,7.530587791751368,45.7564697265625
IDB,2014,7.566433495229293,43.4285697937012
IDB,2015,7.584719272598322,44.797679901123
IDB,2016,7.588579121089002,44.0539512634277
IDB,2017,7.596646325057092,44.0313491821289
IDB,2018,7.614874849674842,44.9707107543945
IDB,2019,7.625254705325175,46.2539215087891
IDB,2020,7.572437364602468,46.746711730957
IDB,2021,7.594956400459274,47.0853805541992
IDB,2022,7.622381978574968,47.5066413879395
IDB,2023,7.631734026326003,49.7783699035645
IDB,2024,7.653335441003634,51.6991004943848
IDN,1970,6.503763726487465,18.1371803283691
IDN,1971,6.544554763309826,18.5684204101562
IDN,1972,6.585942652165088,18.7084407806396
IDN,1973,6.637594325915507,19.0864906311035
IDN,1974,6.685428993959472,19.7005405426025
IDN,1975,6.708741878279382,21.2188205718994
IDN,1976,6.750397791447104,21.9720592498779
IDN,1977,6.80983122902377,22.6294994354248
IDN,1978,6.850925891779306,23.9719200134277
IDN,1981,7.020547311573863,28.1177997589111
IDN,1982,7.019639356518234,30.2682590484619
IDN,1983,7.037911495681642,33.7440910339355
IDN,1984,7.083044321947273,34.0133781433105
IDN,1986,7.122918880214074,41.732608795166
IDN,1987,7.15158915755573,47.2123985290527
IDN,1988,7.188696479866229,49.2854995727539
IDN,1989,7.241867382016436,49.2470512390137
IDN,1990,7.293642125980137,46.7410583496094
IDN,1991,7.342776476671383,45.0060997009277
IDN,1992,7.388395605409814,44.1988410949707
IDN,1993,7.434320833173176,43.8151893615723
IDN,1994,7.4901537310722315,44.7341918945312
IDN,1995,7.55252195103631,47.5401992797852
IDN,1996,7.611343502315614,50.3027992248535
IDN,1997,7.641008198923033,53.9802284240723
IDN,1998,7.484481274835612,54.2718887329102
IDN,1999,7.477329696065892,54.5970916748047
IDN,2000,7.511033910001544,55.5976295471191
IDN,2001,7.532940336868642,56.2273216247559
IDN,2002,7.56339494454081,57.646598815918
IDN,2003,7.596853375586996,60.7244682312012
IDN,2004,7.633227420160034,62.9758682250977
IDN,2005,7.6757537775135924,61.6382789611816
IDN,2006,7.716051015834325,64.6422119140625
IDN,2007,7.7643609115767465,71.8545074462891
IDN,2008,7.809785586289368,70.1684417724609
IDN,2009,7.842365066469774,74.5035934448242
IDN,2010,7.890138165690505,75.6519088745117
IDN,2011,7.937240647144549,78.1330718994141
IDN,2012,7.982934630154651,80.0926818847656
IDN,2013,8.024614233453086,81.8896974781343
IDN,2014,8.061714295302249,83.5559949258569
IDN,2015,8.09810248419129,87.8423207929976
IDN,2016,8.136462661371946,87.8191791728036
IDN,2017,8.175693938429035,90.9455391241064
IDN,2018,8.21644521178391,92.8120739600443
IDN,2019,8.25606300168653,94.9467044891028
IDN,2020,8.226693570902942,96.9345779132931
IDN,2021,8.256007313238973,97.8441479813619
IDN,2022,8.300258389089292,97.8167602714893
IDN,2023,8.341086842622474,96.0002120295081
IDN,2024,8.382048479458371,98.836444459078
IDN,2025,8.424020448251365,97.1701841816
IDX,1970,6.494409490072056,17.5970897674561
IDX,1971,6.492297042573858,17.5077800750732
IDX,1972,6.461827360762936,18.1397495269775
IDX,1973,6.458758185489397,18.420539855957
IDX,1974,6.494924657169763,18.2973499298096
IDX,1975,6.476470950667142,18.3891506195068
IDX,1976,6.490019149561652,18.2193202972412
IDX,1977,6.4881765926305714,18.6976890563965
IDX,1978,6.483904436803623,19.213529586792
IDX,1979,6.467221328578876,19.8687191009521
IDX,1980,6.470788911690611,20.8778495788574
IDX,1981,6.481711729012526,20.6011390686035
IDX,1982,6.465604209012383,21.4229297637939
IDX,1983,6.45386061844778,22.2088108062744
IDX,1984,6.446189747096056,22.4685592651367
IDX,1985,6.441420341859792,22.3609790802002
IDX,1986,6.445019100557535,22.3269996643066
IDX,1987,6.456136634514678,22.9583702087402
IDX,1988,6.463442619693773,23.2141704559326
IDX,1989,6.450824035251612,23.1557693481445
IDX,1990,6.438761511567151,22.8701496124268
IDX,1991,6.436863623762182,23.6699905395508
IDX,1992,6.421768544834432,24.2233791351318
IDX,1993,6.416782555092635,24.729549407959
IDX,1994,6.403722531383382,25.4757194519043
IDX,1995,6.42860677249042,26.535120010376
IDX,1996,6.453859805583026,27.1861705780029
IDX,1997,6.482402742569836,27.8777103424072
IDX,1998,6.500150552969056,29.1588096618652
IDX,1999,6.516272123784269,29.9826602935791
IDX,2000,6.535503631701785,30.9915199279785
IDX,2001,6.553862935506429,32.1085090637207
IDX,2002,6.575531171664279,33.1966896057129
IDX,2003,6.601835080530901,34.3359489440918
IDX,2004,6.637295629389561,34.8081817626953
IDX,2005,6.676318122462202,35.5187301635742
IDX,2006,6.714652048580747,36.652400970459
IDX,2007,6.754131245429707,37.4844589233398
IDX,2008,6.789097820195434,38.589241027832
IDX,2009,6.807592404928026,40.1704902648926
IDX,2010,6.847870564085712,41.6973190307617
IDX,2011,6.864596442950291,42.6937408447266
IDX,2012,6.865884156187656,43.8881187438965
IDX,2013,6.895236754621885,44.5016098022461
IDX,2014,6.923011780997125,45.159049987793
IDX,2015,6.931509818046375,45.706901550293
IDX,2016,6.95044796677675,47.0442504882812
IDX,2017,6.979002557185889,47.2879905700684
IDX,2018,7.003736668594687,48.356689453125
IDX,2019,7.027673551340415,48.7072715759277
IDX,2020,7.001161239078821,49.1507911682129
IDX,2021,7.01441248276723,49.3171501159668
IDX,2022,7.034691598705698,49.1855697631836
IDX,2023,7.045047363227748,49.1937789916992
IDX,2024,7.067560116764531,49.2888603210449
IND,1971,5.9054526062577075,23.9795207977295
IND,1972,5.877954046895835,24.3535308837891
IND,1973,5.887874252723615,24.7536602020264
IND,1975,5.940592062547445,25.4582901000977
IND,1976,5.933560039934916,25.6513690948486
IND,1977,5.980007431343878,26.2202491760254
IND,1978,6.012533393009033,26.6044902801514
IND,1980,5.9768133402308585,28.8213405609131
IND,1981,6.011643451135807,30.2948608398438
IND,1982,6.0224706924726314,31.8075008392334
IND,1983,6.069418695377619,33.7834892272949
IND,1984,6.083454916783151,35.1355590820312
IND,1986,6.134970800091388,37.1654281616211
IND,1987,6.15105033628222,36.7326812744141
IND,1988,6.220465594123904,36.7338218688965
IND,1989,6.255890883733178,36.8672904968262
IND,1993,6.3339417043660005,44.8495216369629
IND,1994,6.3779640941892985,45.1687202453613
IND,1995,6.430847799851643,44.9552116394043
IND,1996,6.483651436495677,44.8827896118164
IND,1997,6.503686829731863,45.3552589416504
IND,1999,6.6100756752060645,42.9011917114258
IND,2000,6.628972304547612,47.1734390258789
IND,2001,6.657378467815533,46.8245811462402
IND,2002,6.676599607308194,48.8069381713867
IND,2003,6.7349232275457975,51.4255714416504
IND,2004,6.794134759426066,53.247371673584
IND,2005,6.854072358705506,55.9314002990723
IND,2006,6.915954328175172,56.7859497070312
IND,2007,6.974709911584962,59.1478385925293
IND,2008,6.990722370329887,62.2119216918945
IND,2009,7.051943612797376,61.3603210449219
IND,2010,7.118955302539494,64.9475936889648
IND,2011,7.155872803144619,67.1251678466797
IND,2012,7.195259534807846,69.8089599609375
IND,2013,7.243837295211632,69.4771270751953
IND,2014,7.302709613150179,74.8887023925781
IND,2015,7.3677074101766316,74.6113662719727
IND,2016,7.43512254217345,75.9372863769531
IND,2017,7.489243093928834,74.6743774414062
IND,2018,7.540811487804716,76.0025787353516
IND,2019,7.568395113480933,75.8716506958008
IND,2020,7.499147162731792,77.6271548412386
IND,2021,7.58340498487003,80.6246396728944
IND,2022,7.64884047252486,81.1778608399708
IND,2023,7.709629014232512,78.8639591218839
IND,2024,7.76930800754234,78.1058073224606
IND,2025,7.833376751194482,79.594985086469
IRL,2001,10.69537433486981,105.217231750488
IRL,2002,10.735841917249259,106.364212036133
IRL,2003,10.749245557098549,107.852996826172
IRL,2004,10.796639103723713,109.409881591797
IRL,2005,10.830663076992838,109.784301757812
IRL,2006,10.852377498467067,109.603439331055
IRL,2007,10.875207217259875,111.234497070312
IRL,2008,10.80894298253408,111.293968200684
IRL,2009,10.746484306991263,114.39266204834
IRL,2010,10.757725130159226,118.096908569336
IRL,2011,10.76932501970944,115.83373260498
IRL,2012,10.76102906285345,117.75218963623
IRL,2014,10.859856708820013,116.739097595215
IRL,2015,11.070539158679278,116.989868164062
IRL,2016,11.06985162828991,117.028717041016
IRL,2017,11.15265294469854,125.027168273926
IRL,2018,11.212212931086379,154.163345336914
IRL,2019,11.244858235578402,137.07568359375
IRL,2020,11.301314364517266,133.497024536133
IRL,2021,11.437999659259562,132.947692871094
IRL,2022,11.490613766591297,130.604965209961
IRN,1971,8.632727124645026,25.8973293304443
IRN,1972,8.738847758539627,33.257640838623
IRN,1973,8.78134885691166,35.217170715332
IRN,1974,8.808136721511447,37.6620216369629
IRN,1975,8.774641143660755,41.3771286010742
IRN,1976,8.91222116949678,44.4324188232422
IRN,1977,8.853120181427357,47.0161895751953
IRN,1985,8.22162211517186,43.4362602233887
IRN,1988,7.949157709398403,49.9397392272949
IRN,1990,8.077819953797071,55.9345512390137
IRN,1991,8.170370685044954,57.2006683349609
IRN,1992,8.183043277117365,59.5599708557129
IRN,1993,8.164658142203267,63.3696594238281
IRN,1994,8.145624909929019,67.1393280029297
IRN,1995,8.158279185417838,68.5586471557617
IRN,1997,8.21047109577509,71.2784805297852
IRN,1999,8.222907350883728,74.4633865356445
IRN,2000,8.26495595183188,74.9870910644531
IRN,2001,8.273157755277195,74.5473403930664
IRN,2002,8.342590621039152,74.7104187011719
IRN,2003,8.414369752510055,74.551643371582
IRN,2004,8.435430204601783,74.5375213623047
IRN,2005,8.44469957408565,74.438591003418
IRN,2006,8.471943379078233,75.9471969604492
IRN,2007,8.533994841936796,75.657600402832
IRN,2008,8.524355497821062,78.8498077392578
IRN,2009,8.521960438739798,80.3835906982422
IRN,2010,8.56580454601878,79.0264663696289
IRN,2011,8.57955911181092,81.2944793701172
IRN,2012,8.528854212287344,82.7059326171875
IRN,2013,8.500448359868757,81.5845565795898
IRN,2014,8.535662223403056,82.5869369506836
IRN,2015,8.507694936536325,82.7305221557617
IRN,2016,8.57783988349113,83.3275680541992
IRN,2017,8.593272332655868,82.7564392089844
IRN,2020,8.543411333963832,85.1913986206055
IRN,2022,8.606176942485563,85.6060028076172
IRN,2023,8.646086538386578,85.1469802856445
IRQ,1971,7.187431794977286,26.6325798034668
IRQ,1972,7.189737992963806,27.7922897338867
IRQ,1973,7.198515549098288,31.3818492889404
IRQ,1974,7.314044797264676,33.7254600524902
IRQ,1975,7.3986414448473665,37.2257804870605
IRQ,1976,7.524415919141233,36.9242897033691
IRQ,1977,7.509976445728803,38.0823707580566
IRQ,1978,7.633792726600032,42.5301818847656
IRQ,1979,7.791157112769524,46.6047096252441
IRQ,1980,7.980816969572883,50.3667182922363
IRQ,1981,7.943470796881691,51.7554893493652
IRQ,1982,7.9490965901860395,53.7585296630859
IRQ,1983,7.779278408278107,49.8312797546387
IRQ,1984,7.7331241399621184,48.1300582885742
IRQ,1985,7.72350776998165,49.1555099487305
IRQ,1986,7.74432866943352,50.6374206542969
IRQ,1987,7.805880013261434,48.4277114868164
IRQ,1988,7.782489570496703,46.707950592041
IRQ,1989,7.7242126124068715,45.7970008850098
IRQ,1993,7.6036803634124865,42.4146194458008
IRQ,1996,7.653885385304301,38.7750701904297
IRQ,1999,8.213853309680882,34.1905517578125
IRQ,2000,8.336337819500319,36.8702583312988
IRQ,2001,8.322659947325228,36.7453002929688
IRQ,2003,7.718716561930863,40.4106292724609
IRQ,2004,8.117988214007669,45.1472206115723
IRQ,2007,8.179082164132152,50.5742416381836
ISL,1971,9.976800139184121,79.4589233398438
ISL,1972,10.02210286109211,81.0442810058594
ISL,1975,10.10847267959034,79.9386825561523
ISL,1976,10.15642961579009,81.8132934570312
ISL,1977,10.233531232655245,83.430908203125
ISL,1978,10.284152430505266,82.8342437744141
ISL,1979,10.321829129515539,83.9696807861328
ISL,1980,10.367128135015578,80.4150695800781
ISL,1981,10.397487919222828,85.4901275634766
ISL,1982,10.405438650767453,86.6254577636719
ISL,1983,10.370451841751878,87.1558990478516
ISL,1984,10.400277051648125,89.8826293945312
ISL,1985,10.424798264433708,92.8133316040039
ISL,1986,10.478290314373682,94.0419692993164
ISL,1987,10.549337328430402,96.5014877319336
ISL,1988,10.532777490061873,96.1587295532227
ISL,1989,10.522974593654896,96.9378433227539
ISL,1990,10.526823832292155,98.7091979980469
ISL,1991,10.512994581191352,100.306381225586
ISL,1992,10.466107025840216,101.775169372559
ISL,1993,10.468987892010935,102.711059570312
ISL,1994,10.49577217397337,102.095176696777
ISL,1995,10.491512651497155,101.663421630859
ISL,1996,10.530107950686517,102.118598937988
ISL,1998,10.619538327333515,110.261177062988
ISL,1999,10.64568528302146,108.490882873535
ISL,2000,10.679880083640375,109.021507263184
ISL,2001,10.704277244182164,110.139266967773
ISL,2002,10.700759496888027,113.519561767578
ISL,2003,10.71639187687901,116.79273223877
ISL,2004,10.781073040524634,108.134918212891
ISL,2005,10.833176942954799,108.752983093262
ISL,2006,10.86486882264863,107.523468017578
ISL,2007,10.92336971907279,106.327003479004
ISL,2008,10.92162728673776,106.229942321777
ISL,2009,10.831332963583085,106.478248596191
ISL,2010,10.81030326733911,108.819038391113
ISL,2011,10.820954198083005,109.70686340332
ISL,2012,10.827258472027884,113.517669677734
ISL,2013,10.853137383566025,122.033569335938
ISL,2014,10.860969666254384,120.632568359375
ISL,2015,10.8875434021307,119.807357788086
ISL,2016,10.933986812313744,117.122772216797
ISL,2017,10.944788122065628,115.741142272949
ISL,2018,10.963560869920638,114.649406433105
ISL,2019,10.952889381082931,112.034339904785
ISL,2020,10.867888356875653,110.487319946289
ISL,2021,10.902003610045343,115.156303405762
ISL,2022,10.96173353054846,112.589393615723
ISL,2023,11.001295413972212,108.911361694336
ISR,2001,10.268270921364092,99.2880172729492
ISR,2002,10.246600363683719,100.050399780273
ISR,2003,10.24278883351691,98.9930267333984
ISR,2004,10.27055855276798,97.7852325439453
ISR,2005,10.295534597203016,97.9443511962891
ISR,2006,10.332260113175682,97.9347229003906
ISR,2007,10.37571716308418,97.3899536132812
ISR,2008,10.38960325878136,96.5533218383789
ISR,2009,10.37782909221301,96.0253067016602
ISR,2010,10.413525999508337,97.8008117675781
ISR,2011,10.448713180591845,98.0884170532227
ISR,2012,10.45406523667223,98.0721435546875
ISR,2013,10.475491751594292,98.7666168212891
ISR,2014,10.492803195240448,98.5257034301758
ISR,2015,10.49510397493118,98.464973449707
ISR,2016,10.51986199451407,99.2754516601562
ISR,2017,10.542997159561487,98.0842971801758
ISR,2018,10.563465930341833,98.327278137207
ISR,2019,10.579540405100516,97.8852386474609
ISR,2020,10.543718568236718,98.0958404541016
ISR,2021,10.616149063410235,98.8700408935547
ISR,2022,10.658183042926506,98.5873031616211
ISR,2023,10.64855669206267,99.3012008666992
ISR,2024,10.642612552753754,98.5473403930664
ITA,2001,10.411617526620265,97.2837066650391
ITA,2002,10.412334643742938,98.8138809204102
ITA,2003,10.407595760382595,99.5263137817383
ITA,2004,10.414782300707424,99.0750198364258
ITA,2005,10.41654095710411,99.2056274414062
ITA,2006,10.430374973291826,99.5338516235352
ITA,2007,10.438808040299792,99.8377380371094
ITA,2008,10.420811041774327,100.291458129883
ITA,2009,10.36050294365907,100.175491333008
ITA,2010,10.371256009460247,101.401161193848
ITA,2011,10.374724896986937,101.59642791748
ITA,2012,10.34023860303618,100.449836730957
ITA,2013,10.319893331311004,100.973121643066
ITA,2014,10.319728682843698,101.121726989746
ITA,2015,10.330057804498121,101.228088378906
ITA,2016,10.344245132051489,100.742958068848
ITA,2017,10.362035906529954,101.01001739502
ITA,2018,10.372354339411459,101.526412963867
ITA,2019,10.379113910254729,101.74178314209
ITA,2020,10.291121252629488,101.836128234863
ITA,2021,10.381822291048463,101.834869384766
ITA,2022,10.430930932943047,101.353858947754
ITA,2023,10.440615759301478,100.678756713867
JAM,1973,8.612117061828293,52.0271911621094
JAM,1974,8.553880479695058,48.0195808410645
JAM,1975,8.537313155178829,57.6599884033203
JAM,1976,8.454937295406914,61.7599105834961
JAM,1977,8.416432929048579,63.1429214477539
JAM,1979,8.381931125640902,65.6122589111328
JAM,1980,8.310819308159887,69.4863510131836
JAM,1981,8.323832661089137,67.2457580566406
JAM,1982,8.3305753410538,64.3397903442383
JAM,1983,8.335543652206264,65.44580078125
JAM,1984,8.306784710067324,63.9407691955566
JAM,1985,8.265449533695884,65.2933807373047
JAM,1986,8.274771626083881,63.485279083252
JAM,1987,8.34272511117581,63.3267097473145
JAM,1988,8.37487001433641,66.6152572631836
JAM,1989,8.437290555585525,65.2190399169922
JAM,1991,8.509328426231923,69.0466537475586
JAM,1993,8.598469139934071,64.5336685180664
JAM,1999,8.554102735193771,80.9783477783203
JAM,2000,8.555913187328995,80.0481491088867
JAM,2001,8.562936326480635,79.911491394043
JAM,2002,8.576570275281398,80.4983978271484
JAM,2003,8.606517138498294,80.8683929443359
JAM,2004,8.61381185135065,85.6572189331055
JAM,2005,8.617171690068984,84.6938323974609
JAM,2007,8.65006865624898,86.4005813598633
JAM,2008,8.637566602260277,88.0502090454102
JAM,2009,8.588982054256928,90.1742782592773
JAM,2010,8.570083930018189,89.4939454246108
JAM,2011,8.582910087101729,91.5373916625977
JAM,2013,8.573551669313158,85.4017870483818
JAM,2014,8.576818095574732,86.3705618020868
JAM,2015,8.582851182445014,85.3548254033729
JAM,2016,8.607451201426887,87.9398248609799
JAM,2017,8.628043195241927,84.2369432325225
JAM,2018,8.651352723657938,83.7616154022844
JAM,2019,8.668160424268962,85.7618499653089
JAM,2020,8.578822757582605,81.5337816615681
JAM,2021,8.63185202428082,85.8093525179856
JAM,2022,8.693741661743152,82.8584671020508
JAM,2023,8.72060865135832,85.4353132628153
JAM,2024,8.715459076326468,84.4572372436523
JOR,1976,8.06942452320793,58.9805793762207
JOR,1977,8.118555407564429,64.0115280151367
JOR,1978,8.224035641015066,69.4418029785156
JOR,1979,8.37984879531562,73.5796737670898
JOR,1980,8.449267548555733,76.0694808959961
JOR,1981,8.56773220740864,78.0714263916016
JOR,1982,8.592949819959447,78.8805999755859
JOR,1983,8.526024930576552,79.3731994628906
JOR,1984,8.522822556673345,79.735237121582
JOR,1985,8.449684313059327,81.3043670654297
JOR,1986,8.457177535177271,78.5073928833008
JOR,1987,8.433893204226308,77.2059097290039
JOR,1988,8.401801460077122,76.473258972168
JOR,1989,8.240429636362231,75.0419921875
JOR,1990,8.15951482166956,75.0134735107422
JOR,1991,8.097619705891182,74.8513488769531
JOR,1992,8.178846214202164,77.9475784301758
JOR,1993,8.170736678348156,78.9788284301758
JOR,1994,8.17134481486408,81.1210632324219
JOR,1996,8.178007055223922,85.0780563354492
JOR,1999,8.20210063461462,86.1092987060547
JOR,2000,8.222955127900047,84.5952987670898
JOR,2002,8.288887309809377,83.6367721557617
JOR,2003,8.307515103970857,83.7643737792969
JOR,2004,8.3655848010961,83.6611480712891
JOR,2005,8.419130974397747,84.393669128418
JOR,2006,8.433065454961849,86.7745513916016
JOR,2007,8.45130337212254,87.7151718139648
JOR,2008,8.497476790473112,88.4466781616211
JOR,2010,8.530404970293183,87.3644409179688
JOR,2011,8.534243023491843,87.5930404663086
JOR,2012,8.543841508702323,87.2317581176758
JOR,2013,8.518744311940884,87.3027919681245
JOR,2014,8.456040813458008,88.8703034099213
JOR,2017,8.374690275187968,88.8758288897009
JOR,2018,8.371017576451653,89.7929068080636
JOR,2019,8.369576299825674,89.5104774843719
JOR,2020,8.34002928726532,90.1992992911958
JOR,2021,8.358520744099787,90.0636022467584
JOR,2022,8.368603696163108,90.9912658899133
JOR,2023,8.383291646825054,91.9696843781763
JOR,2024,8.398643805763983,91.7518621587381
JPN,2013,10.452668875283202,101.049438476562
JPN,2014,10.463014184373353,101.036422729492
JPN,2015,10.481915130021003,101.724517822266
JPN,2016,10.489451635006422,101.296928405762
JPN,2017,10.506374513703035,100.260749816895
JPN,2018,10.515950155308118,100.482200622559
JPN,2019,10.514265067548665,100.660270690918
JPN,2020,10.473429829569152,101.34056854248
JPN,2021,10.51305083275929,101.744400024414
JPN,2022,10.530717942113768,101.38200378418
JPN,2023,10.54277365056161,101.537071228027
KAZ,1990,8.622828457653226,96.6113433837891
KAZ,1991,8.49906043032015,94.2291870117188
KAZ,1992,8.441482422416863,92.4310913085938
KAZ,1993,8.34833141258714,90.1321411132812
KAZ,1994,8.227102382665759,88.2439804077148
KAZ,1997,8.223885689919184,87.2746963500977
KAZ,1998,8.22966175978465,86.0138473510742
KAZ,1999,8.268643938870055,89.5478210449219
KAZ,2000,8.35921222455624,89.0767288208008
KAZ,2006,8.91602258117973,98.4432830810547
KAZ,2010,9.071619141679536,98.5237492649908
KAZ,2011,9.129488401414495,98.8350532967319
KAZ,2012,9.162400897365673,99.0180187395814
KAZ,2013,9.20630482703776,97.6500312583517
KAZ,2014,9.232758209369432,98.522388891969
KAZ,2015,9.22976279225756,98.2120601574997
KAZ,2016,9.225369202550446,97.0463003338151
KAZ,2017,9.249971757006811,96.5061709309357
KAZ,2018,9.275211214279073,96.1156212742477
KAZ,2019,9.304712300109017,96.5371355057456
KAZ,2020,9.265305335782502,91.9490206290752
KAZ,2021,9.294073939503082,94.310522086739
KAZ,2022,9.310940918655643,94.0433413378673
KAZ,2023,9.346041495378465,95.2393054334066
KAZ,2024,9.382004023082937,97.198884231219
KAZ,2025,9.432854866908956,97.6167311117902
KEN,1970,6.723594214468142,17.4474391937256
KEN,1971,6.887582621589937,17.8143405914307
KEN,1972,7.010516847064664,18.5497894287109
KEN,1973,7.033284488463333,18.8943099975586
KEN,1974,7.0392681250156475,19.8959102630615
KEN,1975,7.0148231350124215,21.0245990753174
KEN,1976,7.003662099991149,23.0911197662354
KEN,1977,7.060792721297346,23.4578800201416
KEN,1978,7.093211814204807,24.9449996948242
KEN,1979,7.131953580492866,25.6669006347656
KEN,1980,7.150923156383024,28.3731899261475
KEN,1981,7.152212306130483,27.6752395629883
KEN,1982,7.131389885141723,27.6607704162598
KEN,1983,7.107863428078844,28.9708003997803
KEN,1984,7.088487550548152,30.5330390930176
KEN,1985,7.094167892378321,38.1895294189453
KEN,1986,7.127684477999858,38.024341583252
KEN,1987,7.150090195999348,40.4707298278809
KEN,1988,7.17500324247396,40.2696189880371
KEN,1999,7.110397340714268,40.3322486877441
KEN,2000,7.086246985015062,40.9617881774902
KEN,2001,7.091986251347937,41.6857109069824
KEN,2002,7.065977303968766,41.8610191345215
KEN,2003,7.064027424115863,43.5811309814453
KEN,2004,7.082762178819241,47.1179389953613
KEN,2005,7.1094278780513624,47.2635917663574
KEN,2006,7.141673887632175,48.8131103515625
KEN,2007,7.177714421121875,50.8713607788086
KEN,2008,7.149738061150247,57.0353507995605
KEN,2009,7.152061344182959,57.7407112121582
KEN,2015,7.305940350326721,72.5750860661828
KEN,2016,7.325134439126475,74.4698594945796
KEN,2021,7.4377337794223415,80.3774269704216
KEN,2022,7.465959778972922,83.7738192286218
KEN,2023,7.5017540080999225,84.3083880306996
KGZ,1986,6.930364361057313,103.531700134277
KGZ,1989,7.056757942537597,102.213928222656
KGZ,1990,7.092966060273132,101.841339111328
KGZ,1991,6.993841277909055,100.02596282959
KGZ,1992,6.833371675592782,98.3147583007812
KGZ,1993,6.665129321077302,94.3060989379883
KGZ,1994,6.44129893456379,88.8992919921875
KGZ,1995,6.375532664732475,85.1260375976562
KGZ,1996,6.429183477343847,74.6498870849609
KGZ,1999,6.53584236492931,81.2357330322266
KGZ,2000,6.576946937537752,82.4341583251953
KGZ,2001,6.619304617323415,83.5917129516602
KGZ,2002,6.609946101559569,82.7385635375977
KGZ,2003,6.667402589947659,87.8954772949219
KGZ,2004,6.723209775784868,86.5721893310547
KGZ,2005,6.710169233736901,85.4348373413086
KGZ,2006,6.729988963282616,85.5732421875
KGZ,2007,6.802425834949683,84.9611129760742
KGZ,2009,6.8887976173607335,86.7180862426758
KGZ,2010,6.8698091346426935,87.7688035961973
KGZ,2011,6.913223479268187,87.5220892813577
KGZ,2012,6.893501460859957,87.2870662875623
KGZ,2013,6.975212079410454,87.7240351123141
KGZ,2014,6.992631341580301,89.4164090538588
KGZ,2015,7.008190429517273,88.9591724149373
KGZ,2016,7.028481677609842,90.4864998184447
KGZ,2017,7.05374367287057,89.9187538995131
KGZ,2018,7.069084086759415,91.1445853879787
KGZ,2019,7.091639792303957,91.6686153595535
KGZ,2020,6.996982051067232,92.1655305586517
KGZ,2021,7.032231137099607,92.5062000270634
KGZ,2023,7.168778063161089,91.2655243671618
KGZ,2024,7.260934492522644,91.339996215143
KGZ,2025,7.349516632965464,91.7258848952929
KHM,1991,6.745953999174678,38.5556716918945
KHM,1998,6.212639460026254,16.9208698272705
KHM,1999,6.315179852259838,16.5827503204346
KHM,2000,6.394529970361067,18.1284408569336
KHM,2001,6.45020747127365,20.176570892334
KHM,2002,6.495550018922903,23.8959407806396
KHM,2003,6.578325080839253,27.8392200469971
KHM,2004,6.6539555149941485,30.9775104522705
KHM,2006,6.853367960984321,39.1435394287109
KHM,2007,6.937538498960448,41.7365608215332
KHM,2008,6.994460137222709,44.2504997253418
KHM,2017,7.4696172880139295,48.9424458707368
KHM,2018,7.541303053228362,50.199099715459
KHM,2019,7.60505429875074,49.7344518908574
KHM,2020,7.554143226107224,51.8196983337402
KHM,2021,7.569806125123396,54.2809323078227
KHM,2022,7.606523796745585,55.1346812645406
KHM,2023,7.642551704414577,56.7864734981041
KHM,2024,7.688710396867581,58.7893230437643
KIR,1970,7.295461764197308,11.2923097610474
KIR,1971,7.252632042481383,12.0268497467041
KIR,1972,7.3476518370981605,12.1220102310181
KIR,1973,7.520180402080494,12.2979803085327
KIR,1974,7.887356584741577,12.7369298934937
KIR,1975,7.943218441249612,12.8971700668335
KIR,1977,7.59632960038012,14.6577997207642
KIR,1978,7.613579159564817,18.2807598114014
KIR,1979,7.485318873086255,22.4814701080322
KIR,1980,7.458376514478032,25.998929977417
KIR,1981,7.5020105939167,19.822639465332
KIR,1982,7.474873861881926,19.5989208221436
KIR,1983,7.355716844898324,19.7158298492432
KIR,1984,7.469661232790366,21.831579208374
KIR,1985,7.30838234819726,23.7174606323242
KIR,1986,7.260182850422388,25.5852699279785
KIR,1987,7.248728657647856,28.3134593963623
KIR,1988,7.423949416310982,30.1460399627686
KIR,1989,7.324434069751375,34.0368194580078
KIR,1990,7.235369145524365,35.2051582336426
KIR,1991,7.157226422811893,35.004638671875
KIR,1992,7.355464011329636,38.4360008239746
KIR,1994,7.344476282048007,39.7144088745117
KIR,1995,7.356581662633665,39.6589088439941
KIR,1996,7.339106846031924,43.1210899353027
KIR,1998,7.358210907345113,45.4445915222168
KIR,1999,7.301277534240078,56.6280517578125
KIR,2000,7.349605062051061,62.1038703918457
KIR,2001,7.2984124732438955,76.2893295288086
KIR,2002,7.291651258492282,81.5949478149414
KIR,2003,7.255270445034322,87.8011093139648
KIR,2004,7.2290836885574805,87.655158996582
KIR,2005,7.221833844028582,85.8441390991211
KIR,2006,7.257980529512165,84.0447463989258
KIR,2007,7.267774858027147,83.7022018432617
KIR,2008,7.216589066651676,82.9311904907227
KIR,2021,7.547297880177428,87.142166928373
KIR,2022,7.580778707500248,88.6853008111105
KIR,2023,7.595963311618627,94.7441990494828
KIR,2024,7.626966320683992,90.2786712646484
KNA,1984,8.74543863247579,71.1531677246094
KNA,1985,8.833171344072525,76.4063415527344
KNA,1986,8.942374528338597,78.7429580688477
KNA,1987,9.012330654234077,79.7120895385742
KNA,1988,9.10751480923026,83.2099685668945
KNA,1989,9.168295012649306,82.6582794189453
KNA,1992,9.239951749090926,86.1791763305664
KNA,1993,9.292897162762314,85.3597106933594
KNA,2000,9.549596452429759,105.416763305664
KNA,2001,9.589523786244692,94.4978179931641
KNA,2002,9.597464364299077,92.0138931274414
KNA,2003,9.55395183476241,89.5737686157227
KNA,2004,9.590131718926978,86.9458694458008
KNA,2005,9.680379368907888,90.2405471801758
KNA,2007,9.711609096197526,110.051109313965
KNA,2008,9.81606306843104,109.900001525879
KNA,2009,9.779694570544565,108.54093170166
KNA,2010,9.780645624064096,109.923469543457
KNA,2011,9.795828920324889,109.116302490234
KNA,2012,9.785294853457382,92.2169189453125
KNA,2013,9.840222496988394,121.377906799316
KNA,2014,9.912834047530385,113.12451171875
KNA,2015,9.9197938961755,115.485420227051
KNA,2016,9.958622195083098,116.914031982422
KNA,2017,9.96136037790753,119.603784742756
KNA,2018,9.982090634352296,116.923551171393
KNA,2019,10.01224170576713,118.920614998431
KNA,2020,9.847912808211433,111.195206559445
KNA,2021,9.853867656765281,123.94677734375
KNA,2022,9.954691879018279,119.88360814743
KNA,2023,9.983408717368407,137.513208876365
KOR,2000,9.784880540476703,98.0937805175781
KOR,2001,9.823384737439417,97.6082382202148
KOR,2002,9.892193011946176,97.2662963867188
KOR,2003,9.917293837757375,96.9660186767578
KOR,2004,9.963868082449396,96.9991989135742
KOR,2005,10.004407482170322,97.2146224975586
KOR,2006,10.050276314587203,96.7785415649414
KOR,2007,10.102000858470229,96.7113800048828
KOR,2008,10.12400925527797,96.3489303588867
KOR,2009,10.127027618476019,96.8854293823242
KOR,2010,10.18953261252483,97.2930603027344
KOR,2011,10.21805940827161,97.5294189453125
KOR,2012,10.237959805487082,97.3674163818359
KOR,2013,10.265791514107688,97.8287506103516
KOR,2014,10.29115092240545,98.5806732177734
KOR,2015,10.31466268254703,98.5931930541992
KOR,2016,10.341916896889888,98.7179565429688
KOR,2017,10.372862944802542,99.105583190918
KOR,2018,10.399794957607943,99.3186569213867
KOR,2019,10.41919060373782,98.3813018798828
KOR,2020,10.410784855878186,97.0888214111328
KOR,2021,10.45716976361207,98.0692291259766
KOR,2022,10.485954923113521,97.8181304931641
KOR,2023,10.500886307355545,96.2983932495117
KOR,2024,10.519981157491612,96.2539901733398
KWT,1971,11.137116181931697,52.1537208557129
KWT,1972,11.113443525081044,53.0073013305664
KWT,1973,10.985085413458348,52.4597816467285
KWT,1974,10.78569459840215,51.4281005859375
KWT,1975,10.592645791431151,51.4301490783691
KWT,1976,10.59191700840106,52.8330497741699
KWT,1977,10.487561939211977,61.7687187194824
KWT,1978,10.495164547158367,64.7262725830078
KWT,1979,10.56508748197912,67.2203979492188
KWT,1980,10.293763046436386,69.7720718383789
KWT,1981,10.033028011499091,72.760368347168
KWT,1982,9.8593220782191,76.1494369506836
KWT,1983,9.887673258028412,78.6682891845703
KWT,1984,9.895897792169746,80.2709121704102
KWT,1985,9.812711524751839,81.1431121826172
KWT,1986,9.854422241437032,81.2064666748047
KWT,1987,9.892748320406815,78.5709915161133
KWT,1988,9.7477728151125,77.016227722168
KWT,1989,9.939997230509535,74.5708694458008
KWT,1990,9.910502066696429,71.537727355957
KWT,1992,10.016049965246966,59.5102806091309
KWT,1993,10.286156568301067,59.3641090393066
KWT,1994,10.371817602689537,72.8945083618164
KWT,1995,10.409004530819574,91.0332717895508
KWT,1996,10.386467955419901,91.2636795043945
KWT,1997,10.37824351972098,86.8327102661133
KWT,1998,10.383028949939465,85.0522613525391
KWT,1999,10.33520810703148,85.5170364379883
KWT,2000,10.352713630763853,85.79931640625
KWT,2001,10.327886558495795,87.0694427490234
KWT,2003,10.46793830669855,96.0627212524414
KWT,2004,10.543195468891083,100.651512145996
KWT,2005,10.60785295205954,108.55924987793
KWT,2006,10.624686816526902,101.013938903809
KWT,2007,10.624100798407747,101.308387756348
KWT,2008,10.592940741491688,99.557746887207
KWT,2009,10.466642367694975,99.4600067138672
KWT,2010,10.39110078653629,99.4166345928894
KWT,2011,10.420653422550329,98.1417694091797
KWT,2012,10.421636226156155,98.6952312050305
KWT,2013,10.383168579378946,95.5615386962891
KWT,2014,10.34409950126109,93.0660018920898
KWT,2015,10.30501868769552,95.3934020996094
LAC,1999,8.74923364888418,78.7602767944336
LAC,2000,8.769967169666709,79.9674911499023
LAC,2001,8.75816599760936,80.9854431152344
LAC,2002,8.745155757926442,88.0043792724609
LAC,2003,8.752874440133438,85.1512222290039
LAC,2004,8.794673029420187,86.9023895263672
LAC,2005,8.823029590549968,87.0918426513672
LAC,2006,8.863199322032385,85.1911010742188
LAC,2007,8.903991238581881,86.3865737915039
LAC,2008,8.929364249807463,87.5574722290039
LAC,2009,8.893218658334137,88.5657577514648
LAC,2010,8.944423599309632,89.624153137207
LAC,2011,8.97675143365388,90.0862274169922
LAC,2012,8.990082147525545,90.1474227905273
LAC,2013,9.006429589829414,94.8941497802734
LAC,2014,9.007261205933846,95.006706237793
LAC,2015,8.998054218131331,95.2629776000977
LAC,2016,8.978723028968552,96.5217132568359
LAC,2017,8.985459819020502,97.0704727172852
LAC,2018,8.988520095285242,98.0456771850586
LAC,2019,8.982459761438712,97.9452209472656
LAC,2020,8.904984797401209,97.2736892700195
LAC,2021,8.96538719592595,97.3833618164062
LAC,2022,8.998265870284644,96.8845901489258
LAC,2023,9.012284349332848,97.3537902832031
LAC,2024,9.024938851968516,97.849609375
LAO,1984,6.362800117180852,20.549690246582
LAO,1985,6.384565705624102,21.0549297332764
LAO,1986,6.40412336544558,20.9892292022705
LAO,1988,6.312393691345707,23.6807994842529
LAO,1990,6.452877155562815,22.8900299072266
LAO,1992,6.493199771034531,19.9181404113769
LAO,1993,6.523509667038163,21.6391906738281
LAO,1994,6.575785832719706,23.4398708343506
LAO,1995,6.619052341262733,24.0107097625732
LAO,1996,6.66272796088529,24.1481494903564
LAO,1997,6.708335396976584,25.8993301391602
LAO,1998,6.728733988521888,28.1427497863769
LAO,1999,6.781777150908924,31.144739151001
LAO,2000,6.821356120313198,33.2670707702637
LAO,2001,6.8607931236713275,35.1896514892578
LAO,2002,6.902232297322216,37.9458808898926
LAO,2003,6.945736693442917,40.6808013916016
LAO,2004,6.992795031945487,42.5078582763672
LAO,2005,7.046370075394029,42.9863014221191
LAO,2006,7.113214806552508,42.2330513000488
LAO,2007,7.170954560494024,43.0343399047852
LAO,2008,7.231097074743313,44.126880645752
LAO,2009,7.288475383695365,45.6930198669434
LAO,2010,7.3555840298545405,47.3594398498535
LAO,2011,7.41842140716861,46.3030907447649
LAO,2012,7.481350527080471,49.0350189208984
LAO,2013,7.5444795114478715,52.6759359354755
LAO,2014,7.604053467121512,58.0247383117676
LAO,2015,7.6596492680636725,62.2967936554274
LAO,2016,7.711889560576732,64.7630026961054
LAO,2017,7.762840347695303,66.0411073482017
LAO,2018,7.807907989198822,66.1528570578416
LAO,2019,7.845790430160349,64.986385458831
LAO,2020,7.835874271152135,62.4493058083911
LAO,2021,7.846429276577748,59.8530595325837
LAO,2022,7.859046350717368,56.8782044614964
LAO,2023,7.881894931205427,54.4330611689851
LAO,2024,7.908783443491152,51.8523602531839
LAO,2025,7.939961969275953,50.5430058959811
LBN,1992,8.432850432298064,51.5681800842285
LBN,1994,8.575729204755472,52.1276817321777
LBN,1995,8.620151596177905,54.7568702697754
LBN,1996,8.708561885698888,55.9229698181152
LBN,1997,8.700973442773885,56.7602386474609
LBN,1998,8.719392001344383,62.4550285339355
LBN,1999,8.696580093577682,61.6489181518555
LBN,2000,8.692654330517703,62.5770492553711
LBN,2001,8.713706962971784,60.7058296203613
LBN,2002,8.733471847394117,62.5551910400391
LBN,2003,8.751437331859906,64.8559494018555
LBN,2004,8.799925923065931,66.0179901123047
LBN,2005,8.810933910101705,66.4239807128906
LBN,2006,8.80932150696409,67.2385787963867
LBN,2007,8.878963460240485,68.0434875488281
LBN,2008,8.949144194965205,68.8993988037109
LBN,2009,9.033064684846263,71.0917282104492
LBN,2010,9.100027989577221,70.562435785543
LBN,2011,9.097865752609279,73.8286148513332
LBN,2012,9.096141546435284,72.2122774625477
LBN,2013,9.041156761014575,71.2231189680025
LBN,2014,8.965770803075566,59.2622758017054
LBN,2015,8.950806398438399,58.1075064918095
LBN,2016,8.9895866741038,59.4640916311345
LBN,2017,9.02468214118266,63.1400703776303
LBN,2018,9.034643643950968,64.2435656996928
LBN,2019,8.9951710337158,65.2767643910733
LBN,2020,8.770412449168244,65.89697761206
LBN,2021,8.695074796015508,67.5143617766569
LBN,2022,8.684238070976315,64.5017084327233
LBN,2023,8.671566844793436,62.8279212477627
LBN,2024,8.592528679110611,63.7923011779785
LBR,1970,8.027071790576624,9.33553028106689
LBR,1971,8.04977436028823,10.1644096374512
LBR,1972,8.065009820909877,11.8115100860596
LBR,1975,7.973471393901823,16.1426906585693
LBR,1976,7.997973217563742,14.2733697891235
LBR,1978,8.003507324295583,20.2940196990967
LBR,1979,8.006118560510062,22.0554599761963
LBR,1980,7.9345267151896035,21.9227695465088
LBR,1999,6.41188543008287,29.8772392272949
LBR,2000,6.626520269302072,34.139778137207
LBR,2011,6.472205213477721,43.64794921875
LBR,2014,6.561253689016782,36.7695617675781
LBR,2015,6.540438312419157,36.3728485107422
LBR,2020,6.40527056529541,37.7416801452637
LBY,1971,9.558309178880638,18.4759197235107
LBY,1972,9.612503790685432,20.0595207214356
LBY,1973,9.592870951365462,24.2455291748047
LBY,1974,9.743566413792445,29.1158199310303
LBY,1975,9.727348460012859,33.1660690307617
LBY,1976,9.876818900726457,40.6473388671875
LBY,1977,9.904408604480698,46.9041290283203
LBY,1978,9.879276409881559,50.4591598510742
LBY,1979,9.907367023656995,55.5514183044434
LBY,1980,9.856948746769012,59.1456604003906
LBY,1981,9.587912454201227,59.5881118774414
LBY,1983,9.56399364807101,65.4476928710938
LBY,1986,9.394548879762395,70.449333190918
LBY,2002,9.227227928857953,110.586441040039
LBY,2003,9.329638948607052,106.755638122559
LBY,2005,9.443742812685448,93.6851577758789
LBY,2006,9.48621115682609,97.6095123291016
LCA,1977,8.35053834091039,25.8138103485107
LCA,1978,8.433904159035697,26.6014404296875
LCA,1980,8.419275043776755,30.2580604553223
LCA,1981,8.4648625904522,26.3111591339111
LCA,1982,8.469781434732594,29.3344192504883
LCA,1983,8.50246761526395,30.3662490844727
LCA,1984,8.556556354376934,30.63205909729
LCA,1985,8.619848646472754,36.6273612976074
LCA,1986,8.738421305391793,40.1068305969238
LCA,1987,8.76187404556954,40.8349800109863
LCA,1990,9.038178773927976,46.7493591308594
LCA,1991,9.0299374710565,50.0243110656738
LCA,1992,9.091545659982412,57.0744705200195
LCA,1993,9.08257823863221,62.3254699707031
LCA,1997,9.077901816625207,66.6043319702148
LCA,1999,9.138496331721136,66.4479217529297
LCA,2000,9.126843424159993,70.9955215454102
LCA,2001,9.082000715610585,73.2953567504883
LCA,2002,9.077432715477123,73.8339385986328
LCA,2003,9.110969414575475,75.6025085449219
LCA,2004,9.173404360349483,74.9941787719727
LCA,2005,9.161946522165909,79.0845108032227
LCA,2006,9.214895024108541,83.6699066162109
LCA,2007,9.224977055792126,88.3509292602539
LCA,2008,9.267044945587436,94.5392303466797
LCA,2009,9.232082529045938,96.8615798950195
LCA,2010,9.229291134849598,97.0315628051758
LCA,2011,9.266427465291136,96.6020889282227
LCA,2012,9.260774685082486,93.3481292724609
LCA,2013,9.237898680349941,91.4860382080078
LCA,2014,9.246666347170294,90.7485504150391
LCA,2015,9.243290125466853,90.9497604370117
LCA,2016,9.272766785246647,89.6722183227539
LCA,2017,9.302051752157631,88.9026336669922
LCA,2018,9.326690235162072,88.7150192260742
LCA,2019,9.312711743003463,88.3461303710938
LCA,2020,9.049328353427613,88.7376327514648
LCA,2022,9.328888544090454,87.6844863891602
LCA,2023,9.364406700084375,88.6818771362305
LCA,2024,9.408436609100125,87.8672424011515
LCN,1999,8.795121649854586,77.9945526123047
LCN,2000,8.816109174513425,79.3801193237305
LCN,2001,8.807478604057277,80.5385513305664
LCN,2002,8.796254753491977,87.1760711669922
LCN,2003,8.805203004728714,84.6531219482422
LCN,2004,8.8483295183981,86.362663269043
LCN,2005,8.876361508722532,86.6360015869141
LCN,2006,8.915769816166403,84.9996795654297
LCN,2007,8.955628394837488,86.1367721557617
LCN,2008,8.980370222816623,87.2585601806641
LCN,2009,8.94586832025922,88.1930999755859
LCN,2010,8.994676789094298,89.2363967895508
LCN,2011,9.026976105891977,89.7034530639648
LCN,2012,9.0424860175327,89.8471908569336
LCN,2013,9.058919698410117,94.7633285522461
LCN,2014,9.060703868902047,94.8695373535156
LCN,2015,9.053326017688763,95.0755462646484
LCN,2016,9.036550150921778,96.088623046875
LCN,2017,9.042919699930799,96.5442810058594
LCN,2018,9.046603443445422,97.567138671875
LCN,2019,9.041650887728721,97.6430587768555
LCN,2020,8.963538826706362,97.1172180175781
LCN,2021,9.026134236525966,97.418701171875
LCN,2022,9.06027931727582,97.0838012695312
LCN,2023,9.075227936316661,97.5462493896484
LCN,2024,9.090603230175573,98.0161209106445
LDC,1970,6.509373042362485,13.3520603179932
LDC,1971,6.503357326231274,13.0751895904541
LDC,1972,6.465373271210647,13.5402202606201
LDC,1973,6.461466860722187,13.8285598754883
LDC,1974,6.489852143927187,13.7780895233154
LDC,1975,6.470166205079855,13.9972696304321
LDC,1976,6.484120185167609,13.8205404281616
LDC,1977,6.479851024063711,14.1983804702759
LDC,1978,6.470378423401092,14.6993398666382
LDC,1979,6.462602681065985,15.3644199371338
LDC,1980,6.458910461494321,16.3742599487305
LDC,1981,6.460095230041946,16.0947799682617
LDC,1982,6.444842683596654,16.8710594177246
LDC,1983,6.434250315109017,17.6010608673096
LDC,1984,6.430872267359999,17.8984699249268
LDC,1985,6.421260763266174,17.7170696258545
LDC,1986,6.427991937647445,17.6192092895508
LDC,1987,6.4433582468621395,17.806360244751
LDC,1988,6.446582623156502,17.985330581665
LDC,1989,6.438721775395757,18.0824604034424
LDC,1990,6.412819927278686,17.7526397705078
LDC,1991,6.406435752183314,18.7234992980957
LDC,1992,6.382519999813276,19.4402198791504
LDC,1993,6.348967126734479,20.1533508300781
LDC,1994,6.3284960239274195,21.1718807220459
LDC,1995,6.3582722203595745,22.4542808532715
LDC,1996,6.386768556565437,23.3539695739746
LDC,1997,6.413088692453268,24.125919342041
LDC,1998,6.427212543017361,25.3922290802002
LDC,1999,6.441670974369501,26.3112392425537
LDC,2000,6.459461737779383,27.4039306640625
LDC,2001,6.4834734877605795,28.6258907318115
LDC,2002,6.511381038406318,29.7574100494385
LDC,2003,6.536732166999865,30.3732299804688
LDC,2004,6.576150095308807,30.7727508544922
LDC,2005,6.623616845935246,31.4332504272461
LDC,2006,6.665947985996841,32.636360168457
LDC,2007,6.71279868552276,33.4816093444824
LDC,2008,6.75208916715838,34.6614608764648
LDC,2009,6.769940022974305,36.3806381225586
LDC,2010,6.808370204803223,38.0077896118164
LDC,2011,6.814889358693468,38.9419898986816
LDC,2012,6.823621315039288,40.3623580932617
LDC,2013,6.8587944925732325,41.7432098388672
LDC,2014,6.88721518952627,42.8504791259766
LDC,2015,6.8910311413248975,43.4818801879883
LDC,2016,6.90483972597335,45.0734481811523
LDC,2017,6.925294646953016,45.3309783935547
LDC,2018,6.947199747661927,46.3452491760254
LDC,2019,6.970520912780605,46.6186790466309
LDC,2020,6.944796804403207,47.123161315918
LDC,2021,6.948723161034538,47.2416381835938
LDC,2022,6.972196235388703,47.1495704650879
LDC,2023,6.9794167935424705,46.8281211853027
LDC,2024,6.994458456598316,46.8867797851562
LKA,1970,6.6806895049764865,49.2505111694336
LKA,1971,6.672351795867609,51.6891899108887
LKA,1972,6.647947341083601,55.5601196289062
LKA,1973,6.696682078246182,55.263500213623
LKA,1974,6.715851566218113,53.3783683776855
LKA,1976,6.771875110851333,49.1049880981445
LKA,1980,6.922075867059851,54.1310386657715
LKA,1981,6.960713567723239,54.6156997680664
LKA,1982,6.988975358008978,55.0554695129395
LKA,1983,7.029327323305475,57.0993614196777
LKA,1984,7.075618873425712,59.2479705810547
LKA,1985,7.117800768224551,60.9637184143066
LKA,1986,7.1484694292678865,63.5448684692383
LKA,1987,7.153866819921034,78.7480316162109
LKA,1988,7.168163490100685,80.9314575195312
LKA,1989,7.180382544763597,82.8787994384766
LKA,1990,7.236043774009545,83.8623580932617
LKA,1991,7.273529672878338,83.5733489990234
LKA,1992,7.300696353460816,84.8462829589844
LKA,1993,7.3504420982477665,85.1434936523438
LKA,1994,7.3903611697731595,86.983772277832
LKA,1995,7.427352635756623,87.1477432250977
LKA,2010,8.004036222042396,92.3497085571289
LKA,2011,8.08097197542219,94.108642578125
LKA,2012,8.156163201997577,94.6744689941406
LKA,2013,8.223878179607409,95.1442636196356
LKA,2014,8.27637450442495,93.4926277980089
LKA,2015,8.308375490128181,94.4516928962286
LKA,2016,8.346343462186052,93.9037221276375
LKA,2017,8.397510127393447,94.0418660922689
LKA,2018,8.410283865008985,95.9107331693991
LKA,2021,8.37976214783532,89.8339685558794
LKA,2022,8.302301897139461,88.1918156520303
LKA,2023,8.288317153238237,87.9534065332114
LMY,1970,6.986805623840267,39.5843315124512
LMY,1971,7.021031481579545,26.5458698272705
LMY,1972,7.055907565604348,28.5845508575439
LMY,1973,7.098584219131494,30.5049896240234
LMY,1974,7.133355232898614,42.205940246582
LMY,1975,7.152688958466942,33.2816886901855
LMY,1976,7.191905409704373,33.8806304931641
LMY,1977,7.215928937206656,35.7401084899902
LMY,1978,7.230908527097681,36.4487686157227
LMY,1979,7.254033991262232,45.9321098327637
LMY,1980,7.27784575527146,37.2441482543945
LMY,1981,7.275507598250927,36.0608406066895
LMY,1982,7.28213943142179,36.5000114440918
LMY,1983,7.274962477706951,37.1519584655762
LMY,1984,7.29940723896769,37.3899002075195
LMY,1985,7.3214484166123555,41.6461791992188
LMY,1986,7.3367935590875355,38.8321189880371
LMY,1987,7.361109735189115,40.2899589538574
LMY,1988,7.380718673537132,41.1115684509277
LMY,1989,7.387902573586717,41.5560684204102
LMY,1990,7.398443502954022,45.9840202331543
LMY,1991,7.408049398434823,46.578670501709
LMY,1992,7.430918147626136,47.3530616760254
LMY,1993,7.4609439499078505,46.5011787414551
LMY,1994,7.492555001820027,47.2773895263672
LMY,1995,7.520120270056633,48.3869895935059
LMY,1996,7.562879931946283,49.8545188903809
LMY,1997,7.601095972263068,51.0345687866211
LMY,1998,7.6167578899047905,52.4584693908691
LMY,1999,7.63584708998874,52.5202102661133
LMY,2000,7.674045917809136,53.7373313903809
LMY,2001,7.694560388477513,54.6608695983887
LMY,2002,7.725211224461312,56.2143402099609
LMY,2003,7.7668225975456595,57.147518157959
LMY,2004,7.826914684098406,58.4568710327148
LMY,2005,7.88375544493188,59.4810905456543
LMY,2006,7.9485721923856465,60.5704383850098
LMY,2007,8.0192925100212,62.239818572998
LMY,2008,8.06300534815674,63.8776588439941
LMY,2009,8.087922008505945,64.9933013916016
LMY,2010,8.151853935052964,66.7154693603516
LMY,2011,8.199341427251682,67.8853988647461
LMY,2012,8.238735369360658,68.8329925537109
LMY,2013,8.27956510289994,69.9538726806641
LMY,2014,8.31610446879735,70.9552536010742
LMY,2015,8.348485131978416,71.0254516601562
LMY,2016,8.381021590249796,71.3257293701172
LMY,2017,8.419480543965545,71.0693130493164
LMY,2018,8.455111072434411,71.8182983398438
LMY,2019,8.483229247799903,72.2773895263672
LMY,2020,8.460292083171598,72.8933029174805
LMY,2021,8.521032593062579,73.7843627929688
LMY,2022,8.550761542945791,74.0918502807617
LMY,2023,8.586529573580334,73.8575210571289
LMY,2024,8.619628645046438,73.9114227294922
LSO,1970,5.741552251012882,11.6659202575684
LSO,1971,5.75579337022113,7.40993022918701
LSO,1972,5.718587052924662,8.04043960571289
LSO,1973,5.918203738515429,10.6573495864868
LSO,1975,5.808177468097273,11.9560203552246
LSO,1976,5.8808951192874055,12.6051902770996
LSO,1977,6.049274279378586,13.16858959198
LSO,1978,6.188985537519961,13.3007898330688
LSO,1979,6.188605019965079,15.6218900680542
LSO,1980,6.131664691898257,16.5639591217041
LSO,1981,6.109475393011338,17.9943504333496
LSO,1982,6.124046332712706,18.4677200317383
LSO,1983,6.1148326941286175,20.2916793823242
LSO,1984,6.140069220011393,20.9307994842529
LSO,1985,6.137494137749842,21.411169052124
LSO,1986,6.157895633041731,21.9388008117676
LSO,1987,6.143054409368669,23.6986198425293
LSO,1988,6.2043999551350835,24.6078605651856
LSO,1989,6.240483041813125,24.6540393829346
LSO,1990,6.280068002819558,24.4347400665283
LSO,1991,6.329515725327792,23.7894401550293
LSO,1992,6.380136455603721,24.8969306945801
LSO,1993,6.399522813625291,25.5844993591309
LSO,1994,6.444067743121018,27.5880794525146
LSO,1995,6.464212394953176,28.8052597045898
LSO,1996,6.507978335211145,28.3795795440674
LSO,1997,6.536410715328742,29.2610301971436
LSO,1998,6.546693547054458,28.7434997558594
LSO,1999,6.548850833238916,28.8400497436523
LSO,2000,6.586535269715017,28.7576808929443
LSO,2001,6.6230596925302265,30.2747707366943
LSO,2002,6.633362436496834,31.2329406738281
LSO,2003,6.682785687163368,32.0320014953613
LSO,2004,6.706609979454297,34.4488716125488
LSO,2005,6.749884940528971,36.768440246582
LSO,2006,6.795426862262083,38.4086112976074
LSO,2007,6.832243311366954,41.5562515258789
LSO,2008,6.879233746416341,44.7508811950684
LSO,2009,6.8593503668274725,49.1937294006348
LSO,2010,6.902977315122107,54.2426986694336
LSO,2011,6.9392512480179365,56.9506416320801
LSO,2012,6.99061587252604,59.0772018432617
LSO,2013,6.997553235169458,57.7590713500977
LSO,2014,7.0031108548852705,58.2575629391492
LSO,2015,7.022153493411392,59.3985096286536
LSO,2016,7.045417181308762,56.8386993408203
LSO,2017,7.001083193694294,59.3586515505342
LTE,1970,7.097545877259942,41.0458602905273
LTE,1971,7.155823923013712,43.1067886352539
LTE,1972,7.2100378861391805,48.3341102600098
LTE,1973,7.283142002273662,53.42919921875
LTE,1974,7.312387119423841,56.6498489379883
LTE,1975,7.337628635513119,57.0292587280273
LTE,1976,7.385476611959899,57.5469093322754
LTE,1977,7.431821495719022,57.9474105834961
LTE,1978,7.481546413773182,56.0042495727539
LTE,1979,7.541810196787833,58.1877517700195
LTE,1980,7.598155715399463,53.406551361084
LTE,1981,7.585432996561416,49.5426406860352
LTE,1982,7.589374044978819,48.4398498535156
LTE,1983,7.591959975428863,47.6951484680176
LTE,1984,7.653058222922234,46.8293418884277
LTE,1985,7.708532581985995,42.7462615966797
LTE,1986,7.749829073980091,47.4603691101074
LTE,1987,7.796789856190672,49.8111190795898
LTE,1988,7.8314631706751925,51.4480285644531
LTE,1989,7.862877417915616,52.64208984375
LTE,1990,7.851766432219433,54.1241607666016
LTE,1991,7.844188656502104,55.6494102478027
LTE,1992,7.84042536081032,57.8067092895508
LTE,1993,7.871785717198615,59.4453506469727
LTE,1994,7.904754807762819,60.2202415466309
LTE,1995,7.949725674244283,61.5519905090332
LTE,1996,7.989645325420202,63.9141082763672
LTE,1997,8.0349366698506,65.7461471557617
LTE,1998,8.053977090269864,67.4991683959961
LTE,1999,8.090922434352484,68.6296310424805
LTE,2000,8.150978984655252,69.2597198486328
LTE,2001,8.194340217196386,70.8619537353516
LTE,2002,8.246297420086629,72.6885375976562
LTE,2003,8.306306022352667,72.5306701660156
LTE,2004,8.378838234475536,74.2994384765625
LTE,2005,8.447629913951525,76.2580413818359
LTE,2006,8.530142193814152,78.1073303222656
LTE,2007,8.620860307548694,80.9235076904297
LTE,2008,8.681629296106106,83.8880767822266
LTE,2009,8.71222030477791,87.5172729492188
LTE,2010,8.783688362793443,89.2665405273438
LTE,2011,8.846683326399619,90.4561080932617
LTE,2012,8.896537229088961,90.4590301513672
LTE,2013,8.944232292040473,92.3821182250977
LTE,2014,8.988467458974732,91.3620910644531
LTE,2015,9.027814741101588,90.5664978027344
LTE,2016,9.06485025589002,90.0658874511719
LTE,2017,9.109538757000898,90.0732574462891
LTE,2018,9.157057771261345,90.9479675292969
LTE,2019,9.198886657714887,92.0392837524414
LTE,2020,9.198092314288834,92.259880065918
LTE,2021,9.269571875459338,93.1393737792969
LTE,2022,9.300358462128425,93.5337371826172
LTE,2023,9.34265661193453,93.8114471435547
LTE,2024,9.385808540550627,94.1665420532227
LTU,2001,8.832664315821049,99.6236419677734
LTU,2002,8.905728864712287,102.291709899902
LTU,2003,9.014166517130162,105.020172119141
LTU,2004,9.088390340225851,103.009536743164
LTU,2005,9.179145691791812,104.49723815918
LTU,2006,9.266457395918302,107.004852294922
LTU,2007,9.383398700866026,106.929290771484
LTU,2008,9.419346031266365,106.108779907227
LTU,2009,9.269827443918208,104.755882263184
LTU,2010,9.29505977471369,105.068267822266
LTU,2011,9.378961846276315,106.008163452148
LTU,2012,9.43481251284963,106.17350769043
LTU,2013,9.483858122194823,108.811836242676
LTU,2014,9.529026046974057,107.746429443359
LTU,2015,9.565900974414994,106.955902099609
LTU,2016,9.603942536356517,106.39778137207
LTU,2017,9.66116113904556,107.223350524902
LTU,2018,9.717453240633645,106.866737365723
LTU,2019,9.766047038279611,106.835861206055
LTU,2020,9.766731266286294,106.810821533203
LTU,2021,9.829425937275333,105.67610168457
LTU,2022,9.845532261123843,106.918357849121
LTU,2023,9.838891977222683,105.428817749023
LTU,2024,9.862947561442585,104.860809326172
LUX,2001,11.453697220234687,95.656379699707
LUX,2002,11.474964292429998,95.4434585571289
LUX,2003,11.488667636688167,94.9043197631836
LUX,2004,11.51589063447312,94.1919326782227
LUX,2005,11.525112002873286,93.7901229858398
LUX,2006,11.567587241751982,94.220832824707
LUX,2007,11.630016229895714,94.9079666137695
LUX,2008,11.609113956065205,95.75830078125
LUX,2010,11.576330734059738,100.080001831055
LUX,2011,11.564492839082202,100.420967102051
LUX,2012,11.556839934456814,100.609519958496
LUX,2013,11.564952432522976,103.469413757324
LUX,2014,11.567275399860009,104.596977233887
LUX,2015,11.566106096767557,104.379188537598
LUX,2016,11.593135409684555,106.08519744873
LUX,2017,11.581910853760451,106.78434753418
LUX,2018,11.578607031358436,106.983123779297
LUX,2019,11.586100640467407,106.946510314941
LUX,2020,11.564323485350888,107.078948974609
LUX,2021,11.61614172076635,106.482757568359
LUX,2022,11.584940256197747,107.83975982666
LUX,2023,11.565733875261605,107.744010925293
LUX,2024,11.553559710265946,108.577438354492
LVA,2001,8.829582817661262,92.8558120727539
LVA,2002,8.915060099049965,95.2927322387695
LVA,2003,9.005650724624015,96.5377883911133
LVA,2004,9.100216745757315,99.2952423095703
LVA,2005,9.22091057163862,102.686317443848
LVA,2006,9.350751219120642,103.965400695801
LVA,2007,9.457984591626825,103.921241760254
LVA,2008,9.43401934025724,104.897567749023
LVA,2009,9.275699666271167,99.4204025268555
LVA,2010,9.259213068197027,102.822158813477
LVA,2011,9.30733234061311,105.565788269043
LVA,2012,9.390243234974816,106.344802856445
LVA,2013,9.421697828426328,114.776809692383
LVA,2014,9.451848434321084,113.706932067871
LVA,2015,9.49717022995096,112.356651306152
LVA,2016,9.531505822621467,111.296806335449
LVA,2017,9.573792587331301,110.723251342773
LVA,2018,9.62377826726125,109.155700683594
LVA,2019,9.637461682130624,107.602462768555
LVA,2020,9.609165455290974,105.956283569336
LVA,2021,9.684719913140645,105.814010620117
LVA,2022,9.706339110292909,104.764526367188
LVA,2023,9.694578733235156,102.126243591309
LVA,2024,9.703587791885003,101.252647399902
MAC,2001,10.38719917207225,82.3632736206055
MAC,2002,10.462185532448345,85.1063385009766
MAC,2003,10.560533288055975,88.1465911865234
MAC,2004,10.771972229658243,92.5055236816406
MAC,2005,10.809140711434445,92.0361480712891
MAC,2006,10.882569115007819,92.9831237792969
MAC,2007,10.974662140050928,94.0301895141602
MAC,2008,10.970718018974592,89.8171920776367
MAC,2009,10.99421609625914,89.3067169189453
MAC,2010,11.214452820147848,91.1610379698531
MAC,2011,11.387010381572154,94.9301234316026
MAC,2012,11.442426665720985,97.4283454689247
MAC,2013,11.503425462796491,98.6075581395349
MAC,2014,11.433707388353238,101.75873015873
MAC,2015,11.154863281747343,100.96644295302
MAC,2016,11.13300151005989,99.4636678200692
MAC,2017,11.233874387213065,97.4219858156028
MAC,2018,11.2794619786995,92.7108013937282
MAC,2019,11.234858456985046,90.6689895470383
MAC,2020,10.42980582765803,88.5771812080537
MAC,2021,10.63667815134023,88.5480769230769
MAC,2022,10.434136786108482,90.2211838006231
MAC,2023,10.993301186740704,92.5810397553517
MAC,2024,11.056860925058102,94.6616766467066
MAR,1971,6.9747830699207265,12.3752899169922
MAR,1972,6.973742563997111,12.5155296325684
MAR,1973,6.983969377814852,12.9321203231812
MAR,1974,7.013947199415489,13.4892797470093
MAR,1975,7.062865877404373,14.5468301773071
MAR,1976,7.1413805213450035,16.969669342041
MAR,1977,7.174823381905032,17.943510055542
MAR,1978,7.170927697874569,19.3969993591309
MAR,1979,7.191584755380759,21.170389175415
MAR,1980,7.200608983537721,22.6287708282471
MAR,1981,7.156061035354821,24.201509475708
MAR,1982,7.215231361965032,26.3986091613769
MAR,1983,7.202887950730422,28.1787605285644
MAR,1984,7.240007109229694,29.7576999664307
MAR,1985,7.2744507961244365,31.4513397216797
MAR,1986,7.34123651666034,34.0101699829102
MAR,1987,7.318008871425522,35.6315002441406
MAR,1988,7.410956008548191,37.1689414978027
MAR,1989,7.420418739258726,36.576301574707
MAR,1990,7.435813450576074,36.7552490234375
MAR,1991,7.488160779648059,35.1155700683594
MAR,1992,7.450325170663488,35.8082809448242
MAR,1993,7.426971869445767,36.334529876709
MAR,1994,7.51255234060141,37.4641494750977
MAR,1995,7.44158325380952,37.7668609619141
MAR,1996,7.542569837230199,38.1681900024414
MAR,1997,7.5115074956629435,38.4689292907715
MAR,1998,7.566176677859204,37.5191497802734
MAR,1999,7.568109995927847,37.9945106506348
MAR,2000,7.579240196479818,39.6924896240234
MAR,2001,7.639625964710423,41.3156585693359
MAR,2002,7.662706188328304,43.0969085693359
MAR,2003,7.709566788935801,44.651439666748
MAR,2004,7.741134633562479,47.3964385986328
MAR,2005,7.758826632988372,49.1547889709473
MAR,2006,7.820035146049843,52.2258186340332
MAR,2007,7.84016154894035,55.3458595275879
MAR,2008,7.881781075892298,57.666561126709
MAR,2009,7.904949826035702,60.7418212890625
MAR,2010,7.925534243974052,63.0757983249551
MAR,2011,7.965385597362547,66.0255284774218
MAR,2012,7.981887166021355,68.7358726261435
MAR,2017,8.084144413923577,78.2157249451868
MAR,2018,8.103104581788365,78.470919593794
MAR,2019,8.121105825100972,79.3440512967066
MAR,2020,8.036215741323845,80.3087996541375
MAR,2021,8.104440853641634,80.740396321068
MAR,2022,8.112201457576917,84.4553724029251
MAR,2023,8.13775162669961,87.7346312462207
MAR,2024,8.1651230726161,89.9834863018408
MCO,1971,11.232728526689973,141.329483032227
MCO,1972,11.266593460373429,148.426574707031
MCO,1978,11.413174691294508,153.11653137207
MCO,1983,11.46003809218901,157.783386230469
MCO,1991,11.571389336006936,139.180404663086
MCO,1992,11.576444473753766,145.223587036133
MCO,1994,11.57350160284807,150.797866821289
MCO,1995,11.587021637376381,151.857757568359
MCO,1996,11.590880476837794,154.709945678711
MCO,1997,11.605932794633732,154.002136230469
MCO,1998,11.634023457586009,154.155639648438
MCO,1999,11.66207388446852,150.078079223633
MCO,2000,11.699043553767568,149.82096862793
MCO,2008,12.002999305380305,147.5048828125
MCO,2016,12.061740901171527,153.586303710938
MCO,2024,12.41783205796018,158.546615600586
MDA,2010,7.727319739910406,87.9811349895035
MDA,2011,7.784450123967318,87.7193726926085
MDA,2012,7.778666421877294,88.1958686665424
MDA,2013,7.865514311622449,88.3360494330142
MDA,2014,7.914910633093125,104.382597025321
MDA,2015,7.9191930393679435,105.06970563726
MDA,2016,7.976236439923537,106.047154912204
MDA,2017,8.03441489110945,94.3536367146469
MDA,2018,8.091932263900603,95.915919225487
MDA,2019,8.14284217837886,95.6507638474012
MDA,2020,8.06743661337088,96.1733374702658
MDA,2021,8.212884945475608,96.5853430388789
MDA,2022,8.191502705235212,97.6136725974109
MDA,2023,8.231740317629335,97.8896863952854
MDA,2024,8.257273980363555,99.3439166347193
MDG,1971,6.738737488003276,10.2149801254272
MDG,1972,6.696446567465478,10.0491800308228
MDG,1974,6.630066299283746,10.3121795654297
MDG,1979,6.550345037503577,12.6421298980713
MDG,1980,6.529565819812493,16.316520690918
MDG,1984,6.315594881129149,32.1039390563965
MDG,1988,6.27670640012257,19.2210502624512
MDG,1989,6.287561919576363,17.5318908691406
MDG,1990,6.288854857478194,17.1746501922607
MDG,2005,6.111368068303234,20.3285102844238
MDG,2006,6.134569456185471,22.8831806182861
MDG,2007,6.16075460811433,25.2112007141113
MDG,2008,6.1963706737516615,27.4633598327637
MDG,2009,6.1264100282074745,28.5682106018066
MDG,2011,6.090755788356576,34.1198081970215
MDG,2012,6.092760187621575,35.3920151133501
MDG,2014,6.094345698975503,35.8148702330413
MDG,2015,6.098793280884405,36.1207695007324
MDG,2016,6.111814495049767,36.0765113830566
MDG,2017,6.124359179862155,34.7709486382629
MDG,2018,6.129769706715298,34.6266095687665
MDG,2019,6.146923114484069,32.8161749019587
MDG,2021,6.067497155248701,34.1320359801924
MDV,1970,7.330046605570354,1.76689994335175
MDV,1971,7.350309030178551,1.71446001529694
MDV,1980,7.62318041533598,3.65567994117737
MDV,1981,7.706309324509247,4.29443979263306
MDV,1982,7.64779865187399,6.36986017227173
MDV,1983,7.771292292604454,9.11466026306152
MDV,1994,8.527865308449982,50.5310592651367
MDV,1995,8.626991262234979,53.0536613464355
MDV,1996,8.680683959705803,56.3062782287598
MDV,1997,8.74109782422269,65.210319519043
MDV,1998,8.794805494110259,34.7156295776367
MDV,1999,8.837683024400802,40.2892417907715
MDV,2000,8.858949366421173,51.4409103393555
MDV,2001,8.802018745201105,61.0277481079102
MDV,2002,8.855414709827501,61.3511009216309
MDV,2003,8.96766902254367,67.9700698852539
MDV,2004,9.008764564836648,67.8094329833984
MDV,2010,9.055967577850883,70.0468136514648
MDV,2011,9.105625638173144,72.8434927609116
MDV,2012,9.094667011116872,71.9760042609256
MDV,2013,9.128406401053926,68.3872693233485
MDV,2014,9.170775775980983,72.9110894145066
MDV,2015,9.174185236364064,73.441380211737
MDV,2016,9.201206454187805,70.014084045724
MDV,2017,9.23632961818517,69.7419183184781
MDV,2018,9.286735895138706,68.5727820261217
MDV,2019,9.323215863071058,68.0857601310983
MDV,2020,8.895027008552418,69.8982015609094
MDV,2022,9.3001807402514,73.5234576648616
MDV,2023,9.344830742634372,79.3565296847573
MEA,1970,8.006294730395908,30.8565406799316
MEA,1971,8.064165400708555,28.5780906677246
MEA,1972,8.163486862764588,29.5723991394043
MEA,1973,8.24056430850472,29.2905101776123
MEA,1974,8.295134122663038,30.032190322876
MEA,1975,8.266594161596055,31.4245300292969
MEA,1976,8.365768208468612,32.6207695007324
MEA,1977,8.372432898715543,33.9081382751465
MEA,1978,8.339395884836092,35.0145492553711
MEA,1979,8.362963934582494,29.6939506530762
MEA,1980,8.345800391597821,36.0394096374512
MEA,1981,8.31940371958425,36.6129112243652
MEA,1982,8.274972599765439,37.2314987182617
MEA,1983,8.239088940468479,37.973949432373
MEA,1984,8.208114199473675,38.7392807006836
MEA,1985,8.182069627253542,39.5923690795898
MEA,1986,8.135291674696951,40.8056983947754
MEA,1987,8.113980968547,41.639030456543
MEA,1988,8.10631144684691,42.1087417602539
MEA,1989,8.114116170846145,42.8814315795898
MEA,1990,8.162856724588494,44.853931427002
MEA,1991,8.156535706671377,46.0198516845703
MEA,1992,8.18850829404706,46.560001373291
MEA,1993,8.185351246095095,47.0921516418457
MEA,1994,8.189803185502543,48.5123291015625
MEA,1995,8.196361472062382,48.5079612731934
MEA,1996,8.22156539790425,48.1639709472656
MEA,1997,8.238038814694361,48.8779106140137
MEA,1998,8.254943302321669,49.5463714599609
MEA,1999,8.258623965544142,49.9172286987305
MEA,2000,8.296988812664281,50.2143783569336
MEA,2001,8.293519533394578,50.4005889892578
MEA,2002,8.291773000108869,50.4098815917969
MEA,2003,8.31381041434139,50.7011184692383
MEA,2004,8.366575454350226,51.7388687133789
MEA,2005,8.394249470252298,51.4207801818848
MEA,2006,8.428305794092838,53.4668083190918
MEA,2007,8.455478442814137,53.3521614074707
MEA,2008,8.474722112271971,53.9880104064941
MEA,2009,8.462360718149812,54.9664688110352
MEA,2010,8.48809947781318,55.212589263916
MEA,2011,8.503253783116811,56.6907615661621
MEA,2012,8.522762467158831,57.1146392822266
MEA,2013,8.524727411744843,55.8841400146484
MEA,2014,8.53524846677939,56.3870697021484
MEA,2015,8.542911577442746,57.3701782226562
MEA,2016,8.568707315500406,58.2178192138672
MEA,2017,8.572621512784359,58.3111190795898
MEA,2018,8.580529896281863,59.3685111999512
MEA,2019,8.579445003720778,60.1695289611816
MEA,2020,8.524962363814753,60.7267608642578
MEA,2021,8.559378764653118,61.3739013671875
MEA,2022,8.60281898271349,62.4220314025879
MEA,2023,8.605909519897002,64.1539916992188
MEA,2024,8.609842978743698,65.7879486083984
MEX,2000,9.167638455470653,71.1195831298828
MEX,2001,9.148289500043115,72.8832092285156
MEX,2002,9.131543764230113,75.1482925415039
MEX,2003,9.129346851332476,78.5541915893555
MEX,2004,9.150727275536402,79.7827072143555
MEX,2005,9.15815376319475,80.6305389404297
MEX,2006,9.191547694779059,82.7013931274414
MEX,2007,9.198034496968853,84.0887069702148
MEX,2008,9.192822036515162,86.0763092041016
MEX,2009,9.11318155408587,85.9423217773438
MEX,2010,9.147301229756302,87.2729263305664
MEX,2011,9.167008394389159,88.3800888061523
MEX,2012,9.188352169827196,90.6936187744141
MEX,2013,9.183864005595144,93.2623062133789
MEX,2014,9.196493064363933,97.3196868896484
MEX,2015,9.21246198090763,100.982269287109
MEX,2016,9.2203404164037,102.871368408203
MEX,2017,9.229532295068868,105.11018371582
MEX,2018,9.239595156557186,105.964653015137
MEX,2019,9.226159077589305,105.515609741211
MEX,2020,9.130717301987913,102.58154296875
MEX,2021,9.182769443029882,98.3202514648438
MEX,2022,9.21166428748381,98.3576583862305
MEX,2023,9.233537625763944,102.055458068848
MEX,2024,9.23834784459323,103.093322753906
MHL,1999,8.005550533438818,72.5843811035156
MHL,2002,8.10844608701371,78.4224166870117
MHL,2003,8.088553344481568,73.5776977539062
MHL,2004,8.081522241251008,77.7290267944336
MHL,2005,8.097056185279417,73.762451171875
MHL,2006,8.09715869974456,79.1771087646484
MHL,2007,8.132553254681103,82.46044921875
MHL,2008,8.053970288057013,84.7516632080078
MHL,2009,8.090178414762207,83.8652801513672
MHL,2015,8.233328958344115,83.1655992680695
MHL,2016,8.280671655303356,84.9683299860961
MHL,2019,8.549237253655399,92.6458959354737
MHL,2020,8.551125963822487,92.9692504804612
MHL,2021,8.604346015763062,94.7273914462945
MHL,2022,8.628996415929873,91.7037811279297
MHL,2023,8.605225672745899,89.551989301237
MHL,2024,8.671206894323893,85.7558637219654
MIC,1970,7.0167195737972685,40.8476905822754
MIC,1971,7.051445670149157,27.064790725708
MIC,1972,7.087737697832335,29.1904392242432
MIC,1973,7.132104802157393,31.2311401367188
MIC,1974,7.16717866369743,43.7212715148926
MIC,1975,7.187223945536994,34.1845207214355
MIC,1976,7.227530279322898,34.8022804260254
MIC,1977,7.252335918201613,36.7000999450684
MIC,1978,7.2687775300592925,37.365650177002
MIC,1979,7.293328883499233,47.375358581543
MIC,1980,7.317722362142266,38.1161918640137
MIC,1981,7.315012304659785,36.8292617797852
MIC,1982,7.322205195539068,37.2631607055664
MIC,1983,7.315379575443686,37.9498405456543
MIC,1984,7.341579846989081,38.2285003662109
MIC,1985,7.36488236932331,42.7973098754883
MIC,1986,7.38085320713041,39.837890625
MIC,1987,7.405468713533105,41.4298515319824
MIC,1988,7.425604840333354,42.3365516662598
MIC,1989,7.433888578943368,42.8832092285156
MIC,1990,7.446087025947649,47.7032585144043
MIC,1991,7.456528364879497,48.3991394042969
MIC,1992,7.481173682942226,49.3227691650391
MIC,1993,7.513038612222619,48.4718589782715
MIC,1994,7.546279700653776,49.3241004943848
MIC,1995,7.574675582386303,50.5182418823242
MIC,1996,7.618507558125355,52.1310005187988
MIC,1997,7.657599723681039,53.3932189941406
MIC,1998,7.674036278961771,54.8760414123535
MIC,1999,7.6943399371474985,54.9510383605957
MIC,2000,7.733934763930406,56.2715682983398
MIC,2001,7.755231660508166,57.2365684509277
MIC,2002,7.786983716414245,58.9142913818359
MIC,2003,7.830183672368819,59.8883285522461
MIC,2004,7.8917755402180685,61.2805709838867
MIC,2005,7.95005716820103,62.4111709594727
MIC,2006,8.016754752261974,63.571460723877
MIC,2007,8.089381888655726,65.4499816894531
MIC,2008,8.13456037355976,67.2119522094727
MIC,2009,8.160917644985666,68.4498825073242
MIC,2010,8.22643534262711,70.3685913085938
MIC,2011,8.276441547621847,71.6623611450195
MIC,2012,8.318678504665291,72.7215118408203
MIC,2013,8.360937282819721,74.23779296875
MIC,2014,8.398849465291335,75.3227767944336
MIC,2015,8.433290740249987,75.5099182128906
MIC,2016,8.467682152600476,75.8787307739258
MIC,2017,8.508002402394128,75.5810470581055
MIC,2018,8.545548948360384,76.4622573852539
MIC,2019,8.57554790594852,77.0252304077148
MIC,2020,8.554326536862263,77.8046035766602
MIC,2021,8.617775981235953,78.8162002563477
MIC,2022,8.649548614627523,79.2273635864258
MIC,2023,8.687889603997997,79.09912109375
MIC,2024,8.723219546230757,79.1449584960938
MKD,1993,7.988974351348517,71.7445907592773
MKD,1994,7.978331177450115,74.5968399047852
MKD,1995,7.964180832844667,76.49169921875
MKD,1996,7.968972044516914,77.9553298950195
MKD,1997,7.991092776716138,78.6834030151367
MKD,1998,8.019000710347171,80.0566482543945
MKD,1999,8.056695971106913,81.3828735351562
MKD,2000,8.096628457873,83.5768890380859
MKD,2001,8.061273955781283,84.2949676513672
MKD,2002,8.083362757975165,83.9654083251953
MKD,2003,8.104074995499568,83.6575317382812
MKD,2004,8.15299442814708,83.2468414306641
MKD,2005,8.204552378676441,83.6800384521484
MKD,2007,8.328604086051813,84.0014801025391
MKD,2008,8.387665366133492,84.0322494506836
MKD,2009,8.390541044147287,84.1355972290039
MKD,2010,8.429970557594938,85.4283828735352
MKD,2012,8.457029446518554,85.8300170898438
MKD,2013,8.48955081431236,83.8025588989258
MKD,2014,8.527885823401416,83.6949768066406
MKD,2015,8.568396958460816,84.9836273193359
MKD,2017,8.614468462655624,84.6865386962891
MKD,2018,8.647939544764558,83.3533935546875
MKD,2019,8.693091623035492,82.5312805175781
MKD,2020,8.655863493690106,82.4416732788086
MKD,2021,8.710277150432288,84.1619567871094
MKD,2022,8.74043709121867,91.4516372680664
MKD,2023,8.767795043598106,90.0724868774414
MLI,1971,6.303151092842746,4.43847990036011
MLI,1972,6.343497817332034,4.5244197845459
MLI,1973,6.311504029964181,4.8952898979187
MLI,1974,6.278320009428983,5.23416996002197
MLI,1975,6.370316847127806,5.86942005157471
MLI,1976,6.480103558731925,6.51414012908935
MLI,1977,6.523152906545945,7.1490797996521
MLI,1978,6.489042647571111,7.98859977722168
MLI,1979,6.568002233499134,8.63416957855225
MLI,1980,6.502948837235177,8.50821971893311
MLI,1981,6.503877211180282,6.76772022247315
MLI,1982,6.394507479595534,7.80500984191895
MLI,1983,6.349304034204999,7.06586980819702
MLI,1984,6.2993456158938095,7.14566993713379
MLI,1985,6.403230205591168,6.44339990615845
MLI,1987,6.351883829743817,5.73989009857178
MLI,1988,6.437040007427378,5.81433010101318
MLI,1989,6.453748277935849,6.38579988479614
MLI,1990,6.379741796433529,6.28541994094849
MLI,1991,6.479067215686789,6.69352006912231
MLI,1992,6.406992790464933,7.59688997268677
MLI,1993,6.428709983741052,7.64638996124268
MLI,1994,6.4615947447833255,8.70135021209717
MLI,1995,6.447186120809662,9.73880958557129
MLI,1996,6.487345568521409,10.2479295730591
MLI,1997,6.505006967036806,11.1060304641724
MLI,1998,6.54409365929548,12.0371999740601
MLI,1999,6.5622770547511236,13.5656700134277
MLI,2000,6.525758747493748,15.6529197692871
MLI,2003,6.70295307521519,19.7679595947266
MLI,2004,6.6852388018973326,21.5015201568604
MLI,2005,6.677553537409113,23.2651901245117
MLI,2006,6.680980809962873,25.1828804016113
MLI,2007,6.665548568540009,27.6904392242432
MLI,2008,6.66842710917962,31.0381298065186
MLI,2009,6.688960680909535,34.0355415344238
MLI,2010,6.7107438969977755,36.7189206176726
MLI,2011,6.707350030615608,38.7492137225876
MLI,2013,6.670537458421474,39.2758121397099
MLI,2014,6.701930465416038,41.2349114693214
MLI,2015,6.731161132497182,38.9892238642006
MLI,2016,6.757807675312093,40.0999948578594
MLI,2017,6.778285738288648,38.5485805738327
MLI,2018,6.794562305987584,37.9832691019192
MLI,2023,6.7942385018632985,38.9389470920545
MLT,2001,9.73629436122793,90.7193222045898
MLT,2002,9.755881678639488,91.1574630737305
MLT,2003,9.785571775838141,93.1107406616211
MLT,2004,9.782920761111287,104.41886138916
MLT,2005,9.804951485451275,101.806327819824
MLT,2006,9.824401291158187,97.5271606445312
MLT,2007,9.870050528040338,100.52220916748
MLT,2008,9.906704960601118,101.423049926758
MLT,2010,9.940332284113836,105.11385345459
MLT,2011,9.945968392916484,94.1126708984375
MLT,2012,9.977174176781398,95.5169982910156
MLT,2013,10.026876520412557,96.430793762207
MLT,2014,10.080212459903496,95.6191711425781
MLT,2015,10.147596557588672,93.432373046875
MLT,2016,10.164678050753091,92.2248611450195
MLT,2017,10.259294747390365,99.5694808959961
MLT,2018,10.293391930920295,100.396072387695
MLT,2019,10.292912977147441,100.816368103027
MLT,2020,10.23501211678321,100.112777709961
MLT,2021,10.355184099191574,101.402908325195
MLT,2022,10.356071324875137,101.95467376709
MLT,2023,10.417203511533016,103.027229309082
MMR,1971,4.954585439415896,20.4729804992676
MMR,1972,4.9565616093315485,20.8615207672119
MMR,1973,4.926013819027061,21.6190299987793
MMR,1976,5.019803326305485,21.7507495880127
MMR,1977,5.058393944567041,20.4539394378662
MMR,1978,5.102049531723148,20.0099697113037
MMR,1979,5.1334393807750756,21.2374591827393
MMR,1980,5.1906686846345504,21.4256401062012
MMR,1981,5.233458652812644,22.5248794555664
MMR,1982,5.269716545965138,24.1784496307373
MMR,1983,5.293169858339467,25.0145397186279
MMR,1984,5.320587261162256,24.8762493133545
MMR,1985,5.3287448407458005,24.6564102172852
MMR,1986,5.2993946700748324,24.9022808074951
MMR,1987,5.2410677766373714,25.7983493804932
MMR,1988,5.10412816686895,25.7227306365967
MMR,1989,5.124641453466938,26.9588298797607
MMR,1990,5.1371706523464695,21.2080993652344
MMR,1991,5.116258414955474,23.5711708068848
MMR,1992,5.194806402843188,25.6039505004883
MMR,1993,5.240055242727788,25.8163299560547
MMR,1994,5.298941114683701,27.0055809020996
MMR,1995,5.3531162798035705,30.4615497589111
MMR,1999,5.581446597320012,35.3725395202637
MMR,2000,5.699072950589988,39.3193206787109
MMR,2001,5.7959783333535215,40.303840637207
MMR,2002,5.8995022075567665,41.8484497070312
MMR,2003,6.0198060167636935,42.1795806884766
MMR,2004,6.138439836098998,45.0282783508301
MMR,2005,6.25785826852312,45.6932487487793
MMR,2006,6.37346581974586,47.5437698364258
MMR,2007,6.479629952813736,47.3708114624023
MMR,2008,6.57175151923277,49.9790115356445
MMR,2009,6.666492121073843,49.9621315002441
MMR,2010,6.751022492737562,50.8663902282715
MMR,2014,7.002377838339691,57.1178512573242
MMR,2016,7.111005576897016,67.7588500976562
MMR,2017,7.162834681045915,72.3457412719727
MMR,2018,7.216392485398779,77.0191497802734
MNE,2003,8.429695481664485,91.9459609985352
MNE,2004,8.471232310406615,90.45458984375
MNE,2005,8.510708783202205,91.0373306274414
MNE,2006,8.591657749908888,92.1242370605469
MNE,2007,8.659219984894689,92.5225219726562
MNE,2008,8.724155764719773,93.0311737060547
MNE,2009,8.66019412347567,95.6065979003906
MNE,2010,8.685739488027894,98.99609375
MNE,2011,8.717789619015496,93.1708908081055
MNE,2012,8.69087357481033,92.6130599975586
MNE,2015,8.767329156720102,91.863410949707
MNE,2016,8.80002079578283,90.5575180053711
MNE,2017,8.830675800193273,90.6022262573242
MNE,2018,8.876190925394813,91.4442672729492
MNE,2019,8.91868941734561,91.84033203125
MNE,2020,8.756517427251728,92.3578720092773
MNE,2021,8.881600336407983,93.1638412475586
MNE,2022,8.958488603513848,92.1609725952148
MNE,2023,9.021359645252147,93.8724975585938
MNG,1981,7.262261259659126,83.7938919067383
MNG,1983,7.350793273832574,83.7689819335938
MNG,1986,7.478898853641603,87.8364562988281
MNG,1990,7.508489010955879,88.4407806396484
MNG,1991,7.386284867616498,84.0260772705078
MNG,1992,7.288022006039152,75.9128189086914
MNG,1993,7.257048973289618,66.22705078125
MNG,1994,7.267023366759415,64.9035797119141
MNG,1995,7.312730235057171,61.4506797790527
MNG,1996,7.319420600198685,61.9549293518066
MNG,1997,7.343478611280729,59.6888008117676
MNG,1998,7.362440402770404,60.1162796020508
MNG,1999,7.378579533082161,58.8111114501953
MNG,2000,7.3767038646188245,62.4367294311523
MNG,2001,7.3935470683440405,69.4697723388672
MNG,2002,7.426937897613762,74.5482330322266
MNG,2003,7.4819213064828745,82.2682495117188
MNG,2004,7.571660365167494,88.4728012084961
MNG,2005,7.630588283925541,92.1028823852539
MNG,2006,7.700631596754892,92.3052825927734
MNG,2009,7.823537751687497,98.5075302124023
MNG,2010,7.86774639284731,91.1776885986328
MNG,2018,8.338988508131704,91.2949725153641
MNG,2019,8.375126437968385,88.7463471502002
MNG,2020,8.310423382945018,95.3826370696027
MNG,2021,8.309808981404466,98.3276220923038
MNG,2022,8.344240143608863,93.5508272676123
MNG,2023,8.40212712345176,96.8181201904352
MOZ,1980,5.527711538856367,6.10693979263306
MOZ,1981,5.556251084854777,5.73678016662598
MOZ,1982,5.462846077056647,7.90374994277954
MOZ,1983,5.271180750069649,8.64636039733887
MOZ,1985,5.1753250208436015,7.58930015563965
MOZ,1986,5.134549420268712,7.52107000350952
MOZ,1987,5.267635982089733,5.74429988861084
MOZ,1990,5.398384310835689,7.79364013671875
MOZ,1991,5.426986428212213,7.75373983383179
MOZ,1992,5.32882041987613,7.39231014251709
MOZ,1993,5.400984869141129,7.42799997329712
MOZ,1994,5.395800562239206,7.3242301940918
MOZ,1995,5.356993030911438,7.30357980728149
MOZ,1999,5.675245880533787,5.06928014755249
MOZ,2000,5.66084237166771,5.94095993041992
MOZ,2001,5.75948741806728,6.66658020019531
MOZ,2002,5.829343686083938,8.2307596206665
MOZ,2004,5.932417475218029,10.5598001480103
MOZ,2005,5.970495623270462,12.95458984375
MOZ,2006,6.041507409096922,15.2163000106812
MOZ,2007,6.091422034290103,17.9137401580811
MOZ,2008,6.133283708601263,20.1720008850098
MOZ,2009,6.164972751093582,22.9890193939209
MOZ,2010,6.202865137097766,25.1208838457009
MOZ,2011,6.243914358470833,26.0157578808472
MOZ,2012,6.292114394176851,25.6446165136399
MOZ,2013,6.326853972138992,34.4439086914062
MOZ,2014,6.372067668344984,33.95458984375
MOZ,2015,6.414382751168728,34.5285606384277
MOZ,2017,6.427131768870941,37.2411918640137
MRT,1972,7.469598959484878,2.91083002090454
MRT,1981,7.395527162374963,10.585000038147
MRT,1986,7.316782645306679,14.6190004348755
MRT,1987,7.3068122704000205,15.0007295608521
MRT,1988,7.2949819848028055,15.1404695510864
MRT,1989,7.316542518569185,14.6607999801636
MRT,1990,7.273335545073743,13.6398897171021
MRT,1991,7.261846056085127,13.3553495407104
MRT,1992,7.242146902107048,13.7204504013062
MRT,1993,7.258774671128621,14.2717399597168
MRT,1994,7.193721293921768,14.7440795898438
MRT,1995,7.2599591686008536,15.3250598907471
MRT,1996,7.296744207877507,15.831000328064
MRT,1997,7.2331815339918615,15.694299697876
MRT,1998,7.23464990453324,16.4638500213623
MRT,1999,7.243990167849457,17.4429798126221
MRT,2000,7.176186323850898,18.0476703643799
MRT,2001,7.143472997746027,20.5369300842285
MRT,2002,7.135080359230348,20.5889301300049
MRT,2003,7.179185464216261,21.539270401001
MRT,2004,7.201930669790764,22.1136894226074
MRT,2005,7.259878366694749,22.4629497528076
MRT,2006,7.403146719422631,23.1758899688721
MRT,2008,7.325186322170231,18.5803203582764
MRT,2009,7.2948746571270116,20.0069904327393
MRT,2010,7.288823612892732,20.4244003295898
MRT,2011,7.297253077851553,22.7523097991943
MRT,2012,7.308341616503797,27.0638964405956
MRT,2013,7.3176533405705735,30.2620419125702
MRT,2014,7.329391204921639,30.6988232872483
MRT,2015,7.351698552016565,31.196307538775
MRT,2016,7.334249227389078,32.187587041888
MRT,2017,7.365189322814944,31.7565696757394
MRT,2018,7.382071714438738,35.5293425627344
MRT,2019,7.383463830237113,37.5793709898761
MRT,2020,7.3506414810996965,36.0277030077074
MUS,1971,7.373251574071829,32.0146903991699
MUS,1972,7.438250613716165,34.7994995117188
MUS,1973,7.536544265687465,36.657958984375
MUS,1974,7.605819912885874,39.0909118652344
MUS,1975,7.599068307895186,40.4712600708008
MUS,1976,7.796048653201106,42.3531188964844
MUS,1977,7.843197771034565,48.4911918640137
MUS,1978,7.86772186394347,49.2299194335938
MUS,1979,7.8848787558022515,50.207160949707
MUS,1980,7.761977235272704,49.8676109313965
MUS,1981,7.80431596565682,49.3215789794922
MUS,1982,7.845604733996733,49.565071105957
MUS,1983,7.840238661117102,51.2462997436523
MUS,1984,7.875694820212496,50.8837203979492
MUS,1985,7.934754701222959,50.5998001098633
MUS,1986,8.020071815368278,49.891300201416
MUS,1987,8.097768386021066,50.6982116699219
MUS,1988,8.156591095138083,51.9886207580566
MUS,1989,8.192615270494423,53.6153793334961
MUS,1990,8.254894466625755,52.7595405578613
MUS,1992,8.33743538221629,54.963550567627
MUS,1996,8.479209340052334,62.2834014892578
MUS,1997,8.522004590964144,64.6921310424805
MUS,1998,8.57043773356145,69.0977325439453
MUS,1999,8.583499542179636,72.422721862793
MUS,2000,8.65250976235398,74.3924789428711
MUS,2001,8.677536590824774,80.2969284057617
MUS,2002,8.686614365040613,82.4172286987305
MUS,2003,8.73694306360717,85.5775909423828
MUS,2004,8.77306098058126,86.3435287475586
MUS,2005,8.784759278760452,88.6331024169922
MUS,2006,8.827604059549161,86.6944198608398
MUS,2007,8.879086936169763,86.7215270996094
MUS,2008,8.928661157982713,86.2219161987305
MUS,2009,8.959087699214146,86.6567001342773
MUS,2010,8.999736966581228,86.9073104858398
MUS,2011,9.038754841554317,88.7222900390625
MUS,2012,9.070485670159163,92.1094389658945
MUS,2013,9.101475103548594,93.7982864379883
MUS,2014,9.137516765579655,97.075353264043
MUS,2015,9.172694970877131,93.9681984718368
MUS,2016,9.210129548069917,94.4362545563892
MUS,2017,9.248010197380088,92.5403344955972
MUS,2018,9.287806981714475,91.4171358592572
MUS,2019,9.315721700443156,93.1354968676317
MUS,2020,9.162577499320603,89.5019998431496
MUS,2024,9.385872643744937,90.7246586359898
MWI,1972,5.934992448512554,10.9785203933716
MWI,1973,5.931525606330469,11.4785404205322
MWI,1974,5.973739463924072,10.9094104766846
MWI,1975,6.0048199012693475,12.1427202224731
MWI,1976,6.0245079220885085,12.4856796264648
MWI,1977,6.041479493467547,13.640230178833
MWI,1978,6.100304690733491,14.4027299880981
MWI,1979,6.106391101430714,14.5730695724487
MWI,1980,6.071926820182339,16.4772891998291
MWI,1981,5.978307625216247,16.7660102844238
MWI,1982,5.963552546269616,17.4345397949219
MWI,1983,5.960606625610722,17.2437992095947
MWI,1984,5.973733582933448,17.633430480957
MWI,1985,5.979945255840191,17.4512100219727
MWI,1986,5.940955279244471,17.4404106140137
MWI,1987,5.909326925403021,18.0580005645752
MWI,1988,5.886611859579041,17.5141105651856
MWI,1989,5.852780223344033,17.112190246582
MWI,1990,5.868650669667381,17.3963298797607
MWI,1991,5.921571882819419,17.5205307006836
MWI,1992,5.816296970087597,19.5548591613769
MWI,1993,5.894212720874933,17.8164806365967
MWI,1994,5.7978315562789895,15.6898698806763
MWI,1995,5.9539696005506695,23.3880996704102
MWI,1996,6.004866990998275,24.1506099700928
MWI,1998,6.038618242446171,31.6595001220703
MWI,1999,6.045242039482963,36.4167785644531
MWI,2000,6.036899051721604,31.0989303588867
MWI,2001,5.961675320712021,32.2248115539551
MWI,2002,5.954045558490261,31.3253707885742
MWI,2004,6.011426269720294,28.9145393371582
MWI,2005,6.016810554951459,28.7130393981934
MWI,2006,6.0351887815164424,30.5642108917236
MWI,2007,6.098645591790816,30.2626094818115
MWI,2008,6.143222666286294,32.6917381286621
MWI,2009,6.193652901504677,33.3515281677246
MWI,2010,6.2306559413158595,33.6619814891638
MWI,2011,6.249654218969128,34.7371599213107
MWI,2012,6.239769514228157,34.8210140987042
MWI,2013,6.264079260215444,37.847295845447
MWI,2014,6.290758814885902,39.5435659506335
MWI,2015,6.2908380635738395,39.7291461793841
MWI,2016,6.288271097381806,38.1843681335449
MWI,2017,6.300410915634879,39.6154222954854
MWI,2018,6.316313766879168,38.8324397802949
MWI,2019,6.345401683069272,35.5212672502146
MWI,2020,6.326948949706904,41.4565075090498
MWI,2021,6.345581916052533,35.8885917563293
MWI,2022,6.329071424985529,35.5084899925617
MWI,2023,6.3226285048163415,36.644092994481
MYS,1970,7.525772978869374,40.6236915588379
MYS,1971,7.5976471643066015,42.2398986816406
MYS,1972,7.663364163163977,43.9489898681641
MYS,1974,7.806009410368806,50.8555107116699
MYS,1975,7.79008105668517,54.4404602050781
MYS,1976,7.875545006025337,55.8022994995117
MYS,1977,7.9262001151815795,55.6757583618164
MYS,1978,7.966611348841604,57.7334098815918
MYS,1979,8.031966869490379,59.3874397277832
MYS,1980,8.075983112271834,59.6294593811035
MYS,1981,8.111574073126603,61.6387214660645
MYS,1982,8.137459328377181,61.1637802124023
MYS,1983,8.165873858023504,64.2203674316406
MYS,1984,8.208046666965744,65.9802169799805
MYS,1985,8.164867363846122,65.7667770385742
MYS,1986,8.144422877221128,68.495719909668
MYS,1987,8.162804057512634,70.2591781616211
MYS,1988,8.226108020070832,68.4271011352539
MYS,1989,8.282436141873417,67.3215713500977
MYS,1990,8.33920480788165,65.0170516967773
MYS,1991,8.402215765935697,65.7064666748047
MYS,1992,8.460863634581017,66.5042724609375
MYS,1993,8.529633707177906,65.5471725463867
MYS,1994,8.592319527559939,65.9461975097656
MYS,1995,8.660661668195443,66.1730270385742
MYS,1996,8.730765369545727,67.9570693969727
MYS,1997,8.776561664448847,68.1468505859375
MYS,1998,8.675557899070128,79.0882873535156
MYS,1999,8.711271403750604,77.5431137084961
MYS,2000,8.772705449478574,76.4828262329102
MYS,2001,8.753833720396491,75.6187362670898
MYS,2002,8.782155112220659,75.0011596679688
MYS,2003,8.814764280155496,80.088996887207
MYS,2004,8.857279685880815,80.5677719116211
MYS,2005,8.886550789184724,76.2537536621094
MYS,2006,8.918624935385537,75.8026123046875
MYS,2007,8.957973567306357,74.2519378662109
MYS,2008,8.984207087579115,74.8359527587891
MYS,2009,8.949035490846198,75.0242767333984
MYS,2010,9.00195275257077,77.2140274047852
MYS,2011,9.036025375384428,77.5925369262695
MYS,2012,9.072287540302792,81.2371978759766
MYS,2013,9.101061885413454,80.938362121582
MYS,2014,9.142246798825608,83.2836303710938
MYS,2015,9.17457637603625,81.5115814208984
MYS,2016,9.200439479682519,79.8283920288086
MYS,2017,9.239293449107793,78.8863677978516
MYS,2018,9.269570612593471,74.4872817993164
MYS,2019,9.296791745038226,75.3229827880859
MYS,2020,9.227341606904542,73.2459411621094
MYS,2021,9.248432247470918,74.9618181140898
MYS,2022,9.322923348569963,78.8341986282999
MYS,2023,9.345342528653756,79.4472788704033
MYS,2024,9.382930673106989,80.2757406864183
NAC,1999,10.740297788033239,94.199089050293
NAC,2000,10.77012595538714,94.7886123657227
NAC,2001,10.770384361874887,94.9030380249023
NAC,2002,10.778805302638979,95.0205230712891
NAC,2003,10.796980145070238,95.3165664672852
NAC,2004,10.824894132932767,95.616828918457
NAC,2005,10.849680621177328,95.5297088623047
NAC,2006,10.867356319225248,95.2538223266602
NAC,2007,10.87770961993945,95.4436721801758
NAC,2008,10.869930575364487,95.6482772827148
NAC,2009,10.834509180136013,95.9282913208008
NAC,2010,10.852661893724555,96.102783203125
NAC,2011,10.861279561963146,96.3483428955078
NAC,2012,10.875199916371148,97.2812271118164
NAC,2013,10.888450928097448,97.5258026123047
NAC,2014,10.905462187608274,98.2064819335938
NAC,2015,10.924759033218347,98.8671875
NAC,2016,10.933979772417509,99.8768997192383
NAC,2017,10.951267459556206,100.074882507324
NAC,2018,10.973600989866133,100.359298706055
NAC,2019,10.992475075255214,101.014846801758
NAC,2020,10.964301309086501,101.317161560059
NAC,2021,11.021873893522388,101.828498840332
NAC,2022,11.041394607068746,98.3612213134766
NAC,2023,11.059299115951958,97.7877426147461
NAC,2024,11.07452225895016,98.0855178833008
NAM,1986,8.067070314039418,37.706901550293
NAM,1987,8.069967081432518,37.5270881652832
NAM,1988,8.042894445705857,39.5213012695312
NAM,1989,7.997854055075918,39.7692413330078
NAM,1990,7.957645622397537,38.9285697937012
NAM,1991,8.00282798282872,44.7891693115234
NAM,1992,8.040525924822164,50.7220191955566
NAM,1993,7.992699597729073,54.5001983642578
NAM,1994,7.978783056895543,58.8795013427734
NAM,1995,7.98798710025619,58.562629699707
NAM,1996,7.992349981062747,58.3823509216309
NAM,1997,8.007802552100724,59.9309501647949
NAM,1998,8.014774358059027,59.6171989440918
NAM,1999,8.023048002027338,61.3067893981934
NAM,2000,8.033851915117301,63.7193412780762
NAM,2001,8.02466725181829,67.4832611083984
NAM,2002,8.053869811635773,66.1111907958984
NAM,2003,8.080951061384026,65.2594223022461
NAM,2004,8.183926420921873,64.5331420898438
NAM,2005,8.196368065135237,63.1600494384766
NAM,2006,8.251924439136854,62.1227416992188
NAM,2007,8.29094932936793,62.7577209472656
NAM,2010,8.334502743072532,68.0998401813149
NAM,2011,8.367003708870591,72.4541177178611
NAM,2012,8.394113823009352,74.2465574610051
NAM,2013,8.42272152996369,76.142480002464
NAM,2014,8.455734071655062,76.7595646559311
NAM,2015,8.470962116800253,78.2608012276393
NAM,2016,8.44432721511902,79.2606097203135
NAM,2017,8.406648872820726,79.5334606379175
NAM,2018,8.389467854310752,78.8626899009705
NAM,2019,8.35304770327587,79.0125016773938
NAM,2020,8.239461301892296,82.8872992484077
NAM,2021,8.24533395072853,83.3329528489539
NAM,2022,8.270154243774979,81.8163691171532
NAM,2023,8.287400107330571,81.6173009252032
NAM,2024,8.302117384844653,81.9566828199727
NER,1971,6.631213526941538,0.945670008659363
NER,1972,6.551595457760723,1.04768002033234
NER,1973,6.337933530011617,1.18211996555328
NER,1974,6.39519918532349,1.37995004653931
NER,1975,6.339787183753851,1.49038994312286
NER,1976,6.319101962934836,1.70029997825623
NER,1977,6.365956859832736,2.07064008712769
NER,1978,6.46371848890904,2.48346996307373
NER,1979,6.5033362447755705,2.95420002937317
NER,1980,6.448635725917702,3.46314001083374
NER,1981,6.416989260060009,4.02016019821167
NER,1982,6.408778353223073,4.52697992324829
NER,1983,6.339738079442715,4.45524978637695
NER,1984,6.12600821321952,4.55534982681274
NER,1988,6.208921073643268,5.08820009231567
NER,1989,6.187988281862831,5.55892992019653
NER,1990,6.144022293611428,5.59699010848999
NER,1991,6.108623536654158,6.08835983276367
NER,1992,6.097248717464506,5.89923000335693
NER,1993,6.068852463756802,5.92972993850708
NER,1996,6.013811382949284,6.19324016571045
NER,1997,5.995767745331358,6.3285698890686
NER,1998,6.056985469122133,6.22143983840942
NER,1999,6.020381636722919,6.40421009063721
NER,2000,5.973551606428521,6.30063009262085
NER,2001,6.008625191520422,6.231369972229
NER,2002,6.021323773131806,6.28120994567871
NER,2003,6.007174884695823,6.86678981781006
NER,2004,5.974823808474816,8.35079956054688
NER,2005,6.009282193524459,9.26323986053467
NER,2006,6.030329480909105,10.6787004470825
NER,2007,6.02446191192748,10.3014001846313
NER,2008,6.06191262579786,10.6592998504639
NER,2009,6.044177723651797,11.1999397277832
NER,2010,6.089224374329243,12.8063202484136
NER,2011,6.075314455587776,13.6643213754076
NER,2012,6.137870165867721,14.8037867184503
NER,2013,6.152073358668328,15.9596510320284
NER,2014,6.179489076453245,17.8459505465436
NER,2015,6.185514090947897,19.6922012498743
NER,2016,6.190694071448602,22.6700395113082
NER,2017,6.208937266263771,23.7611505662509
NER,2023,6.331431909212529,21.5605140503495
NER,2024,6.378571577630626,19.8664761204349
NGA,1970,7.50019476439633,4.47895002365112
NGA,1971,7.609948032039863,4.84703016281128
NGA,1972,7.61908317333266,5.39129018783569
NGA,1973,7.646658851119917,6.01967000961304
NGA,1977,7.731359162883939,7.78704977035522
NGA,1978,7.641349727428779,9.1794900894165
NGA,1979,7.675912363726779,11.1410799026489
NGA,1980,7.6858940336061785,13.870659828186
NGA,1981,7.5144114607010675,17.2738208770752
NGA,1982,7.414029446675746,21.0725994110107
NGA,1983,7.272410529875882,25.0670204162598
NGA,1984,7.235562770642341,28.75705909729
NGA,1985,7.264679391618522,29.1342906951904
NGA,1986,7.238122325618308,26.9905109405518
NGA,1987,7.242975899079687,26.8306694030762
NGA,1989,7.279098243135181,23.6370792388916
NGA,1990,7.36340397128641,23.9810009002686
NGA,1999,7.237396531314604,22.8324108123779
NGA,2000,7.259594465132531,23.9613494873047
NGA,2001,7.289922557011261,26.3999805450439
NGA,2002,7.405127929196699,28.8738098144531
NGA,2004,7.509227147606736,33.9481201171875
NGA,2005,7.543936131918618,33.7729187011719
NGA,2006,7.5751530548670925,33.1262817382812
NGA,2007,7.6112651622861796,30.4232006072998
NGA,2008,7.648874857149329,33.6112785339355
NGA,2009,7.698304656841149,37.1381416320801
NGA,2010,7.747366572588008,41.7837982177734
NGA,2011,7.771057204497734,43.0239906311035
NGA,2012,7.784745308155398,44.4557914733887
NGA,2013,7.822180698537905,52.7967300415039
NGA,2014,7.856945080452944,42.7821502685547
NGA,2015,7.857764540382057,43.8246917724609
NGA,2016,7.816745387441366,39.3068084716797
NGA,2018,7.796378193844972,40.4885292053223
NGA,2020,7.70916759412648,44.1220893859863
NGA,2021,7.699237180151511,45.444938659668
NGA,2023,7.732227946050053,46.8931503295898
NIC,1970,7.782439982973161,18.0389995574951
NIC,1971,7.783765755850114,18.6145801544189
NIC,1972,7.776653575953461,20.1559391021729
NIC,1973,7.809858858380097,20.2726898193359
NIC,1974,7.911799393548643,22.1203708648682
NIC,1975,7.879674888523482,24.2685604095459
NIC,1976,7.900072337750755,26.4301109313965
NIC,1977,7.950356695453874,30.1823291778564
NIC,1978,7.839814703422292,27.5428905487061
NIC,1979,7.505247043353131,30.0229091644287
NIC,1980,7.522941423587627,36.8521499633789
NIC,1982,7.5112759271261345,33.9008712768555
NIC,1983,7.53010441577731,37.7786293029785
NIC,1984,7.4894708215993555,33.3773994445801
NIC,1985,7.423939955745362,29.0345306396484
NIC,1986,7.390334882184892,30.0746097564697
NIC,1987,7.360315809610967,32.7102699279785
NIC,1988,7.2044001382910965,32.6976089477539
NIC,1989,7.1634386615873,32.1430816650391
NIC,1990,7.139560273861087,35.6191902160645
NIC,1991,7.1146117492812175,41.5783195495605
NIC,1992,7.095862001905139,41.7839202880859
NIC,1993,7.069972219353498,42.4960517883301
NIC,1994,7.081570056442028,43.3085708618164
NIC,1995,7.11863860599025,45.1156387329102
NIC,1998,7.204946566177612,46.7293815612793
NIC,1999,7.258636281158865,51.8964805603027
NIC,2000,7.2850780131543456,53.405029296875
NIC,2001,7.301360450231303,56.3652381896973
NIC,2002,7.296742946025616,60.6764602661133
NIC,2004,7.349792889742919,65.4347305297852
NIC,2005,7.378688293137505,68.5747222900391
NIC,2006,7.40511378825957,69.0923385620117
NIC,2007,7.440268694941515,72.1754989624023
NIC,2008,7.459717513687397,70.7740936279297
NIC,2010,7.440955954105295,71.3924407958984
NIC,2023,7.714732305459759,70.1749572753906
NLD,2001,10.628552031270214,123.443389892578
NLD,2002,10.624624393115148,120.754852294922
NLD,2003,10.62088432005513,119.909339904785
NLD,2004,10.637371820838823,116.909530639648
NLD,2005,10.65517124895427,117.553810119629
NLD,2006,10.688326820533101,118.427619934082
NLD,2007,10.72427001308344,119.842338562012
NLD,2008,10.741323621474573,121.511627197266
NLD,2009,10.698839368583005,122.74600982666
NLD,2010,10.70681738979929,124.569526672363
NLD,2011,10.719730738225008,129.868103027344
NLD,2012,10.706203805516967,111.448249816895
NLD,2015,10.73190428550867,114.137916564941
NLD,2016,10.750536110988945,112.994277954102
NLD,2017,10.772059348285007,115.225227355957
NLD,2018,10.78855601392628,114.50032043457
NLD,2019,10.804746364866567,114.804168701172
NLD,2020,10.759743047727733,136.284164428711
NLD,2021,10.815385306100119,135.962173461914
NLD,2022,10.854711578990827,138.767501831055
NLD,2023,10.838811616473393,137.514724731445
NOR,2001,11.13787419611952,114.568199157715
NOR,2002,11.146950885309051,113.255867004395
NOR,2003,11.151989472181164,113.38200378418
NOR,2004,11.188470424309074,114.047332763672
NOR,2005,11.210924628202102,111.56275177002
NOR,2006,11.230945526453903,111.527641296387
NOR,2007,11.254229274664855,111.639923095703
NOR,2008,11.249960336556558,111.518058776855
NOR,2009,11.221084799471472,111.068412780762
NOR,2010,11.218627305853005,112.978569030762
NOR,2011,11.219410881896332,113.169883728027
NOR,2012,11.234124654060826,112.176536560059
NOR,2013,11.234681922978936,114.515380859375
NOR,2014,11.244140217509605,113.448226928711
NOR,2015,11.25442610373778,115.210121154785
NOR,2016,11.258449580291675,116.611267089844
NOR,2017,11.276719163603925,117.301460266113
NOR,2018,11.281160971684233,117.714706420898
NOR,2019,11.289000480774247,119.421340942383
NOR,2020,11.269413931231195,119.941543579102
NOR,2021,11.304662387560173,119.816871643066
NOR,2022,11.33567190472542,119.442527770996
NOR,2023,11.32780954114185,117.775093078613
NOR,2024,11.332447805883865,116.254272460938
NPL,1981,5.868451397891016,17.7367706298828
NPL,1982,5.882235224205655,20.3783092498779
NPL,1983,5.82829357197647,22.4334201812744
NPL,1984,5.897242624273812,23.8365802764893
NPL,1985,5.934167354445192,25.4660491943359
NPL,1986,5.956719259141788,27.0147800445557
NPL,1987,5.952358882748464,28.3090000152588
NPL,1988,6.00546342816689,29.2296390533447
NPL,1989,6.025609958118986,30.888879776001
NPL,1990,6.046721230998301,32.03369140625
NPL,1991,6.082575454560302,34.0466995239258
NPL,1992,6.094612217076496,36.6419982910156
NPL,1993,6.105085468446014,37.9471893310547
NPL,1994,6.158991964167807,38.3644485473633
NPL,1995,6.169068953147444,40.1949615478516
NPL,1996,6.1989103876015,43.1790885925293
NPL,1999,6.26201171910434,33.1490211486816
NPL,2000,6.304852893113016,34.4201507568359
NPL,2001,6.335561621352696,37.3896903991699
NPL,2002,6.32155657077898,41.0556297302246
NPL,2003,6.3461444310974215,42.0749092102051
NPL,2005,6.402232418301659,45.098201751709
NPL,2006,6.4256428550346465,42.5181617736816
NPL,2007,6.450827592374355,42.0970306396484
NPL,2008,6.502587769712752,48.0189094543457
NPL,2009,6.540163824481891,49.2625999450684
NPL,2010,6.581006921744232,55.5892906188965
NPL,2011,6.610180774253302,58.9935111999512
NPL,2012,6.653263695501543,63.1414794921875
NPL,2013,6.685909710982821,65.4935302734375
NPL,2014,6.741305742729731,67.5318298339844
NPL,2015,6.77484499111767,68.6131210327148
NPL,2016,6.774439798739264,71.7744979858398
NPL,2017,6.858415127089003,74.4113311767578
NPL,2019,6.982044202246393,80.2800521850586
NPL,2020,6.938804414629165,85.3101577758789
NPL,2021,6.968651716147926,83.9220209713597
NPL,2022,7.0153125410957,84.1026475876285
NPL,2023,7.035645018848633,89.8898815141438
NPL,2024,7.073231575300392,90.3878462155916
NRU,1971,10.605232339232025,43.6974792480469
NRU,1972,10.626437067150052,45.3514709472656
NRU,1973,10.647112923481652,48.1521682739258
NRU,1985,10.199072099711254,64.4384994506836
NRU,2000,8.712754548341838,46.8175392150879
NRU,2001,8.64649317143405,45.7883415222168
NRU,2002,8.546200777098226,41.9780197143555
NRU,2003,8.551326425230025,47.2527503967285
NRU,2004,8.507120828900192,36.415771484375
NRU,2005,8.508214866504963,42.5531883239746
NRU,2006,8.590834212322092,57.9658584594727
NRU,2007,8.342769583095851,50.5131988525391
NRU,2008,8.526189547309642,61.9589996337891
NRU,2012,8.798784226717023,83.1134567260742
NRU,2014,8.94102075984496,83.9183731079102
NRU,2016,8.97785052557582,78.6677169799805
NRU,2019,8.947311422974137,86.1130981445312
NRU,2020,8.958115379837256,80.2433776855469
NRU,2022,9.01929777601755,92.7814636230469
NRU,2023,9.00582645176697,90.1002502441406
NRU,2024,9.01417033830469,91.5133521769495
NRU,2025,9.028864930798548,94.5299147867543
NZL,2000,10.336544980030048,112.153717041016
NZL,2001,10.364237509351373,112.625297546387
NZL,2002,10.392939342446493,115.515556335449
NZL,2003,10.41937979156942,117.427673339844
NZL,2004,10.444608471478215,115.379913330078
NZL,2005,10.466300422871347,119.563697814941
NZL,2006,10.481477100070006,117.906547546387
NZL,2007,10.502324474803183,119.56844329834
NZL,2008,10.483528391004212,118.054237365723
NZL,2009,10.4731284307754,125.807861328125
NZL,2010,10.476622158389333,119.128967285156
NZL,2011,10.490215656228278,118.256721496582
NZL,2012,10.507498001334962,116.826477050781
NZL,2013,10.5251394810331,115.650527954102
NZL,2014,10.546011411591383,116.084312438965
NZL,2015,10.562269201113974,114.889991760254
NZL,2016,10.576560439212342,113.687911987305
NZL,2017,10.588292241672647,112.943313598633
NZL,2018,10.60306188280117,112.411079406738
NZL,2019,10.611910627597656,120.266319274902
NZL,2020,10.589164681833186,116.893188476562
NZL,2021,10.62885551933396,117.595428466797
NZL,2022,10.662330865465877,114.774932861328
NZL,2023,10.65729448851877,113.395988464355
NZL,2024,10.631409690619833,114.231056213379
OED,1999,10.298254904123336,93.9687194824219
OED,2000,10.331707705942096,94.4926071166992
OED,2001,10.338192017601258,95.8514175415039
OED,2002,10.34613373432848,96.7299880981445
OED,2003,10.358910024950017,97.4993362426758
OED,2004,10.383733828232803,96.9114608764648
OED,2005,10.404829315828456,97.5158233642578
OED,2006,10.427716859279412,97.8032302856445
OED,2007,10.44673353886976,98.2369003295898
OED,2008,10.442849041590623,98.6208724975586
OED,2009,10.401042342772048,98.2075119018555
OED,2010,10.42356766118376,99.3854675292969
OED,2011,10.436538954997536,99.6946105957031
OED,2012,10.44428268083701,99.4514236450195
OED,2013,10.454523473452971,103.797187805176
OED,2014,10.470576661825804,104.773002624512
OED,2015,10.489381407178476,105.414848327637
OED,2016,10.501419969848703,105.75074005127
OED,2017,10.521265020819621,106.676597595215
OED,2018,10.53890722278389,106.449279785156
OED,2019,10.551426092642686,106.633491516113
OED,2020,10.508238426511493,106.394569396973
OED,2021,10.56559548192293,106.182838439941
OED,2022,10.591739332555342,105.27172088623
OED,2023,10.602784370934016,105.286712646484
OED,2024,10.613999202906694,105.364547729492
OMN,1971,9.283637465948532,0.0
OMN,1972,9.349167425451492,0.0
OMN,1973,9.166449073642651,0.210659995675087
OMN,1974,9.240131026166695,0.436729997396469
OMN,1975,9.416944971646585,0.718190014362335
OMN,1976,9.558772726489936,1.30643999576569
OMN,1977,9.520147045303212,2.32838988304138
OMN,1978,9.43124851933086,4.85951995849609
OMN,1979,9.42085543722583,7.00759983062744
OMN,1980,9.425987192061873,9.39223003387451
OMN,1981,9.528903056542958,12.5781602859497
OMN,1982,9.582867695538733,15.2191495895386
OMN,1983,9.681521613771181,19.3645992279053
OMN,1984,9.781492746199076,22.2846508026123
OMN,1985,9.852124161135007,26.1878395080566
OMN,1986,9.80771102858695,27.6868991851807
OMN,1987,9.712580002509881,29.5595397949219
OMN,1988,9.713805397494713,31.4552001953125
OMN,1989,9.771247797067753,34.397331237793
OMN,1990,9.71893083924914,39.179859161377
OMN,1991,9.729474693135304,44.4290390014648
OMN,1992,9.764462897072812,49.4911613464355
OMN,1993,9.780989949687394,55.2622985839844
OMN,1994,9.789692609459044,60.8568382263184
OMN,1995,9.820036604594907,63.7277297973633
OMN,1996,9.833022380308819,66.0563888549805
OMN,1997,9.876061197184608,67.0032424926758
OMN,1998,9.860984743717202,69.268913269043
OMN,1999,9.850361750249274,71.6579513549805
OMN,2000,9.897556822053982,77.5544662475586
OMN,2001,9.930424250538843,80.0002517700195
OMN,2002,9.910965185083183,82.3686370849609
OMN,2003,9.877433276020719,83.6306076049805
OMN,2005,9.884765643937744,87.4191207885742
OMN,2006,9.908295802234724,89.8000335693359
OMN,2007,9.935119396596123,92.0884475708008
OMN,2008,9.999149211307742,93.2216796875
OMN,2009,10.035357466464356,98.9851303100586
OMN,2011,9.951987576699661,114.451620751396
OMN,2012,9.894654735236053,110.750350631136
OMN,2013,9.867857268757941,109.168488109249
OMN,2015,9.842053955046863,101.932699190524
OMN,2016,9.843238788996851,102.304902141834
OMN,2017,9.81345045158146,101.678019833334
OMN,2018,9.812997966870682,103.951581913667
OMN,2019,9.803091729509623,102.141469011215
OMN,2020,9.783796278102361,94.5432460924967
OMN,2021,9.814182937087057,94.287268445183
OMN,2022,9.841210262568888,91.9645458184777
OMN,2024,9.76119164234101,95.1220397949219
OSS,1975,8.513821619839756,37.3346900939941
OSS,1976,8.646618429436094,37.9764518737793
OSS,1977,8.723925564217582,39.7725715637207
OSS,1978,8.773141634178215,40.0259704589844
OSS,1979,8.892651168704518,39.0478515625
OSS,1980,8.84675882348506,39.0000305175781
OSS,1981,8.750681331893597,39.3128814697266
OSS,1982,8.762916279623836,39.6959800720215
OSS,1983,8.755615790863333,40.5068511962891
OSS,1984,8.765493373468072,41.0046806335449
OSS,1985,8.767416495853233,41.3040313720703
OSS,1986,8.768954481440716,41.7658500671387
OSS,1987,8.809284412472456,41.326099395752
OSS,1988,8.820730375031124,41.6597709655762
OSS,1989,8.829258261214843,42.1807403564453
OSS,1990,8.859543859880251,43.6611709594727
OSS,1991,8.834207501564443,46.0055694580078
OSS,1992,8.794756757228381,45.6954612731934
OSS,1993,8.79329608851793,47.6540298461914
OSS,1994,8.812855795531286,48.1349296569824
OSS,1995,8.848773115591527,49.5676307678223
OSS,1996,8.869888730229848,49.6062507629395
OSS,1997,8.917238625118008,51.250129699707
OSS,1998,8.937667582245169,53.5384101867676
OSS,1999,8.962042773880864,51.8022613525391
OSS,2000,9.029519704952937,52.9925804138184
OSS,2001,9.043349956529635,53.9528198242188
OSS,2002,9.060336356422892,54.8136901855469
OSS,2003,9.089061006028775,58.0798301696777
OSS,2004,9.12282124851922,57.5880889892578
OSS,2005,9.157407518650743,58.8284111022949
OSS,2006,9.206040079830355,59.8947105407715
OSS,2007,9.247139363994181,61.3189506530762
OSS,2008,9.243884329278492,61.8178596496582
OSS,2009,9.179621692023822,63.1276092529297
OSS,2010,9.192969650312415,66.2179565429688
OSS,2011,9.215223682809663,64.8043975830078
OSS,2012,9.216544960151062,66.2980880737305
OSS,2013,9.213899085070803,67.2644729614258
OSS,2014,9.223889611047554,68.3715209960938
OSS,2015,9.245622259031737,69.0968704223633
OSS,2016,9.27494293576831,69.7680816650391
OSS,2017,9.312799544246197,70.7697982788086
OSS,2018,9.34346790628871,71.6059188842773
OSS,2019,9.373000630089967,72.4561386108398
OSS,2020,9.302661279281043,72.9210891723633
OSS,2021,9.369559477924238,73.3428726196289
OSS,2022,9.400156931826047,73.5171127319336
PAK,1971,6.425350905348685,14.8839998245239
PAK,1972,6.405781005036513,14.8859701156616
PAK,1973,6.444920782838776,15.3283996582031
PAK,1974,6.4503041682566,15.6008901596069
PAK,1975,6.461662466179438,16.4388103485107
PAK,1976,6.481329097314739,16.3652591705322
PAK,1977,6.48868714370102,16.4452304840088
PAK,1978,6.534065375536932,16.4724197387695
PAK,1979,6.536319925255189,15.2169599533081
PAK,1980,6.5927376342518444,15.6852598190308
PAK,1981,6.627183715371262,15.715350151062
PAK,1982,6.652914697314013,15.8989295959473
PAK,1983,6.683877960138325,16.6970100402832
PAK,1984,6.701938021250601,17.4552898406982
PAK,1985,6.74342236263451,18.2515296936035
PAK,1986,6.763173085072051,18.4025402069092
PAK,1987,6.7916059087860425,18.7234706878662
PAK,1988,6.83147641759205,18.9704704284668
PAK,1989,6.847202733348989,19.6272106170654
PAK,1990,6.857392756379772,20.205810546875
PAK,1991,6.873704573808178,23.091329574585
PAK,1992,6.919313311306385,25.6504096984863
PAK,2003,6.994185457051062,19.8385200500488
PAK,2004,7.044901916101283,21.7634296417236
PAK,2005,7.0911043024781355,22.6038208007812
PAK,2006,7.126040187002022,27.2463207244873
PAK,2007,7.14310852796464,29.0634307861328
PAK,2008,7.137319683901401,29.1768093109131
PAK,2009,7.146043032716872,29.0589694976807
PAK,2010,7.136240396308027,29.2962900661933
PAK,2011,7.1403196103313915,29.7271460529531
PAK,2012,7.151084183551179,30.6300201416016
PAK,2013,7.177553996570383,31.544819132504
PAK,2014,7.2028903446602675,32.6573427323505
PAK,2015,7.230179450828166,34.6741466548496
PAK,2016,7.280825687605688,35.8643246680809
PAK,2017,7.310056637896352,35.3224248744451
PAK,2018,7.3535185312701,37.1466063259079
PAK,2019,7.36126937678076,38.7511552822907
PAK,2021,7.3746465208677385,40.2578898404389
PAK,2022,7.403841207042412,40.4177656413012
PAK,2023,7.384195168728769,42.2911451386891
PAK,2024,7.399451483539122,48.2805022055997
PAN,1970,8.31257021110243,38.0133399963379
PAN,1971,8.376354847944997,40.7691192626953
PAN,1972,8.393503875391628,45.002368927002
PAN,1973,8.418644430309861,49.3277015686035
PAN,1974,8.41627587438473,52.4168090820312
PAN,1975,8.40753444049012,54.8018112182617
PAN,1976,8.398653461427344,57.3139495849609
PAN,1977,8.384740334522922,59.370849609375
PAN,1978,8.453883868985908,61.312328338623
PAN,1979,8.474090180753084,61.7468605041504
PAN,1980,8.573285119790855,60.5224189758301
PAN,1981,8.637690126321557,60.1727600097656
PAN,1982,8.666200188169833,59.2630386352539
PAN,1983,8.59672978338162,58.7351608276367
PAN,1984,8.600096332949963,59.4746017456055
PAN,1985,8.625294503979013,59.4717216491699
PAN,1986,8.63770492624173,59.5918197631836
PAN,1987,8.597202390393257,59.7085189819336
PAN,1988,8.431703512464054,59.3017883300781
PAN,1989,8.425772578586036,58.7386283874512
PAN,1990,8.482344732870155,60.4366607666016
PAN,1991,8.551132080184205,60.8803100585938
PAN,1992,8.609021064649284,61.4232788085938
PAN,1993,8.641369304768395,62.6225090026855
PAN,1994,8.648865700610994,62.6603813171387
PAN,1995,8.645833413502288,64.0424880981445
PAN,1996,8.665593472367807,64.4195022583008
PAN,1999,8.81131291180725,63.910228729248
PAN,2000,8.832901220551138,64.2499084472656
PAN,2001,8.822891396180937,66.2995376586914
PAN,2002,8.828373623286012,67.6569900512695
PAN,2004,8.918485061185857,67.365348815918
PAN,2005,8.979148437972452,67.5274200439453
PAN,2006,9.05461948066611,67.3454132080078
PAN,2007,9.159851639183033,67.6976089477539
PAN,2008,9.23874851160005,68.7568283081055
PAN,2009,9.236696314144593,70.2938766479492
PAN,2010,9.277818795181531,71.9136975816467
PAN,2011,9.372586666967182,71.7412201114851
PAN,2013,9.490758425869842,76.4041290283203
PAN,2014,9.51867390848937,76.0406265258789
PAN,2015,9.552699166644704,76.5946807861328
PAN,2016,9.580117807598286,82.601448059082
PAN,2017,9.618837255783216,76.5998992919922
PER,1970,8.132849682359433,36.2610893249512
PER,1971,8.153090641520695,38.3405914306641
PER,1972,8.160741978650108,40.6127700805664
PER,1973,8.195729012323959,42.720329284668
PER,1974,8.260147251920488,44.298168182373
PER,1975,8.277336387491657,46.8358993530273
PER,1976,8.267042794572946,49.8218116760254
PER,1977,8.245829975100328,52.7526512145996
PER,1978,8.194144503564193,57.9558792114258
PER,1979,8.209298028734482,59.2618408203125
PER,1980,8.242081438045808,60.1390800476074
PER,1981,8.271207424115852,59.4737892150879
PER,1982,8.244135580681975,58.8707389831543
PER,1983,8.109361883265368,60.5618896484375
PER,1984,8.12005850288379,61.2321395874023
PER,1985,8.116066886178904,61.9154891967773
PER,1986,8.182559519331795,62.4058799743652
PER,1987,8.252515855471163,63.097900390625
PER,1988,8.130652768685001,63.9055213928223
PER,1989,7.9768235230907445,65.6641693115234
PER,1990,7.903567671387445,66.3794174194336
PER,1991,7.904437289829567,65.8484191894531
PER,1992,7.878653029534769,64.6846771240234
PER,1993,7.909593868801556,64.4021224975586
PER,1994,8.005893098859444,67.761360168457
PER,1995,8.058005541670788,67.9743576049805
PER,1996,8.066804178143753,69.5675964355469
PER,1997,8.111073322278738,69.7785491943359
PER,1998,8.08896008703908,77.4557418823242
PER,1999,8.086526583387267,78.551513671875
PER,2000,8.097509400669164,80.8428726196289
PER,2001,8.089992850389264,83.8087387084961
PER,2002,8.131162970700037,85.1464004516602
PER,2003,8.161315545801125,78.4806213378906
PER,2004,8.199904605893666,81.8064575195312
PER,2005,8.251959183297817,82.8499298095703
PER,2006,8.316633368645569,85.8261795043945
PER,2007,8.391128985115767,88.9029235839844
PER,2008,8.471887497983221,90.2652816772461
PER,2009,8.476615237408398,93.8280029296875
PER,2010,8.550123506290927,96.13037109375
PER,2011,8.604005032808287,97.5231475830078
PER,2012,8.655222061188207,96.4381103515625
PER,2013,8.703085270909416,101.583869934082
PER,2014,8.716686245139517,99.8733825683594
PER,2015,8.737406293698061,100.251571655273
PER,2016,8.762842341065296,102.150123596191
PER,2017,8.772985043676032,101.044578552246
PER,2018,8.793785657037539,99.8580093383789
PER,2019,8.798795947456263,99.5297164916992
PER,2020,8.671086166197867,100.138702392578
PER,2021,8.787368023895665,101.589141845703
PER,2022,8.805568376673039,103.591468811035
PER,2023,8.791057682517735,111.395393371582
PER,2024,8.814668810861306,108.289047241211
PHL,1971,7.235798519292852,44.3256683349609
PHL,1972,7.26583895590366,44.7907791137695
PHL,1973,7.327791984147771,44.979621887207
PHL,1974,7.339565125886748,45.3022384643555
PHL,1975,7.369915278834826,47.268440246582
PHL,1976,7.428725267373106,49.7005805969238
PHL,1977,7.456220037365759,52.9095191955566
PHL,1978,7.479992904857577,55.6320114135742
PHL,1979,7.507769669988368,57.1294708251953
PHL,1980,7.532392662527966,58.2425918579102
PHL,1981,7.539992123274074,57.7711906433105
PHL,1982,7.548629372578787,57.3303184509277
PHL,1983,7.538283020641891,59.7057914733887
PHL,1984,7.436367816458887,61.1112403869629
PHL,1985,7.338020674146574,62.6460418701172
PHL,1986,7.346918782684051,59.9793281555176
PHL,1987,7.363262700502999,63.296501159668
PHL,1988,7.401253745259378,64.0272064208984
PHL,1989,7.43602920990705,67.6923980712891
PHL,1990,7.440778124824864,70.713493347168
PHL,1991,7.412391888477497,70.3419189453125
PHL,1992,7.392862644170379,71.494987487793
PHL,1993,7.390400576026253,72.8925628662109
PHL,1994,7.411402885730488,73.66943359375
PHL,1995,7.434734959047622,74.843132019043
PHL,1996,7.46864910761585,73.7158889770508
PHL,1997,7.495685895398368,72.8753204345703
PHL,1998,7.465383896735121,70.5079727172852
PHL,1999,7.472740086335551,69.9469299316406
PHL,2001,7.499815535318612,70.5786285400391
PHL,2002,7.5160275039791395,74.9138336181641
PHL,2003,7.545823915364357,76.8219680786133
PHL,2004,7.59001586064897,78.5408630371094
PHL,2005,7.619664182831977,78.3063812255859
PHL,2006,7.6546424709858805,76.9573211669922
PHL,2007,7.700452054329457,77.0709991455078
PHL,2008,7.7253063249334675,78.008903503418
PHL,2009,7.721670169226304,80.1762771606445
PHL,2014,7.929097700106277,81.5640314318642
PHL,2015,7.975859623618142,82.0085254812081
PHL,2016,8.031495018587451,82.7837574272484
PHL,2017,8.085625471395327,80.9227600097656
PHL,2018,8.134742160070255,79.3622469757001
PHL,2019,8.181967056671677,85.3821865979599
PHL,2020,8.070489408264836,87.9419879481158
PHL,2021,8.117006888629858,85.8666475631511
PHL,2022,8.182475796564232,92.291271176651
PHL,2023,8.228096155182355,91.5493424610693
PHL,2024,8.275414328508655,85.2945085684493
PLW,1999,9.451515247950821,105.730941772461
PLW,2000,9.410582014167836,91.4381866455078
PLW,2003,9.481261323367342,102.667266845703
PLW,2004,9.507240856650627,98.1433486938477
PLW,2005,9.535731238689948,97.3436889648438
PLW,2006,9.549478384568868,100.88996887207
PLW,2007,9.571289140918177,101.115242004395
PLW,2013,9.55987301696107,106.158729553223
PLW,2014,9.59735930014024,108.378378378378
PLW,2020,9.593824634828254,160.800003051758
PLW,2021,9.467466766260982,102.280826799715
PLW,2022,9.464177739864551,89.0526315789474
PLW,2023,9.478135589026175,97.286012526096
PLW,2024,9.593324381739476,95.7270847691247
PNG,1970,7.615069561244289,8.36670017242432
PNG,1971,7.6521465148341505,8.74952983856201
PNG,1972,7.683171902966553,9.92076015472412
PNG,1973,7.723033926938202,10.4659099578857
PNG,1974,7.726007607524508,10.6592597961426
PNG,1975,7.69484322413446,11.7853899002075
PNG,1976,7.638407929989978,11.7263698577881
PNG,1977,7.625062371390507,11.3251495361328
PNG,1978,7.685773062539727,10.8328304290772
PNG,1979,7.682969617566116,10.9792604446411
PNG,1981,7.615505835700206,11.3870601654053
PNG,1982,7.598205290312219,11.3946895599365
PNG,1984,7.5841143093432475,12.1843299865723
PNG,1986,7.626205723776323,12.3109502792358
PNG,1987,7.631897714098867,13.1626100540161
PNG,1988,7.638969434699846,13.3679304122925
PNG,1989,7.602241969993111,13.4074897766113
PNG,1990,7.545551889106294,12.8674402236938
PNG,1991,7.605069524968032,13.0853796005249
PNG,1992,7.6993877447473,12.8545398712158
PNG,1993,7.830281885117315,13.8420295715332
PNG,1994,7.851792262923543,14.3283500671387
PNG,1995,7.782140284722915,13.10142993927
PNG,1998,7.6718478794773315,19.9277896881104
PNG,2012,7.668318539628602,37.0596555013801
PNG,2018,7.831402482811024,44.5501121213216
PNG,2019,7.852657482844119,46.2668456486691
PNG,2020,7.7991840494086135,44.5528199220061
PNG,2021,7.774178811308401,45.848952374731
PNG,2023,7.830141694754037,52.0929750873194
POL,2001,8.921986193049099,101.693962097168
POL,2002,8.94128285768953,103.719223022461
POL,2003,8.976584994360927,106.250358581543
POL,2004,9.02682463093347,98.4879837036133
POL,2005,9.059351981618704,101.085952758789
POL,2006,9.120159450938822,100.597557067871
POL,2007,9.186119834635363,100.348258972168
POL,2008,9.228887485080271,99.9508209228516
POL,2009,9.254025040861318,99.6487579345703
POL,2010,9.288078663514185,100.207778930664
POL,2011,9.33876115251882,100.617851257324
POL,2012,9.353768224666355,100.56485748291
POL,2013,9.36119092788997,111.516960144043
POL,2014,9.400395470924495,110.031021118164
POL,2015,9.444425606744861,109.41478729248
POL,2016,9.474716910374987,109.117248535156
POL,2017,9.524833198869176,109.45922088623
POL,2018,9.585420842170386,110.541938781738
POL,2019,9.630451637076177,109.753303527832
POL,2020,9.621802319314305,112.576263427734
POL,2021,9.70312160873207,110.52970123291
POL,2022,9.75867244865389,108.48217010498
POL,2023,9.764822032158765,108.386131286621
POL,2024,9.798155006438733,107.881309509277
PRE,1970,7.0068048024161165,9.78966999053955
PRE,1971,7.069217515807403,9.87133979797363
PRE,1972,7.0760831819411685,10.3235502243042
PRE,1973,7.088260625043625,10.7967901229858
PRE,1974,7.139841618353939,11.1456098556519
PRE,1975,7.1079669380688175,11.8991098403931
PRE,1976,7.14641012967892,12.5157203674316
PRE,1977,7.163382366970795,13.1665697097778
PRE,1978,7.130942072875037,14.2638702392578
PRE,1979,7.154935422923557,15.4803895950317
PRE,1980,7.167379850924309,16.8514995574951
PRE,1981,7.102400718138117,18.1646308898926
PRE,1982,7.064428259688619,19.3118801116943
PRE,1983,6.988414384551248,20.2712097167969
PRE,1984,6.966574425296962,21.2233695983887
PRE,1985,6.9737692615125875,21.6949501037598
PRE,1986,6.971155698245489,20.9964809417725
PRE,1987,6.981877596064286,20.9413509368896
PRE,1988,6.99329247338427,20.5939197540283
PRE,1989,6.980033811558442,19.9735698699951
PRE,1990,7.031909907209519,19.9569206237793
PRE,1991,6.922568324784236,20.0716209411621
PRE,1992,6.916093207791017,20.1167602539062
PRE,1993,6.878288320687647,20.2036800384521
PRE,1994,6.8457878140786095,20.4756698608398
PRE,1995,6.845243494956675,20.7523403167725
PRE,1996,6.873437050002064,20.7086296081543
PRE,1997,6.907964593134861,20.6976509094238
PRE,1998,6.946912548910411,21.178409576416
PRE,1999,6.9595373706148935,21.5488300323486
PRE,2000,6.984833070611319,22.3957004547119
PRE,2001,6.999142086025567,23.6473407745361
PRE,2002,7.027628674906659,24.6946506500244
PRE,2003,6.991923119843373,26.04248046875
PRE,2004,7.076171831261757,27.8160591125488
PRE,2005,7.104754786507712,28.6237106323242
PRE,2006,7.136444385731591,29.6016807556152
PRE,2007,7.168117046535723,30.13623046875
PRE,2008,7.201276529634396,32.6793212890625
PRE,2009,7.218660770233372,34.7867813110352
PRE,2010,7.253868731707231,36.8658103942871
PRE,2011,7.265072017536625,37.8949012756348
PRE,2012,7.277640969368713,39.0425109863281
PRE,2013,7.307199473554344,41.690731048584
PRE,2014,7.328567336716039,40.4270706176758
PRE,2015,7.330432074078413,41.0218086242676
PRE,2016,7.327138361960991,40.8002815246582
PRE,2017,7.315704924260761,41.44580078125
PRE,2018,7.314401857286471,42.028450012207
PRE,2019,7.318453242016145,42.8458595275879
PRE,2020,7.249324134987662,43.6063117980957
PRE,2021,7.245979166668942,44.1695289611816
PRE,2022,7.266061452717961,44.3046188354492
PRE,2023,7.26486225631437,44.6065711975098
PRE,2024,7.272215821121734,44.7690887451172
PRI,2009,10.259964354030158,88.5960998535156
PRI,2010,10.260095264022814,87.0993194580078
PRI,2011,10.264862162028216,84.0764465332031
PRI,2012,10.273971015986247,86.5407180786133
PRI,2013,10.279020974346315,89.4305877685547
PRI,2014,10.27990839200433,91.3355865478516
PRI,2015,10.28336272897395,99.0586395263672
PRI,2016,10.286249376297468,86.821891784668
PRI,2018,10.268437975281772,88.8774795532227
PRI,2023,10.309382751840023,110.409713745117
PRI,2024,10.34105667842236,81.4824139700154
PRT,2001,9.854984569273409,108.49845123291
PRT,2002,9.857187573287348,109.794471740723
PRT,2003,9.844084684759105,108.311233520508
PRT,2004,9.859422653913747,95.0831298828125
PRT,2005,9.865355401039723,96.4346008300781
PRT,2006,9.879671806151135,95.6554183959961
PRT,2007,9.902465561885503,99.3079605102539
PRT,2008,9.90421103740784,101.609558105469
PRT,2009,9.871539189783375,105.083099365234
PRT,2010,9.888307094175856,107.523330688477
PRT,2011,9.872494160627962,108.864181518555
PRT,2012,9.835196007149635,110.253372192383
PRT,2013,9.830794350175609,118.932960510254
PRT,2014,9.843572821075838,114.901290893555
PRT,2015,9.863487163188946,116.804588317871
PRT,2016,9.886484980778611,115.488418579102
PRT,2017,9.921533553239117,117.235328674316
PRT,2018,9.952171739599772,118.28833770752
PRT,2019,9.979021069470727,119.519371032715
PRT,2020,9.892361585498369,118.68286895752
PRT,2021,9.940190631482182,118.984870910645
PRT,2022,10.000744383129602,120.926139831543
PRT,2023,10.017582167929966,120.347076416016
PRY,1970,7.579193547928595,17.6388893127441
PRY,1971,7.610526546795609,17.8411407470703
PRY,1972,7.651527549273672,17.7744903564453
PRY,1973,7.697817724056757,19.1428108215332
PRY,1974,7.753425378119691,19.9021606445312
PRY,1975,7.794867847566713,20.2624092102051
PRY,1976,7.842774664796622,21.2671794891357
PRY,1977,7.926859647552552,23.2360591888428
PRY,1978,8.015511373674798,24.675350189209
PRY,1979,8.102170018465658,26.1497802734375
PRY,1980,8.186620673626841,27.56422996521
PRY,1981,8.24710322393489,28.7844104766846
PRY,1982,8.205186347185398,30.2751197814941
PRY,1983,8.146206562157492,31.8000907897949
PRY,1984,8.145792957279715,32.8993797302246
PRY,1985,8.161796942862118,32.589168548584
PRY,1986,8.181943340559274,32.1303901672363
PRY,1987,8.226796531706782,31.6233196258545
PRY,1988,8.256222198730354,31.7966594696045
PRY,1989,8.295588455299242,31.8411808013916
PRY,1990,8.308882445898986,32.9381713867188
PRY,1991,8.316664595335482,33.2977104187012
PRY,1992,8.307470244714665,35.8574409484863
PRY,1993,8.330329592640803,39.9399108886719
PRY,1994,8.35752782379231,41.6954002380371
PRY,1995,8.399577842624682,44.4948806762695
PRY,1996,8.391941212693776,46.9779205322266
PRY,1997,8.410948588333017,50.4627914428711
PRY,1998,8.389839500473617,54.6340599060059
PRY,1999,8.355260127269762,61.2352600097656
PRY,2000,8.312500749902892,64.4096298217773
PRY,2001,8.28724762845027,68.1916809082031
PRY,2002,8.272938413850728,69.8106307983398
PRY,2003,8.30293959192202,67.5210266113281
PRY,2004,8.331187861372,68.885986328125
PRY,2005,8.341238729247996,68.879280090332
PRY,2006,8.377772943908957,68.669563293457
PRY,2007,8.420766507531372,69.0111694335938
PRY,2008,8.474006567482823,70.5332565307617
PRY,2009,8.461172288554133,71.5204086303711
PRY,2010,8.554691295295894,73.1651100594436
PRY,2011,8.583390989661925,75.882698059082
PRY,2012,8.562216737174236,82.8002090454102
PRY,2016,8.70648354194201,81.8651046483746
PRY,2020,8.717550469205571,85.6669309236136
PRY,2021,8.744611567412317,84.787987118923
PRY,2022,8.732983069078593,82.3071472143291
PRY,2023,8.772189714210445,79.7518585422984
PRY,2024,8.805480015823058,79.1305613911018
PSE,1995,7.691321212707205,65.2461013793945
PSE,1996,7.658614644758572,67.3162078857422
PSE,1997,7.750703589098815,69.5173492431641
PSE,1999,7.9131086936374935,73.5706024169922
PSE,2000,7.798117586697776,76.0071334838867
PSE,2001,7.6748299011088665,78.0870895385742
PSE,2002,7.515878429096025,80.3683166503906
PSE,2003,7.621491466872472,83.0590972900391
PSE,2004,7.7941704088361705,86.8646087646484
PSE,2005,7.875592857307842,88.3457794189453
PSE,2006,7.84002472093093,90.0953369140625
PSE,2007,7.851655084909431,90.4300994873047
PSE,2008,7.895803171665555,89.9040603637695
PSE,2009,7.951564947228901,90.0118637084961
PSE,2010,7.981760966368257,89.1773371332236
PSE,2011,8.048183663284643,88.2808414383622
PSE,2012,8.08268525371673,88.0041466962408
PSE,2013,8.104592042958386,87.7419851728182
PSE,2014,8.079571356933426,87.618042824034
PSE,2015,8.093203861526998,88.3909219114319
PSE,2016,8.15567770387785,88.6612882360835
PSE,2017,8.149884728928209,89.7461522132674
PSE,2018,8.136750712182334,89.6454662001111
PSE,2019,8.125167751293695,90.3135207321564
PSE,2020,7.980183747468846,90.2544056722155
PSE,2021,8.023383987032283,91.0094011735985
PSE,2022,8.039144777824925,90.1364802874113
PSE,2023,8.00544278709866,89.1210984011759
PSS,1970,7.907773977364315,51.5451889038086
PSS,1971,7.948740438600202,53.0746994018555
PSS,1972,7.98206659045449,54.8464012145996
PSS,1973,8.067148474463322,56.2915916442871
PSS,1974,8.078133819154443,58.6807899475098
PSS,1975,8.062143138250887,60.2944602966309
PSS,1976,8.051092471287827,62.5235481262207
PSS,1977,8.061938030218244,63.3989295959473
PSS,1978,8.060832405362547,62.8706398010254
PSS,1979,8.120381621810857,63.8113594055176
PSS,1980,8.062845452808899,63.2934188842773
PSS,1981,8.069987279799685,63.1114807128906
PSS,1982,8.015157520518933,64.0556716918945
PSS,1983,7.98179707535069,63.771240234375
PSS,1984,8.011691335480249,63.6955184936523
PSS,1985,7.972554834818324,61.5808906555176
PSS,1986,8.002297870765409,61.3515510559082
PSS,1987,7.962865080253933,62.0965690612793
PSS,1988,7.957008474908438,61.7030487060547
PSS,1989,7.985025388358099,61.5083808898926
PSS,1990,8.006406177698983,61.8479499816895
PSS,1991,7.986903687633465,63.4781188964844
PSS,1992,8.019245829351949,65.3068695068359
PSS,1993,8.023651901761024,65.9884872436523
PSS,1994,8.057285953994336,65.0151062011719
PSS,1995,8.087404070612578,65.0577163696289
PSS,1996,8.103768591245695,64.7718811035156
PSS,1997,8.076823428510266,62.2199897766113
PSS,1998,8.075567440432351,61.5809593200684
PSS,1999,8.102015654984372,62.1114692687988
PSS,2000,8.073471197618082,60.8162803649902
PSS,2001,8.068897360853851,61.5854606628418
PSS,2002,8.07538567768312,64.1794662475586
PSS,2003,8.082366226814285,65.4917831420898
PSS,2004,8.109636071120073,66.1423034667969
PSS,2005,8.12268600693317,66.1138610839844
PSS,2006,8.135280262605786,67.4037628173828
PSS,2007,8.125754086690307,67.739631652832
PSS,2008,8.135358496439196,69.210563659668
PSS,2009,8.120704485470064,70.7275924682617
PSS,2010,8.144382985046237,73.0664367675781
PSS,2011,8.168446802437323,73.2360229492188
PSS,2012,8.165541287059852,71.849609375
PSS,2013,8.184423357027024,72.2782135009766
PSS,2014,8.206493965617518,72.6957931518555
PSS,2015,8.232457902558673,73.1618881225586
PSS,2016,8.256343736785718,73.2385635375977
PSS,2017,8.281545040804998,73.3907470703125
PSS,2018,8.295739593647872,73.5472793579102
PSS,2019,8.296876753113587,73.7306671142578
PSS,2020,8.178368057790843,73.7883224487305
PSS,2021,8.140337236822136,74.7895202636719
PSS,2022,8.208825423368845,79.3243865966797
PSS,2023,8.266265944850902,84.1793899536133
PSS,2024,8.289997700945653,83.7621612548828
PST,1999,10.409166835491655,100.304008483887
PST,2000,10.444147084311108,100.300071716309
PST,2001,10.454258455131214,100.874061584473
PST,2002,10.464455457487839,101.22444152832
PST,2003,10.479327617071185,101.472190856934
PST,2004,10.505585000827066,100.966011047363
PST,2005,10.52819666363726,101.461517333984
PST,2006,10.551856592327159,101.201469421387
PST,2007,10.571553404218458,101.35391998291
PST,2008,10.569148695292322,101.744071960449
PST,2009,10.529507949456693,102.094116210938
PST,2010,10.553440084250246,102.897079467773
PST,2011,10.566640070008308,102.624122619629
PST,2012,10.574896702248862,102.75414276123
PST,2013,10.586123007559557,105.638221740723
PST,2014,10.60249145241704,105.927757263184
PST,2015,10.620373451789401,105.744827270508
PST,2016,10.633662722728662,105.599746704102
PST,2017,10.65435987663967,105.74494934082
PST,2018,10.673421661998004,105.111068725586
PST,2019,10.68806732931624,105.30248260498
PST,2020,10.644953505633294,105.267570495605
PST,2021,10.701909515357276,105.331413269043
PST,2022,10.729357859160114,104.075889587402
PST,2023,10.743724642491605,103.410873413086
PST,2024,10.755107733447378,103.438346862793
QAT,1971,11.260293195033668,34.2936096191406
QAT,1972,11.256136854703016,31.9853591918945
QAT,1973,11.259009120419854,31.9284992218018
QAT,1974,11.225116868832695,31.2455101013184
QAT,1975,11.19729684366856,31.2028102874756
QAT,1976,11.19804118501437,37.0401611328125
QAT,1977,11.047397616973415,35.6903915405273
QAT,1978,11.06154325154665,38.125789642334
QAT,1979,11.045090883631492,42.1528587341309
QAT,1980,10.970342176849789,46.6809692382812
QAT,1981,10.917338948933235,52.1122093200684
QAT,1982,10.786656962611568,57.1038703918457
QAT,1983,10.711544356214747,63.8894500732422
QAT,1984,10.703428158597244,67.3271102905273
QAT,1985,10.631380929678087,72.2392501831055
QAT,1986,10.639308633178503,77.1075286865234
QAT,1987,10.6023342818214,70.0346374511719
QAT,1988,10.624414894624131,70.9482879638672
QAT,1989,10.650405268997194,72.1390914916992
QAT,1990,10.65041554047245,74.7044067382812
QAT,1991,10.600851598873648,76.3972625732422
QAT,1992,10.67615656571912,78.0948104858398
QAT,1993,10.631608957067838,87.2054824829102
QAT,1994,10.615381139738789,89.7694702148438
QAT,1995,10.60976035956015,92.1184692382812
QAT,1996,10.624400932354346,92.7450637817383
QAT,1998,10.900251368566948,89.4655838012695
QAT,1999,10.888609508827116,87.3524627685547
QAT,2001,10.902584099513817,87.8413467407227
QAT,2002,10.924023067866312,87.4843902587891
QAT,2003,10.9145504993317,88.7019805908203
QAT,2004,11.052587114225695,90.0552520751953
QAT,2005,11.059670769665749,90.0544815063477
QAT,2006,11.12780138649477,91.3522491455078
QAT,2007,11.076187104326337,91.991569519043
QAT,2008,11.072769457581584,97.6288604736328
QAT,2009,11.0656973741754,97.2014999389648
QAT,2010,11.215487993583016,98.150178716375
QAT,2011,11.333002984638838,96.4676867591291
QAT,2012,11.319847147206335,98.6139808267348
QAT,2013,11.256479409583873,97.3663778760953
QAT,2014,11.181027658744016,97.8845311253665
QAT,2015,11.141648640520387,101.946830749512
QAT,2016,11.116833173121455,97.44147524298
QAT,2017,11.074384823427014,101.989694099425
QAT,2018,11.07303686581504,102.1549014004
QAT,2019,11.057699478687294,105.162567508393
QAT,2020,10.964218035789289,105.869328366077
QAT,2021,11.089630013738178,95.6694483531864
QAT,2022,11.071557903474487,102.968360766419
QAT,2023,11.083849296500997,100.136596679688
QAT,2024,11.04124541258751,99.578857421875
ROU,2001,8.491937557090171,83.499382019043
ROU,2002,8.56570711673555,84.9503479003906
ROU,2003,8.596061367991172,84.2207717895508
ROU,2004,8.700953793057444,82.5846405029297
ROU,2005,8.752753767127427,81.0594787597656
ROU,2006,8.835905567509409,85.6820602416992
ROU,2007,8.92051918100169,84.2603607177734
ROU,2008,9.026177532415526,94.5384063720703
ROU,2009,8.977761268101364,103.393241882324
ROU,2010,8.94385951387169,102.467903137207
ROU,2011,8.99275285095176,100.735900878906
ROU,2012,9.016061879194224,97.4503707885742
ROU,2013,9.022558950116128,95.6988983154297
ROU,2014,9.066640191777969,93.5339965820312
ROU,2015,9.102422977129411,91.3377075195312
ROU,2016,9.136357583933709,88.7795104980469
ROU,2017,9.220907043122477,88.3843231201172
ROU,2018,9.279322454204783,86.5577163696289
ROU,2019,9.323429411747748,86.4074096679688
ROU,2020,9.292293508868276,86.416877746582
ROU,2021,9.354122266965353,86.1970901489258
ROU,2022,9.399000413166808,83.0334701538086
ROU,2023,9.420667506855567,81.6316070556641
RUS,1989,9.000346856145994,96.0366134643555
RUS,1990,8.968207540487844,95.5078735351562
RUS,1991,8.913553171282688,93.5606536865234
RUS,1992,8.755566122279662,93.1919708251953
RUS,1993,8.66542603260341,92.3931427001953
RUS,1994,8.531439760559778,90.7941513061523
RUS,1995,8.48933811279428,90.5618667602539
RUS,1996,8.452518723538327,91.0116806030273
RUS,1997,8.468074237849933,90.8466873168945
RUS,1998,8.415273256243886,91.6229934692383
RUS,1999,8.48040064506592,91.0067596435547
RUS,2003,8.759425956907013,94.6366500854492
RUS,2004,8.832978379342993,88.130989074707
RUS,2005,8.898827966431375,86.7092514038086
RUS,2006,8.980914248150096,86.4854736328125
RUS,2007,9.064204880368637,86.5527572631836
RUS,2008,9.11533716653478,87.0486373901367
RUS,2009,9.03382609990302,89.8769302368164
RUS,2011,9.118315025569482,94.5758904929741
RUS,2012,9.15525154071543,95.5384826756866
RUS,2013,9.169678480198696,95.9993761959632
RUS,2014,9.158395549600886,95.6056322692131
RUS,2015,9.135370444912384,96.3292563031308
RUS,2016,9.134465018611492,95.8434944997854
RUS,2017,9.150483790102484,97.5206298303399
RUS,2018,9.17727851345692,99.1831046517789
RUS,2019,9.198472669961488,100.471744682473
RUS,2020,9.172879928950492,91.5812884026933
RUS,2021,9.233208722526568,92.171155276901
RUS,2022,9.222181511586156,92.7729443625069
RUS,2023,9.264872668059374,92.4840470838527
RWA,1971,5.775456635393493,2.25144004821777
RWA,1976,5.8364115701218475,2.89427995681763
RWA,1977,5.826616590660554,3.13333988189697
RWA,1978,5.884562023586147,3.38572001457214
RWA,1979,5.966530732310192,3.5961799621582
RWA,1980,6.02120412604226,8.68601036071777
RWA,1981,6.04215871420543,11.5773897171021
RWA,1982,6.027301693834054,12.3084602355957
RWA,1983,6.052023356640782,13.542070388794
RWA,1984,5.975003954160974,14.0134296417236
RWA,1985,5.984347581992541,15.2243604660034
RWA,1986,6.0042097618061465,15.3432598114014
RWA,1987,5.971196937812487,15.5361404418945
RWA,1988,5.983331541099032,15.6140899658203
RWA,1989,5.95234996043553,16.4957294464111
RWA,1990,5.901881602819613,16.0649795532227
RWA,1991,5.856061789832109,15.881799697876
RWA,1992,5.892576593056398,14.6486597061157
RWA,1999,5.730090893326237,7.50258016586304
RWA,2000,5.802410355519627,10.2389402389526
RWA,2001,5.874980281717341,11.1507501602173
RWA,2002,5.9853424687790575,12.1046600341797
RWA,2003,5.985145580933399,13.584939956665
RWA,2004,6.030550200661309,15.3283996582031
RWA,2005,6.093587884434929,16.4831008911133
RWA,2006,6.155178320111057,18.1992893218994
RWA,2007,6.202137379555655,20.3850002288818
RWA,2008,6.281665255049434,22.1014308929443
RWA,2009,6.316481273772106,26.5538196563721
RWA,2010,6.362026158320575,32.4029083251953
RWA,2011,6.41407554804526,36.6210098266602
RWA,2012,6.47302089510687,39.662769317627
RWA,2013,6.495105376118715,30.2092864949597
RWA,2014,6.526069438296669,41.8218654918977
RWA,2015,6.58712488135122,39.4099042857311
RWA,2016,6.618469430593194,38.506238583342
RWA,2017,6.640980268668742,39.6912128982215
RWA,2018,6.695433971304703,41.1796940634956
RWA,2019,6.761424699489526,44.0779032495009
RWA,2021,6.769690007047125,44.1820840550314
RWA,2022,6.841503111770299,44.1547093958443
RWA,2023,6.9016476700965095,45.1251505756161
RWA,2024,6.950009477807104,48.790277194547
SAS,1999,6.609504588645228,45.0820808410645
SAS,2000,6.630859059436557,47.5083808898926
SAS,2001,6.657185594438084,47.4841194152832
SAS,2002,6.676564172780308,49.3626518249512
SAS,2003,6.731740217814579,51.5610618591309
SAS,2004,6.788062660467032,52.7400093078613
SAS,2005,6.846060613119133,54.9015197753906
SAS,2006,6.9070906134933,55.623348236084
SAS,2007,6.965379024166913,57.7001304626465
SAS,2008,6.985917701210225,60.2229614257812
SAS,2009,7.043563599164361,59.9533882141113
SAS,2010,7.108668133350014,63.2981491088867
SAS,2011,7.148404812920183,65.2862091064453
SAS,2012,7.190307521732884,67.8703536987305
SAS,2013,7.238642073394188,68.1029891967773
SAS,2014,7.296560217245272,72.9314117431641
SAS,2015,7.359175695279962,72.9351806640625
SAS,2016,7.424376534214191,74.687141418457
SAS,2017,7.478883353031486,73.4670028686523
SAS,2018,7.530330373727533,75.0400314331055
SAS,2019,7.560287247319712,74.9521636962891
SAS,2020,7.499418007673177,77.0081481933594
SAS,2021,7.579432548120324,79.3212738037109
SAS,2022,7.639979393318186,79.9404983520508
SAS,2023,7.696822675884012,77.9340286254883
SAS,2024,7.753348653266446,76.874153137207
SAU,1979,10.972077347165127,44.0255584716797
SAU,2005,9.991415621253445,87.1481628417969
SAU,2007,9.961605156934239,91.6758117675781
SAU,2009,9.931955728442166,99.7553787231445
SAU,2013,10.045739845623242,93.0168905157466
SAU,2014,10.06069344347705,98.8496091524944
SAU,2015,10.054325105243393,102.979200639837
SAU,2016,10.033771364832356,105.491550199825
SAU,2017,10.04477528672353,106.244903966787
SAU,2018,10.102072754303496,106.376211565111
SAU,2019,10.122850757049267,104.048257824894
SAU,2020,10.03572876041035,104.411027399625
SAU,2021,10.123533178025276,104.280975297041
SAU,2022,10.192677909182692,122.158039993668
SAU,2024,10.13153952605354,110.66346516974
SDN,2001,7.047670487464707,32.2981796264648
SDN,2002,7.077679751855402,32.1063385009766
SDN,2003,7.111855268352782,33.3529090881348
SDN,2004,7.135425483587366,36.5913009643555
SDN,2005,7.162586924967926,36.3686599731445
SDN,2006,7.197528181702272,34.6569290161133
SDN,2007,7.224104702427029,33.9691314697266
SDN,2008,7.231016063394568,35.8935012817383
SDN,2009,7.171155383734918,39.4921493530273
SDN,2010,7.17871567868571,39.6667785644531
SDN,2011,7.235776289848233,35.2129783630371
SDN,2012,7.161046620154998,38.7272605895996
SDN,2013,7.157314233944265,40.9434089660645
SDN,2014,7.175787793476717,42.046989440918
SDN,2015,7.164240479161954,42.5230712890625
SDN,2016,7.167928329890364,40.9556007385254
SDN,2017,7.140352828219474,43.0903282165527
SDN,2018,7.0782947471016975,42.1366996765137
SDN,2019,7.026917788074605,43.5378608703613
SEN,1971,6.9161672685052,8.74192047119141
SEN,1972,6.948125105487676,9.37096977233887
SEN,1978,6.861713618630972,10.451189994812
SEN,1979,6.905467243995663,9.90205955505371
SEN,1980,6.919848475428593,10.0807695388794
SEN,1981,6.944763359442019,10.647500038147
SEN,1982,6.995523259724219,11.1902704238892
SEN,1983,6.91054296233629,11.4464902877808
SEN,1984,6.921873872148622,11.4028902053833
SEN,1985,6.928012956977541,11.7534303665161
SEN,1986,6.930057974947211,12.6751298904419
SEN,1987,6.961603620902679,12.8431301116943
SEN,1988,6.924443185583719,13.1506595611572
SEN,1989,6.9346656836253056,14.0188302993774
SEN,1990,6.898490011265645,14.357439994812
SEN,1992,6.881467626519543,14.7115201950073
SEN,1996,6.863373613847059,14.0669403076172
SEN,1997,6.869779947055325,13.8685998916626
SEN,1998,6.903726259060552,13.8054399490356
SEN,1999,6.940961754944439,14.6024398803711
SEN,2000,6.954996377801152,15.2092504501343
SEN,2001,6.97295189493963,15.5517797470093
SEN,2002,6.949142009474185,16.9281692504883
SEN,2004,7.001428342588426,19.9657497406006
SEN,2005,7.020235864356541,22.2482490539551
SEN,2006,7.019996804799913,24.2208805084229
SEN,2008,7.037615174290761,30.7020606994629
SEN,2010,7.050585822482072,37.1267013549805
SEN,2011,7.038559374972487,42.6368983156004
SEN,2012,7.051038648564451,46.4158677062967
SEN,2013,7.045241522368861,49.0776594909389
SEN,2014,7.073946362086212,50.546931380439
SEN,2015,7.104970485658123,50.5380516052246
SEN,2019,7.229555225271635,44.4624552560012
SEN,2020,7.216556345386861,44.7866297761573
SEN,2021,7.254559323144008,45.1726204964815
SEN,2022,7.267664418533401,45.3756792066535
SEN,2023,7.285483534774421,44.0673682244069
SGP,2016,10.952148176143107,107.745868589242
SGP,2017,10.99362025524481,107.472873863465
SGP,2018,11.020292108152367,105.745250914262
SGP,2019,11.020370445511993,104.621987875083
SGP,2020,10.986713027068982,103.115839213946
SGP,2021,11.125008334606463,102.951274385922
SGP,2022,11.131241672677344,103.009804103267
SGP,2023,11.09705703149828,103.082801906213
SLB,1980,7.701458626243617,15.535849571228
SLB,1981,7.6485776550223745,18.446569442749
SLB,1982,7.597278596997372,19.5595397949219
SLB,1983,7.601287658689004,19.7502899169922
SLB,1986,7.469141675131674,18.3811302185059
SLB,1990,7.498721366452946,13.3273401260376
SLB,1991,7.526377647428475,14.7956104278565
SLB,1992,7.6157678322261555,15.2742795944214
SLB,1993,7.625242724385667,16.5854396820068
SLB,1994,7.673702048231953,17.3070106506348
SLB,1999,7.64300794796244,24.0200595855713
SLB,2000,7.466066190834963,19.1796207427979
SLB,2001,7.363694972880372,23.1048603057861
SLB,2002,7.316446324123511,30.1493606567383
SLB,2005,7.47064616903244,30.6725997924805
SLB,2006,7.493714941546279,35.7089614868164
SLB,2007,7.512198677091754,36.7365608215332
SLB,2010,7.629954782325543,50.952808380127
SLB,2011,7.664829125719228,49.3238906860352
SLB,2012,7.652504968970034,49.0498504638672
SLE,1971,7.036219339943576,9.29331016540527
SLE,1972,7.0268339658051,9.80914974212646
SLE,1973,7.0306436391995,10.6162099838257
SLE,1974,7.046553102219766,11.1770401000977
SLE,1975,7.044719542127455,11.5244102478027
SLE,1976,7.022173293886379,11.8418502807617
SLE,1977,7.004146648186826,12.3319101333618
SLE,1978,7.008613145453519,12.5900602340698
SLE,1979,7.033224588651986,13.0735397338867
SLE,1980,7.060586087617237,12.6570796966553
SLE,1981,7.068768275217936,14.1064100265503
SLE,1984,7.070582160755686,17.8618106842041
SLE,1985,6.993863355074378,19.006139755249
SLE,1986,6.981728702820052,17.3841094970703
SLE,1988,6.924300824102594,19.5007705688477
SLE,1989,6.9065948261712755,16.7818698883057
SLE,1990,6.899984516565495,16.6202907562256
SLE,1991,6.911520563304333,15.7828102111816
SLE,2001,6.464645382815284,25.5431499481201
SLE,2011,6.857262467338131,40.4235687255859
SLE,2012,6.9324904858312335,44.5522918701172
SLE,2013,7.044747942236414,39.2237892150879
SLE,2015,6.87168860673288,39.8463706970215
SLE,2016,6.910530048566022,42.1386795043945
SLE,2017,6.918246988720802,41.5312194824219
SLE,2018,6.923301635430662,43.119270324707
SLE,2019,6.953653437508732,61.1980781555176
SLE,2020,6.917956020210277,62.5606803894043
SLE,2021,6.952505064733894,73.4251403808594
SLE,2023,7.01559425821637,86.9079513549805
SLV,1970,7.95807478457067,22.1263103485107
SLV,1971,7.972035238724036,21.3805503845215
SLV,1972,8.00792287214535,24.7191200256348
SLV,1973,8.03195395738687,24.2108001708984
SLV,1974,8.060944535767295,28.2309703826904
SLV,1975,8.067483250340521,30.1032199859619
SLV,1976,8.095168307826375,31.8883399963379
SLV,1977,8.139398549114057,32.4509391784668
SLV,1978,8.169899113634408,33.8405609130859
SLV,1979,8.107753857249616,35.3842010498047
SLV,1980,7.922039178747413,31.8295402526856
SLV,1983,7.777120600230174,34.3167610168457
SLV,1984,7.771313759197016,35.0969200134277
SLV,1988,7.743105677785315,39.2198181152344
SLV,1989,7.733042893463759,38.6733818054199
SLV,1991,7.758732287136455,38.0633583068848
SLV,1992,7.810255311022323,39.8060684204102
SLV,1993,7.8535859180234695,41.6802787780762
SLV,1998,7.972576576280139,51.079158782959
SLV,1999,7.9883505731528945,52.2663192749023
SLV,2000,7.99459638121267,54.8399314880371
SLV,2001,7.999207780250162,57.1768608093262
SLV,2002,8.01170764312865,60.6978416442871
SLV,2003,8.025243189033683,64.1438369750977
SLV,2004,8.033086190447184,67.8388290405273
SLV,2005,8.059390407038835,67.6287612915039
SLV,2006,8.102389062150724,67.4043807983398
SLV,2007,8.119446907115272,67.3213119506836
SLV,2008,8.137527187971052,66.1245803833008
SLV,2009,8.113070634317651,66.7064819335938
SLV,2010,8.131087512584056,68.1448218125398
SLV,2011,8.164850747587009,69.7446217742312
SLV,2012,8.188777766364051,70.8309781500769
SLV,2013,8.206829270823723,72.2452860122263
SLV,2014,8.219851257751255,71.3858349113676
SLV,2015,8.240211238908092,70.725825383614
SLV,2016,8.262519476250159,68.2966095615156
SLV,2017,8.282695460364838,66.1074423967185
SLV,2018,8.305524283156728,66.9325713689265
SLV,2019,8.329203047532397,64.8486537180759
SLV,2020,8.244999080053105,65.1837191291627
SLV,2021,8.354097037462306,64.9813787512946
SLV,2022,8.379300386464532,65.2267824913058
SLV,2023,8.407645397126927,65.5709865566541
SLV,2024,8.428702568037547,62.1425847697468
SMR,1997,10.7874518881266,55.7791290283203
SMR,2000,10.929652739037165,47.660400390625
SMR,2008,11.027974125828834,62.9629592895508
SMR,2009,10.875652711517303,63.9632110595703
SMR,2010,10.813210269323683,66.6119766235352
SMR,2011,10.746131834812914,65.9253387451172
SMR,2012,10.647388122548564,64.1398315429688
SMR,2018,10.66472963209882,60.3284671532847
SMR,2019,10.681100046151446,61.0058309037901
SMR,2020,10.609225984175243,61.8604651162791
SMR,2021,10.754367217091248,61.0071942446043
SMR,2022,10.845003910959733,61.6779239246356
SMR,2023,10.845909356561313,60.7940446650124
SOM,1971,5.6285714809398035,2.82368993759155
SOM,1972,5.741131008247988,3.15511989593506
SOM,1973,5.585008529299065,3.59343004226685
SOM,1974,5.566581074071541,4.09333992004395
SOM,1976,5.634784634409887,5.43831014633179
SOM,1977,5.7359744395566485,3.01398992538452
SOM,1978,5.721162318561586,3.05156993865967
SOM,1979,5.546266434138343,3.91935992240906
SOM,1980,5.478429164762617,4.23287010192871
SOM,1981,5.531352040493114,12.7304697036743
SOM,1982,5.555143850670013,13.0085096359253
SOM,1983,5.400214860613827,12.4023199081421
SOM,1984,5.395921699020554,12.030179977417
SOM,1985,5.446567796939936,10.9152498245239
SOM,1986,5.383678421975924,9.88348007202148
SOM,2007,5.684295172826164,6.01468992233276
SOM,2023,6.141437375122518,3.34785008430481
SRB,2000,8.172546660661723,91.1882629394531
SRB,2001,8.239852750008527,89.7503128051758
SRB,2002,8.303666378679484,88.7098770141602
SRB,2003,8.350849651307245,88.2943801879883
SRB,2004,8.417910829984564,88.1681365966797
SRB,2005,8.478273221826027,88.5904083251953
SRB,2006,8.52047039416079,88.9565811157227
SRB,2007,8.599929905320167,89.437370300293
SRB,2008,8.654508269085472,90.4638137817383
SRB,2009,8.626587714867293,91.4844589233398
SRB,2010,8.64658911734339,91.4276275634766
SRB,2011,8.654691914076855,93.6310501098633
SRB,2012,8.655093837846179,94.1696166992188
SRB,2013,8.664463595523246,94.4092102050781
SRB,2014,8.651119088732186,94.3444137573242
SRB,2015,8.669110789661225,96.6696090698242
SRB,2016,8.703665712116246,96.234733581543
SRB,2017,8.732346696907411,95.4950866699219
SRB,2018,8.783255271689672,95.0872421264648
SRB,2019,8.83502972977784,94.4721908569336
SRB,2020,8.832145150727886,92.2411727905273
SRB,2021,8.918071263243814,92.3795013427734
SRB,2022,8.969917625720775,91.9540023803711
SRB,2024,9.05721961838657,89.8402786254883
SSA,1970,7.227295829942455,13.2164497375488
SSA,1971,7.27461900896629,12.8669595718384
SSA,1972,7.2768751506899205,13.5163097381592
SSA,1973,7.2913473476029305,13.832859992981
SSA,1974,7.335789806046391,14.0253801345825
SSA,1975,7.30526021523311,14.535530090332
SSA,1976,7.327420956952618,14.7851600646973
SSA,1977,7.326916349012224,15.305609703064
SSA,1978,7.295918250560964,16.0902404785156
SSA,1979,7.304354147851735,16.9511203765869
SSA,1980,7.311608905861187,18.1103801727295
SSA,1981,7.273530569909484,19.3364906311035
SSA,1982,7.230586891183892,20.5876598358154
SSA,1983,7.1752103847007485,21.74049949646
SSA,1984,7.168835893797955,22.784309387207
SSA,1985,7.159685672515437,23.24587059021
SSA,1986,7.149331267614602,22.8239803314209
SSA,1987,7.149312404983665,23.0224704742432
SSA,1988,7.164638707709984,23.0110492706299
SSA,1989,7.159235151522377,22.4622097015381
SSA,1990,7.1537041629291025,22.6359691619873
SSA,1991,7.130474930726978,22.8958396911621
SSA,1992,7.098467525434012,22.8230495452881
SSA,1993,7.060507263945553,22.9985694885254
SSA,1994,7.044183512820486,23.1956996917725
SSA,1995,7.050423134175947,23.6958599090576
SSA,1996,7.073743936697576,23.8945598602295
SSA,1997,7.087277467620631,24.0841503143311
SSA,1998,7.085572830254793,24.6246299743652
SSA,1999,7.080486093828937,24.8809509277344
SSA,2000,7.0877009243646825,25.4297409057617
SSA,2001,7.102307206121531,26.7406101226807
SSA,2002,7.137440757380897,27.7306003570557
SSA,2003,7.1509398666967785,28.8404808044434
SSA,2004,7.188562903932732,30.3713493347168
SSA,2005,7.2195810481784655,31.2845191955566
SSA,2006,7.250951770961453,32.2845306396484
SSA,2007,7.28323841579987,33.1695404052734
SSA,2008,7.306327487610446,35.050048828125
SSA,2009,7.309735341003718,36.7767791748047
SSA,2010,7.341055606453655,38.6344184875488
SSA,2011,7.355624238299675,39.7775688171387
SSA,2012,7.361093017158819,40.990348815918
SSA,2013,7.385140581157293,43.3602409362793
SSA,2014,7.404219724907816,42.3388481140137
SSA,2015,7.406147730709996,42.8740081787109
SSA,2016,7.392648749912943,42.51953125
SSA,2017,7.39106921506918,42.9003982543945
SSA,2018,7.39212590284748,43.1944885253906
SSA,2019,7.391215756797547,44.0311317443848
SSA,2020,7.33210893467985,44.7030181884766
SSA,2021,7.342023530984199,45.3279190063477
SSA,2022,7.356704030494975,45.4329109191895
SSA,2023,7.358834276459788,45.7063407897949
SSA,2024,7.369932164097135,45.9034194946289
SSF,1970,7.2276128636484165,13.2196397781372
SSF,1971,7.27498021248596,12.8705902099609
SSF,1972,7.277256780088097,13.5202198028565
SSF,1973,7.291759980690924,13.8370704650879
SSF,1974,7.33616598439968,14.0305099487305
SSF,1975,7.3056585267443,14.5402402877808
SSF,1976,7.327888564132544,14.788519859314
SSF,1977,7.327323193953759,15.3100204467773
SSF,1978,7.296467745972112,16.0955696105957
SSF,1979,7.304997128946977,16.9570693969727
SSF,1980,7.31218057678955,18.1170597076416
SSF,1981,7.274081739012266,19.3442707061768
SSF,1982,7.231135549154424,20.5969696044922
SSF,1983,7.175777984411307,21.7499809265137
SSF,1984,7.16942161584216,22.7951793670654
SSF,1985,7.160335297950163,23.2565994262695
SSF,1986,7.149975319899624,22.8346996307373
SSF,1987,7.149969642918308,23.0330295562744
SSF,1988,7.165306108172631,23.0214996337891
SSF,1989,7.159969885978763,22.4724407196045
SSF,1990,7.154487067864888,22.6459808349609
SSF,1991,7.131281701252339,22.9057197570801
SSF,1992,7.099350758172777,22.8328704833984
SSF,1993,7.0614778999717425,23.0079898834229
SSF,1994,7.045115968972822,23.2050495147705
SSF,1995,7.051327528480454,23.7044296264648
SSF,1996,7.074698107973685,23.9030494689941
SSF,1997,7.08831880629604,24.0918693542481
SSF,1998,7.086614447237592,24.6314792633057
SSF,1999,7.0815250263143055,24.8870506286621
SSF,2000,7.088751251163244,25.4356002807617
SSF,2001,7.103286891605131,26.7454109191894
SSF,2002,7.13836594556212,27.7354907989502
SSF,2003,7.151767910015694,28.8454208374023
SSF,2004,7.189309036637969,30.3758201599121
SSF,2005,7.220354189840783,31.2892894744873
SSF,2006,7.251753897860976,32.2884407043457
SSF,2007,7.284066475696845,33.1736717224121
SSF,2008,7.307084837358918,35.0536117553711
SSF,2009,7.3104481597149995,36.7800216674805
SSF,2010,7.341756416227555,38.6372413635254
SSF,2011,7.35637039706893,39.7799110412598
SSF,2012,7.361839050638793,40.9930000305176
SSF,2013,7.385855367342086,43.3622894287109
SSF,2014,7.404930458821257,42.3408889770508
SSF,2015,7.4069055249673275,42.8760604858398
SSF,2016,7.393498275913925,42.5216102600098
SSF,2017,7.391960773159771,42.9023704528809
SSF,2018,7.393039418481548,43.1964416503906
SSF,2019,7.392159709028645,44.0328903198242
SSF,2020,7.332964357520018,44.704761505127
SSF,2021,7.342852897453103,45.3296394348145
SSF,2022,7.357569930332131,45.4347686767578
SSF,2023,7.359725771812354,45.7079315185547
SSF,2024,7.37082216283517,45.9050216674805
SST,1974,8.582761427034738,43.8719100952148
SST,1975,8.56729761705499,45.9203987121582
SST,1976,8.652205117124865,47.285400390625
SST,1977,8.715741317550853,48.7923698425293
SST,1978,8.768580451807367,49.2741394042969
SST,1979,8.860379961486435,49.0191497802734
SST,1980,8.848827916908977,49.6086196899414
SST,1981,8.796847855530231,48.9810409545898
SST,1982,8.796136394319397,49.2644996643066
SST,1983,8.769994272971173,49.8607482910156
SST,1984,8.780419807205147,50.1048202514648
SST,1985,8.778168415202767,50.4975090026855
SST,1986,8.781579794089662,50.8875007629395
SST,1987,8.79615350821242,50.6617889404297
SST,1988,8.804460776535123,51.0730209350586
SST,1989,8.819110320918996,51.0078582763672
SST,1990,8.831735944636597,52.0605392456055
SST,1991,8.812064562711377,53.8513412475586
SST,1992,8.793292433746737,53.6306495666504
SST,1993,8.791292439312384,54.6264915466309
SST,1994,8.813188526495502,55.186149597168
SST,1995,8.843839836971659,56.5011405944824
SST,1996,8.870376015078294,56.8296890258789
SST,1997,8.909254091525687,58.100959777832
SST,1998,8.93419665675809,59.3189392089844
SST,1999,8.963689411722282,58.3170394897461
SST,2000,9.01599482739955,59.234790802002
SST,2001,9.028211995672446,60.1207695007324
SST,2002,9.048890988354962,60.8898887634277
SST,2003,9.08353782524832,63.2252388000488
SST,2004,9.118074221365834,63.2259216308594
SST,2005,9.155317466935175,64.0577163696289
SST,2006,9.20874546794651,65.0822677612305
SST,2007,9.243971814499687,66.3339996337891
SST,2008,9.245462377500198,66.9976425170898
SST,2009,9.191094134862345,68.2292404174805
SST,2010,9.201749544860316,70.7695770263672
SST,2011,9.21695274031357,69.8727722167969
SST,2012,9.228187667579707,70.6521682739258
SST,2013,9.229739620782738,71.0712814331055
SST,2014,9.242651085324201,71.8893585205078
SST,2015,9.254548291325465,72.242301940918
SST,2016,9.26189425949283,72.9925765991211
SST,2017,9.28315810611414,73.5249404907227
SST,2018,9.30485223123796,74.0403594970703
SST,2019,9.32461154994706,74.8342971801758
SST,2020,9.243099305012498,74.8698806762695
SST,2021,9.304587710588331,75.2126770019531
SST,2022,9.365820573632384,75.5592727661133
SST,2023,9.405911988035669,76.1052169799805
SST,2024,9.456760001246217,77.5084533691406
STP,1971,6.923379254460723,13.0166902542114
STP,1972,6.924692248518438,14.4430904388428
STP,1976,6.971611770025654,27.2751998901367
STP,1977,7.155612575585989,25.1643009185791
STP,1981,7.1186811808893244,21.5585403442383
STP,1982,7.130500896913383,27.5297698974609
STP,1983,7.072893596232946,35.5078582763672
STP,1984,6.991582999310565,37.1004905700684
STP,1987,6.922339666205688,28.8752098083496
STP,1988,6.915965080177241,34.9361114501953
STP,2003,6.943954087124436,36.1393585205078
STP,2004,6.953739568792738,39.6760902404785
STP,2005,6.993150823539376,43.0029182434082
STP,2007,7.0652000627817,46.4745101928711
STP,2008,7.101792231127865,43.6149482727051
STP,2009,7.111190220508838,49.2131805419922
STP,2010,7.1036100573725856,50.2788581848145
STP,2011,7.10246750569321,48.8370208740234
STP,2012,7.111262921959973,56.3386497497559
STP,2013,7.1418025599483785,63.3046607971191
STP,2014,7.171135538267656,74.2815475463867
STP,2015,7.1686642280408845,82.4009170532227
STP,2016,7.202314008702069,83.8791198730469
STP,2017,7.226640940690306,90.4435729980469
SUR,1971,8.671462412896306,34.8558502197266
SUR,1972,8.651556653682272,32.8768310546875
SUR,1973,8.637530437481379,36.4221992492676
SUR,1974,8.646832510571171,38.1918296813965
SUR,1975,8.680833665454525,40.516960144043
SUR,1976,8.772567154326163,41.7953910827637
SUR,1977,8.87802642764059,43.8084983825684
SUR,1978,8.951241005314257,46.2137489318848
SUR,1979,8.95549829536314,46.6839599609375
SUR,1980,8.86929288298784,49.1130218505859
SUR,1981,8.937667251259889,33.3000717163086
SUR,1982,8.891844908833225,42.3111610412598
SUR,1983,8.846262361963014,42.9188613891602
SUR,1984,8.818019621701412,43.7010383605957
SUR,1985,8.825395626662191,51.5629196166992
SUR,1986,8.81961281286225,56.812858581543
SUR,1987,8.743998731142337,54.9038200378418
SUR,1988,8.805801671880005,54.4467506408691
SUR,1989,8.831691097784159,53.9738082885742
SUR,1990,8.775697046640285,53.3289489746094
SUR,1991,8.79624836006051,55.0893783569336
SUR,1992,8.794052531231014,59.6615180969238
SUR,1993,8.720489505448267,51.1067199707031
SUR,2001,8.741224786999487,69.0101776123047
SUR,2002,8.748513987415832,70.4287109375
SUR,2005,8.890385370580338,68.3932418823242
SUR,2006,8.935818913381011,69.8493118286133
SUR,2007,8.974270698286118,70.2995910644531
SUR,2008,9.003207297053992,70.8968505859375
SUR,2009,9.021198505378132,68.5604400634766
SUR,2010,9.059971782224588,70.6480069546381
SUR,2011,9.105344898210108,68.2217083635148
SUR,2012,9.120517298901987,68.4763406082679
SUR,2013,9.138141662394105,68.5071438994946
SUR,2014,9.129590490925912,67.3043899536133
SUR,2015,9.084053196979129,70.1560287475586
SUR,2016,9.023205111516392,71.6250318633699
SUR,2018,9.067237456061589,74.745979309082
SUR,2019,9.068466300951869,74.4114544472174
SUR,2020,8.883655159149434,73.11669921875
SUR,2021,8.849929804803109,65.6294708251953
SUR,2022,8.865217526755439,78.0214761948254
SUR,2023,8.879955799272373,76.1109237670898
SVK,2001,9.13533209651057,87.4630432128906
SVK,2002,9.178920361070636,88.5775680541992
SVK,2003,9.227003032116434,91.0334014892578
SVK,2004,9.279699460413369,93.7951812744141
SVK,2005,9.342434676746999,95.3483963012695
SVK,2006,9.427884399084137,95.5382995605469
SVK,2007,9.530317325613145,95.3289337158203
SVK,2008,9.581704697578502,94.7546234130859
SVK,2009,9.52374528546728,94.39501953125
SVK,2010,9.588512922038431,94.7793426513672
SVK,2011,9.612525006400196,94.9994125366211
SVK,2012,9.626393036381128,95.0492630004883
SVK,2013,9.632327073899523,93.529670715332
SVK,2014,9.658075972311597,92.7571029663086
SVK,2015,9.70759894324071,91.8957290649414
SVK,2016,9.725600632169233,91.4534378051758
SVK,2017,9.752390722504042,91.2535934448242
SVK,2018,9.790823481696595,91.7815399169922
SVK,2019,9.81197406976346,91.3246917724609
SVK,2020,9.784921131755084,90.813346862793
SVK,2021,9.842061731233246,91.0899124145508
SVK,2022,9.850341481768611,92.2043075561523
SVK,2023,9.87217092607487,92.6436767578125
SVK,2024,9.892233250132435,93.1929931640625
SVN,2001,9.715754332111711,108.754692077637
SVN,2002,9.746813754520934,109.761543273926
SVN,2003,9.777661305073957,111.062507629395
SVN,2004,9.821477834806354,98.896858215332
SVN,2005,9.857562856160202,98.4314880371094
SVN,2006,9.911779694656975,97.2324523925781
SVN,2007,9.975146646136327,99.2364883422852
SVN,2008,10.006731492835778,99.93359375
SVN,2009,9.918751406550351,98.9675598144531
SVN,2010,9.925450595902388,98.5378189086914
SVN,2011,9.929906263605451,98.4782180786133
SVN,2012,9.89821717830354,98.1137313842773
SVN,2013,9.88858803395893,110.558929443359
SVN,2014,9.914858072395745,110.182746887207
SVN,2015,9.937757320976354,109.655220031738
SVN,2016,9.966918220256982,115.216941833496
SVN,2017,10.01671638905634,114.595596313477
SVN,2018,10.055949664620233,113.556167602539
SVN,2019,10.083438806338028,111.369567871094
SVN,2020,10.035033446477938,110.359169006348
SVN,2021,10.11315839497574,108.17887878418
SVN,2022,10.137599370599515,107.874809265137
SVN,2023,10.157117692400249,107.626876831055
SWE,2001,10.645767748729286,147.903442382812
SWE,2002,10.665035125343998,144.218505859375
SWE,2003,10.679949747314154,136.474304199219
SWE,2004,10.71696275248944,101.425491333008
SWE,2005,10.740511737024276,101.482162475586
SWE,2006,10.780587292644292,101.204086303711
SWE,2007,10.804911375886864,100.998710632324
SWE,2008,10.787847039539354,101.521087646484
SWE,2009,10.735839805559381,101.434310913086
SWE,2010,10.783229423106263,102.25106048584
SWE,2011,10.806826582565227,102.14037322998
SWE,2012,10.795276362748696,103.106872558594
SWE,2013,10.798115315800002,132.713500976562
SWE,2014,10.810891278995069,133.660247802734
SWE,2015,10.843263636106574,137.462966918945
SWE,2016,10.851786967343648,137.561157226562
SWE,2017,10.856965678266043,142.641586303711
SWE,2018,10.86289691501412,140.821746826172
SWE,2019,10.878507651590331,136.641006469727
SWE,2020,10.85175321747415,136.426132202148
SWE,2021,10.89668624463542,138.688186645508
SWE,2022,10.902356625417916,139.406524658203
SWE,2023,10.89558674884876,134.244293212891
SWE,2024,10.90257894419773,131.96354675293
SWZ,1970,6.807667823982967,16.3403606414795
SWZ,1971,6.909683261093399,18.1114406585693
SWZ,1972,6.935071603121614,21.1121597290039
SWZ,1973,6.993371272174813,24.1005897521973
SWZ,1974,7.020512405893514,27.0851402282715
SWZ,1975,7.121384517201775,29.8568706512451
SWZ,1976,7.0695876131900794,30.8489093780518
SWZ,1977,7.047631782608462,33.2195892333984
SWZ,1978,7.027871227988981,34.0879592895508
SWZ,1979,7.025438624919034,35.3889694213867
SWZ,1980,7.109635162192065,36.1546096801758
SWZ,1985,7.198327889298661,39.7173385620117
SWZ,1992,7.585768935836915,47.7011184692383
SWZ,1993,7.587210859038405,44.7079582214355
SWZ,1994,7.611043276293501,45.2933082580566
SWZ,1995,7.658974006740134,46.7922706604004
SWZ,1996,7.676872891846479,46.7752113342285
SWZ,1998,7.703463094688395,45.3353004455566
SWZ,1999,7.7216894808650665,44.860279083252
SWZ,2000,7.728876429716158,43.3038711547852
SWZ,2001,7.733676201288856,43.7772598266602
SWZ,2002,7.765810509302615,44.738208770752
SWZ,2003,7.803368872965383,44.4690589904785
SWZ,2004,7.832864382858646,48.3460006713867
SWZ,2005,7.885612045435465,50.5027885437012
SWZ,2006,7.94572802481871,54.4987907409668
SWZ,2007,7.9822348548486985,58.3698616027832
SWZ,2009,7.997607499758,59.5709686279297
SWZ,2010,8.029277049051858,64.5977020263672
SWZ,2011,8.04196063594246,67.2353363037109
SWZ,2012,8.076671120902219,69.2019271850586
SWZ,2013,8.11136396881017,70.8080825805664
SWZ,2014,8.126161297753303,73.7052383422852
SWZ,2015,8.13734400578844,76.2872772216797
SWZ,2016,8.160568785765973,82.023935767308
SYC,1970,8.277439314126125,30.1778202056885
SYC,1971,8.40435747740218,31.4237804412842
SYC,1972,8.441433613134883,32.774528503418
SYC,1973,8.512822988183695,33.9092597961426
SYC,1974,8.507565864378211,37.8633003234863
SYC,1975,8.515727388210678,35.9638290405273
SYC,1976,8.646302959405874,29.8267993927002
SYC,1978,8.747433707989524,39.8036499023438
SYC,1979,8.885491894571707,44.1914405822754
SYC,1980,8.824007392081615,49.6510696411133
SYC,1981,8.772307300518124,57.5889015197754
SYC,1982,8.745493413601551,67.7786483764648
SYC,1983,8.74052366492757,71.7712707519531
SYC,1984,8.776758638618757,106.71166229248
SYC,1985,8.86662546813696,109.461853027344
SYC,1986,8.867982075946848,109.935119628906
SYC,1987,8.873125704842915,111.849670410156
SYC,1988,8.921289402911004,113.867492675781
SYC,1989,9.0132186676645,114.042106628418
SYC,1991,9.094125379919907,116.71842956543
SYC,1992,9.158810777114864,118.86083984375
SYC,1993,9.208463071301015,118.033416748047
SYC,1994,9.157137943359238,119.788307189941
SYC,1995,9.147274864323494,115.11988067627
SYC,1996,9.227894440527443,117.119323730469
SYC,1998,9.336034091476431,102.857513427734
SYC,1999,9.334939115243085,75.9474029541016
SYC,2000,9.367664883405393,86.0170364379883
SYC,2001,9.343816627557068,78.5736694335938
SYC,2002,9.325298144459754,74.4553298950195
SYC,2003,9.275937945381802,77.5321578979492
SYC,2004,9.250722611604287,77.4061813354492
SYC,2005,9.332320084280083,84.5365982055664
SYC,2006,9.401410839077519,77.854362487793
SYC,2007,9.481345733616072,84.6312103271484
SYC,2008,9.431345011601783,81.1551132202148
SYC,2009,9.402313400513735,80.9706115722656
SYC,2010,9.418456104492195,76.172233581543
SYC,2011,9.535586373000246,74.46608040201
SYC,2012,9.556409344911225,84.5009231567383
SYC,2013,9.55039999181759,84.6974263853466
SYC,2014,9.57467898169896,89.3980343980344
SYC,2015,9.637769506651795,92.0911695105244
SYC,2016,9.738770644385793,101.712798026857
SYC,2017,9.793760472725365,112.311212814645
SYC,2018,9.832431101243063,108.274060095805
SYC,2019,9.877228075955676,100.825877494838
SYC,2020,9.743809391865643,102.18818380744
SYC,2021,9.74126517943574,102.952278242114
SYC,2022,9.646736218302001,76.8818747010999
SYC,2023,9.6981136680349,74.2514404458298
SYC,2024,9.71791897907726,70.824577331543
SYR,1971,6.522395077665546,36.2742309570312
SYR,1972,6.716848883178471,39.018180847168
SYR,1973,6.572505930584345,41.4602584838867
SYR,1974,6.7683158092835685,43.029598236084
SYR,1975,6.885806844044304,43.4126205444336
SYR,1976,6.967188421974028,44.6115913391113
SYR,1977,6.914680488292977,45.1130485534668
SYR,1978,6.975175821535968,46.3539695739746
SYR,1979,6.950064838152309,47.5500297546387
SYR,1980,7.051966133074577,46.635570526123
SYR,1981,7.093444178127886,46.1836891174316
SYR,1982,7.0877820838394285,46.7617416381836
SYR,1983,7.076595534130763,48.5295104980469
SYR,1984,6.9623609841627365,51.2318496704102
SYR,1985,7.0165756556082055,53.2235298156738
SYR,1986,6.89882473264735,54.7710418701172
SYR,1987,6.881020188120947,55.343448638916
SYR,1988,7.012674896221008,54.1437110900879
SYR,1989,6.832822255137115,52.7029685974121
SYR,1990,6.8372083485810995,50.2651405334473
SYR,1991,6.87964868546701,48.0100402832031
SYR,1992,6.970921118017083,45.8358192443848
SYR,1993,7.000433958167421,45.0889015197754
SYR,1994,7.040591270491013,44.1066284179688
SYR,1995,7.08017298659483,43.2628517150879
SYR,1996,7.146811388962635,42.482120513916
SYR,1997,7.169578691658525,42.4340896606445
SYR,1998,7.20943370850576,43.1899795532227
SYR,1999,7.147811656658451,43.2545585632324
SYR,2000,7.129604760209226,43.7118301391602
SYR,2001,7.142290820794919,44.8389511108398
SYR,2002,7.193780324471143,46.175178527832
SYR,2003,7.175857855340122,60.3702812194824
SYR,2004,7.21789367041257,63.2146301269531
SYR,2005,7.252501524858645,66.2456588745117
SYR,2006,7.258919163254684,67.4928436279297
SYR,2007,7.252542207539007,68.0717620849609
SYR,2008,7.260939990272727,68.490966796875
SYR,2009,7.302770766477053,69.7070083618164
SYR,2010,7.3306444924560665,70.8321380615234
SYR,2011,7.341301748687415,72.3000030517578
SYR,2012,7.040792181185118,73.1369705200195
SYR,2013,6.784828958300835,47.5814208984375
SYR,2020,6.6242449005149915,39.0727806091309
SYR,2021,6.614829426942786,39.4595794677734
SYR,2022,6.5749975166590975,39.6268081665039
TCA,2009,10.308572579673244,108.944358825684
TCA,2014,10.226904257620383,72.6863226863227
TCA,2015,10.290687329452664,81.0204081632653
TCA,2016,10.31503414073348,73.9748274462038
TCA,2017,10.831432177901329,85.01841997544
TCA,2018,10.856364434589265,95.5051546391753
TCA,2019,10.867041306193274,91.2056151940545
TCA,2020,10.42642232569928,91.187270501836
TCA,2021,10.666807723722226,98.0016021728516
TCA,2022,10.785338130981264,105.9765625
TCA,2023,10.906378516924715,109.841759938248
TCA,2024,10.953947154131399,119.728975687525
TCD,1971,6.543035120653028,1.86033999919891
TCD,1972,6.5321453837106045,2.00648999214172
TCD,1974,6.446592769898467,2.10489988327026
TCD,1975,6.511306116832523,2.29766988754273
TCD,1976,6.520706550200172,2.59845995903015
TCD,1977,6.524078436077001,3.0403299331665
TCD,1985,6.478650926069419,5.68249988555908
TCD,1987,6.34784037050244,5.10021018981934
TCD,1989,6.4717188095110405,5.28646993637085
TCD,1990,6.401370921119706,6.07534980773926
TCD,1994,6.360306305886359,7.09618997573853
TCD,1995,6.328528477981433,8.12324047088623
TCD,1996,6.3061398753633755,8.40592956542969
TCD,1997,6.326614223523364,8.73291015625
TCD,1998,6.359417409162124,9.62382984161377
TCD,1999,6.317433424553505,10.2139501571655
TCD,2000,6.274009066027598,10.964280128479
TCD,2001,6.350548324422846,12.6534004211426
TCD,2002,6.397215367688055,13.4368200302124
TCD,2003,6.49459602169636,14.8295497894287
TCD,2004,6.739949612420639,15.217809677124
TCD,2005,6.859480487577029,15.5320997238159
TCD,2006,6.8180610313171,15.8697900772095
TCD,2007,6.82475709182934,18.2909908294678
TCD,2008,6.8201116381207445,20.7904891967773
TCD,2009,6.770199010289301,22.7542705535889
TCD,2010,6.863754297988115,22.369271805704
TCD,2011,6.872425428697144,22.8224817551818
TCD,2012,6.924043424597909,22.1087903431339
TCD,2013,6.916335477860363,24.5326035474767
TCD,2014,6.9010540334137245,22.8485794067383
TCD,2015,6.901727881271915,22.2454248795188
TCD,2016,6.828242125792,22.530490847167
TCD,2017,6.77887123692077,20.5855678473561
TCD,2018,6.801099251183,20.0021180694774
TCD,2019,6.821329595960453,20.192877474143
TCD,2021,6.754053400771419,23.1541767734797
TCD,2023,6.753421007467271,24.1941648001316
TCD,2024,6.7522696205098365,23.49298947746
TEA,1970,6.009805874862455,27.9643096923828
TEA,1971,6.048575529029138,30.914909362793
TEA,1972,6.071785826309022,37.0211906433105
TEA,1973,6.127963117050722,43.0889282226562
TEA,1974,6.145013486439794,45.0451316833496
TEA,1975,6.191084181247656,45.5065383911133
TEA,1976,6.201000865097462,47.316520690918
TEA,1977,6.2570997625917855,48.7490081787109
TEA,1978,6.329214964635758,47.3581199645996
TEA,1979,6.38122881257829,43.9672584533691
TEA,1980,6.437908304847374,38.8708610534668
TEA,1981,6.476561505415011,36.360279083252
TEA,1982,6.521779217658087,33.5133399963379
TEA,1983,6.579030108982632,33.0737190246582
TEA,1984,6.65833622313735,32.0402603149414
TEA,1985,6.7185035413901115,33.5552215576172
TEA,1986,6.770807058031942,34.8876190185547
TEA,1987,6.8412921286177495,37.4810981750488
TEA,1988,6.917134309100618,39.2444114685059
TEA,1989,6.955720844149938,40.099609375
TEA,1990,6.989691404167944,40.3148994445801
TEA,1991,7.052220967226725,42.2061004638672
TEA,1992,7.144518882137429,44.4425888061523
TEA,1993,7.237973248191924,46.2817115783691
TEA,1994,7.328482363711385,47.0881614685059
TEA,1995,7.409984427489982,49.1487312316895
TEA,1996,7.4843228068913445,52.1285781860352
TEA,1997,7.543184088686506,54.4590911865234
TEA,1998,7.560871761586679,56.1487693786621
TEA,1999,7.612544834013735,57.5102500915527
TEA,2000,7.676870116712528,58.4025802612305
TEA,2001,7.7349413544418475,60.4245300292969
TEA,2002,7.804345558561942,61.3886795043945
TEA,2003,7.882209051278209,62.8951110839844
TEA,2004,7.961657013283262,65.5222091674805
TEA,2005,8.049325056833268,67.5451889038086
TEA,2006,8.1463360615131,70.4729614257812
TEA,2007,8.255748376660847,74.1725082397461
TEA,2008,8.330837521725606,76.8748016357422
TEA,2009,8.400390591312416,80.9785385131836
TEA,2010,8.48727787519808,82.7601089477539
TEA,2011,8.561774771874742,84.1783065795898
TEA,2012,8.626050090431278,84.6765213012695
TEA,2013,8.688040718193403,85.6664199829102
TEA,2014,8.747728579206017,85.0126571655273
TEA,2015,8.80455538371733,85.2556991577148
TEA,2016,8.860096237572284,84.6476364135742
TEA,2017,8.917019618680712,84.9235076904297
TEA,2018,8.973895934592088,85.7153472900391
TEA,2019,9.025557510225878,87.4709014892578
TEA,2020,9.034368394558498,88.5766220092773
TEA,2021,9.10559278666746,89.3585662841797
TEA,2022,9.138135639146999,90.1412811279297
TEA,2023,9.187560922182826,90.9201583862305
TEA,2024,9.234251120435308,90.9757614135742
TEC,1999,8.326130658534284,87.7835922241211
TEC,2000,8.397807672100909,89.4128036499023
TEC,2001,8.424789474317047,91.6380462646484
TEC,2002,8.474161923547765,93.05322265625
TEC,2003,8.533949129387397,94.1367568969727
TEC,2004,8.609217403080226,90.9970397949219
TEC,2005,8.673054651512803,89.3182983398438
TEC,2006,8.747920074480932,90.5597763061523
TEC,2007,8.82151554978098,91.1792297363281
TEC,2008,8.863074072741577,91.51220703125
TEC,2009,8.811582268083676,90.8170013427734
TEC,2010,8.853775259421779,92.3682632446289
TEC,2011,8.90661268389067,93.4119720458984
TEC,2012,8.93600626118038,93.3589782714844
TEC,2013,8.96430099267345,98.1530380249023
TEC,2014,8.981953218858063,98.8591079711914
TEC,2015,8.991522981771082,98.7176971435547
TEC,2016,9.005347361555586,98.6390914916992
TEC,2017,9.043622077448129,99.9956512451172
TEC,2018,9.076841080334086,100.211502075195
TEC,2019,9.100449900711387,100.414009094238
TEC,2020,9.083927432676443,97.6678695678711
TEC,2021,9.156586274134837,97.4853134155273
TEC,2022,9.18078557465128,98.0531005859375
TEC,2023,9.223483750815204,97.7369766235352
TEC,2024,9.259997796023475,98.6327209472656
TGO,1971,6.623240240058573,6.28946018218994
TGO,1972,6.668284987593698,7.57434988021851
TGO,1973,6.679733707375246,8.47506999969482
TGO,1974,6.701751641264496,9.9179801940918
TGO,1975,6.701416223012486,12.4667501449585
TGO,1976,6.656748815309725,16.161039352417
TGO,1977,6.7003346885018065,19.8434391021729
TGO,1978,6.781197943740292,22.8641796112061
TGO,1979,6.702823621132729,26.3229198455811
TGO,1980,6.810906155733052,28.7248001098633
TGO,1982,6.681509769113451,27.3065299987793
TGO,1983,6.6020185793556125,24.0106906890869
TGO,1984,6.632410433317351,19.7725505828857
TGO,1985,6.658287811209012,17.0168991088867
TGO,1986,6.642658347394644,17.4728107452393
TGO,1987,6.61748634152239,17.0881900787354
TGO,1988,6.651666174208142,19.3031501770019
TGO,1989,6.661814484034008,17.8128509521484
TGO,1990,6.630113500336777,19.9296493530273
TGO,1991,6.594264092938695,18.9681396484375
TGO,1992,6.525287540882969,18.7232894897461
TGO,1994,6.508497016077798,19.9208507537842
TGO,1995,6.5325455897944,21.6522598266602
TGO,1996,6.57420052214799,23.0392093658447
TGO,1997,6.674702428882279,23.4432792663574
TGO,1999,6.626082894825122,29.0356693267822
TGO,2000,6.593247791251305,31.6074600219727
TGO,2001,6.576586803777392,34.4402694702148
TGO,2002,6.589370352437961,38.4870300292969
TGO,2003,6.629464756948232,40.5968894958496
TGO,2004,6.595248675782378,41.9863700866699
TGO,2005,6.522806013588114,44.2280082702637
TGO,2006,6.520459446433818,46.0299682617188
TGO,2007,6.477044177781507,42.7597885131836
TGO,2011,6.560241328748071,52.7706298828125
TGO,2017,6.747276301039784,60.769472220228
TGO,2021,6.83335612810928,63.0669365853803
TGO,2023,6.91892357354134,63.4192515229188
THA,1971,6.897613241984704,17.1638202667236
THA,1972,6.912886637747974,18.4518299102783
THA,1973,6.983967883577591,20.0774002075195
THA,1974,7.002182701952782,21.9800796508789
THA,1975,7.026284304106783,23.1193008422852
THA,1976,7.09236109698574,25.0751705169678
THA,1977,7.163884583422684,26.965669631958
THA,1978,7.240062669101135,27.3225193023682
THA,1979,7.27138349929773,27.2657604217529
THA,1980,7.30120679200253,27.5494499206543
THA,1981,7.338518523078423,28.5601100921631
THA,1982,7.371125509535429,28.9853000640869
THA,1984,7.443037859466967,31.0518798828125
THA,1985,7.470011670308865,31.6391296386719
THA,1986,7.505989976273943,31.3920593261719
THA,1987,7.579556055975985,30.5292892456055
THA,1988,7.687269856386003,29.5940799713135
THA,1989,7.785833096493278,29.329439163208
THA,1990,7.875316795154772,30.0151195526123
THA,1991,7.94114152845319,32.2471084594727
THA,1992,8.00297978682566,35.9716300964355
THA,1993,8.066834395380921,40.6418609619141
THA,1994,8.129024592335266,45.9383201599121
THA,1995,8.192828445667832,51.2646713256836
THA,1996,8.23399800962009,57.5684394836426
THA,1997,8.19273882594483,59.4612503051758
THA,1998,8.10027075319704,61.9174385070801
THA,2001,8.188418323551389,64.0281982421875
THA,2002,8.238471975824611,65.5458221435547
THA,2004,8.350612275591972,67.444221496582
THA,2005,8.383034699820561,71.8262786865234
THA,2006,8.423217621027346,71.6298599243164
THA,2007,8.468143081239914,75.7808074951172
THA,2008,8.477571297301573,75.2078475952148
THA,2009,8.463255730115991,76.6007080078125
THA,2010,8.528994773648948,78.3943786621094
THA,2011,8.531142920325157,86.9894790649414
THA,2012,8.594872208146699,85.5365295410156
THA,2013,8.615519117762524,83.854850769043
THA,2014,8.620014364522413,123.525459289551
THA,2015,8.646263987300964,124.330596923828
THA,2016,8.675526061571343,122.563217163086
THA,2017,8.712224153308563,79.5062371844027
THA,2018,8.75055626255621,80.6045305135668
THA,2019,8.769435276762746,81.7206425877734
THA,2020,8.70490394139797,82.3668560969625
THA,2021,8.71917197037036,84.6644528199547
THA,2022,8.745096995393986,88.0661686868399
THA,2023,8.767794856441542,93.3356315272258
THA,2024,8.797334714252285,92.507325535959
THA,2025,8.822137990146217,92.0872315506486
TJK,1991,7.080341780771511,101.484306335449
TJK,1992,6.718514098263055,99.5476379394531
TJK,1993,6.526095452317992,93.3880233764648
TJK,1994,6.26918760031005,81.6863327026367
TJK,1995,6.1156810334352825,81.701057434082
TJK,1999,5.994974335059739,71.8187484741211
TJK,2000,6.062708585114621,71.9670562744141
TJK,2001,6.134874600418972,73.8529586791992
TJK,2002,6.2182187052716,75.8080596923828
TJK,2003,6.3033357148126825,78.0805816650391
TJK,2004,6.381743445205455,79.29443359375
TJK,2005,6.4270282835515395,79.9551315307617
TJK,2006,6.475684347223267,80.7600173950195
TJK,2007,6.531578405336905,81.424560546875
TJK,2008,6.587805479901928,82.2941436767578
TJK,2009,6.605585942424534,83.1336364746094
TJK,2010,6.647174759706793,83.9114990234375
TJK,2011,6.696253979329011,85.0206298828125
TJK,2012,6.744670402109575,86.3469314575195
TJK,2013,6.791089300172851,86.9873504638672
TJK,2020,7.066382730073155,90.9012072790342
TJK,2021,7.1341495377555555,91.2751683038557
TJK,2022,7.18973772908326,90.888637681585
TJK,2023,7.249291488892838,88.4022015902249
TJK,2024,7.310776158362432,86.9035257819264
TLA,1999,8.7759107212978,77.9026489257812
TLA,2000,8.796301854671057,79.2825164794922
TLA,2001,8.785167798705109,80.4266967773438
TLA,2002,8.77316181147935,87.1421203613281
TLA,2003,8.782431921767191,84.516227722168
TLA,2004,8.824573691235472,86.275749206543
TLA,2005,8.853280886713037,86.5360717773438
TLA,2006,8.893436739174945,84.8551025390625
TLA,2007,8.934558282927235,86.0176696777344
TLA,2008,8.960554797940384,87.166389465332
TLA,2009,8.92524631700143,88.1361923217773
TLA,2010,8.976287760223558,89.2030792236328
TLA,2011,9.009874833186027,89.6975326538086
TLA,2012,9.025764021678485,89.8447189331055
TLA,2013,9.042740941822336,94.8373031616211
TLA,2014,9.044688735188801,94.8604431152344
TLA,2015,9.036468986328282,95.0402984619141
TLA,2016,9.019173854141032,96.094367980957
TLA,2017,9.025844659322312,96.5330505371094
TLA,2018,9.029934193093458,97.5631637573242
TLA,2019,9.024544392723122,97.6140975952148
TLA,2020,8.947016800811946,97.0555877685547
TLA,2021,9.011219777143399,97.3780975341797
TLA,2022,9.045378992735854,96.9736022949219
TLA,2023,9.060804770913416,97.5160369873047
TLA,2024,9.07618338774997,98.0442428588867
TLS,2001,7.084015135421342,41.3206901550293
TLS,2002,6.935498778466239,44.7095603942871
TLS,2003,6.871425849240624,46.5835189819336
TLS,2004,6.862203939853502,57.962100982666
TLS,2005,6.871118902293307,59.4707984924316
TLS,2008,6.949730228846686,57.0646095275879
TLS,2009,7.021170553829426,67.0938568115234
TLS,2010,7.086219972659028,68.3026309590313
TLS,2011,7.120835429988011,70.1640602638495
TLS,2012,7.146312461799203,70.0278421982138
TLS,2013,7.156120973626996,67.8276665960217
TLS,2014,7.180043172342836,69.3739464182596
TLS,2015,7.18507861477971,72.9840325557506
TLS,2016,7.195681231825078,77.3856943732818
TLS,2017,7.1444755295471,81.1665700933061
TLS,2018,7.12060656401165,83.0952419040915
TLS,2019,7.318040407402116,85.1248242560832
TLS,2020,7.574476330616807,84.7410404382553
TON,1981,7.859028644653006,107.585403442383
TON,1982,7.904626728623839,109.491157531738
TON,1983,7.924073124526058,106.535781860352
TON,1984,7.941389310673488,91.7570266723633
TON,1985,8.004974145305004,82.8096084594727
TON,1986,8.025674124010635,75.2325592041016
TON,1990,8.002238033354812,90.8189697265625
TON,1991,8.062459998042158,91.7331771850586
TON,1993,8.099595405147161,100.907371520996
TON,1998,8.213169438752598,92.3290100097656
TON,1999,8.229464046689529,101.259719848633
TON,2000,8.260153065951021,100.165519714355
TON,2001,8.26903453511892,97.5217514038086
TON,2002,8.306716481642809,101.04744720459
TON,2003,8.301570513679177,109.53938293457
TON,2004,8.275901022524758,97.9341201782227
TON,2006,8.236221483545505,97.8654708862305
TON,2007,8.206827922734997,102.244041442871
TON,2008,8.251560029471865,103.846702575684
TON,2009,8.197197538884085,104.440650939941
TON,2010,8.203571763370814,105.640548706055
TON,2011,8.266875771601743,107.053398132324
TON,2012,8.277054454561458,94.5147705078125
TON,2013,8.28454708587763,95.4586410522461
TON,2014,8.308646546131104,96.7714748784441
TON,2015,8.324555438555482,103.261224756552
TON,2019,8.426409271765566,96.0933090863485
TON,2020,8.443978797453674,90.4639980016237
TON,2021,8.436612193869511,106.143896523848
TON,2022,8.419352794915953,96.996718063038
TON,2023,8.45111751220694,91.8606656320055
TON,2024,8.472179925565285,92.4258049730721
TSA,1999,6.609504588645228,45.0820808410645
TSA,2000,6.630859059436557,47.5083808898926
TSA,2001,6.657185594438084,47.4841194152832
TSA,2002,6.676564172780308,49.3626518249512
TSA,2003,6.731740217814579,51.5610618591309
TSA,2004,6.788062660467032,52.7400093078613
TSA,2005,6.846060613119133,54.9015197753906
TSA,2006,6.9070906134933,55.623348236084
TSA,2007,6.965379024166913,57.7001304626465
TSA,2008,6.985917701210225,60.2229614257812
TSA,2009,7.043563599164361,59.9533882141113
TSA,2010,7.108668133350014,63.2981491088867
TSA,2011,7.148404812920183,65.2862091064453
TSA,2012,7.190307521732884,67.8703536987305
TSA,2013,7.238642073394188,68.1029891967773
TSA,2014,7.296560217245272,72.9314117431641
TSA,2015,7.359175695279962,72.9351806640625
TSA,2016,7.424376534214191,74.687141418457
TSA,2017,7.478883353031486,73.4670028686523
TSA,2018,7.530330373727533,75.0400314331055
TSA,2019,7.560287247319712,74.9521636962891
TSA,2020,7.499418007673177,77.0081481933594
TSA,2021,7.579432548120324,79.3212738037109
TSA,2022,7.639979393318186,79.9404983520508
TSA,2023,7.696822675884012,77.9340286254883
TSA,2024,7.753348653266446,76.874153137207
TSS,1970,7.2276128636484165,13.2196397781372
TSS,1971,7.274980212485953,12.8705902099609
TSS,1972,7.277256780088097,13.5202198028565
TSS,1973,7.291759980690924,13.8370704650879
TSS,1974,7.33616598439968,14.0305099487305
TSS,1975,7.3056585267443,14.5402402877808
TSS,1976,7.327888564132544,14.788519859314
TSS,1977,7.327323193953759,15.3100204467773
TSS,1978,7.296467745972112,16.0955696105957
TSS,1979,7.304997128946977,16.9570693969727
TSS,1980,7.31218057678955,18.1170597076416
TSS,1981,7.274081739012266,19.3442707061768
TSS,1982,7.231135549154424,20.5969696044922
TSS,1983,7.175777984411307,21.7499809265137
TSS,1984,7.16942161584216,22.7951793670654
TSS,1985,7.160335297950163,23.2565994262695
TSS,1986,7.149975319899624,22.8346996307373
TSS,1987,7.149969642918308,23.0330295562744
TSS,1988,7.165306108172631,23.0214996337891
TSS,1989,7.159969885978763,22.4724407196045
TSS,1990,7.154487067864888,22.6459808349609
TSS,1991,7.131281701252339,22.9057197570801
TSS,1992,7.099350758172777,22.8328704833984
TSS,1993,7.0614778999717425,23.0079898834229
TSS,1994,7.045115968972822,23.2050495147705
TSS,1995,7.051327528480454,23.7044296264648
TSS,1996,7.074698107973685,23.9030494689941
TSS,1997,7.08831880629604,24.0918693542481
TSS,1998,7.086614447237592,24.6314792633057
TSS,1999,7.0815250263143055,24.8870506286621
TSS,2000,7.088751251163244,25.4356002807617
TSS,2001,7.103286891605131,26.7454109191894
TSS,2002,7.13836594556212,27.7354907989502
TSS,2003,7.151767910015694,28.8454208374023
TSS,2004,7.189309036637969,30.3758201599121
TSS,2005,7.220354189840783,31.2892894744873
TSS,2006,7.251753897860976,32.2884407043457
TSS,2007,7.284066475696845,33.1736717224121
TSS,2008,7.307084837358918,35.0536117553711
TSS,2009,7.3104481597149995,36.7800216674805
TSS,2010,7.341756416227555,38.6372413635254
TSS,2011,7.35637039706893,39.7799110412598
TSS,2012,7.361839050638793,40.9930000305176
TSS,2013,7.385855367342086,43.3622894287109
TSS,2014,7.404930458821257,42.3408889770508
TSS,2015,7.4069055249673275,42.8760604858398
TSS,2016,7.393498275913925,42.5216102600098
TSS,2017,7.391960773159771,42.9023704528809
TSS,2018,7.393039418481548,43.1964416503906
TSS,2019,7.392159709028645,44.0328903198242
TSS,2020,7.332964357520018,44.704761505127
TSS,2021,7.342852897453103,45.3296394348145
TSS,2022,7.357569930332131,45.4347686767578
TSS,2023,7.359725771812354,45.7079315185547
TSS,2024,7.37082216283517,45.9050216674805
TTO,1971,8.669105191158184,41.6708183288574
TTO,1972,8.713070637167922,43.0648002624512
TTO,1973,8.716839716752519,42.1475296020508
TTO,1977,8.869180640214882,55.45703125
TTO,1981,9.093412872725645,71.1244506835938
TTO,1982,9.119493324513726,77.1323013305664
TTO,1983,8.99986770855707,79.2496032714844
TTO,1984,8.929968048994532,81.6188125610352
TTO,1985,8.875714847315624,81.7011108398438
TTO,1986,8.829189422075993,83.1170425415039
TTO,1987,8.770732020461967,83.994758605957
TTO,1988,8.720363484373205,84.9449996948242
TTO,1989,8.702699107565511,83.3250427246094
TTO,1990,8.709170516938574,83.2187423706055
TTO,1991,8.731895201522669,79.8684310913086
TTO,1992,8.820549403974047,78.0434112548828
TTO,1993,8.806945838804806,77.3761901855469
TTO,2004,9.52202605138361,84.2731094360352
TTO,2023,9.67550524046458,92.9377899169922
TTO,2024,9.699686041800813,95.6815649255588
TUN,1971,7.15468551528657,23.4129905700684
TUN,1972,7.29270224819026,23.268030166626
TUN,1973,7.260398906047995,22.372859954834
TUN,1974,7.311774897780037,21.6520004272461
TUN,1975,7.354060723460136,20.9354095458984
TUN,1976,7.403226936103604,20.7895202636719
TUN,1977,7.410611352738305,21.2242908477783
TUN,1978,7.448404069080802,22.4655799865723
TUN,1979,7.488976839206475,23.3862209320068
TUN,1980,7.537608288773865,24.025520324707
TUN,1981,7.568521272026188,24.4948596954346
TUN,1982,7.541567586858903,27.2818794250488
TUN,1983,7.5665304079878934,30.7923393249512
TUN,1984,7.599132533085808,33.5633010864258
TUN,1985,7.628124284710795,36.1242980957031
TUN,1986,7.588178187850475,39.1010093688965
TUN,1987,7.628390670790884,38.7068290710449
TUN,1988,7.605709765648831,39.7315406799316
TUN,1989,7.60104580173262,42.8631706237793
TUN,1990,7.656559632392753,43.0990982055664
TUN,1991,7.673785064027112,43.2728004455566
TUN,1992,7.727915872526003,43.7264213562012
TUN,1993,7.729577880034567,46.0115699768066
TUN,1994,7.742905920551176,50.4441184997559
TUN,1995,7.750439113326085,54.4242706298828
TUN,1996,7.805030067710601,58.3619918823242
TUN,1997,7.844456512813597,59.8096504211426
TUN,1998,7.878486839416766,66.0825881958008
TUN,1999,7.925363590538028,69.9536819458008
TUN,2000,7.960165514264062,72.4827117919922
TUN,2001,7.986756160286251,74.8093338012695
TUN,2002,7.989629636632078,76.4910736083984
TUN,2003,8.025591255588935,76.0593566894531
TUN,2004,8.076740040489113,80.0033264160156
TUN,2005,8.102264899943865,83.4392318725586
TUN,2006,8.144548943503654,85.9542694091797
TUN,2007,8.200321146745102,89.6093063354492
TUN,2008,8.232205694609082,91.0540390014648
TUN,2009,8.25198993185532,88.8368377685547
TUN,2010,8.270501101594988,88.1112289428711
TUN,2011,8.238732812238293,89.3414688110352
TUN,2013,8.280859946094077,87.2357025146484
TUN,2014,8.299434999745554,84.9663467407227
TUN,2015,8.29777960932586,85.7816009521484
TUN,2016,8.297864588430892,90.3264236450195
TUR,1971,8.10030407357824,25.4376697540283
TUR,1972,8.147927103526964,27.0752696990967
TUR,1973,8.156898047683109,27.4580497741699
TUR,1974,8.189188078011526,27.1202697753906
TUR,1976,8.316802677679844,29.1443004608154
TUR,1977,8.329673372241299,30.9229297637939
TUR,1978,8.324409171094633,32.8722991943359
TUR,1979,8.2985206960996,33.3552513122559
TUR,1980,8.253760010072082,35.4070587158203
TUR,1981,8.281290717010862,34.5791893005371
TUR,1982,8.294925045427235,35.3289794921875
TUR,1983,8.319938203053496,35.8382186889648
TUR,1984,8.361912766274981,37.2469711303711
TUR,1986,8.427729358717455,41.4022903442383
TUR,1987,8.497974660899756,43.101188659668
TUR,1988,8.500945713284914,45.314380645752
TUR,1989,8.484243124506792,47.8183898925781
TUR,1990,8.554138711431806,48.6131210327148
TUR,1991,8.54372169991728,50.329719543457
TUR,1992,8.575803279034082,51.9287109375
TUR,1993,8.632279361318833,55.1014289855957
TUR,1994,8.567088154093648,56.6241989135742
TUR,1995,8.62655426553595,59.1320114135742
TUR,1997,8.737161502388393,59.2662200927734
TUR,1999,8.697772733217068,69.3712387084961
TUR,2000,8.752464102488055,74.5879898071289
TUR,2001,8.683880414009694,85.3136215209961
TUR,2002,8.734190763569853,90.1109924316406
TUR,2003,8.778953084510617,91.8227310180664
TUR,2004,8.86243007717421,88.3136901855469
TUR,2005,8.938944478085427,84.943717956543
TUR,2006,8.996963394379998,88.5527877807617
TUR,2007,9.04517480014172,90.7344512939453
TUR,2008,9.041677875708675,89.0569686889648
TUR,2009,8.977815592246035,80.1907424926758
TUR,2010,9.044590120376022,84.2024002075195
TUR,2011,9.134091859988523,87.80322265625
TUR,2012,9.16830103943749,85.0204315185547
TUR,2013,9.23692864170461,102.209701538086
TUR,2014,9.268418713657828,105.97550201416
TUR,2015,9.31151057104938,107.243186950684
TUR,2016,9.330752566421996,108.547561645508
TUR,2017,9.39313231666067,112.977333068848
TUR,2018,9.413689966269365,112.115409851074
TUR,2019,9.412325250776597,111.910400390625
TUR,2020,9.420491391349826,112.527458190918
TUR,2021,9.52302754693335,114.147331237793
TUR,2022,9.566165188242875,116.040176391602
TUR,2023,9.611321116091183,118.411979675293
TUV,1990,7.802015687269154,83.780158996582
TUV,1998,8.05819616443745,69.8653182983398
TUV,2001,8.02589010722684,72.7853164672852
TUV,2014,8.025949393610462,79.6419067382812
TUV,2015,8.117511494300159,87.6274566650391
TUV,2016,8.167185530383367,77.9319915771484
TUV,2018,8.229627279730089,78.7418670654297
TUV,2019,8.371727329932593,80.2197799682617
TUV,2020,8.35830596350977,77.0771513353116
TUV,2021,8.378216299270015,88.8804841149773
TUV,2022,8.282399022839465,92.0868890612878
TUV,2023,8.334656264325302,93.2753164556962
TUV,2024,8.385463070354724,90.6571654790182
TZA,1970,6.305545717586624,2.83882999420166
TZA,1971,6.308949569655691,2.90395998954773
TZA,1972,6.341980748581918,2.85652995109558
TZA,1973,6.366056329699365,2.95945000648498
TZA,1974,6.350885077602952,3.27130007743835
TZA,1975,6.3536132370003795,3.30271005630493
TZA,1976,6.349763019822464,3.40208005905151
TZA,1977,6.314072236240415,3.52850008010864
TZA,1978,6.299390420240702,3.56394004821777
TZA,1979,6.290463000487409,3.6210401058197
TZA,1980,6.285873629601244,3.53824996948242
TZA,1981,6.245548185138994,3.25503993034363
TZA,1982,6.211352009657027,3.22304010391235
TZA,1983,6.174617044687467,3.23036003112793
TZA,1984,6.187700360301588,3.16923999786377
TZA,1985,6.167474328397872,3.49790000915527
TZA,1986,6.187917779464269,3.6226499080658
TZA,1987,6.202183020284377,3.8362500667572
TZA,1988,6.241967573836153,4.14652013778687
TZA,1989,6.252332801282967,4.39448976516724
TZA,1991,6.289654307400644,5.12444019317627
TZA,1992,6.270575407399222,5.15000009536743
TZA,1993,6.251253570903689,5.16552019119263
TZA,1994,6.228456768712429,5.10563993453979
TZA,1995,6.232134457737911,5.09504985809326
TZA,1996,6.258305797886607,5.0444598197937
TZA,1997,6.272790632311894,5.5465898513794
TZA,2010,6.68623455567777,31.8920497894287
TZA,2013,6.783111727579558,32.3857446198788
TZA,2014,6.817624005549459,29.6310806274414
TZA,2015,6.844951060363835,26.090669631958
TZA,2016,6.877457015173844,25.6429992626308
TZA,2017,6.909313025026465,26.3711632016128
TZA,2018,6.931486706649624,28.5933897410534
TZA,2019,6.958226507050118,30.1824263288684
TZA,2020,6.948186454955274,30.9205938581875
TZA,2021,6.960648690204736,28.231330871582
UGA,1982,5.8838968350153245,7.60493993759155
UGA,1983,5.914961295913088,6.74786996841431
UGA,1984,5.884743056997886,7.92201995849609
UGA,1985,5.8230398168632185,8.47751045227051
UGA,1986,5.797814631283946,9.7850399017334
UGA,1987,5.8056948768200884,10.7959995269775
UGA,1988,5.853276135824431,11.3819599151611
UGA,1990,5.913068551778414,11.0182104110718
UGA,1991,5.9343133488812825,10.3139801025391
UGA,1992,5.933860891366185,10.0910997390747
UGA,1993,5.979300739973377,10.0285797119141
UGA,1994,6.007810968206797,10.2928104400635
UGA,1995,6.0895576717635285,10.6459398269653
UGA,1997,6.170134996691269,10.1793003082275
UGA,2004,6.372192002124185,19.1225490570068
UGA,2007,6.528750354712275,24.0911102294922
UKR,1988,8.073802585688396,96.6862335205078
UKR,1990,8.039902450548647,96.5413208007812
UKR,1991,7.9466404565654445,93.4981231689453
UKR,1992,7.839467597827163,92.5183486938477
UKR,1993,7.685810939329714,90.8020782470703
UKR,1994,7.430994235783187,89.9870071411133
UKR,1999,7.185033319040957,94.7813720703125
UKR,2000,7.250793523722175,97.8325805664062
UKR,2001,7.344252744095522,99.4165725708008
UKR,2002,7.405058637626521,100.038528442383
UKR,2003,7.50343214803933,101.250122070312
UKR,2004,7.621902872289646,98.8390197753906
UKR,2005,7.660397767452958,95.1181106567383
UKR,2006,7.739852039091524,97.1627883911133
UKR,2007,7.82338661381434,97.6914291381836
UKR,2008,7.850763534582072,97.740348815918
UKR,2009,7.69082093291978,97.3778762817383
UKR,2010,7.734529901630858,98.1416817681323
UKR,2011,7.790746009086028,96.1171826388401
UKR,2012,7.794382133758643,99.4775493061556
UKR,2013,7.7966403878830555,99.4303801060075
UKR,2014,7.744415425280027,98.2963249258606
UKR,2015,7.647057668097867,90.502896110392
UKR,2016,7.676048432128427,88.5457508688536
UKR,2017,7.704249768417747,86.788702271804
UKR,2018,7.744425577293742,85.8331876808318
UKR,2019,7.782423016096244,84.4568283620119
UKR,2020,7.751091339741339,84.4283338575221
UKR,2021,7.794251450357203,84.6516335033103
UKR,2023,7.67983434916351,87.0823822021484
UKR,2024,7.707987634580502,86.1695022583008
URY,1970,8.838518673775184,59.6570014953613
URY,1971,8.830404571213194,60.7152900695801
URY,1972,8.811725957302794,62.9181213378906
URY,1973,8.808999832240492,64.5903167724609
URY,1974,8.83163418402744,64.099479675293
URY,1975,8.884398792104596,61.5282516479492
URY,1976,8.916380852127375,61.6558494567871
URY,1977,8.924600768597003,60.1999282836914
URY,1978,8.971375315321424,58.6435585021973
URY,1979,9.026683228733068,57.5945205688477
URY,1981,9.091040229756565,63.2537612915039
URY,1982,8.984242304406497,64.3264007568359
URY,1983,8.871373046764433,67.21533203125
URY,1984,8.855304421894015,70.5702972412109
URY,1985,8.865029340084432,72.3943481445312
URY,1986,8.944234735278734,75.0588607788086
URY,1987,9.01552586120493,75.2541809082031
URY,1988,9.024320967919593,77.9856185913086
URY,1989,9.029354282802691,79.3056335449219
URY,1990,9.026460309927904,82.0396194458008
URY,1991,9.055470849610224,84.3774108886719
URY,1992,9.126257562987211,83.2024612426758
URY,1993,9.14719920909749,82.5225601196289
URY,1994,9.21227329511559,83.0388488769531
URY,1995,9.192471348027704,84.937141418457
URY,1996,9.241471021431476,88.4318771362305
URY,1998,9.357462050652947,91.807746887207
URY,1999,9.337597205686361,94.4159698486328
URY,2000,9.314369788239542,96.8511276245117
URY,2001,9.272710049302109,100.673240661621
URY,2002,9.190828375699178,105.918418884277
URY,2003,9.198141957262543,109.803192138672
URY,2004,9.246373967265198,108.258857727051
URY,2005,9.317525086780893,102.750953674316
URY,2006,9.356557136243545,102.318283081055
URY,2007,9.418206433316357,92.9150619506836
URY,2008,9.485380593016586,88.0473403930664
URY,2009,9.52454612643267,89.2928771972656
URY,2010,9.597123928699771,98.6642990112305
URY,2011,9.644975610857257,101.560180664062
URY,2012,9.677171329777222,102.977226257324
URY,2013,9.719528985074962,104.664520263672
URY,2014,9.748121594509515,106.469367980957
URY,2015,9.748347314592769,108.043296813965
URY,2016,9.761764701294066,112.032577514648
URY,2017,9.776313263788442,116.472846984863
URY,2018,9.776162241116287,117.769058227539
URY,2019,9.784616086291907,119.848533190039
URY,2020,9.707677239541228,116.991828918457
URY,2021,9.765144903261541,119.826342137062
URY,2022,9.811881520825366,121.137930191204
URY,2023,9.82030566889607,119.105005958635
USA,1971,10.155587115975665,83.3990478515625
USA,1972,10.196102448982744,84.2062911987305
USA,1974,10.226921580475878,84.0231704711914
USA,1975,10.215003411025453,84.0370025634766
USA,1976,10.257980123907414,84.4429779052734
USA,1977,10.293126971356225,84.9338073730469
USA,1978,10.336405662528113,85.6170272827148
USA,1979,10.356538938153877,80.3114318847656
USA,1980,10.344371979189011,94.5759201049805
USA,1981,10.359618187051083,94.2881774902344
USA,1982,10.331890350135916,97.2789306640625
USA,1983,10.367564956585802,96.2882537841797
USA,1984,10.428772836263416,97.0303421020508
USA,1985,10.460761463385845,95.6162261962891
USA,1986,10.485560362601971,96.5641403198242
USA,1987,10.510585040470527,97.0655136108398
USA,1990,10.57643370458266,97.017578125
USA,1991,10.56198738143011,95.643310546875
USA,1993,10.596696636812993,96.611701965332
USA,1994,10.623933414822993,96.447883605957
USA,1995,10.638515863949376,94.1738662719727
USA,1996,10.663915192598386,94.0091171264648
USA,1998,10.727584718051212,94.4218521118164
USA,1999,10.762874449365563,94.3246765136719
USA,2005,10.871413375193665,95.0524826049805
USA,2013,10.910146457679765,96.1864929199219
USA,2014,10.927111193758208,96.9245376586914
USA,2015,10.948162172702753,97.6525497436523
USA,2016,10.958336893154724,98.7699279785156
USA,2017,10.975686916765625,98.9523391723633
USA,2018,10.999056141844981,99.2755813598633
USA,2019,11.019415142765025,100.063430786133
USA,2020,10.994296289614953,100.509819030762
USA,2021,11.052425106106162,101.192489624023
USA,2022,11.071660624672864,97.4734878540039
UZB,1989,7.461988674275713,102.668853759766
UZB,1990,7.453738835848867,101.257141113281
UZB,1991,7.4247659669873665,99.6036605834961
UZB,1992,7.281377910534282,98.4910202026367
UZB,1993,7.234973686311771,95.2726669311523
UZB,1994,7.160185247347614,93.3939819335938
UZB,1995,7.131122274034591,93.1175384521484
UZB,1999,7.217086179369005,85.7901000976562
UZB,2000,7.242090965884191,85.3468933105469
UZB,2003,7.326699095038328,95.4466171264648
UZB,2004,7.386249472921222,96.2950973510742
UZB,2005,7.440932591408727,87.8653335571289
UZB,2006,7.499906453463844,88.7272109985352
UZB,2007,7.576393959404919,89.7682189941406
UZB,2008,7.647491224000673,88.2303695678711
UZB,2009,7.708884407098075,89.0436019897461
UZB,2010,7.766265187646291,89.9835586547852
UZB,2011,7.829108310993703,89.7831726074219
UZB,2012,7.884990239321728,92.0473722973161
UZB,2013,7.945556155774755,92.0626676426806
UZB,2014,8.003217075896057,91.7418371921357
UZB,2015,8.062400958082765,92.2428124917835
UZB,2016,8.110099554593935,92.8148657883702
UZB,2017,8.139086854720825,93.8775736591193
UZB,2018,8.177474914567739,94.9465096520158
UZB,2019,8.225102577623492,96.2074737548828
UZB,2020,8.22250565997535,90.0642970154019
UZB,2021,8.28197619178074,97.2589036917117
UZB,2022,8.320955462787925,97.3779819618405
UZB,2023,8.361989889392762,97.3839945834102
UZB,2024,8.406911130323307,96.8399222342106
UZB,2025,8.462246569084682,98.1198414913864
VCT,1971,7.588645190009344,19.8117904663086
VCT,1972,7.808986822320822,24.5815200805664
VCT,1974,7.581074685353785,28.9834003448486
VCT,1975,7.493624799373827,27.5515403747559
VCT,1976,7.584318367933574,27.9786491394043
VCT,1982,7.902069822348434,41.5510787963867
VCT,1984,7.97122688100174,39.6256408691406
VCT,1985,8.023609704860045,33.0596313476562
VCT,1986,8.070978357343158,36.6991310119629
VCT,1987,8.068781932492719,47.6384086608887
VCT,1988,8.194510288328328,39.0513687133789
VCT,1991,8.246379770213943,56.3031806945801
VCT,2000,8.53069510785162,78.9735565185547
VCT,2002,8.60181490502381,85.5541229248047
VCT,2003,8.66840376197108,85.5010681152344
VCT,2004,8.711434994385382,94.3642807006836
VCT,2005,8.739433861249218,89.9227676391602
VCT,2007,8.847959395985654,104.393867492676
VCT,2008,8.856517796789896,108.906349182129
VCT,2009,8.847334513371747,111.075256347656
VCT,2010,8.806580110836178,110.652717590332
VCT,2011,8.806061858035774,108.306083679199
VCT,2012,8.823306842821927,105.851867675781
VCT,2013,8.853175859863265,108.723846435547
VCT,2014,8.870132064812884,111.371963500977
VCT,2015,8.902963702626419,114.022842407227
VCT,2019,9.023368942645522,127.1875
VCT,2020,8.985914313518153,127.844391153744
VCT,2021,9.01327090298949,130.489101541733
VCT,2022,9.051665589460724,128.182294394971
VCT,2023,9.11066942665187,125.381038491346
VCT,2024,9.15748667258097,124.871794871795
VEN,1971,8.452845292629629,30.5217304229736
VEN,1972,8.435541749818427,33.1764907836914
VEN,1973,8.474557854761976,35.5657501220703
VEN,1974,8.465644168821068,37.7445297241211
VEN,1975,8.464978373685618,39.6757888793945
VEN,1976,8.510303604572774,43.916919708252
VEN,1977,8.542111778937059,46.5141181945801
VEN,1978,8.536467216607111,47.7237510681152
VEN,1979,8.515508796717572,49.0558891296387
VEN,1980,8.442129179905537,50.0724411010742
VEN,1981,8.401697563151988,50.6321105957031
VEN,1982,8.399609788887732,51.1844291687012
VEN,1983,8.271103279894524,52.3728790283203
VEN,1984,8.294924158092456,53.0127182006836
VEN,1985,8.275198719145147,54.5595817565918
VEN,1986,8.309128321037731,55.3031311035156
VEN,1987,8.331079509105104,54.3160591125488
VEN,1988,8.367872104844162,54.0853614807129
VEN,1989,8.191912184074104,53.3951301574707
VEN,1990,8.232441492638731,53.3853302001953
VEN,1991,8.30011694334845,53.7813987731934
VEN,1992,8.335314383384636,54.664478302002
VEN,1993,8.315355414165424,55.1568489074707
VEN,1999,8.20893516415139,56.0293006896973
VEN,2000,8.224740162631768,59.0772895812988
VEN,2001,8.240006722218466,63.1789817810059
VEN,2002,8.130617783312989,67.2197189331055
VEN,2003,8.032120239402403,68.4049072265625
VEN,2004,8.182230452677574,71.0196380615234
VEN,2005,8.262511009085545,73.3435287475586
VEN,2006,8.340591104149247,75.8546676635742
VEN,2007,8.409511253703366,78.2070236206055
VEN,2008,8.445837108418543,79.8805770874023
VEN,2009,8.400968195052904,80.7918167114258
VEN,2010,8.371874432020887,80.7240982055664
VEN,2011,8.399434263398124,81.6782836914062
VEN,2012,8.442127366392015,83.8216934204102
VEN,2013,8.443019384850384,91.4725494384766
VEN,2014,8.39230538477014,90.8081207275391
VEN,2015,8.31791749593616,88.8302230834961
VEN,2016,8.12398197163188,85.1329498291016
VEN,2017,7.9597413579039475,83.9518280029297
VEN,2022,7.22761748120939,96.7906723022461
VEN,2023,7.2639506995745595,97.229606628418
VEN,2024,7.314034775048569,97.7908172607422
VNM,1990,6.53358578861988,35.1179084777832
VNM,1998,7.0122168002578995,56.8839797973633
VNM,2015,7.854601928784033,89.4548341262217
VNM,2016,7.906760423016145,90.1583347107672
VNM,2017,7.961417899373379,91.0725198149335
VNM,2018,8.022333850815286,92.8377710790826
VNM,2019,8.083660803500296,94.654621676317
VNM,2020,8.102637740475883,93.1921389514105
VNM,2021,8.119165560869616,92.7690209240401
VNM,2022,8.193583547414308,93.4123434096522
VUT,1980,7.971042054082037,12.5407104492188
VUT,1981,7.991752660360538,12.7049198150635
VUT,1983,7.993537463856799,14.5018701553345
VUT,1989,7.909926448195565,14.631290435791
VUT,1991,8.001546627237193,19.5605392456055
VUT,1999,8.035537350427362,30.5998096466064
VUT,2000,8.070110760526964,34.476390838623
VUT,2001,8.010364909254887,34.9720115661621
VUT,2002,7.932002150279608,38.2522010803223
VUT,2003,7.949366488211713,38.7092895507812
VUT,2004,7.964034127144033,40.8122901916504
VUT,2010,8.075387476529343,55.240120859084
VUT,2015,8.075402056097861,57.2510185241699
VUT,2020,8.034360608122164,59.1688003540039
VUT,2021,7.999474071471549,62.9433097839355
VUT,2022,8.030689583637084,81.9551276325385
VUT,2023,8.064102720654564,134.670675170038
WLD,1970,8.510020908299905,49.3384590148926
WLD,1971,8.529311818919352,36.6168403625488
WLD,1972,8.563235816558311,38.6009407043457
WLD,1973,8.606028335321,40.6443901062012
WLD,1974,8.606449651713989,50.4341201782227
WLD,1975,8.59598180473641,43.1190910339355
WLD,1976,8.628898938188007,43.5265502929688
WLD,1977,8.65001232824632,44.7783393859863
WLD,1978,8.673011957516135,45.0688209533691
WLD,1979,8.695856070143513,52.3885307312012
WLD,1980,8.69621759585206,45.7111701965332
WLD,1981,8.697206321899943,44.6270484924316
WLD,1982,8.683188245069978,45.0824508666992
WLD,1983,8.690671085019433,45.5956192016602
WLD,1984,8.719282647779508,45.8112602233887
WLD,1985,8.737615637472413,49.4279708862305
WLD,1986,8.75236127230491,47.0785903930664
WLD,1987,8.771262120442717,48.3915710449219
WLD,1988,8.797787307642306,49.3794212341309
WLD,1989,8.81599554324133,49.9161109924316
WLD,1990,8.825284422248114,53.2033500671387
WLD,1991,8.820760753872017,53.5875396728516
WLD,1992,8.824869856252537,54.6800498962402
WLD,1993,8.827405006474867,53.6684112548828
WLD,1994,8.845646372457194,54.5770988464355
WLD,1995,8.861884811196424,55.4177589416504
WLD,1996,8.882216770210576,56.5605506896973
WLD,1997,8.906768888626816,57.5111618041992
WLD,1998,8.91982550538195,58.4959106445312
WLD,1999,8.941012628960163,58.4589881896973
WLD,2000,8.97203469054717,59.471851348877
WLD,2001,8.97871627104615,60.2711296081543
WLD,2002,8.988526840842852,61.6164588928223
WLD,2003,9.005900438024343,62.3989791870117
WLD,2004,9.037006059128075,63.4511299133301
WLD,2005,9.06408370944668,64.4113006591797
WLD,2006,9.095283741510581,65.3684387207031
WLD,2007,9.126031615629017,66.8459777832031
WLD,2008,9.134055969783823,68.3432464599609
WLD,2009,9.108110567371968,69.3999710083008
WLD,2010,9.140155853164616,70.9471435546875
WLD,2011,9.160574280345871,71.9032669067383
WLD,2012,9.175089028644951,72.7067337036133
WLD,2013,9.191262154313335,74.0367202758789
WLD,2014,9.210398697662546,74.9258728027344
WLD,2015,9.229355949558034,74.9668884277344
WLD,2016,9.24522911832552,75.1899871826172
WLD,2017,9.267812272449245,74.9489288330078
WLD,2018,9.289389466061985,75.54248046875
WLD,2019,9.305369559433764,75.9502716064453
WLD,2020,9.266268759094162,76.5068206787109
WLD,2021,9.320772410007079,77.296272277832
WLD,2022,9.345921431188644,77.5006103515625
WLD,2023,9.364847199925071,77.2362213134766
WLD,2024,9.38381054984888,77.2785720825195
WSM,1970,7.794205749541295,59.6584205627441
WSM,1973,7.964447462994473,55.1969718933105
WSM,1975,7.767171901003249,66.4626922607422
WSM,1976,7.832018152970579,65.817253112793
WSM,1977,7.807572432365629,67.6669464111328
WSM,1978,7.858095077119114,68.922981262207
WSM,1979,7.952340602434686,70.2564086914062
WSM,1980,7.87960715086088,73.8614730834961
WSM,1981,7.776758166418003,73.0661010742188
WSM,1982,7.762253535293077,77.9610214233398
WSM,1986,7.8679187234320915,77.7850112915039
WSM,1994,7.802700856113605,76.0142288208008
WSM,1995,7.859183491480736,78.0320587158203
WSM,1996,7.919957561381359,76.3173217773438
WSM,1997,7.918023160187207,79.395866394043
WSM,1998,7.932115071856695,78.7284622192383
WSM,1999,7.946105508574465,79.046272277832
WSM,2000,7.987990464750061,77.3879165649414
WSM,2001,8.051170121273351,78.0200500488281
WSM,2002,8.09905079935695,78.0871734619141
WSM,2003,8.144678770510922,81.3155212402344
WSM,2004,8.170677365090242,81.9052886962891
WSM,2005,8.231051912192596,81.7751388549805
WSM,2006,8.248247136989765,81.539176940918
WSM,2007,8.247548800913659,80.4865264892578
WSM,2009,8.262544245570336,82.5911865234375
WSM,2010,8.314135403728008,84.0352967940982
WSM,2011,8.343186562569823,82.7630728993357
WSM,2012,8.296025419081664,82.3821348963746
WSM,2014,8.285825238414336,87.4514117977902
WSM,2015,8.314920529495012,87.5602107303153
WSM,2016,8.383258957525818,87.3532286947715
YEM,1999,7.62744597412679,36.0791206359863
YEM,2001,7.66377053358497,39.9282608032227
YEM,2003,7.680111356705156,40.8348007202148
YEM,2004,7.689732594400935,41.5881881713867
YEM,2005,7.713175957277082,40.5307083129883
YEM,2008,7.716035282731199,37.9779014587402
YEM,2010,7.764805262838556,39.0662307739258
YEM,2011,7.598317437936981,40.6695289611816
YEM,2012,7.591588216577457,40.9747505187988
YEM,2013,7.608239927339016,42.7084617614746
YEM,2016,7.088374270326833,43.6906890869141
ZAF,1989,8.452610093690906,63.833080291748
ZAF,1990,8.421613626397736,67.8069534301758
ZAF,1991,8.388532362772974,72.5068588256836
ZAF,1994,8.35661633894408,86.9962615966797
ZAF,1998,8.410689158263333,82.7563323974609
ZAF,1999,8.423508706993465,79.1032485961914
ZAF,2000,8.45550405864801,74.3193817138672
ZAF,2001,8.47355106791421,73.9493103027344
ZAF,2002,8.50041623820819,74.4450225830078
ZAF,2003,8.519514940370357,75.5357818603516
ZAF,2004,8.553979565939386,78.2966613769531
ZAF,2005,8.595278750744047,80.4203414916992
ZAF,2006,8.639585732321903,83.7833480834961
ZAF,2007,8.681252452011616,85.5366287231445
ZAF,2008,8.701133376089404,84.0473480224609
ZAF,2009,8.673693926700775,85.9605407714844
ZAF,2010,8.691809314984317,86.5922045596808
ZAF,2011,8.710640102523593,88.9442291259766
ZAF,2012,8.71957189190634,92.1625137329102
ZAF,2014,8.725020996315116,101.163200378418
ZAF,2015,8.718054131030598,104.622812990742
ZAF,2016,8.715272450986127,103.855987548828
ZAF,2017,8.72024701690778,105.623168945312
ZAF,2018,8.718871220537295,101.399612936693
ZAF,2019,8.704971454270988,103.78912033531
ZAF,2020,8.625075793912258,103.501178102472
ZAF,2021,8.657113273425072,106.443303990911
ZAF,2022,8.663345982388412,104.535066506498
ZAF,2023,8.658093701816968,104.133480684239
ZMB,1970,7.128218304953807,12.1826801300049
ZMB,1971,7.099787638985027,12.6963396072388
ZMB,1972,7.159740614154757,13.2329301834106
ZMB,1973,7.121300217360506,12.9788198471069
ZMB,1974,7.154253629417574,13.5731601715088
ZMB,1975,7.10132765551865,14.3802700042725
ZMB,1976,7.131331939076158,14.9440603256226
ZMB,1977,7.054240779582746,15.3927297592163
ZMB,1978,7.0295052225344286,15.741530418396
ZMB,1979,6.968815505499937,15.6392297744751
ZMB,1980,6.968790171673223,15.8236703872681
ZMB,1981,6.998018159438662,15.6692600250244
ZMB,1982,6.937359887528304,15.9409103393555
ZMB,1985,6.837127067765463,18.1847400665283
ZMB,1986,6.8144820198439575,19.4413604736328
ZMB,1987,6.811993044044765,18.9867706298828
ZMB,1988,6.845453911573664,19.7370300292969
ZMB,1990,6.778317446010347,20.5650405883789
ZMB,1994,6.639404364984178,20.3026103973389
ZMB,2024,7.202951298745944,56.7889289855957
ZWE,1970,7.335243636499078,7.04229021072388
ZWE,1971,7.390675073373113,7.36840009689331
ZWE,1972,7.439954183870603,8.04662036895752
ZWE,1973,7.434064188649091,8.32973003387451
ZWE,1974,7.465890000404023,8.44064044952393
ZWE,1975,7.414682984714112,8.77299022674561
ZWE,1976,7.388888639961449,8.89863014221191
ZWE,1977,7.292310882996812,9.0447998046875
ZWE,1978,7.250389354717822,8.91106033325195
ZWE,1979,7.267062229387708,8.45732021331787
ZWE,1980,7.344229939444856,8.94398021697998
ZWE,1981,7.399311182548734,15.1934700012207
ZWE,1982,7.386359755605243,22.1568202972412
ZWE,1983,7.364095859784554,29.2672595977783
ZWE,1984,7.3092871574264136,37.0122489929199
ZWE,1985,7.341837660417977,41.2047882080078
ZWE,1986,7.329129895609337,44.2538909912109
ZWE,1987,7.307496632281597,46.3124504089355
ZWE,1988,7.348665728272288,47.6138687133789
ZWE,1989,7.370384463989709,47.8325500488281
ZWE,1990,7.4106889713882635,45.1692810058594
ZWE,1991,7.438482063854657,46.4788589477539
ZWE,1992,7.315773051346362,41.2138786315918
ZWE,1993,7.311615081342888,38.7120895385742
ZWE,1994,7.398765147555263,38.8840713500977
ZWE,1995,7.391057091313021,40.1783218383789
ZWE,1996,7.473035773978819,40.5330085754395
ZWE,1997,7.480714165194553,41.5819091796875
ZWE,1999,7.465212532519762,40.1628303527832
ZWE,2000,7.424969830773163,40.0179290771484
ZWE,2001,7.432570586182049,42.1351890563965
ZWE,2002,7.329801725107704,41.4578285217285
ZWE,2003,7.131634146534934,39.1011009216309
ZWE,2012,7.215351958006324,75.8648109767885
ZWE,2013,7.22097228007501,52.4158515930176
