iso,year,cons_prod_ratio,openness
ALB,1990,1.0094185835899294,39.4369634031142
ALB,1991,1.0759906759906759,36.0705200632829
ALB,1992,1.1620977353992847,108.785472241159
ALB,1993,1.1441402908468776,80.518332770413
ALB,1994,1.2292099792099793,53.1025847356112
ALB,1995,1.2077549066539015,40.1386989518314
ALB,1996,1.4345887016848367,44.4117820054663
ALB,1997,1.420609202851588,44.7293780649181
ALB,1998,1.3863247863247863,47.1306266993222
ALB,1999,1.2417950435365037,49.8954184095195
ALB,2000,1.309090909090909,61.6092610436407
ALB,2001,1.3775225085377212,64.2474462587009
ALB,2002,1.3132337246531482,65.9914650336802
ALB,2003,1.3813618405763421,64.8232150960777
ALB,2004,1.3236772803447452,65.0379383187697
ALB,2005,1.373621215677071,69.1162926602322
ALB,2006,1.4916901048325235,72.2019089483674
ALB,2007,1.512987012987013,79.9119008919954
ALB,2008,1.4898830935251797,75.2485472798728
ALB,2009,1.54279176201373,73.3213575646169
ALB,2010,1.3659954328420179,75.5325329687378
ALB,2011,1.3495652173913044,80.6989985298954
ALB,2012,1.3328600405679514,76.9683583166821
ALB,2013,1.2188552188552189,75.7506185619748
ALB,2014,1.0706521739130435,75.0212023084129
ALB,2015,1.2508488964346351,71.2794476606014
ALB,2016,1.2840834248079036,74.0144504546815
ALB,2017,1.1420284431137724,76.7873817898989
ALB,2018,1.2057747834456207,75.6940783717425
ALB,2019,1.2185792349726776,75.382128932689
ALB,2020,1.227749229188078,59.5206994391875
ALB,2021,1.2065407825579133,75.5904040905009
ARE,2001,0.8804074742875088,89.8645875613427
ARE,2002,1.0396887798810042,93.0717523974279
ARE,2003,1.1678430713498777,102.300072318295
ARE,2004,1.1873316202686963,116.622707480689
ARE,2005,1.2846460142444458,119.55287164912
ARE,2006,1.390717306454373,119.47067436604
ARE,2007,1.4109005764226004,136.798144727699
ARE,2008,1.4276204605560214,148.513544024487
ARE,2009,1.2602609292202878,153.461944358762
ARE,2010,1.1651618526968275,135.485740301669
ARE,2011,1.1685539850290654,144.176829734392
ARE,2012,1.1576294617998886,156.637656972961
ARE,2013,1.2073505518516445,157.398122639247
ARE,2014,1.206227567240013,159.515630313713
ARE,2015,1.161754315803506,164.286142899252
ARE,2016,1.1364952742016166,165.394966240337
ARE,2017,1.2144961907039946,165.476523652994
ARE,2018,1.2114205923421768,154.747042166299
ARE,2019,1.1600427329484755,163.822149025614
ARE,2020,1.0302555907574815,181.291940227998
ARE,2021,1.129196457607707,182.909401076776
ARG,1990,1.029905159197062,14.9908589999441
ARG,1991,1.0532673048663432,13.7530541588891
ARG,1992,1.0813815692019026,14.730980586353
ARG,1993,1.0726904533938875,16.223151447784
ARG,1994,1.0723585948509369,18.1343458669981
ARG,1995,1.048215923135191,19.7714230903755
ARG,1996,1.0421389772225857,21.5064684057215
ARG,1997,1.066997518610422,23.3361788437439
ARG,1998,1.0676391527185407,23.3500279730689
ARG,1999,1.0078870201220127,21.3827449624898
ARG,2000,0.9954937044400266,22.6224447777343
ARG,2001,0.9689786969274985,21.8522554515453
ARG,2002,0.6591131033378692,41.7527243585642
ARG,2003,0.875607233988737,40.6447480311085
ARG,2004,0.8899036474067479,40.692646108947
ARG,2005,0.911864364859517,40.5512709706238
ARG,2006,0.8931697468194698,40.4334798719151
ARG,2007,0.9277640938284109,40.945170618571
ARG,2008,0.9515554702658906,40.4026733790382
ARG,2009,0.9128704212402876,34.0571269054879
ARG,2010,0.9554107274300052,34.9710132635696
ARG,2011,1.0470287122664363,35.2061549999644
ARG,2012,1.0379521685835746,30.5265423717108
ARG,2013,1.0750507848568789,29.3339290021037
ARG,2014,1.0167233304515246,28.4067936452275
ARG,2015,1.0748817834408186,22.4862260889792
ARG,2016,1.0020418903273338,26.0938878488799
ARG,2017,1.0330574978082836,25.2896011376779
ARG,2018,1.0066417145706723,30.7625359549926
ARG,2019,0.9571906799388122,32.6306150458499
ARG,2020,0.9724201612266347,30.203698807416
ARG,2021,0.9583484492394728,33.078689567466
ARM,1990,0.699211373986449,81.3357185450209
ARM,1991,0.6566436407964242,100.865855188857
ARM,1992,0.6650943396226415,101.076759405526
ARM,1993,0.7537848605577689,107.973146280234
ARM,1994,0.7016759776536312,112.429364602262
ARM,1995,0.8245614035087719,86.1148570667578
ARM,1996,1.1956,79.2295601199241
ARM,1997,1.2099600368890255,78.5477450545048
ARM,1998,1.3272886809008482,71.8424518815414
ARM,1999,1.1677631578947367,70.5604791440404
ARM,2000,1.0882268690919508,72.2333302273367
ARM,2001,1.132465326917634,69.8642663925336
ARM,2002,1.3262918427039325,73.9845018432309
ARM,2003,1.2175925925925926,80.0513676022426
ARM,2004,1.1490111081007857,73.0706339919371
ARM,2005,1.2202925045703839,70.1397385835334
ARM,2006,1.2730577010449795,61.0301379818566
ARM,2007,1.9747058823529413,56.9750470853147
ARM,2008,1.3047533632286996,54.5423279613666
ARM,2009,1.4741063244729606,57.2742357441995
ARM,2010,1.3616071428571428,64.642975973633
ARM,2011,1.1324210102636345,69.4355736620453
ARM,2012,1.1278705636743214,75.9616759606704
ARM,2013,1.06323396567299,77.5550481598824
ARM,2014,1.0556745182012848,75.778866962639
ARM,2015,1.110440665569574,71.6820743427575
ARM,2016,1.1555598233147686,76.0779674593548
ARM,2017,1.1569441936066462,87.202376539837
ARM,2018,1.4388526279628995,92.473107021212
ARM,2019,1.3001273074474857,97.847004865327
ARM,2020,1.2582781456953644,70.1213571368789
ARM,2021,1.2613249897973065,79.2489057647112
AUS,1990,0.8799543984952943,32.1100283534983
AUS,1991,0.8782874136209592,32.1456909693335
AUS,1992,0.8721421213431635,32.9981716307874
AUS,1993,0.8614758639795,35.3502769485307
AUS,1994,0.8785237710864302,36.4066117966299
AUS,1995,0.8647011758842086,37.646874037201
AUS,1996,0.8649547379998782,38.1740208800895
AUS,1997,0.8623545245329328,37.9217014956962
AUS,1998,0.8794268915512606,39.9240664596368
AUS,1999,0.8737829915434634,38.9602467102359
AUS,2000,0.8346918244745611,40.8631257691954
AUS,2001,0.8409223078385543,44.1337313971929
AUS,2002,0.8855404566462026,41.3813128146921
AUS,2003,0.9237291792526108,40.1348011794482
AUS,2004,0.9206973730710332,36.9505159618289
AUS,2005,0.9135015399317549,39.0978822564811
AUS,2006,0.9303477756513607,41.4878923489153
AUS,2007,0.9433185592234568,41.9297451276561
AUS,2008,0.9213389763010199,42.7522207880308
AUS,2009,0.9797261270292916,45.5936120867789
AUS,2010,0.9857243732501124,40.3905070860606
AUS,2011,0.9885137443856252,41.7219860149689
AUS,2012,1.02014296119801,43.0198495527558
AUS,2013,0.9707553097901218,41.100511881056
AUS,2014,0.9793637451924301,42.2993095385282
AUS,2015,0.9666416202142345,41.4947506939901
AUS,2016,0.9517826717374642,40.813402217321
AUS,2017,0.9579277614366436,42.0354135251854
AUS,2018,0.9315301327688587,43.5732253645218
AUS,2019,0.9246177019943362,46.0016827052171
AUS,2020,0.9392417958233281,44.499564103879
AUS,2021,0.9347777960831154,40.2022359390595
AUT,1990,1.4254474120049525,71.769481946408
AUT,1991,1.3745402036783705,70.3238566862819
AUT,1992,1.556617073858453,67.8961088248008
AUT,1993,1.4625850340136055,63.5138270434354
AUT,1994,1.445252128356254,66.246573910845
AUT,1995,1.4382560916597722,68.5250057529972
AUT,1996,1.4211392968402317,70.4693162982812
AUT,1997,1.3875492162543643,75.2444760305554
AUT,1998,1.444567279680894,77.3495216604118
AUT,1999,1.4358439422549796,78.5629329772961
AUT,2000,1.4122560570358287,85.8426077336549
AUT,2001,1.3955350401048565,87.9962567186047
AUT,2002,1.3381535811524143,87.5844937054619
AUT,2003,1.291078902495737,86.8822263228608
AUT,2004,1.3314504091821504,91.4742201880009
AUT,2005,1.3289841330046148,94.6747547827805
AUT,2006,1.3594718474920569,98.7857253161241
AUT,2007,1.382375965016466,101.36495843546
AUT,2008,1.3625350502273161,102.7437043613
AUT,2009,1.3553237645240852,87.6004931021953
AUT,2010,1.3216111111111113,99.6448825546716
AUT,2011,1.3934785097006812,105.775098372378
AUT,2012,1.3697145405887599,105.840791389706
AUT,2013,1.345503918298676,104.985374015367
AUT,2014,1.4336881809255129,104.49673998926
AUT,2015,1.3133307212393381,103.11758174626
AUT,2016,1.320088070337256,101.573494597172
AUT,2017,1.2731857300900848,105.556066755438
AUT,2018,1.329187134766476,108.377969971828
AUT,2019,1.2746096451855016,108.207284904426
AUT,2020,1.2673528465744612,99.9482141095975
AUT,2021,1.3003452418974615,111.032932124165
AZE,1990,0.5799980523906905,83.0832196452933
AZE,1991,0.4668490633861884,86.8637724550898
AZE,1992,0.284508847509524,140.799983402834
AZE,1993,0.5286534727099946,133.490445859873
AZE,1994,0.4877100965550125,55.3493194555644
AZE,1995,0.7130505268846259,85.8937107507733
AZE,1996,0.9266372191280967,80.8497401741931
AZE,1997,0.8761853701035418,82.0789665326283
AZE,1998,0.958628283781658,77.2278091030634
AZE,1999,0.8991395461800014,69.8259648751026
AZE,2000,0.8036956156559718,78.5485682796041
AZE,2001,0.8297378145345768,78.8151854917601
AZE,2002,0.8912845642282113,92.8181443298969
AZE,2003,1.1003345578588297,107.551948506262
AZE,2004,1.178774067528602,121.507115894117
AZE,2005,1.0411475697490786,115.841884607706
AZE,2006,1.0852210184809687,105.262399846369
AZE,2007,1.0446449379099112,96.6418081486575
AZE,2008,1.0474922057087508,89.2428968637573
AZE,2009,1.1379239253685185,74.7440416836369
AZE,2010,1.1429089985117427,74.9859884610856
AZE,2011,1.107017543859649,80.5080450059522
AZE,2012,1.1390601159597191,78.263069540422
AZE,2013,1.0587323817753809,74.6758447629851
AZE,2014,1.07191730965206,69.4832251953347
AZE,2015,1.0664014070293804,72.6015079073189
AZE,2016,0.964609669709448,90.0773187345677
AZE,2017,0.9513516629200529,90.4023156823216
AZE,2018,1.0192329939842666,91.6725765369825
AZE,2019,0.9985431621328107,85.8181454084561
AZE,2020,1.047824047244529,72.0178676487811
AZE,2021,1.0108616187989556,76.286865687015
BEL,1990,1.0,121.467851074465
BEL,1991,1.0,118.59013771799
BEL,1992,1.0,115.069287501636
BEL,1993,1.0,109.012736996759
BEL,1994,1.0,113.232300033612
BEL,1995,1.0,116.378567821327
BEL,1996,1.0,119.212775757383
BEL,1997,1.0,125.68894005618
BEL,1998,1.0,124.709122626318
BEL,1999,1.4527858626191679,125.169990540949
BEL,2000,1.5408436928125198,142.230135067034
BEL,2001,1.547805052147361,139.576839834619
BEL,2002,1.5827415808264307,136.085149488081
BEL,2003,1.5766220808779972,132.715552833888
BEL,2004,1.6906577026985061,136.918405348432
BEL,2005,1.69869009533814,144.529050669983
BEL,2006,1.7732606941081517,149.567509299511
BEL,2007,1.8845244122065183,152.468446875303
BEL,2008,1.9307760141093475,161.088447790447
BEL,2009,1.7854592002374614,135.13840572229
BEL,2010,1.8074160069132266,150.162563621427
BEL,2011,2.034195836780494,160.765516888126
BEL,2012,1.9179400113186191,160.383301425059
BEL,2013,2.0109905073140366,157.573622782434
BEL,2014,2.1330538416373956,158.571610953523
BEL,2015,1.9900224027159592,155.068682045926
BEL,2016,2.0775126232267374,159.057696611945
BEL,2017,2.044993050099716,166.904078237791
BEL,2018,2.1137288541334183,168.277692877218
BEL,2019,2.04892834597541,165.46547893199
BEL,2020,1.9981261300750646,156.950121282783
BEL,2021,2.1260534299679756,177.381912201075
BEN,1990,1.8203799654576858,45.7201821451396
BEN,1991,1.782258064516129,51.3447168355486
BEN,1992,1.7108792846497762,56.7407458048553
BEN,1993,1.574969021065675,55.3817991336605
BEN,1994,1.6041666666666667,64.4004792535565
BEN,1995,1.6265690376569037,63.800140010475
BEN,1996,1.6883445945945947,56.5177914456367
BEN,1997,1.713235294117647,58.7116296113966
BEN,1998,1.7737881508078992,59.5936252981433
BEN,1999,1.3337893296853625,54.3917891538957
BEN,2000,1.5675492192803802,47.3481515012844
BEN,2001,1.6483126110124333,48.2571706392197
BEN,2002,1.471090047393365,43.7684225364311
BEN,2003,1.7606516290726815,41.6162305574334
BEN,2004,1.512336160370085,39.9029743365096
BEN,2005,1.6855421686746987,39.0959311879142
BEN,2006,1.9418084153983886,39.7746987128551
BEN,2007,1.8898499109641314,49.1137841529705
BEN,2008,2.170451645828017,47.7753592695169
BEN,2009,1.6134911242603551,44.7026290629806
BEN,2010,1.6208591579397305,51.4308599492924
BEN,2011,2.0109375,47.2170288118403
BEN,2012,1.7299568476039067,50.7367367791134
BEN,2013,2.0070083223828297,59.2001918331875
BEN,2014,1.752199413489736,65.2682749404551
BEN,2015,1.5701391500564121,56.7563131849476
BEN,2016,1.4460553568066277,58.9869283378276
BEN,2017,1.3755175517551756,61.4765969588474
BEN,2018,1.3068101623147494,61.7951944903448
BEN,2019,1.315000948226816,63.68133231423
BEN,2020,1.346688323407327,44.8332333768726
BEN,2021,1.3908026179813984,48.0548608324409
BFA,1990,1.3888888888888888,35.4226504401749
BFA,1991,1.3714733542319748,33.7962364263647
BFA,1992,1.386435331230284,28.3740163771975
BFA,1993,1.384858044164038,29.6250839534616
BFA,1994,1.4015151515151516,39.2292222386411
BFA,1995,1.4886535552193645,40.7474714183407
BFA,1996,1.521320495185695,38.1802977691941
BFA,1997,1.4594240837696335,37.4164187803511
BFA,1998,1.5117924528301887,40.9397835752562
BFA,1999,1.6336538461538461,35.2548157814824
BFA,2000,1.472610096670247,35.1229419704263
BFA,2001,1.6795112781954886,31.6581708148511
BFA,2002,1.737582005623243,31.3125228527966
BFA,2003,1.1478040540540542,30.3682364077323
BFA,2004,1.2195121951219514,35.4809436017462
BFA,2005,1.253623188405797,34.1721697681049
BFA,2006,1.3344289235825801,35.1065423554549
BFA,2007,1.1875,33.7797172895073
BFA,2008,1.0715071507150715,35.3853169801502
BFA,2009,1.2211328976034859,40.2959836735924
BFA,2010,1.1143576826196473,49.0732385398039
BFA,2011,1.1009771986970684,57.4972531038508
BFA,2012,1.0375191424196017,61.2386079818398
BFA,2013,1.1221075115699537,64.0358513024234
BFA,2014,1.0669456066945606,58.8235624937426
BFA,2015,0.939369658119658,59.0891813101662
BFA,2016,0.9964894684052157,57.8931727994406
BFA,2017,0.9725227174383384,59.2687802020168
BFA,2018,0.9433601224646,60.5956256236488
BFA,2019,0.9063723745105018,60.4086928753226
BFA,2020,0.8506585973656104,60.7397786403239
BFA,2021,0.8484752725549061,62.4203586607795
BGD,1990,1.0144865786109927,18.9665020125385
BGD,1991,1.0002033484714974,18.8898268850747
BGD,1992,1.0322915989864205,19.9340055024511
BGD,1993,0.9932188627597361,23.1215830698982
BGD,1994,0.9789209821682903,22.8658645545703
BGD,1995,0.9368825987841946,28.2094960764218
BGD,1996,0.9077974612916725,26.0760877233809
BGD,1997,0.9104303491185621,26.3255133900833
BGD,1998,0.8885682288077188,27.8800634028394
BGD,1999,1.2331327461841948,28.3879405571158
BGD,2000,0.9635253777459588,29.3217143619038
BGD,2001,0.9501030131341746,32.0980170730117
BGD,2002,0.9591026962851877,28.9673807211649
BGD,2003,1.0522151898734176,27.657884900158
BGD,2004,1.0504474956918115,26.8582341492431
BGD,2005,1.0514622053715832,34.396934864465
BGD,2006,1.0026841777309112,38.1119244325921
BGD,2007,0.9972349150556533,39.9423826531735
BGD,2008,0.9878035332259985,42.6209140325589
BGD,2009,1.0150646499146132,40.092796223023
BGD,2010,0.9974276408320378,37.8028426708321
BGD,2011,0.9749069127408126,47.4208498356898
BGD,2012,0.9956954307919068,48.1109227490467
BGD,2013,0.9897626731312631,46.2964027228174
BGD,2014,1.5805749644718141,44.5140801968096
BGD,2015,0.9984534608686612,42.0859963070382
BGD,2016,1.548219811401524,31.3341501346142
BGD,2017,1.548173486958431,29.9997306724343
BGD,2018,1.608234805098836,32.5146317240884
BGD,2019,1.567336089781453,31.5780544912404
BGD,2020,1.5526433995967786,26.271447376215
BGD,2021,1.602659088602456,27.7240047036631
BGR,1990,0.8120253660064197,69.8453052958159
BGR,1991,0.7373579753254986,82.6820795918073
BGR,1992,0.749110816653881,100.050651652997
BGR,1993,0.7901317028892427,84.0416969316241
BGR,1994,0.7470514162070128,90.7201149147257
BGR,1995,0.8085018215722499,55.2630086118475
BGR,1996,0.7818166267533355,85.8207260168869
BGR,1997,0.7767085976418306,86.4637363337509
BGR,1998,0.840644651127763,77.0452015666429
BGR,1999,0.9107200621077829,90.0749813655593
BGR,2000,0.9310973867557527,77.7456854212701
BGR,2001,0.9310077519379844,79.0813824014922
BGR,2002,0.9322944886326695,75.269621415721
BGR,2003,0.9240062585411262,79.0138894271643
BGR,2004,0.9333831277630862,93.0639046910296
BGR,2005,0.9642094861660079,99.714224874021
BGR,2006,0.9846055906013079,111.047459756649
BGR,2007,0.9764500889184285,123.532578691039
BGR,2008,1.029837485655055,124.68876138203
BGR,2009,0.9794535519125683,92.6926410550003
BGR,2010,0.9360046846243935,103.380518426721
BGR,2011,0.879386295180723,117.418101416931
BGR,2012,0.8981709716842388,123.97132336227
BGR,2013,0.8815959420425992,129.688685003845
BGR,2014,0.8752241581615711,130.248372124871
BGR,2015,0.8517048642134353,126.736652288689
BGR,2016,0.8926429075511644,122.805519071127
BGR,2017,0.8834253677865362,129.634433774038
BGR,2018,0.9448773647794404,129.166502231244
BGR,2019,0.9463917525773196,125.260415075086
BGR,2020,0.9920155314320092,110.423903082333
BGR,2021,0.9661749085329872,121.214091012604
BHR,1990,0.7891943622759701,184.828804680899
BHR,1991,0.844734751522641,158.867796593681
BHR,1992,0.8681984233801193,159.291898335568
BHR,1993,0.790363028421304,144.763045585989
BHR,1994,0.8230908584169454,136.473470897416
BHR,1995,0.8154503526858383,134.086732319169
BHR,1996,0.7849705181282147,144.333450490306
BHR,1997,0.8082573601997561,130.672449001883
BHR,1998,0.874097176625082,113.001418957352
BHR,1999,0.4924947956612249,124.735737154328
BHR,2000,0.47163914787228495,135.809135327865
BHR,2001,0.47502413740535604,127.026266277537
BHR,2002,0.5104912490055689,131.133634216392
BHR,2003,0.5771834477498093,128.091582155216
BHR,2004,0.5205149971703452,140.737310039923
BHR,2005,0.49936701106709686,148.313525108923
BHR,2006,0.47824097187552,147.104181068989
BHR,2007,0.541275445053707,137.785050572304
BHR,2008,0.5692464013547841,145.882511145821
BHR,2009,0.7494136043784206,117.963725409489
BHR,2010,0.7804618604810761,115.561486449616
BHR,2011,0.6165919282511211,167.529641035854
BHR,2012,0.6871553562238071,178.824020821684
BHR,2013,0.6188997053925964,184.58950884485
BHR,2014,0.6587775661102321,168.57585814186
BHR,2015,0.7321730574090587,147.916060172904
BHR,2016,0.6293345977556504,132.822997902774
BHR,2017,0.6497554455144758,136.429239810394
BHR,2018,0.6759740656920913,144.075372574535
BHR,2019,0.6342247979583155,135.417543398211
BHR,2020,0.6410270111410937,135.460985012931
BHR,2021,0.5590790017923617,153.799316485108
BLR,1990,0.6035091601434643,89.6073903002309
BLR,1991,0.6630257424222065,66.6666666666667
BLR,1992,0.5023131083261216,117.391304347826
BLR,1993,0.5036690879341548,150.964467005076
BLR,1994,0.47789380791292835,155.375709548699
BLR,1995,0.5924280914529214,103.718194772782
BLR,1996,0.815455015846323,96.7748997857579
BLR,1997,0.7783360617209912,125.516179156558
BLR,1998,0.8291572510966371,122.957697735989
BLR,1999,0.8609580549624629,120.835117829629
BLR,2000,0.7474824590104336,141.609165955024
BLR,2001,0.7013215044820257,137.044930473063
BLR,2002,0.7038595580602106,131.002058282291
BLR,2003,0.7670359910203491,134.141852273225
BLR,2004,0.7494560841484933,142.136510387704
BLR,2005,0.7546467775607785,118.88435169233
BLR,2006,0.7696775550486176,124.295103889386
BLR,2007,0.8642909283960447,128.153877979073
BLR,2008,0.8712558198662027,129.599478545475
BLR,2009,0.9028666622682588,108.63564482836
BLR,2010,0.9602655362712949,115.917972989303
BLR,2011,0.8032207064039248,157.974255073313
BLR,2012,1.1319018404907975,153.085269313372
BLR,2013,1.0830683376979673,119.815965235724
BLR,2014,1.0487448782555457,110.651424367582
BLR,2015,1.07443734276195,115.914826201946
BLR,2016,1.139616415755826,125.209322899662
BLR,2017,1.157509588856739,133.367754723012
BLR,2018,1.1790062891058533,139.393736250171
BLR,2019,1.1615865918193369,130.850406102184
BLR,2020,1.1239788238079935,118.934176146534
BLR,2021,1.1550582474819673,136.014167877476
BOL,1990,0.8335995208624476,46.7032725841847
BOL,1991,0.8475157053112506,48.444968874686
BOL,1992,0.8709297052154195,49.1108578783889
BOL,1993,0.874329700743816,47.4671256895523
BOL,1994,0.8626943005181346,48.8608505020702
BOL,1995,0.8638830435264149,49.737987097898
BOL,1996,0.8688540939463449,49.8562913723023
BOL,1997,0.8822977925509248,50.4696628058748
BOL,1998,0.9367897727272727,52.2811629581228
BOL,1999,1.016986301369863,44.1682564870165
BOL,2000,1.0239279791518598,45.5977750218555
BOL,2001,1.0118829981718462,45.2278224315522
BOL,2002,1.0257321171387423,49.3502603725957
BOL,2003,0.9162341800965128,51.967836443987
BOL,2004,0.8828160347479866,57.4642660901316
BOL,2005,0.8470454729674961,67.6419413613743
BOL,2006,0.8697550327431481,74.537848431547
BOL,2007,0.8858712715855572,76.0619114476148
BOL,2008,0.9134172551427694,82.8670208961798
BOL,2009,1.0069683855350986,68.6270739127592
BOL,2010,0.9777837801337026,75.5116262512877
BOL,2011,1.0031773721263475,82.4803954243518
BOL,2012,0.9724039829302987,84.9487611684942
BOL,2013,1.036843289458882,81.2309075267174
BOL,2014,1.0746733668341708,85.2644695625131
BOL,2015,1.0807035175879398,67.9328451905248
BOL,2016,1.0445647058823528,56.4010345026573
BOL,2017,1.0464791272202687,45.5761123650708
BOL,2018,1.0333200053312008,46.9261953417368
BOL,2019,1.0388783227918084,45.8209732749024
BOL,2020,1.08853711790393,37.5164342446486
BOL,2021,1.0544861487572932,47.6670843158984
BRA,1990,1.091576800300012,15.1555990810218
BRA,1991,1.0707559918742426,16.5920777626646
BRA,1992,1.0587240636812343,19.2533747878959
BRA,1993,1.0467937750198522,19.5993205474635
BRA,1994,1.0578656860969597,18.6747597961023
BRA,1995,1.0809370324328749,16.9844599991956
BRA,1996,1.0888835889406212,15.6355914758682
BRA,1997,1.0894187633776296,16.5762092613247
BRA,1998,1.0717483985013818,16.4385849312059
BRA,1999,1.0134267973696434,20.9821664782285
BRA,2000,1.039993180141277,22.6397613567941
BRA,2001,1.0065084381481717,26.936285022064
BRA,2002,0.9718488059465444,27.6183574022309
BRA,2003,0.9361429877119936,28.1403847231593
BRA,2004,0.9268026804340488,29.6782524787535
BRA,2005,0.9580235529172191,27.0867952043315
BRA,2006,0.9768320090221243,26.04169989179
BRA,2007,1.0089048654156842,25.2926113755394
BRA,2008,1.0797914879385806,27.257569417356
BRA,2009,1.0457546020139825,22.1059756060333
BRA,2010,1.0876941142801333,22.772178113177
BRA,2011,1.1018204805687675,23.9344051758721
BRA,2012,1.0760953468363794,25.1142736107398
BRA,2013,1.1207670123728057,25.7859573274674
BRA,2014,1.10206351545121,24.6854058131291
BRA,2015,1.0530734189869249,26.95362593736
BRA,2016,0.9984849871376424,24.5336820777006
BRA,2017,1.019068687092136,24.3197343743057
BRA,2018,1.016269374172526,28.8762033763866
BRA,2019,1.0194284323843565,28.8902578698964
BRA,2020,0.9757901245315279,32.3020785437939
BRA,2021,0.9532525646344263,37.6563307598082
BRN,1990,0.7610301457376721,57.7484299019104
BRN,1991,0.6924992675065925,62.9376106272656
BRN,1992,0.7628974205158968,69.9356430075004
BRN,1993,0.8736968039651342,70.5057160411668
BRN,1994,0.9692046098620819,62.8696183920448
BRN,1995,0.9114547926580557,71.0372539498999
BRN,1996,1.0414221029683046,80.4854766978859
BRN,1997,0.9352646059232885,77.1488095360526
BRN,1998,0.9022341376228776,78.7306051610635
BRN,1999,0.718802275008364,75.9893555053428
BRN,2000,0.601766904519198,87.0553329877697
BRN,2001,0.6114970475859673,91.0997876196857
BRN,2002,0.6753074739829706,93.2161814722477
BRN,2003,0.9157980456026059,89.085616098756
BRN,2004,0.9146975029327972,84.8821666638192
BRN,2005,0.9161908270399706,81.6201140155232
BRN,2006,0.7691769316909295,81.5709547429689
BRN,2007,0.7941067227931162,81.0114146368958
BRN,2008,0.7461269910538948,89.7454253523344
BRN,2009,0.8729502905100065,90.2870882587894
BRN,2010,0.8425845079206686,95.3715460226132
BRN,2011,1.0231292517006803,99.5379309038179
BRN,2012,0.9769473684210527,105.640902140819
BRN,2013,1.0906110674009966,110.939599584216
BRN,2014,0.9296795379911676,102.421000963035
BRN,2015,1.0571181306793596,89.8961882533585
BRN,2016,0.8063670902659505,87.319801332806
BRN,2017,0.7906327210226664,85.1768604269985
BRN,2018,0.9156407236912538,93.8980617666778
BRN,2019,0.8566499372647427,108.509658357959
BRN,2020,0.820561082728332,110.291003658452
BRN,2021,0.6763173627124434,147.123112375318
BWA,1990,1.0,104.847320396747
BWA,1991,1.0,99.5583853464229
BWA,1992,1.0,89.7512545868151
BWA,1993,1.0,86.2082050096699
BWA,1994,1.0,88.1806097283683
BWA,1995,1.0,94.595171646002
BWA,1996,1.0,90.955575275056
BWA,1997,1.0,108.604415150755
BWA,1998,1.0,101.841039320292
BWA,1999,1.0,98.9290812021418
BWA,2000,0.8628904182106935,91.924729689918
BWA,2001,0.8047829477514947,87.5250655680957
BWA,2002,1.429433962264151,91.8357740585774
BWA,2003,0.7218300653594771,85.8340425151264
BWA,2004,0.7209242618741977,90.9978228872631
BWA,2005,0.692626953125,88.5053520573505
BWA,2006,0.8366803774497944,86.612433913524
BWA,2007,0.8673131504257332,98.4965249407252
BWA,2008,0.9111703308905174,99.008222007989
BWA,2009,1.0539559014267186,88.4807886337378
BWA,2010,2.2728675336125193,94.6390020873926
BWA,2011,3.245718540580789,98.9614677801469
BWA,2012,2.677565491431948,111.875280620952
BWA,2013,2.1788804520572134,125.78303991122
BWA,2014,2.071970802919708,119.497541791464
BWA,2015,2.3150609080841638,112.900891016005
BWA,2016,2.1474530831099194,100.464689766026
BWA,2017,1.7988961222756865,81.9239513763494
BWA,2018,1.734920842601073,87.4551039946493
BWA,2019,1.8322201442693027,83.0929813601175
BWA,2020,2.0424741602067185,80.3250344865506
BWA,2021,2.0143648062247492,91.0478497403998
CAN,1990,1.0855010065106612,49.9944644220497
CAN,1991,1.1050389527231332,49.2234668475419
CAN,1992,1.1090521436448113,52.7380309449972
CAN,1993,1.074645744625834,58.2507961453047
CAN,1994,1.0539680814599932,64.3915441455001
CAN,1995,1.0464233012080073,69.0617480799547
CAN,1996,1.0316360592782239,70.2600734560392
CAN,1997,1.05636193318634,74.3365281134772
CAN,1998,1.0588408560935774,78.0812683804376
CAN,1999,1.0420292759704262,80.1147908564172
CAN,2000,1.0262335003882264,82.7653578503214
CAN,2001,1.0131274587150547,78.3442183943698
CAN,2002,1.0376637554585153,75.7069052324349
CAN,2003,1.0079079130748978,69.8399832953973
CAN,2004,1.0273388560541121,70.1923674409029
CAN,2005,1.0798480353999678,69.7585441602155
CAN,2006,1.0476483935618868,68.0508003453151
CAN,2007,1.047449301303826,66.2834197482347
CAN,2008,1.045611914721689,67.023446571123
CAN,2009,1.080804982166947,58.4742801830543
CAN,2010,1.1160872945858522,60.2079046752442
CAN,2011,1.0955169571026522,62.4984217100546
CAN,2012,1.0933584919095003,62.5957887432013
CAN,2013,1.0842944828435253,62.2315329073432
CAN,2014,1.060434950383936,64.3785976132125
CAN,2015,1.0180993706960708,66.1648355844224
CAN,2016,0.9874103090623741,65.3636199818813
CAN,2017,0.9787262203084743,65.1009087910845
CAN,2018,0.96788160482428,66.59982627163
CAN,2019,0.9484185856129547,66.1713422730605
CAN,2020,0.9594054268534628,61.1566883386797
CAN,2021,0.9748083180924276,62.2468612630348
CHE,1990,1.9650954721511247,81.3269867032983
CHE,1991,1.8923500466064036,77.0959452073654
CHE,1992,2.1035247077230648,77.737990004847
CHE,1993,2.0189635404723685,76.5352937767088
CHE,1994,2.0272335239523764,75.041108275243
CHE,1995,2.072741511954669,75.1376882191202
CHE,1996,2.243589452921305,77.8113363495061
CHE,1997,2.160038098778051,87.7278967644152
CHE,1998,2.4102684774326564,87.5735021497451
CHE,1999,1.9197246158345893,89.0947747052773
CHE,2000,2.080167809082781,97.3533027751465
CHE,2001,2.430542308971942,95.2126294750525
CHE,2002,2.253594681022385,90.8996540981166
CHE,2003,2.2685494165864144,89.7492121342442
CHE,2004,2.2705887554995465,95.0327601603667
CHE,2005,2.4233441104508913,101.668892487876
CHE,2006,2.711826297806679,105.761916866753
CHE,2007,2.696256832491524,112.709971761703
CHE,2008,2.485514865439252,116.342641744869
CHE,2009,2.7703211873363047,109.062731270231
CHE,2010,2.5182306701603236,119.202460523177
CHE,2011,3.114221560539868,125.047367558638
CHE,2012,4.151081861654278,125.865940588688
CHE,2013,3.546048213417317,132.800535321539
CHE,2014,4.07746407094078,119.230530793932
CHE,2015,4.1195685829290944,116.370019931647
CHE,2016,4.354493307839388,122.941735178779
CHE,2017,3.537976669979599,122.948395589146
CHE,2018,3.442062525375558,123.499829706856
CHE,2019,3.367796426049644,123.022509832864
CHE,2020,3.197332789797047,121.451100609762
CHE,2021,3.3644086680407774,128.004119652561
CHL,1990,0.983924881487784,61.2086377787818
CHL,1991,1.0162825326945488,57.5075471638552
CHL,1992,1.0596231367769757,55.5417477003547
CHL,1993,1.058947738870315,52.9138530560271
CHL,1994,1.0249637919684003,52.8076839539658
CHL,1995,1.0146283954478743,54.6874835998853
CHL,1996,0.9977190726993738,53.9207522864456
CHL,1997,0.9962818633584785,54.099302009374
CHL,1998,1.050333577840651,53.8361806045338
CHL,1999,0.983927175612298,54.6956096251975
CHL,2000,1.0417927285780217,58.7119233335812
CHL,2001,1.0323330435768547,62.144766332768
CHL,2002,1.072507112116128,62.4838547414591
CHL,2003,0.9984029038112523,65.6934161956491
CHL,2004,0.9909660424511576,69.8893603825954
CHL,2005,1.0334282348321224,72.062533372953
CHL,2006,1.0370034973769673,73.7116341203328
CHL,2007,1.0363138401282834,76.9770240591423
CHL,2008,1.1973947185644018,80.676626653784
CHL,2009,0.9987871437234688,66.6860312494996
CHL,2010,1.0731495367709927,69.7176802332624
CHL,2011,1.1316622049160379,72.481642209343
CHL,2012,1.1933032742618155,68.1561435339271
CHL,2013,1.1336547049539352,65.1432877063737
CHL,2014,1.1019384940582064,65.6346274347707
CHL,2015,1.0781506028516226,59.3491105681231
CHL,2016,1.0543620178041542,56.0578603070995
CHL,2017,1.0555179176323763,56.0261586393213
CHL,2018,1.0984924742133748,58.1770513035882
CHL,2019,1.0651358491796863,57.6069157856537
CHL,2020,1.0365811070368431,58.1687693933374
CHL,2021,1.0893459284945595,64.8399924791736
CHN,1990,0.9505692291710119,24.2259824799678
CHN,1991,0.9384432236040567,25.8729814947102
CHN,1992,0.9732338931420685,30.0340940533808
CHN,1993,0.9642481652440187,35.9086416582146
CHN,1994,0.9024361233152688,35.605463524878
CHN,1995,0.9061222005152189,34.1049521589323
CHN,1996,0.9028514470420034,33.6287512313005
CHN,1997,0.8824806753313309,34.3135763220021
CHN,1998,0.8933087476187185,32.1717399357488
CHN,1999,0.8989751683756583,33.2255380760054
CHN,2000,0.8880825290012377,39.0109424774998
CHN,2001,0.8944900720010183,38.0826469518334
CHN,2002,0.8832469820147038,42.1944423387413
CHN,2003,0.83132974896236,51.0774801301803
CHN,2004,0.8164797241813938,58.6403340408439
CHN,2005,0.7899723069960494,61.3600749408237
CHN,2006,0.780774060561023,63.5695798621627
CHN,2007,0.7840751589001504,61.2664640006176
CHN,2008,0.7858592515833369,56.7111330003209
CHN,2009,0.8441530923527034,44.4197644331119
CHN,2010,0.8432813614976362,49.8540722338977
CHN,2011,0.8463005794129569,49.9458272253643
CHN,2012,0.854141738703723,47.4802130784317
CHN,2013,0.8677382889855951,45.9160413795571
CHN,2014,0.8741085003077878,44.0684564812532
CHN,2015,0.8916322108654458,38.6971848362625
CHN,2016,0.8896135943394534,36.177170692978
CHN,2017,0.8957389459654758,36.95085261586
CHN,2018,0.9126920523176754,36.8943843914718
CHN,2019,0.91165999207543,35.4544350281407
CHN,2020,0.8992702349676561,34.337778473884
CHN,2021,0.8939764724773606,36.6428789643754
CIV,1990,1.2057716436637391,58.8014956103209
CIV,1991,1.2499419818983524,56.9978213142969
CIV,1992,1.4698231009365246,60.0250653360901
CIV,1993,1.2511290005890439,55.3485218490843
CIV,1994,1.269537865956932,69.8366580166987
CIV,1995,1.1530923694779116,76.202343905242
CIV,1996,1.0197980334839225,52.8042944211567
CIV,1997,1.0725280820967966,54.0062903380367
CIV,1998,1.2065797273266152,53.6538337944761
CIV,1999,1.0894175553732568,55.8935626908747
CIV,2000,1.073604826546003,54.9639916295152
CIV,2001,0.826734613876911,53.1141047180447
CIV,2002,0.6922147651006711,55.9019482275388
CIV,2003,1.1186568571967552,53.260060681877
CIV,2004,0.9084754941781749,58.1182963035946
CIV,2005,0.8932346723044398,62.8209360402806
CIV,2006,0.9750254101931175,63.690377061452
CIV,2007,1.0992033669021495,61.4309423484426
CIV,2008,1.083569194100998,61.9406212969499
CIV,2009,1.1885159010600708,66.6729037469185
CIV,2010,1.2083534136546186,67.472940081257
CIV,2011,1.1273953702284225,64.7159030611345
CIV,2012,1.2156908665105388,70.3010893191249
CIV,2013,1.2109504132231406,58.3526792527234
CIV,2014,1.223568615571039,53.6804175610344
CIV,2015,1.3239141810570383,52.7153604615931
CIV,2016,1.2295684113865932,47.5655783613535
CIV,2017,1.2297950341609731,48.6625074729482
CIV,2018,1.3833893422947672,46.0375087102874
CIV,2019,1.366922857956163,44.6604105830795
CIV,2020,1.3038388238497143,41.9426318190526
CIV,2021,1.2620371725450021,45.1140327762435
CMR,1990,1.2587332053742801,37.496445441126
CMR,1991,1.2537481259370316,34.6387793556715
CMR,1992,1.2946165191740413,38.8625921730277
CMR,1993,1.2903000697836706,26.1588429586065
CMR,1994,1.1071721311475409,36.9611210051921
CMR,1995,1.096186046511628,36.682272663701
CMR,1996,1.0729707112970712,45.1156121020442
CMR,1997,1.147239263803681,48.4696352704455
CMR,1998,1.1935603945654196,42.2946538344074
CMR,1999,1.1128568691320175,37.2383798464814
CMR,2000,1.052245482197173,47.9279442460149
CMR,2001,1.1659475008989573,51.5722691890366
CMR,2002,1.4533732012707905,48.4817227279603
CMR,2003,1.1801928133216475,40.2431925894529
CMR,2004,1.0617760617760617,41.8377424272557
CMR,2005,1.1056415929203538,44.9976813478478
CMR,2006,1.2741523878964638,47.1044341803567
CMR,2007,1.1828856795788905,53.2156908605178
CMR,2008,1.2323453080180304,56.9244171562734
CMR,2009,1.1850379894798364,42.1761073594765
CMR,2010,1.1677203864964811,47.2385853965951
CMR,2011,1.2287476866132017,51.521987603918
CMR,2012,1.315761798343631,50.0360127271229
CMR,2013,1.2379982172418185,49.6745363462134
CMR,2014,1.1796011396011397,50.8323893087648
CMR,2015,1.1223350253807107,45.5401468279393
CMR,2016,1.1018564977420975,40.6386315268268
CMR,2017,1.0862032978501355,39.1990216052629
CMR,2018,0.9835432750914264,40.587602877028
CMR,2019,0.9683498178032275,43.3785132480415
CMR,2020,1.0219226018937835,33.7388313623871
CMR,2021,1.0477707006369426,36.7308347188558
COL,1990,1.0568619519144522,34.7778103803081
COL,1991,1.0452931512656998,33.5299180947153
COL,1992,1.0851469653249863,33.6115913436524
COL,1993,1.074928865001581,36.1774714449627
COL,1994,1.065062255531337,35.917537450138
COL,1995,1.1067902274641954,35.4972303177666
COL,1996,1.088549003823707,36.0441071863282
COL,1997,1.080865183728647,35.5970680886793
COL,1998,1.0817419158023185,35.9089230535138
COL,1999,0.9862533010165323,36.1492793141794
COL,2000,0.9623218828384893,32.6670854693067
COL,2001,0.9718055432568847,33.9011117949445
COL,2002,0.9913564429687641,32.9826392144234
COL,2003,1.0494099907071344,36.51618351723
COL,2004,1.0985752153744202,35.8634269337995
COL,2005,1.1068939192777483,37.422697494955
COL,2006,1.1590625300163289,39.6413559606293
COL,2007,1.2561397725399701,37.0988970982903
COL,2008,1.2116688065450418,39.1676494164355
COL,2009,1.1505343383817976,35.1561285074585
COL,2010,1.1850830560379684,34.2646031687681
COL,2011,1.2283916958146588,39.4704235545367
COL,2012,1.2347886876390215,38.835151018669
COL,2013,1.207820001156805,37.9866487978457
COL,2014,1.229319223832598,37.4874656411103
COL,2015,1.188515495402463,38.3607641184453
COL,2016,1.1765393140648375,36.202652984202
COL,2017,1.1882361399010293,35.2829149424588
COL,2018,1.171102619726685,36.5347527968973
COL,2019,1.1362947393949192,37.558533980839
COL,2020,1.1429391690590973,34.0555709680101
COL,2021,1.127364220024293,40.0591463936128
CRI,1990,1.6717084908903406,75.2851641940228
CRI,1991,1.5411334552102376,71.439665459041
CRI,1992,1.5060240963855422,76.0962304692027
CRI,1993,1.4421540839989695,79.3523385430138
CRI,1994,1.2771781033153433,77.9973064577321
CRI,1995,1.3608268949676343,79.7743735897208
CRI,1996,1.319708966402739,84.05715799017
CRI,1997,1.4648979591836733,87.6131965012773
CRI,1998,1.421940928270042,92.0380202177963
CRI,1999,1.4179132040627884,87.5386136418898
CRI,2000,1.5431339668343582,86.5249233826171
CRI,2001,1.490422135509046,80.8527575070405
CRI,2002,1.8630511747666558,80.4139436754132
CRI,2003,1.592428636849336,83.3277075502937
CRI,2004,1.5465646608798,85.2564775039755
CRI,2005,1.604054054054054,89.2226646399546
CRI,2006,1.6801892201834863,89.814554322106
CRI,2007,1.663209814088782,86.4565956113537
CRI,2008,1.747668263171162,86.4015124904847
CRI,2009,1.460808527232549,69.7593172897331
CRI,2010,1.594692400482509,67.5120894036891
CRI,2011,1.790681693238043,68.6391459050112
CRI,2012,1.7958985728141887,67.0485391393947
CRI,2013,1.7484177215189873,64.0664108162845
CRI,2014,1.7222799272916127,65.1912422181011
CRI,2015,1.792873657010744,60.7535621474841
CRI,2016,1.7800485374888237,62.178478293067
CRI,2017,1.7945411293351696,65.0719536997344
CRI,2018,1.8477469561943016,66.7874137887726
CRI,2019,1.8736292428198433,65.4194732486775
CRI,2020,1.82217944921528,59.7463550719484
CRI,2021,1.8279191128506196,70.103693305909
CYP,1990,1.1742685025817556,108.608208716902
CYP,1991,1.0878115264797508,104.179904915897
CYP,1992,1.1247050281357778,110.097007340814
CYP,1993,1.0391100295498001,95.4163753507475
CYP,1994,1.0210175145954963,95.7761516051877
CYP,1995,1.0714285714285716,134.390514064609
CYP,1996,0.9826254826254825,140.848983444568
CYP,1997,0.9306569343065695,139.762976603986
CYP,1998,0.9563437926330149,134.909736760687
CYP,1999,0.9737724027393267,131.209333344294
CYP,2000,1.1225552272407484,137.494903248556
CYP,2001,1.132808022922636,131.849067868114
CYP,2002,1.1618795315114334,123.64133212338
CYP,2003,1.1616188334876338,114.004632981485
CYP,2004,1.1198150764094004,113.903613489207
CYP,2005,1.1047535211267605,111.917065271958
CYP,2006,1.1358914823414397,109.806498040343
CYP,2007,1.1622418879056047,111.275122844623
CYP,2008,1.2509203865623562,112.925930874708
CYP,2009,1.2707987674804455,102.7910918992
CYP,2010,1.3050049554013878,108.901699269523
CYP,2011,1.3026180698151952,110.617131287039
CYP,2012,1.2171578077664555,112.344273297273
CYP,2013,1.1591669200364851,120.926200639389
CYP,2014,1.2144300144300146,130.84436307939
CYP,2015,1.167433831990794,137.276426477193
CYP,2016,1.2061224489795919,139.022098457248
CYP,2017,1.287588699959834,148.013355558135
CYP,2018,1.288776624795194,147.623567410054
CYP,2019,1.263790278536319,150.50616312951
CYP,2020,1.188613646240765,160.66871645997
CYP,2021,1.2383829664796433,176.82773681987
CZE,1990,0.9219796410393786,63.0512785845125
CZE,1991,0.8943957121556091,70.771227667197
CZE,1992,1.0022510774974607,77.9611310848888
CZE,1993,0.9415740119606639,78.1977381830196
CZE,1994,0.9571870053516244,74.8030180799195
CZE,1995,0.9517945055612959,82.9009990725253
CZE,1996,0.9113161851295003,80.59955795966
CZE,1997,0.8967787264590429,84.1532306677233
CZE,1998,0.9143075319964683,83.9386523207327
CZE,1999,0.9450496704351627,85.4571236396114
CZE,2000,0.9313464274205592,97.4983956327874
CZE,2001,0.9417135218023827,98.5368737300189
CZE,2002,0.9731103009968707,90.8792715456582
CZE,2003,0.9575913850398144,94.6468600665608
CZE,2004,0.907702978630547,113.173975970415
CZE,2005,0.8865670217081766,121.191287316105
CZE,2006,0.9160061011751875,127.051015055016
CZE,2007,0.9720638185160949,129.876739504889
CZE,2008,1.0403081478589093,123.904809929948
CZE,2009,1.0081150193090491,113.049254784875
CZE,2010,1.0534461622284275,126.756480116798
CZE,2011,1.0397037628713817,136.750855542438
CZE,2012,0.9871490707789641,145.480195396935
CZE,2013,1.032133820635367,145.502230624961
CZE,2014,1.0097857684226683,156.415122826886
CZE,2015,1.0240403847985522,154.018400997633
CZE,2016,1.012031584080423,148.547004664435
CZE,2017,1.0343710551719016,147.750834854762
CZE,2018,1.084516845055586,145.141717890789
CZE,2019,1.0981415289563057,138.154609993871
CZE,2020,1.1105268325678315,128.780430305965
CZE,2021,1.1464156723136947,137.378116302868
DEU,1990,1.1376958198552136,45.6889546847935
DEU,1991,1.1295064557049157,47.6354131979568
DEU,1992,1.275092215904871,44.6840440028306
DEU,1993,1.229331051318239,39.7493939704326
DEU,1994,1.2171373199268893,41.0957443335763
DEU,1995,1.2256222245391697,42.6061486475818
DEU,1996,1.1828455021934166,43.903586095325
DEU,1997,1.1572568351533212,48.380321068738
DEU,1998,1.18387567284859,50.1554657792327
DEU,1999,1.22101152280103,51.519227436406
DEU,2000,1.2243652778272167,59.1955992975405
DEU,2001,1.198827649125107,59.5592863682118
DEU,2002,1.1493490455412236,58.3325687248129
DEU,2003,1.1806470870351178,58.9145442942507
DEU,2004,1.183322495636401,62.9064909465164
DEU,2005,1.2043877033691293,66.9531024934321
DEU,2006,1.181695422332627,72.7591934646234
DEU,2007,1.2234560416378597,74.8838416816798
DEU,2008,1.2104120386205222,76.1131665945746
DEU,2009,1.2405491756795073,66.1391275757126
DEU,2010,1.2423802928493235,73.8852351200263
DEU,2011,1.229239741368381,78.433002901442
DEU,2012,1.1449822071925444,79.3316495670315
DEU,2013,1.1175984014350535,77.5860288576931
DEU,2014,1.1452704066698294,76.8483516336234
DEU,2015,1.1232369699671463,77.7565815686922
DEU,2016,1.1405823145210203,76.0059902166055
DEU,2017,1.149371331706167,77.4548394742448
DEU,2018,1.1757710824478005,79.1252260463654
DEU,2019,1.1943881950020392,79.0732427175683
DEU,2020,1.2015630963399502,72.9335327120137
DEU,2021,1.230201269030292,79.9195348609851
DNK,1990,1.135890195785104,67.3045794419521
DNK,1991,1.0218391701115357,69.1684762769411
DNK,1992,1.1599087900972105,66.9797006123946
DNK,1993,1.089972595503021,65.643583372576
DNK,1994,1.058633432808127,67.8432179369762
DNK,1995,1.103109337745122,68.5733146504851
DNK,1996,0.9928170894526033,68.5264824216641
DNK,1997,1.0437666187841927,71.2901759751981
DNK,1998,1.120382768869003,71.345417498121
DNK,1999,1.2298774146249978,72.7288566436859
DNK,2000,1.2547921999005653,83.0420859548864
DNK,2001,1.2045905862568653,83.922664599029
DNK,2002,1.210461892933002,84.4845925538271
DNK,2003,1.1181301014098441,80.7613001763544
DNK,2004,1.2406533575317604,82.0077308240144
DNK,2005,1.3047831570777144,89.3987952460671
DNK,2006,1.2467731092436976,97.4298607727841
DNK,2007,1.3114843992761702,100.047674594039
DNK,2008,1.3704932105509597,104.470310168489
DNK,2009,1.3584368794906962,89.3948566562728
DNK,2010,1.364220369993901,94.3877282319057
DNK,2011,1.4595700431765262,102.012930474308
DNK,2012,1.467926042999423,104.362280505171
DNK,2013,1.3577329214855256,103.612813249189
DNK,2014,1.4760054297197307,103.210859225139
DNK,2015,1.5143402352539093,105.130362453899
DNK,2016,1.487851125497738,101.452783808643
DNK,2017,1.5869032165007932,104.215676920442
DNK,2018,1.643474240804415,108.813985501909
DNK,2019,1.7132148626817447,111.891475065653
DNK,2020,1.7085865724381626,104.433432671151
DNK,2021,1.8109377111201188,112.321472697291
DOM,1990,0.6938066972785306,69.1984136752272
DOM,1991,0.7068947423654108,83.09106896203
DOM,1992,0.7308024987986546,80.4648015417106
DOM,1993,0.7311299687360429,78.0028967722022
DOM,1994,0.7310075545369663,77.157908271893
DOM,1995,0.7340622929092114,73.8979593803276
DOM,1996,0.7352208518135975,72.6424908698332
DOM,1997,0.729952419635604,74.2332371692166
DOM,1998,0.740313133588646,75.9113027135939
DOM,1999,0.6432630098452884,76.3027532814337
DOM,2000,0.6421819718012356,79.3003930961432
DOM,2001,1.9888382329822358,70.5105678080061
DOM,2002,1.405510301868711,68.7232829028777
DOM,2003,1.5169332079021636,84.4495031861592
DOM,2004,1.6821027008229974,81.3514229381911
DOM,2005,1.9924378220927628,61.6535587358027
DOM,2006,2.0889647924330004,63.7664826351505
DOM,2007,1.6387563413531567,61.229259153164
DOM,2008,1.5374351371386212,61.4285058325394
DOM,2009,2.5360662399674894,50.6509376792025
DOM,2010,2.842846661775495,56.0573964175321
DOM,2011,2.413583787400822,59.0692578401698
DOM,2012,2.2717313304310385,58.5062536731089
DOM,2013,2.222195566644276,56.8137658014945
DOM,2014,1.620250188111362,55.6601041506633
DOM,2015,1.6858087531540937,52.3471238667007
DOM,2016,1.3850869925434963,51.7306571245477
DOM,2017,1.4335962481347262,50.7595355508472
DOM,2018,1.3924929571876363,52.3351709577013
DOM,2019,1.3124934143514455,50.912982200697
DOM,2020,1.300289766661583,44.7331613466756
DOM,2021,1.2989817116779623,51.9500227303115
ECU,1990,0.9023089509726682,44.5949122940278
ECU,1991,0.8980121002592912,45.196639984556
ECU,1992,0.834939539958178,44.8065436522069
ECU,1993,0.8758757928775756,43.1712184234683
ECU,1994,0.9865392662853955,43.7777474951998
ECU,1995,0.8851024050310189,45.9112707318244
ECU,1996,0.8495480917235663,44.2157026832153
ECU,1997,0.9362314372334413,45.0171863180765
ECU,1998,0.9921270060994073,43.395107949805
ECU,1999,0.8929399463563213,49.2012507989376
ECU,2000,0.8735977850971405,65.4042953826391
ECU,2001,1.007595152756443,56.128486744205
ECU,2002,1.0340694260086079,54.7966439366136
ECU,2003,1.0556559583963412,52.3575426975979
ECU,2004,1.053326509723644,56.0745467239942
ECU,2005,1.0644656139892992,61.9581507902572
ECU,2006,1.1410966723750042,65.8423556166562
ECU,2007,1.1072020469281538,68.8505854462677
ECU,2008,1.1735436893203886,74.5902963648439
ECU,2009,1.0609788555374835,57.3473460627608
ECU,2010,1.0601058433189832,65.7773849135062
ECU,2011,1.0732848232848233,70.0356837525249
ECU,2012,1.0920705198303682,67.0029290916898
ECU,2013,1.11261181806728,63.4333003342414
ECU,2014,1.0851691042047533,61.4263766217565
ECU,2015,1.1169306019661969,47.8280397077826
ECU,2016,1.039542857142857,40.5344917996647
ECU,2017,1.1166445555668947,43.6177233172817
ECU,2018,1.164807157161062,48.0093476154836
ECU,2019,1.159618791008657,48.0828494933307
ECU,2020,1.1577310380931851,43.9893109378389
ECU,2021,1.1479114835668456,53.261275610573
EGY,1990,1.0868091762252345,52.9227557411273
EGY,1991,1.0067430521041814,62.8444444444444
EGY,1992,1.0863612291556337,59.3098490294752
EGY,1993,1.0075081191170805,55.9278350515464
EGY,1994,1.0359727032680635,50.6285714285714
EGY,1995,1.0227012902172137,50.2450980392157
EGY,1996,1.047639166546444,46.9485614646905
EGY,1997,1.008446463663079,43.7382474614517
EGY,1998,1.026147630697914,41.9276270006959
EGY,1999,1.017615976438533,38.3615084525358
EGY,2000,0.9478986537101732,39.0179359012055
EGY,2001,0.933830278859241,39.8104265402844
EGY,2002,0.9339134634860785,40.9870678279229
EGY,2003,0.9158008455926484,46.1796407185629
EGY,2004,0.866486305021821,57.8199052132701
EGY,2005,0.8848706674494112,62.9526462395543
EGY,2006,0.8990576773231533,61.5185365063947
EGY,2007,0.9218397365764452,65.077873254565
EGY,2008,0.9400285918513224,71.6806253489671
EGY,2009,0.9709709953567235,56.5534446363462
EGY,2010,0.9995017365222196,47.9363500745898
EGY,2011,0.9830517649712417,45.2556341623514
EGY,2012,1.051702395964691,40.7117692721084
EGY,2013,1.0242323825694815,40.373038056332
EGY,2014,1.0828280250292623,36.9201877934272
EGY,2015,1.1426314999955882,34.8459429600229
EGY,2016,1.1070426326866913,30.2465490514505
EGY,2017,1.0276203406956002,42.8321343581608
EGY,2018,1.0428022802528287,45.9110196733959
EGY,2019,1.052597624540716,41.1240171551108
EGY,2020,1.055402865343472,32.1262555667523
EGY,2021,1.0919318390490147,29.8569734808122
ESP,1990,1.1811162989410724,35.652904977259
ESP,1991,1.160018554814013,35.5206586037759
ESP,1992,1.2191314037474716,36.020774482446
ESP,1993,1.1648522160276706,36.9951619593819
ESP,1994,1.123064744538323,41.6958801099563
ESP,1995,1.1124461932553409,44.8306279725111
ESP,1996,1.1097433501476865,46.2977506718533
ESP,1997,1.0697058124039727,51.2271398594527
ESP,1998,1.082134112917961,52.730313072059
ESP,1999,1.0684386836124906,54.6969131882495
ESP,2000,1.0788495117376964,60.1216241049216
ESP,2001,1.076789773366642,58.0138895625701
ESP,2002,1.0786006017617844,55.1021415309759
ESP,2003,1.0994549068811674,53.4357897202258
ESP,2004,1.114023155628885,54.4795182656074
ESP,2005,1.1487479827022673,54.6991667043772
ESP,2006,1.1800740660240923,56.0839263823216
ESP,2007,1.1826566503578748,57.6269487657546
ESP,2008,1.1987359969458726,55.8281315172523
ESP,2009,1.1632130038256476,46.8366899971109
ESP,2010,1.1633066157085479,52.6933699734019
ESP,2011,1.134734798340835,58.5118228859632
ESP,2012,1.0413434643444157,60.5540346961864
ESP,2013,1.2341804536926488,61.6687726441327
ESP,2014,1.0983883812061912,63.39926213895
ESP,2015,1.0411843935940321,63.5820412248232
ESP,2016,1.062152530292231,63.1886778507294
ESP,2017,1.0760629506662183,66.167446137857
ESP,2018,1.113938947046972,67.0094103982921
ESP,2019,1.1333125892593567,66.3662250440692
ESP,2020,1.1893561258942698,59.4461280147076
ESP,2021,1.203006040051397,66.524588943191
EST,1993,0.8953841403797663,132.126372731459
EST,1994,0.8111183192774091,148.143069423797
EST,1995,0.8484462416218911,139.087473677663
EST,1996,0.8392791467451268,132.977442750892
EST,1997,0.8377871793498636,151.051344390403
EST,1998,0.9376365676489695,156.838235827521
EST,1999,1.2843691148775895,144.116453592933
EST,2000,1.3653286794648052,126.495626368659
EST,2001,1.2173913043478262,126.546640067292
EST,2002,1.3299908842297172,123.28234538757
EST,2003,1.2406237319575677,122.744772807796
EST,2004,1.2517607666551207,129.949500077661
EST,2005,1.1857811585722646,135.912792115107
EST,2006,1.3700571845723326,136.620737662645
EST,2007,1.1124937280481686,133.980829235754
EST,2008,1.0196463654223968,136.681988157836
EST,2009,0.9971537660534537,116.759079859802
EST,2010,0.9378328499868179,143.671762256978
EST,2011,1.0774224192526916,166.7460724339
EST,2012,1.0820336692753787,169.156067773865
EST,2013,0.8997657125394724,164.601632156916
EST,2014,0.9507027257240205,157.953944842229
EST,2015,1.08574144486692,148.507157123558
EST,2016,0.9813571961222969,147.7462327097
EST,2017,0.920981951009884,144.635650944133
EST,2018,1.0408965788438853,143.485224864735
EST,2019,1.241455078125,140.352147998549
EST,2020,1.405957816916721,137.392641283846
EST,2021,1.3769608314887885,160.471922305927
FIN,1990,1.5570527573303352,45.8390132360055
FIN,1991,1.4676691729323308,43.4814124469297
FIN,1992,1.9171211674528303,50.2394263203831
FIN,1993,1.5693536931818182,58.2315150099287
FIN,1994,1.359157096810768,62.4991726055204
FIN,1995,1.4020680637280203,64.1355353769273
FIN,1996,1.183838226108682,65.7903252694235
FIN,1997,1.0986555667192957,68.2478061464014
FIN,1998,1.1662623403753496,66.9910571198446
FIN,1999,1.2304582668070794,66.254492150558
FIN,2000,1.3675745830190993,74.9255788717317
FIN,2001,1.2873480486244402,70.2841376639721
FIN,2002,1.2381589263478299,69.3209377526273
FIN,2003,1.2529521869580775,68.0715029595159
FIN,2004,1.2680503582513853,70.967802899062
FIN,2005,1.4637249404177766,76.5889740444293
FIN,2006,1.3209992102261094,82.0005669294983
FIN,2007,1.338460847163142,82.8631608209175
FIN,2008,1.4369466950959489,86.1896598765527
FIN,2009,1.3302158402031437,70.1279335295898
FIN,2010,1.3604974099731637,75.4612085231229
FIN,2011,1.3013275429862656,78.7159444486606
FIN,2012,1.3786996129334947,79.4303765882482
FIN,2013,1.3044142384810222,77.485171771574
FIN,2014,1.3104027550291883,74.6277719754196
FIN,2015,1.2775162925416366,71.9618253787014
FIN,2016,1.2530898163040718,71.7222101178859
FIN,2017,1.3283023938016436,75.9387822310041
FIN,2018,1.3439303830680427,79.1436148422846
FIN,2019,1.3331919705965507,80.5641502947367
FIN,2020,1.3555938494167552,72.1845955995888
FIN,2021,1.4488894764674773,79.7892781913782
FRA,1990,1.2290835240969957,44.5862869486888
FRA,1991,1.1928187459886093,44.9537001550562
FRA,1992,1.307313561832663,43.963354493583
FRA,1993,1.274270359227545,41.7256163123108
FRA,1994,1.2767849427734268,43.7513491504061
FRA,1995,1.2911884721637177,45.4316616938638
FRA,1996,1.2426218290723736,46.1124801589641
FRA,1997,1.206417304045472,49.803453474736
FRA,1998,1.2128719920261997,51.4214328030771
FRA,1999,1.2253927905681845,51.6706614638734
FRA,2000,1.260359066867921,57.7860470318197
FRA,2001,1.2406023440688838,56.8932328560722
FRA,2002,1.2413476255874918,55.1325248503102
FRA,2003,1.2499679168210291,52.5988822870657
FRA,2004,1.291554870759504,53.7497648292028
FRA,2005,1.3101937585116117,55.8228361241299
FRA,2006,1.3381029780976665,57.8692775292673
FRA,2007,1.3743268568661229,58.1525611309659
FRA,2008,1.3934001036444892,59.1797928411748
FRA,2009,1.3789269905547599,52.1991123027613
FRA,2010,1.3553658517180749,56.587555247796
FRA,2011,1.4349429922253165,60.6056354816406
FRA,2012,1.3391538676347388,61.6589570771102
FRA,2013,1.342654293039418,61.8192338733962
FRA,2014,1.3688519839296662,62.1992669379507
FRA,2015,1.3088028518867556,63.5046871956484
FRA,2016,1.35611750959773,63.3427564383351
FRA,2017,1.338835232646113,65.3958481559711
FRA,2018,1.4115325810425192,66.8022607812266
FRA,2019,1.3993474982691632,66.4289607281749
FRA,2020,1.4171820329289737,58.8388907240647
FRA,2021,1.4325841599625089,63.788482630872
GBR,1990,1.1064250056068243,48.2498264500798
GBR,1991,1.1109608754654068,45.3156600809302
GBR,1992,1.1819209020520471,46.3059467099097
GBR,1993,1.139346425977333,49.7481967801462
GBR,1994,1.1344420112993168,51.886107010773
GBR,1995,1.1440849655308845,50.8300766971451
GBR,1996,1.1482119636444823,52.0576088895797
GBR,1997,1.1752898483760672,50.7045618383811
GBR,1998,1.217038610907863,49.1409088914683
GBR,1999,1.2260322264755632,49.4683905163429
GBR,2000,1.2988643912314553,52.3380212335903
GBR,2001,1.2621359895219655,52.6342367336438
GBR,2002,1.3116016656165834,51.2361820991323
GBR,2003,1.3348489116002091,50.0681187039704
GBR,2004,1.3509373419597859,50.2885521756133
GBR,2005,1.3427704273606178,52.5442740383211
GBR,2006,1.3504717828425312,56.7047791729812
GBR,2007,1.3670880646786974,52.7493524964733
GBR,2008,1.3424078600632738,56.4365501052604
GBR,2009,1.298954884357266,54.6537301085991
GBR,2010,1.3417841201004093,59.0511802227821
GBR,2011,1.3340507927181064,63.3240615708901
GBR,2012,1.3139922498907644,61.9688704472535
GBR,2013,1.3081985130158225,61.7195395154583
GBR,2014,1.3785263225062498,58.8210228333296
GBR,2015,1.41315056301055,57.125044605439
GBR,2016,1.4589665273014045,59.8395315138259
GBR,2017,1.441361809343594,63.1899245764158
GBR,2018,1.4358807573802437,64.9097721959201
GBR,2019,1.438600916236467,65.0035664177054
GBR,2020,1.440224604077079,59.1598893030611
GBR,2021,1.5118732584427192,58.53838629291
GEO,1990,0.6525925925925926,85.5271949752773
GEO,1991,0.7391453225585536,59.1623036649215
GEO,1992,0.6486869115877397,101.943699731903
GEO,1993,0.8304330230675839,118.638889058298
GEO,1994,0.8304222486009836,166.902615538069
GEO,1995,1.0105913503971757,67.8286788091539
GEO,1996,2.1005931784478498,45.6965490500194
GEO,1997,1.7209882139619221,57.7530659289995
GEO,1998,1.454358552631579,53.5666693215985
GEO,1999,1.4269901083372585,57.1518743274472
GEO,2000,1.3155436957971982,62.6613956413099
GEO,2001,1.423314531291969,63.3299250824094
GEO,2002,1.5010457125784284,71.6291255364807
GEO,2003,1.5499865987670867,77.6333765369391
GEO,2004,1.6386161757830764,79.0407459055607
GEO,2005,1.6351565596512088,84.5295975354749
GEO,2006,1.4152717997768214,89.125374368197
GEO,2007,1.5639279770010592,88.3934140686603
GEO,2008,1.6445101792239432,86.2982243681487
GEO,2009,1.3185869389077944,78.1930390303569
GEO,2010,1.381081081081081,81.6733870603639
GEO,2011,1.3628103404146403,85.4659350932986
GEO,2012,1.3474801061007957,89.7348800946338
GEO,2013,1.3459142999501743,93.8139137895532
GEO,2014,1.2996246412011483,94.9506979383393
GEO,2015,1.281789398427127,97.0163115086257
GEO,2016,1.3129542965249428,94.9262528383443
GEO,2017,1.28389662027833,102.584277697146
GEO,2018,1.4422532362459546,109.847740556266
GEO,2019,1.330322335266711,117.810080239714
GEO,2020,1.370013490075159,92.8910841752194
GEO,2021,1.436093023255814,101.60090754891
GHA,1990,1.2874217416050087,42.7281781307805
GHA,1991,1.2657611481291644,42.4883492637987
GHA,1992,1.341658957755165,45.9935958613923
GHA,1993,1.283918281822944,56.6691201156995
GHA,1994,1.2466960352422907,62.0211527377522
GHA,1995,1.2603806228373704,57.4230942889947
GHA,1996,1.4024289831206258,72.2049441293975
GHA,1997,2.1809938338774026,85.4018379695892
GHA,1998,1.6978868194842407,80.5995432469935
GHA,1999,1.466595403527525,81.7051040340528
GHA,2000,1.406549971767363,116.048430162968
GHA,2001,1.3787904171553025,110.045854160811
GHA,2002,1.2569797933055684,97.4892431746551
GHA,2003,1.500822737471952,97.2871457139532
GHA,2004,1.5357308944349715,99.6703343472122
GHA,2005,1.764927204318665,98.1715141146279
GHA,2006,1.5100316789862724,64.5190542439152
GHA,2007,1.579492317969272,65.3543222852532
GHA,2008,1.7318596828447863,69.5142256111434
GHA,2009,1.8241118229470006,71.5947385281523
GHA,2010,1.6426255171642625,75.3778157916824
GHA,2011,1.7902991577112983,86.2954538549695
GHA,2012,1.7812673048018353,93.1680351286831
GHA,2013,1.720618556701031,60.7593219028775
GHA,2014,1.6494682054763523,63.8365624430783
GHA,2015,1.5646622734761122,76.5212709243242
GHA,2016,1.571151358344114,67.8769994445865
GHA,2017,1.6269196751628208,70.5483652904116
GHA,2018,1.4217906517445689,67.9585174644902
GHA,2019,1.3317697228144991,76.824802732152
GHA,2020,1.2504696305572947,66.5754987162431
GHA,2021,1.2985989492119088,62.7078309128346
GIN,1990,1.3236814891416753,44.2481030022452
GIN,1991,1.2972699696663295,41.7787115678445
GIN,1992,1.3034482758620691,34.9419059949339
GIN,1993,1.2672413793103448,37.4482435133692
GIN,1994,1.2820276497695853,33.3418125019301
GIN,1995,1.3157894736842106,31.3044291693273
GIN,1996,1.09636517328825,29.861424528614
GIN,1997,1.0347334410339257,29.0897874940253
GIN,1998,0.9954268292682927,33.0646236252079
GIN,1999,0.8613718411552347,32.6958994059117
GIN,2000,0.878808864265928,36.6796954912881
GIN,2001,0.8022412656558999,40.1878781394378
GIN,2002,0.8005066497783407,38.0284032674396
GIN,2003,1.581719128329298,35.0751269891585
GIN,2004,0.8954703832752614,34.5950959210535
GIN,2005,0.8789237668161435,47.9377003917167
GIN,2006,0.7969680563075258,69.3862937148949
GIN,2007,0.8059159314997405,71.1210322265015
GIN,2008,0.8426680244399185,64.1842433909581
GIN,2009,1.3728489483747608,69.8153454158123
GIN,2010,1.4371695811305407,73.5465739340387
GIN,2011,1.5529917872506844,85.9546732708386
GIN,2012,1.5992478061011284,86.6743318322581
GIN,2013,0.8334135772749158,80.4264477180461
GIN,2014,0.8030366933783214,76.7719658952305
GIN,2015,0.852078239608802,72.4427307469345
GIN,2016,2.005925925925926,111.839467415368
GIN,2017,1.3032803796162573,101.251633768429
GIN,2018,1.5315649867374006,88.984111543709
GIN,2019,1.492202729044834,78.4153132285974
GIN,2020,1.3440180586907449,115.765259518929
GIN,2021,1.4368239921337267,115.195532789356
GRC,1990,1.1361985689801888,39.0357306279462
GRC,1991,1.1232645133443635,37.5415185885243
GRC,1992,1.2202320709864194,37.7870755959724
GRC,1993,1.1681003286546514,36.0330301689118
GRC,1994,1.1364703976674495,35.2202302292147
GRC,1995,1.142579517490398,36.1256353436075
GRC,1996,1.1263325627847476,36.8209292630895
GRC,1997,1.0821739640302341,39.4385486529083
GRC,1998,1.070147331704201,42.4898959577488
GRC,1999,1.0553127616558091,48.1760370261319
GRC,2000,1.0411369970769038,59.1126577488086
GRC,2001,1.0295365457806969,56.8576339551067
GRC,2002,1.063504761904762,50.0533371904633
GRC,2003,1.1372367443864781,47.8943121550822
GRC,2004,1.1335616751153126,49.825317672568
GRC,2005,1.1032145334492358,50.3555334391407
GRC,2006,1.140083082041292,51.1047465834807
GRC,2007,1.1474616962765725,54.5256818189044
GRC,2008,1.1818689232985238,57.1052836264926
GRC,2009,1.1895340254411948,46.3779593986083
GRC,2010,1.1132259588717464,50.9225181997227
GRC,2011,1.0722184011427967,56.2929957941907
GRC,2012,1.0133927106014684,62.3942117351318
GRC,2013,1.0277556814705127,62.9547272215374
GRC,2014,1.0206139681570783,66.4335364513677
GRC,2015,1.0115979553432006,65.2716454619318
GRC,2016,1.0632707399103138,63.6575490882866
GRC,2017,1.0527511290451885,70.8824967397253
GRC,2018,1.1342054668561397,79.2379908638706
GRC,2019,1.1457040282341486,80.5900949510457
GRC,2020,1.2340356622343776,70.2937464580745
GRC,2021,1.244159365874009,88.0126654490379
GTM,1990,0.8967367969085442,45.8694854703458
GTM,1991,0.8957106812447434,39.5202562231777
GTM,1992,0.9830771887411499,45.3622490673106
GTM,1993,0.9319813352476668,43.7789281525868
GTM,1994,0.8891399307124566,42.3708926972021
GTM,1995,0.8680310515172901,44.6894303422515
GTM,1996,0.8466360856269113,40.392952957301
GTM,1997,0.8406166219839142,41.5519511569592
GTM,1998,0.8390951276102089,44.4237399632554
GTM,1999,0.856096461573135,46.3605068544295
GTM,2000,2.5277150482447133,49.1455879049537
GTM,2001,0.8543411845865774,70.6690331769476
GTM,2002,0.8655320740602206,67.1048115244645
GTM,2003,0.8672557871482086,67.0023391862425
GTM,2004,0.8674023154848047,70.2148723581872
GTM,2005,0.8495597275294899,67.1036996082037
GTM,2006,0.9339684625492772,67.9119237396616
GTM,2007,0.9110340843443095,69.0013643101763
GTM,2008,0.9288309268747089,65.1787305213103
GTM,2009,0.8768443496801707,58.0406869738673
GTM,2010,0.967828418230563,63.1251925746222
GTM,2011,0.8580016394935787,65.0470510420457
GTM,2012,0.8747686613201728,61.9594193352042
GTM,2013,0.8321460017609862,56.6852489007381
GTM,2014,0.8189199255121042,55.0832736168677
GTM,2015,0.8397307269078905,49.8934518550985
GTM,2016,0.8185064149116437,46.3727343925686
GTM,2017,0.8897192961807804,46.0694034412912
GTM,2018,1.3094121496346385,47.0116853424691
GTM,2019,1.2776883534970662,45.5167341849579
GTM,2020,1.2791863379378678,41.1407594007818
GTM,2021,1.2602582065652521,49.261149442668
HKG,1990,2.273058788861058,226.000240297969
HKG,1991,2.2935389804307347,231.865133953304
HKG,1992,2.182704574448697,240.13281627495
HKG,1993,2.0189487607107943,233.969130299352
HKG,1994,2.626435857009556,237.427997065577
HKG,1995,2.7364331169454124,256.89826506739
HKG,1996,2.836313950672801,244.85376438617
HKG,1997,3.085057546643932,233.440294577968
HKG,1998,2.1371098265895956,221.133284508369
HKG,1999,1.9031469599755577,220.272313145342
HKG,2000,2.2126744624669934,247.654020445592
HKG,2001,2.1598058408645984,240.848977626932
HKG,2002,2.000897366869215,255.996457369342
HKG,2003,2.2089017855053474,292.454655919737
HKG,2004,2.286116915302007,326.841054589054
HKG,2005,2.3602021507361424,342.689209524653
HKG,2006,2.424597399498986,359.208661184248
HKG,2007,2.2961534930689433,362.14946363969
HKG,2008,2.2556666822451747,376.656806171877
HKG,2009,1.9338672053483394,348.397554309339
HKG,2010,2.2507301000923547,404.770560908659
HKG,2011,2.606326767091541,421.854706554386
HKG,2012,3.0603210257850155,430.568530415663
HKG,2013,3.435003385240352,442.620019127299
HKG,2014,3.2053767695418975,425.975871734797
HKG,2015,2.620035845674936,389.405949263639
HKG,2016,2.8296822395424988,371.727231773253
HKG,2017,2.9654026537201577,376.795666734722
HKG,2018,2.9173885484893303,376.892773545026
HKG,2019,2.9526219061030625,353.743521139731
HKG,2020,3.5767015784919285,350.679705044448
HKG,2021,3.9470226238963044,402.459681454463
HND,1990,0.7321357285429142,94.2224913877873
HND,1991,0.744756628413138,89.5935124691766
HND,1992,0.8069925080271139,84.7584594344201
HND,1993,0.763685821149269,98.2484665384967
HND,1994,0.7084493964716807,114.438113886322
HND,1995,0.6663190823774766,114.537647463165
HND,1996,0.6372549019607844,122.725112727964
HND,1997,0.6476309226932668,121.466190207647
HND,1998,0.6364581168156308,122.69670703096
HND,1999,0.7160467587672689,121.502105602734
HND,2000,0.7674880763116058,120.392164584236
HND,2001,0.737334510150044,115.943071737954
HND,2002,0.7239697224558452,117.997454450299
HND,2003,0.8172573650366382,122.248277175534
HND,2004,0.7998331943286071,135.461758741854
HND,2005,0.7858083394294075,136.489768018486
HND,2006,0.8317744868797089,133.13183510432
HND,2007,0.8266796494644596,135.070634917917
HND,2008,1.7405367397163953,135.748955193053
HND,2009,0.8667496886674969,96.9050060188904
HND,2010,0.8281731836684348,109.441838241682
HND,2011,0.759512250197584,122.216902597337
HND,2012,0.7595520421607378,121.188215808285
HND,2013,1.911127787307033,116.306049247436
HND,2014,0.7539724297590235,112.97509728471
HND,2015,0.7683978711690219,107.26440535424
HND,2016,0.8022939933594929,99.8157169505924
HND,2017,0.8086879780349088,101.813111079622
HND,2018,0.8243215876873229,103.551162215452
HND,2019,0.8270546383289247,99.4595352452417
HND,2020,0.8373258494537436,88.0008563836292
HND,2021,0.833363471971067,103.372643459918
HRV,1995,1.1210895682169622,62.8086026978875
HRV,1996,1.0937247664090437,67.053592053592
HRV,1997,1.1061446496849587,74.8854961832061
HRV,1998,1.0555672268907563,64.9843577475156
HRV,1999,1.0679713175978487,66.264736205119
HRV,2000,1.0642649977102734,74.6004590027123
HRV,2001,1.1387177512514441,79.437800900761
HRV,2002,1.160521993064428,81.1605470544581
HRV,2003,1.2331438904675793,81.4423725005617
HRV,2004,1.2958036144051108,81.6460024380816
HRV,2005,1.2872166895604396,81.4930488377878
HRV,2006,1.2605124276472592,83.5173461635857
HRV,2007,1.2349810499153293,83.2601359160464
HRV,2008,1.4940891308045585,82.0792610890345
HRV,2009,1.2123482898124311,69.7025315039058
HRV,2010,1.1963485556297073,72.6475745178258
HRV,2011,1.191462527285957,77.7839261603843
HRV,2012,1.3395800524934383,79.0091759505258
HRV,2013,1.3084071517852291,80.919621854334
HRV,2014,1.1423229461756375,85.2166354640278
HRV,2015,1.2612678430931774,90.6517861027716
HRV,2016,1.2782786658554124,92.1393432283564
HRV,2017,1.2454443435045155,97.2452344566878
HRV,2018,1.396948290477536,99.0845893099948
HRV,2019,1.3506172839506174,101.395111645358
HRV,2020,1.3633076467101362,89.5475327132272
HRV,2021,1.3635580072401312,102.327614281062
HUN,1991,1.1631364124597205,58.2052641583218
HUN,1992,1.4530274080377643,55.2935236018396
HUN,1993,1.3219507548697433,53.4135360713045
HUN,1994,1.2434227537168714,56.3059945915153
HUN,1995,1.194910842118964,78.1758915933919
HUN,1996,1.1434776405687745,83.021980635108
HUN,1997,1.2243498281341203,94.6879101466758
HUN,1998,1.276271324789813,107.319335097669
HUN,1999,1.1740966301258629,113.869532830977
HUN,2000,1.2011709360620837,137.26231309347
HUN,2001,1.2269673062779969,130.903714236387
HUN,2002,1.2336086468848781,118.269335242555
HUN,2003,1.4026391391147686,116.787088540862
HUN,2004,1.3902809035592232,123.615686104174
HUN,2005,1.47966479332247,128.004810647538
HUN,2006,1.5271548320986408,149.231531568461
HUN,2007,1.6650926448698866,155.60143236807
HUN,2008,1.7430225237828765,158.453224115619
HUN,2009,1.3134012204127636,145.30587733019
HUN,2010,1.3660492758640588,157.838960085896
HUN,2011,1.3983371879735227,166.754347209897
HUN,2012,1.358283390410959,166.17569860957
HUN,2013,1.3674661393059995,164.476024791467
HUN,2014,1.3454937097550355,168.358355086413
HUN,2015,1.2744003264114072,167.290738494524
HUN,2016,1.2893131231531283,163.97194450015
HUN,2017,1.3337852055681452,165.032855840268
HUN,2018,1.3508082485921484,162.700858777925
HUN,2019,1.3237657397424685,159.925556464831
HUN,2020,1.2838127587304957,154.527002936377
HUN,2021,1.3533915490626163,159.187527332834
IDN,1990,0.9488550948119567,52.8918614376893
IDN,1991,0.9188916991885737,54.8395648805761
IDN,1992,0.9356039699344699,57.4274341101528
IDN,1993,0.9066071835618223,50.5233858882307
IDN,1994,0.9117016423357664,51.877101049475
IDN,1995,0.9235099561255484,53.9585900635426
IDN,1996,0.9016871262694973,52.264743657148
IDN,1997,0.8723971740747096,55.9938588086777
IDN,1998,0.6089556515154615,96.1861923602686
IDN,1999,0.8311484006292605,62.9439128601924
IDN,2000,0.8571377742355561,71.4368759173731
IDN,2001,0.839868796151017,69.7932075256238
IDN,2002,0.895947774342069,59.0794617663723
IDN,2003,0.9207637217424135,53.6164937473016
IDN,2004,0.9276383170561614,59.761294836691
IDN,2005,0.9321973393674018,63.9879358688635
IDN,2006,0.9593147133379143,56.6571268148867
IDN,2007,0.9610451600585174,54.8292499782075
IDN,2008,1.022004247586101,58.5613996312961
IDN,2009,0.9680626354660029,45.5121213687054
IDN,2010,0.9777061768866335,46.7012738758737
IDN,2011,0.9825419915357532,50.1800131841104
IDN,2012,1.0154836458111174,49.5828982992627
IDN,2013,1.0325919320680534,48.6373726752893
IDN,2014,1.0240508082862645,48.0801755855227
IDN,2015,0.9896037448290878,41.9376402415294
IDN,2016,1.0009453089499587,37.4213418023318
IDN,2017,0.9939747218563463,39.3554970704606
IDN,2018,0.9991175182505786,43.0743089552002
IDN,2019,0.9987384388218011,37.6277775357108
IDN,2020,1.0104700114229976,32.9721754002427
IDN,2021,0.9913863109965148,40.2047582749671
IND,1990,1.0092839458326917,15.5062615101965
IND,1991,0.9813451026019356,16.9877265511351
IND,1992,1.0021573820915926,18.433099041828
IND,1993,0.9760860641819563,19.6515397864684
IND,1994,0.9696138747946552,20.0781443769255
IND,1995,0.9581277614138438,22.8674487062499
IND,1996,0.9392497832691032,21.9294878713867
IND,1997,0.9353641593704253,22.6193868670479
IND,1998,0.929559034601037,23.6994700790647
IND,1999,0.9592486012189007,24.8155980442929
IND,2000,0.9263554071920289,26.9009229104474
IND,2001,0.9204273280609829,25.9932547534365
IND,2002,0.9071692084241104,29.5086629350614
IND,2003,0.9223266984775338,30.592436132908
IND,2004,0.9195362992250207,37.503814059447
IND,2005,0.9239798124968106,42.0016696148691
IND,2006,0.9066542644865428,45.7244804992652
IND,2007,0.9265201993562903,45.686268679348
IND,2008,0.9211126662846576,53.3682204392226
IND,2009,0.9431962998224788,46.2728696428837
IND,2010,0.9360017396174033,49.2552064974161
IND,2011,0.9198632832963791,55.6238800135298
IND,2012,0.924800180177749,55.7937217287511
IND,2013,0.8208412914710648,53.8441319466777
IND,2014,0.8430396470848937,48.9221857470669
IND,2015,0.878679569158224,41.9229138658647
IND,2016,0.8510248497368801,40.082485713276
IND,2017,0.8707489976180288,40.7424969545225
IND,2018,0.8627619086885271,43.6169693323889
IND,2019,0.8683037329937672,39.9054035306442
IND,2020,0.8606531799637764,37.7581053292768
IND,2021,0.841635217869345,45.4230887840446
IRL,1990,1.1432083775990285,105.02942597332
IRL,1991,1.135412026726058,106.440213904397
IRL,1992,1.136046095056126,109.545448391468
IRL,1993,1.1068896995580864,116.602680107501
IRL,1994,1.1008065673526795,126.488901394528
IRL,1995,1.0899785234150559,136.103124359691
IRL,1996,1.0813739357869172,138.868118491507
IRL,1997,1.1382553794614096,142.269442155283
IRL,1998,1.2008941731355018,157.772368187148
IRL,1999,1.3935673892554195,159.870974760171
IRL,2000,1.1951160220994475,174.954518071287
IRL,2001,1.1773231389682406,174.840711101871
IRL,2002,1.227577526529372,163.719329359615
IRL,2003,1.4185053848174416,146.531474021275
IRL,2004,1.3885675915697357,146.587496370071
IRL,2005,1.4444167549270035,148.175564253129
IRL,2006,1.4842111897808685,150.021785809265
IRL,2007,1.4775063997649924,153.396847068025
IRL,2008,1.3511961318384325,160.039420132474
IRL,2009,1.1844370154349528,173.591474874665
IRL,2010,1.1323251417769375,190.08027278672
IRL,2011,1.1884164608188363,186.304879179038
IRL,2012,1.1840989953955632,190.355682317985
IRL,2013,1.1805305936318033,199.742586224446
IRL,2014,1.2135956580732699,211.181602002085
IRL,2015,1.1313444401394805,223.702938290642
IRL,2016,1.1118184745720727,239.708527798768
IRL,2017,1.1694928278688523,233.304083346711
IRL,2018,1.1901752222393505,222.453716000399
IRL,2019,1.2426881720430107,257.652772910421
IRL,2020,1.135166747496648,258.780437026252
IRL,2021,1.1208037572717084,231.032350863586
IRN,1990,0.962098780054483,37.0805676988111
IRN,1991,0.9591736085580295,44.1941716478042
IRN,1992,0.961664198006959,40.3979272522381
IRN,1993,0.8982121834822125,46.0408643243691
IRN,1994,0.8807387603748933,41.6091363981328
IRN,1995,0.915248730964467,35.1442449159574
IRN,1996,0.9565215819535826,35.2212991546042
IRN,1997,0.9267147732885692,32.6495581116416
IRN,1998,0.9478311226860183,29.2282196463134
IRN,1999,0.8146304466260028,34.8854141345934
IRN,2000,0.7865707368747837,41.2572474638031
IRN,2001,0.8018039967992778,40.535566479523
IRN,2002,0.7589508124050767,48.1726865520657
IRN,2003,0.8770412222879209,50.6791057753261
IRN,2004,0.8708243708141925,51.3138573265888
IRN,2005,0.8486423376428625,54.4404952635536
IRN,2006,0.8472820175044659,53.1673587143845
IRN,2007,0.9524352513239236,49.8873069225934
IRN,2008,0.9622460872460872,48.2294027741438
IRN,2009,0.9484050599367694,43.6995802243585
IRN,2010,0.8486364996366849,43.7706437371399
IRN,2011,0.8378703809732011,41.2194147918578
IRN,2012,0.9276712977950133,44.0893466807452
IRN,2013,0.7966612950555495,47.0867179194755
IRN,2014,0.8174792154330456,45.3514201413161
IRN,2015,0.9149493970798759,39.42258866118
IRN,2016,0.82448346466464,39.8772417738866
IRN,2017,0.8153680247326635,43.1556931383906
IRN,2018,0.7918762781724635,56.6153496142829
IRN,2019,0.8452250817785442,48.5917712137038
IRN,2020,0.8744159035187957,43.8844674905013
IRN,2021,0.8500420127641833,42.672379536261
ISR,1990,1.52216391246092,60.9350260005907
ISR,1991,1.5132787429456676,55.7524866650315
ISR,1992,1.4971959507627965,54.9411572675679
ISR,1993,1.4173166044987002,60.0511293114913
ISR,1994,1.3858030542390731,59.8246785796587
ISR,1995,1.4047848233265152,59.4260802630063
ISR,1996,1.34232516943931,58.1637958325213
ISR,1997,1.3134910509240696,57.6014513298969
ISR,1998,1.3281735404392074,56.9416656287884
ISR,1999,1.2352984147855943,64.7865126543191
ISR,2000,1.2097313462927803,68.3981650564852
ISR,2001,1.140406829144453,62.1915859412765
ISR,2002,1.179276620858275,65.5319511383591
ISR,2003,1.234991588560442,66.9479946684859
ISR,2004,1.2747490584365786,75.0388690350775
ISR,2005,1.2854160769883953,78.416693799205
ISR,2006,1.2997956523837875,78.5311825907368
ISR,2007,1.309267515923567,78.9364099576763
ISR,2008,1.3286113562812591,75.4761705381509
ISR,2009,1.230375346455583,61.7597291545045
ISR,2010,1.2583068519630383,65.717030394986
ISR,2011,1.2954880093301262,69.0009721692523
ISR,2012,1.2644655728059266,70.0759039186632
ISR,2013,1.3401537364291942,64.2271703557815
ISR,2014,1.4341810580799281,61.8390527979395
ISR,2015,1.3511027075123936,59.0201557126784
ISR,2016,1.435795566019227,57.9533051643572
ISR,2017,1.4356743530051488,56.4519373834561
ISR,2018,1.5100356749908312,58.8734013354625
ISR,2019,1.499966072943172,56.5281618447823
ISR,2020,1.4257906721767735,51.1403984551453
ISR,2021,1.5342493638676844,54.8184036562688
ITA,1990,1.2761861946838031,36.2382276733087
ITA,1991,1.2761740934157562,33.8005339555877
ITA,1992,1.411641400475411,34.8334276236699
ITA,1993,1.297837626781448,37.6724019624473
ITA,1994,1.2734560325271433,40.3620026081266
ITA,1995,1.2476125511596179,45.5795026636995
ITA,1996,1.1999083196527889,42.8020490474117
ITA,1997,1.1809412556763588,44.4771651978702
ITA,1998,1.1955952814957553,44.997874273345
ITA,1999,1.2017645239179564,44.5298402267013
ITA,2000,1.2285699683559128,50.2747311455639
ITA,2001,1.1981438386642793,49.8632723203495
ITA,2002,1.2167977264343917,47.8713186791542
ITA,2003,1.1949205605400186,45.9940859777074
ITA,2004,1.2116771555882218,47.2663923891771
ITA,2005,1.2077867421938109,49.1221742288618
ITA,2006,1.2575477498362142,52.9235429597012
ITA,2007,1.255231791324516,54.8280415572531
ITA,2008,1.2569876101160349,54.2142548956671
ITA,2009,1.363482001358388,45.1414765721604
ITA,2010,1.4333145118345911,51.6621118138339
ITA,2011,1.3478274203403187,54.4722149449288
ITA,2012,1.3287544244058653,54.8844952702204
ITA,2013,1.322694411588774,54.0341846317499
ITA,2014,1.3424893170649332,54.4545299332032
ITA,2015,1.2755118424112233,55.4356858148221
ITA,2016,1.2954321439241847,54.4321467018313
ITA,2017,1.303604543675886,57.5829940274911
ITA,2018,1.337380532190415,59.2749835128154
ITA,2019,1.3264416820261573,58.6941902594738
ITA,2020,1.3292696629213483,53.9394839042764
ITA,2021,1.3449498407406306,60.3019776202798
JOR,1990,1.7165250236071767,149.4476838941
JOR,1991,1.5547993193874488,137.261663286004
JOR,1992,1.4912626138321436,131.644698648349
JOR,1993,1.4658560959360427,130.485233240655
JOR,1994,1.4285186006952149,118.336176072338
JOR,1995,1.4839788863281538,124.582688188008
JOR,1996,1.111624271706693,131.059123299943
JOR,1997,1.3452613922281242,120.737112880307
JOR,1998,1.2432338893888004,109.052402937716
JOR,1999,1.0535701942351559,104.470373639306
JOR,2000,1.131030452568015,110.328904595996
JOR,2001,1.2419598940597805,109.285478573786
JOR,2002,1.284311965044592,114.03885781572
JOR,2003,1.2634747872402017,115.706835253918
JOR,2004,1.226490554123033,134.621611934395
JOR,2005,1.226984126984127,146.908891279018
JOR,2006,1.2272312641029335,141.747381831126
JOR,2007,1.2434562211981568,145.994246288526
JPN,1990,1.179761406863038,18.9369349833675
JPN,1991,1.1857122528614241,17.3931812597285
JPN,1992,1.2761375604659986,16.6670890619573
JPN,1993,1.2476584841892095,15.399061805981
JPN,1994,1.2482859941234086,15.4842353027775
JPN,1995,1.2622275913463599,16.1166693561401
JPN,1996,1.2387878496664504,17.8974380473791
JPN,1997,1.2222429048010444,19.4062642232127
JPN,1998,1.186942182607002,18.7651112452697
JPN,1999,1.211336371808571,17.9207503513808
JPN,2000,1.2560198634664415,19.2751936529389
JPN,2001,1.2381279922307344,19.2772303804527
JPN,2002,1.200695457182732,20.1432481553025
JPN,2003,1.17127067519833,21.0750119103347
JPN,2004,1.177913443752824,23.4324185456932
JPN,2005,1.1756412409088224,25.9909279228382
JPN,2006,1.1750197872475148,29.714872929485
JPN,2007,1.1443539285620807,32.4957200262739
JPN,2008,1.1935651634631115,33.7738026089171
JPN,2009,1.1851406546675598,24.1730393019729
JPN,2010,1.1738392687578958,28.2400150860666
JPN,2011,1.1900036553040363,29.9713853558472
JPN,2012,1.183610792611701,30.174299547803
JPN,2013,1.1335514941960978,33.5913694460807
JPN,2014,1.11410235250803,36.7643250218282
JPN,2015,1.0827471224985288,34.7276305886293
JPN,2016,1.1024040508928414,30.6562793068554
JPN,2017,1.0884116069679632,33.6888336792782
JPN,2018,1.1192103991919549,35.8035749582494
JPN,2019,1.130317413795763,34.3582972799989
JPN,2020,1.1412283027326144,30.5192226892273
JPN,2021,1.152407836735311,35.4253927340539
KAZ,1992,0.3523978366156653,149.336641791045
KAZ,1993,0.6332079071492925,84.634521855277
KAZ,1994,0.6723611818790756,84.1817390088715
KAZ,1995,0.6397238644727782,82.522407044045
KAZ,1996,0.7500904883787067,71.2735732877076
KAZ,1997,0.7430427786792311,72.3595506961877
KAZ,1998,0.8107840848223482,65.2041827454395
KAZ,1999,0.8292551489533688,82.579151355772
KAZ,2000,0.7235244062814264,105.699692634521
KAZ,2001,0.8473948824944217,92.8490685069707
KAZ,2002,0.7909586140028577,94.03168564978
KAZ,2003,0.748174515203803,91.4633324250457
KAZ,2004,0.7420906208889559,96.4091997009336
KAZ,2005,0.7585173016744855,97.7625030243024
KAZ,2006,0.8131974703254975,91.4535267973373
KAZ,2007,0.8384578578010917,92.1616330969975
KAZ,2008,0.7814437731643241,94.2948046483658
KAZ,2009,0.8165590598102954,75.7660674636533
KAZ,2010,0.6544521610847546,74.1382658957842
KAZ,2011,0.6330529860554172,73.1178570509129
KAZ,2012,0.7547245202089186,73.7237324891671
KAZ,2013,0.7916010933487949,65.4076093299538
KAZ,2014,0.7286293571173075,64.9720346513507
KAZ,2015,0.8252544117841162,53.0497288072652
KAZ,2016,0.756339087754649,60.3115965864153
KAZ,2017,0.7534716102228377,56.825387935971
KAZ,2018,0.6909931668952459,63.5279565118188
KAZ,2019,0.7135860018916362,64.8586165517565
KAZ,2020,0.7754454574167197,57.0264423660931
KAZ,2021,0.7812571456570738,58.6686085779207
KEN,1990,1.1784418725168424,57.0209136817269
KEN,1991,1.2601456815816858,55.5976992243654
KEN,1992,1.231607629427793,52.9308701038286
KEN,1993,1.138466413181242,72.8584813635643
KEN,1994,1.1755327303388012,71.2661252293107
KEN,1995,1.183898868928809,71.7457416403035
KEN,1996,1.1063233868361522,57.3121107038102
KEN,1997,1.2433450832624284,54.0571168602893
KEN,1998,1.1877187718771876,48.8972419400753
KEN,1999,1.1399061969863287,48.1922749889095
KEN,2000,1.1719788155994222,53.3090443862273
KEN,2001,1.3756504770164788,55.9468360286644
KEN,2002,1.3270239161018031,55.1726722640053
KEN,2003,1.5515187611673615,54.132265895729
KEN,2004,1.3558588111796352,59.4770033484289
KEN,2005,1.4543411402886206,64.4788661639796
KEN,2006,1.4693216264241664,55.2364851257303
KEN,2007,1.5504417505650299,53.8947888046059
KEN,2008,1.585206456084761,57.5785986473131
KEN,2009,1.4617972917521542,45.9451918127805
KEN,2010,1.5016445981276882,50.3942873502834
KEN,2011,1.625143231298085,58.4022059745625
KEN,2012,1.8521252000711363,51.6236920232481
KEN,2013,2.0568938584230865,47.4646425127304
KEN,2014,2.204631451490843,46.170489362216
KEN,2015,1.8596502760978177,40.3273846919019
KEN,2016,1.7625391368408128,34.8650195731824
KEN,2017,1.6999567393856994,35.9950578754074
KEN,2018,1.7171087455154974,34.4147531767425
KEN,2019,1.6630871744038769,31.759461841481
KEN,2020,1.5626313156578289,30.3991387830411
KEN,2021,1.628994657600777,35.0020477795269
KGZ,1990,1.1115392626536138,78.7383177570093
KGZ,1991,1.4298295275838209,72.0
KGZ,1992,2.5938235826842964,83.1916902738432
KGZ,1993,2.1698157770429853,74.7063327544027
KGZ,1994,2.35498046875,73.8302050053248
KGZ,1995,3.144220102063457,71.8242686635574
KGZ,1996,1.6693205944798302,87.2957738051993
KGZ,1997,0.9590001798237727,84.4771343003418
KGZ,1998,1.0623623114726317,94.5092945286033
KGZ,1999,1.1828953037483843,99.1994912194321
KGZ,2000,1.4738797814207651,89.4309316270309
KGZ,2001,1.3168265491314493,73.7469123687968
KGZ,2002,1.1919869839332926,82.9207290212667
KGZ,2003,1.1067708333333333,83.9327828079655
KGZ,2004,1.303546831955923,93.8157321567302
KGZ,2005,1.4566044573292263,95.0840046303638
KGZ,2006,1.7361187465640462,120.749981766273
KGZ,2007,1.5749770009199633,137.058387838563
KGZ,2008,2.264002138751504,146.106082230139
KGZ,2009,2.2140408406617977,133.379153167955
KGZ,2010,2.0758338577721838,133.232850492333
KGZ,2011,1.9927821522309712,136.179840420492
KGZ,2012,1.850897194408645,139.675937840309
KGZ,2013,1.7559071296486541,134.026785643922
KGZ,2014,1.753516998827667,125.126181075833
KGZ,2015,1.6076960545543106,110.961570714633
KGZ,2016,1.8610475992517148,105.823574017406
KGZ,2017,1.8503844510892782,100.617445813258
KGZ,2018,1.7896196868008947,98.8755599017608
KGZ,2019,1.9341218083342544,94.4302823542939
KGZ,2020,1.9454959271681838,78.9922784304738
KGZ,2021,1.838943702843877,100.261376861569
KHM,1993,1.4931407942238268,48.7242577792075
KHM,1994,1.527719298245614,64.4680319495873
KHM,1995,1.4189459639759838,77.7667280459137
KHM,1996,1.5774555042847724,69.161566797509
KHM,1997,1.6377899045020463,78.9346444583816
KHM,1998,1.5250533049040513,75.6194730009492
KHM,1999,1.4530095036958817,94.1768880770207
KHM,2000,5.494742113169755,110.397125303731
KHM,2001,5.379865771812081,111.771741244001
KHM,2002,5.948003714020427,118.269562072288
KHM,2003,3.6023080337328004,120.074969093599
KHM,2004,4.564091112103617,131.351481056276
KHM,2005,5.536894522408329,133.551965265648
KHM,2006,4.438707411310151,140.348734318483
KHM,2007,3.6959014044138723,133.700023826819
KHM,2008,3.7223069105691056,130.393510678736
KHM,2009,2.539637475431317,102.2879490147
KHM,2010,2.991316360765739,109.998400607758
KHM,2011,4.053879719218364,109.790505166814
KHM,2012,3.763819095477387,116.740233418212
KHM,2013,3.7543547813722005,124.887552768657
KHM,2014,3.09459862727544,124.454908526693
KHM,2015,2.9664060591253363,122.109596815379
KHM,2016,2.4091506952273583,122.704555602667
KHM,2017,2.1269132125424006,121.155451298689
KHM,2018,2.134093844167025,118.43765541305
KHM,2019,1.9089444862020828,115.736679072448
KHM,2020,1.774903530084322,122.105396346568
KHM,2021,1.7662575210589653,146.179846509715
KOR,1990,1.3212393866935983,49.1903734944072
KOR,1991,1.2837736861959896,48.2898598963294
KOR,1992,1.401217052066488,47.2068242485094
KOR,1993,1.2752397220859304,45.4216180794097
KOR,1994,1.237506852781175,47.7418242135125
KOR,1995,1.2155187468234006,51.3967337856387
KOR,1996,1.1951467472375035,51.6134521171463
KOR,1997,1.1227548947340031,55.894947743273
KOR,1998,0.972042493082706,66.3289851108207
KOR,1999,1.0620823883912802,57.8948578896383
KOR,2000,1.1414583811573682,64.0588155729056
KOR,2001,1.1059761078592107,60.4277386641693
KOR,2002,1.1357902807389748,56.6688767960273
KOR,2003,1.131962663819807,59.4242945541732
KOR,2004,1.1457623186518215,67.9270638751076
KOR,2005,1.1918794917864477,66.1695148242697
KOR,2006,1.2162696284644017,68.3749509402263
KOR,2007,1.2307052398942708,71.3239614988013
KOR,2008,1.2098390878830605,92.0833544961819
KOR,2009,1.0670577516641255,83.1246099057162
KOR,2010,1.1013562966589772,88.0278677123124
KOR,2011,1.0957200578080113,101.68061646213
KOR,2012,1.0590595006234642,101.51727207905
KOR,2013,1.0554287001974532,94.1675235855873
KOR,2014,1.1038171747441077,86.9342577972039
KOR,2015,1.066385252066852,75.3881774564907
KOR,2016,1.0493859673874535,69.8997221316919
KOR,2017,1.072232738561762,73.1921408264016
KOR,2018,1.1179732276485483,74.7075162140824
KOR,2019,1.1384363459639502,71.4470632403511
KOR,2020,1.1412302512909238,65.544957860621
KOR,2021,1.1647802621434078,75.3063047610912
KWT,1990,0.9369305126376675,103.011000150739
KWT,1991,0.04002198876625577,142.612954265862
KWT,1992,1.0118249503082573,94.6880649671661
KWT,1993,0.8958769806561845,92.057035197515
KWT,1994,0.8697109927529905,93.1842842757839
KWT,1995,0.8675328368554823,94.3196243483405
KWT,1996,0.8872662648740535,91.4721447434007
KWT,1997,0.860160310050207,92.4435465476229
KWT,1998,0.9510300510300511,94.9598431670145
KWT,1999,0.6816737768902604,85.3681145511849
KWT,2000,0.5427791924336123,86.618324503254
KWT,2001,0.6062179671510005,86.8504672897196
KWT,2002,0.6904548025418372,81.2251941328732
KWT,2003,0.9138435934774608,86.5551755074577
KWT,2004,0.8963328524789309,89.2976416790834
KWT,2005,0.9871205521677947,92.2426800942645
KWT,2006,0.9252184408700902,89.7130931980522
KWT,2007,0.9665308234685296,91.7325033915889
KWT,2008,0.9374245043935483,92.6834562516721
KWT,2009,0.9150981628242076,88.8110649851457
KWT,2010,0.9256027017086301,97.0280216600064
KWT,2011,0.9363174260765798,99.1164927646913
KWT,2012,0.8411181707690636,101.011435104032
KWT,2013,0.9876937156068252,97.6054913328151
KWT,2014,1.071072352454863,100.037189841844
KWT,2015,1.1587277773610383,98.6999884455485
KWT,2016,1.0327728588046414,96.1576723758617
KWT,2017,1.0062293770622937,97.840046457409
KWT,2018,1.0249870672405883,102.785630655
KWT,2019,1.0332237659334569,91.6857123895953
KWT,2020,1.0842591256672918,82.0125101293052
KWT,2021,1.0938670065665934,82.0003751775886
LAO,1990,1.6530214424951266,35.8472084769786
LAO,1991,1.6684981684981683,38.1823216438676
LAO,1992,1.6357504215851602,44.1307586141721
LAO,1993,1.640856672158155,52.6288120122103
LAO,1994,1.7385103011093501,64.809269997254
LAO,1995,1.8002980625931444,60.5544661404946
LAO,1996,1.596281540504648,63.7571736099789
LAO,1997,1.5934343434343434,65.1569707659458
LAO,1998,1.5621951219512196,84.2695405093512
LAO,1999,1.4125295508274234,80.0584561654881
LAO,2000,3.1239583333333334,68.8373013678325
LAO,2001,2.891406987724268,65.8994368798482
LAO,2002,2.8542024013722127,67.2549028523532
LAO,2003,1.828009828009828,60.572095882788
LAO,2004,2.015600624024961,66.0797516222837
LAO,2005,1.9857890800299176,71.7926462737852
LAO,2006,1.9339783722253843,81.9613754162421
LAO,2007,1.9526143790849673,79.2126289035269
LAO,2008,2.0018770530267482,81.8491820941317
LAO,2009,1.881514810648669,76.930826218652
LAO,2010,0.8403865378207264,84.7203378916677
LAO,2011,0.7720374556021957,91.6986958680216
LAO,2012,0.8013822115384616,98.1851264313662
LAO,2013,0.8370652691757978,98.1791466159604
LAO,2014,0.8437143509012092,99.0597382933399
LAO,2015,0.8460533478497549,85.798321703681
LAO,2016,0.4666300969098555,75.0918909204124
LKA,1990,0.8540241977906364,68.243915172911
LKA,1991,0.8690041392744094,67.5959123930763
LKA,1992,0.835385226370135,72.8037565573982
LKA,1993,0.8310260586319218,77.1475183409566
LKA,1994,0.8257207038562336,79.4307906970319
LKA,1995,0.8145880706664335,81.6350490886111
LKA,1996,0.8073728690077225,78.8739637143809
LKA,1997,0.7417916497770572,80.1375533095503
LKA,1998,0.7417661724183177,78.4949891255872
LKA,1999,1.917670922324305,78.7514783496374
LKA,2000,1.7831831831831833,88.636441704913
LKA,2001,1.8903327426658794,80.8986015327576
LKA,2002,2.099656994530453,76.3351317826517
LKA,2003,1.6852522999721218,75.336247330543
LKA,2004,1.740678535438361,79.4829449011187
LKA,2005,1.7977720651242504,73.6039729580533
LKA,2006,1.87429366252282,71.2611784883009
LKA,2007,1.702549814251942,68.6065116601391
LKA,2008,1.8391998626373625,63.369043608222
LKA,2009,1.6162901686286988,49.1491415308235
LKA,2015,2.021794671255019,46.9179708088698
LKA,2016,1.9476252294194012,46.4715370250761
LKA,2017,1.9459581378563695,47.1404098001494
LKA,2018,2.117097879525252,49.8093967520437
LKA,2019,2.045200416943049,49.4255238852768
LKA,2020,2.050411522633745,37.0891188568192
LKA,2021,2.196705565960716,41.2288463294978
LTU,1995,1.8259945540280267,84.5445654964236
LTU,1996,1.290533672172808,92.813796697758
LTU,1997,1.3628569544285432,99.6494889661181
LTU,1998,1.3868225292242295,89.3653045985264
LTU,1999,1.3846840148698885,74.5847357424933
LTU,2000,1.6489065270623997,83.1914942748116
LTU,2001,1.5364459266317296,93.4871373685836
LTU,2002,1.4198642033791253,100.332229474818
LTU,2003,1.7216999763014456,98.0914043206711
LTU,2004,1.592575826165686,104.072070698543
LTU,2005,1.483589410661473,117.449691165186
LTU,2006,1.5847129270870024,124.613633047292
LTU,2007,1.57916505105338,116.295810328172
LTU,2008,1.5391782291038274,126.759707831841
LTU,2009,1.604879569724842,105.040251236614
LTU,2010,1.4716707723518332,131.626507396009
LTU,2011,1.6773638968481375,149.645306927215
LTU,2012,1.4261420236231677,156.638925650513
LTU,2013,1.560541527228476,156.626637927418
LTU,2014,1.61054024599097,143.290115780694
LTU,2015,1.548256036795707,138.195575009601
LTU,2016,1.6524194779422987,134.690449650877
LTU,2017,1.6799728854409883,144.918393101325
LTU,2018,1.7802296108543312,147.202132525221
LTU,2019,1.6431450135560928,148.374996011818
LTU,2020,1.5211851851851852,135.796565563519
LTU,2021,1.637973581071273,154.726303914099
LUX,1990,1.0,187.811167101457
LUX,1991,1.0,188.663907871345
LUX,1992,1.0,182.54727407881
LUX,1993,1.0,181.402666783426
LUX,1994,1.0,185.786247148865
LUX,1995,1.0,189.544445888796
LUX,1996,1.0,195.63690664815
LUX,1997,1.0,212.088757931917
LUX,1998,1.0,236.569988891965
LUX,1999,0.9535657100628157,239.922499577691
LUX,2000,0.9874741438749712,272.412027714553
LUX,2001,0.9080934274850625,270.765343819583
LUX,2002,0.8531769893766286,250.689192191641
LUX,2003,1.1042962395942972,244.977946060528
LUX,2004,1.099272173324306,265.226884855637
LUX,2005,1.179281218946671,284.077242335139
LUX,2006,1.1633630102469343,305.879493786271
LUX,2007,0.9529286851884622,307.485020085196
LUX,2008,1.3332139339124205,292.21348078343
LUX,2009,0.8036723163841809,263.532701541684
LUX,2010,0.8811544991511036,293.671876906939
LUX,2011,0.9594229035166818,308.714453874162
LUX,2012,0.9504512801620925,311.786835204686
LUX,2013,0.9507894991765958,320.533506316768
LUX,2014,0.9823595391047211,333.428836459172
LUX,2015,1.0029997857295907,351.13195404466
LUX,2016,0.9824831992949211,348.437409376889
LUX,2017,0.9627067344070912,353.793991980303
LUX,2018,0.9139807450816242,361.865445198667
LUX,2019,0.8681025641025641,382.66078058442
LUX,2020,0.8994918825133225,375.581394826026
LUX,2021,0.9505350772889417,397.506180867971
LVA,1995,1.3385154368294285,76.2500012714636
LVA,1996,1.3775510204081634,92.5618241635257
LVA,1997,1.3945852534562213,90.9261555867307
LVA,1998,1.6057067180351554,93.0486575859765
LVA,1999,1.6030059600932884,82.1505568188769
LVA,2000,2.3086698672691335,83.6121321100556
LVA,2001,2.094971321862078,88.1768278184248
LVA,2002,2.067021276595745,85.9772056778195
LVA,2003,1.8919233756148073,88.5815580418672
LVA,2004,1.8552580519984478,97.2352655771748
LVA,2005,1.7532966329535271,104.517156602918
LVA,2006,1.8547533092659445,105.695342080455
LVA,2007,2.052332985990506,100.880910871828
LVA,2008,2.019151012442059,95.7681628438571
LVA,2009,1.593615879828326,88.8320494963692
LVA,2010,1.587375803623612,110.86235386272
LVA,2011,1.752561475409836,129.734758014485
LVA,2012,1.732313829787234,133.211503650958
LVA,2013,1.7283213461799432,129.677184929099
LVA,2014,1.6928332403792528,130.042252244959
LVA,2015,1.7382263839162766,126.380014406006
LVA,2016,1.7273609762862292,123.330518429659
LVA,2017,1.9333333333333333,128.714003328884
LVA,2018,2.0224403927068724,128.234095559822
LVA,2019,1.9747150530590856,125.29163170793
LVA,2020,1.9179882840405773,123.88319804656
LVA,2021,2.0720421169298975,136.796615414819
MAR,1990,1.3278320925643556,54.6266874206198
MAR,1991,1.2578520770010133,49.7792954766494
MAR,1992,1.3860613655657517,50.2633161845725
MAR,1993,1.2645060115002613,49.668456614101
MAR,1994,1.2332527378751243,47.3135537325048
MAR,1995,1.2372173913043478,51.7150253841236
MAR,1996,1.1281625740897545,47.0955434479783
MAR,1997,1.0987724331176196,51.1501546486104
MAR,1998,1.1122696803859977,45.6723595943991
MAR,1999,1.182093844759136,48.578876486646
MAR,2000,1.1444923039850599,53.4403058388785
MAR,2001,1.1196174848542477,53.4915710187871
MAR,2002,1.1678906459394263,54.31012791421
MAR,2003,1.1105824446267432,52.3318582669923
MAR,2004,1.1090560318287312,55.5516384744536
MAR,2005,1.0934820089115782,61.4938276863235
MAR,2006,1.1020778827650326,64.6721977787154
MAR,2007,1.131887228344203,71.3496467796657
MAR,2008,1.1906486023514755,77.8344716425602
MAR,2009,1.1217852929610697,62.3709560152269
MAR,2010,1.083012967902143,69.541979610144
MAR,2011,1.1458773784355178,76.8258714906247
MAR,2012,1.1039610914071005,78.2221018956072
MAR,2013,1.0922870367098894,73.8577565315318
MAR,2014,1.0715172715347618,71.8935667539398
MAR,2015,1.0522743978529547,67.2886759253849
MAR,2016,1.1308483158560994,71.1226603816864
MAR,2017,1.0922361874836344,74.1733578786573
MAR,2018,1.099478456230442,77.2548875243989
MAR,2019,1.0572421919322694,75.9981158798422
MAR,2020,1.0495336370115584,68.8438033904364
MAR,2021,1.0585699039487726,75.5234171756506
MDG,1990,1.2182203389830508,32.3809923743425
MDG,1991,1.2009756097560977,35.7567980580415
MDG,1992,1.2452642073778666,33.1576177671174
MDG,1993,1.2733463035019454,32.8658889270584
MDG,1994,1.2413194444444444,43.5589179379958
MDG,1995,1.2097315436241611,45.3744915678324
MDG,1996,1.2153722978382706,35.8824601668345
MDG,1997,1.1355048859934855,36.8737477819441
MDG,1998,1.2112415071031502,37.3321870147971
MDG,1999,1.2887882219705549,40.9244120208063
MDG,2000,1.557544757033248,42.7771226639725
MDG,2001,1.5048654836863193,41.0351260923859
MDG,2002,2.023538961038961,50.1816919379298
MDG,2003,1.7351383166568568,34.030602917475
MDG,2004,1.602549889135255,48.7753818852156
MDG,2005,1.7277426766226305,59.1300849357677
MDG,2006,1.626865671641791,62.1028389370244
MDG,2007,1.7042824074074074,66.7027353570049
MDG,2008,2.414661443760493,74.357353960806
MDG,2009,2.200117716303708,62.4116975958196
MDG,2010,1.7553418803418803,57.8748945101807
MDG,2011,1.5587982832618026,56.4830925951893
MDG,2012,1.4349624060150377,52.6517140811255
MDG,2013,1.5883698137863445,56.3675817900932
MDG,2014,1.625378660383709,61.9694322111234
MDG,2015,1.4889458506888817,61.2203788365078
MDG,2016,1.5566472213693583,60.8346984831423
MDG,2017,1.5039432176656153,65.3434015072915
MDG,2018,1.464206437291898,67.8415046683582
MDG,2019,1.3889558717144923,62.6013230457128
MDG,2020,1.4751847940865894,49.0107073650291
MDG,2021,1.4590202543570419,55.2158585927485
MEX,1990,1.0275331022333352,38.5196964133297
MEX,1991,1.040084164314452,35.7865351574196
MEX,1992,1.0556499715749295,35.553495904112
MEX,1993,1.0596911068867294,26.1631235736702
MEX,1994,1.0526634692519075,29.1584721341582
MEX,1995,0.9966606730028257,43.6658317263397
MEX,1996,1.0125079052772117,47.7678235339067
MEX,1997,1.0547306505989527,46.4918755715735
MEX,1998,1.0688398381535653,48.0318841400179
MEX,1999,1.0876498564900683,48.0122495761105
MEX,2000,1.1677008954232504,49.9104091872497
MEX,2001,1.132662551995779,44.7401090123173
MEX,2002,1.1267094157703736,45.209829259652
MEX,2003,1.0762806529822075,48.7004168690455
MEX,2004,1.1197137176575738,52.0406200335632
MEX,2005,1.1066900283965855,52.5626446570451
MEX,2006,1.1161292497940036,54.4821160886169
MEX,2007,1.1033710237650314,55.2585243990368
MEX,2008,1.1186221010991986,56.3652818731773
MEX,2009,1.1047122466271264,54.5917421356323
MEX,2010,1.1499072104187253,59.2733845336286
MEX,2011,1.1690309578689928,62.1623872764498
MEX,2012,1.1561321018082045,64.2579318938989
MEX,2013,1.1901528424826207,62.6916747661852
MEX,2014,1.2110547573056225,64.0984090315875
MEX,2015,1.19380978403701,70.4129746799259
MEX,2016,1.1946043255615795,75.6903034088551
MEX,2017,1.2075399380284966,76.95212604414
MEX,2018,1.2194158673500977,80.212661650262
MEX,2019,1.2022078609931746,77.4619722509459
MEX,2020,1.170453936125818,76.8545557151738
MEX,2021,1.2065200363442679,83.0692976264524
MLT,1990,1.3444581788215904,164.48373762214
MLT,1991,1.3750000000000002,165.237809769569
MLT,1992,1.4258936355710548,170.465395838559
MLT,1993,1.2234927234927235,178.905434820049
MLT,1994,1.3276899924755454,181.70194942775
MLT,1995,1.5505709624796085,177.062370993843
MLT,1996,1.3776637726913972,164.0985980519
MLT,1997,1.2910798122065728,155.659194191704
MLT,1998,1.5441584158415842,157.046511127364
MLT,1999,1.7874076952973184,165.170976366334
MLT,2000,2.5186385737439223,189.601220243957
MLT,2001,2.4084764340518814,161.325358236484
MLT,2002,2.462686567164179,162.524076304792
MLT,2003,1.6470786896318812,154.574162373723
MLT,2004,1.5959985959985958,155.889918180937
MLT,2005,1.3743396226415094,157.548497906438
MLT,2006,1.5099811676082866,182.434054006847
MLT,2007,1.879765395894428,184.831332722969
MLT,2008,2.5181918412348403,185.749523071551
MLT,2009,2.203045685279188,163.556849698349
MLT,2010,2.7754868270332187,178.232954637612
MLT,2011,3.665644171779141,192.02734125861
MLT,2012,3.2720989450709346,199.213864790311
MLT,2013,2.9991769547325102,187.432252396507
MLT,2014,3.598262308647083,181.301126701735
MLT,2015,6.583971714790807,207.196020605057
MLT,2016,11.229651162790699,213.35947198583
MLT,2017,8.432661027976579,213.047591305197
MLT,2018,10.930232558139537,228.098551105175
MLT,2019,9.622801697998787,233.070440941958
MLT,2020,8.463460337289195,242.361190373928
MLT,2021,10.086902545003104,220.072294790099
MNG,1990,0.9106322132570728,58.6218949695306
MNG,1991,0.7300167224080267,136.6037874065
MNG,1992,0.8351457552773462,65.2956469006826
MNG,1993,0.6571304253236159,129.742059708532
MNG,1994,0.7418944691671964,99.1572950855527
MNG,1995,0.758963889243333,82.1036587592106
MNG,1996,0.9015752993068683,77.9740756901741
MNG,1997,0.8265265922521339,99.9914490021753
MNG,1998,0.8688008396746261,107.351210779428
MNG,1999,0.9716880341880341,112.241338547745
MNG,2000,0.993810548977395,121.886609754208
MNG,2001,1.0074320861096873,115.81832687888
MNG,2002,0.9941441990972307,118.517253113943
MNG,2003,1.064272211720227,120.299393514881
MNG,2004,1.0182331490412895,131.329318233554
MNG,2005,1.0495596007046388,122.381459889773
MNG,2006,1.0451459971985777,112.929983096983
MNG,2007,1.0356246864024083,117.880426425377
MNG,2008,1.1113441852659842,121.198013401183
MNG,2009,1.0480429777436686,107.813757166177
MNG,2010,1.0836479814115596,103.350031656557
MNG,2011,1.1140490453013854,126.999228633482
MNG,2012,1.0245456623614126,109.588564338415
MNG,2013,1.0046000276001654,100.311989662943
MNG,2014,0.988390145123186,109.322311877187
MNG,2015,1.0092787490871602,89.653663477814
MNG,2016,0.9221975106324867,101.055237224997
MNG,2017,0.8837107120888134,115.932901867963
MNG,2018,0.8999095302191134,126.355873241513
MNG,2019,0.882382902862964,124.396514621165
MNG,2020,0.8838222138518762,112.838647629317
MNG,2021,0.9328644501278772,119.098078437771
MOZ,1991,1.589798087141339,49.4808133334293
MOZ,1992,1.560856864654333,59.3371692453075
MOZ,1993,1.493859649122807,55.2402685663295
MOZ,1994,1.540983606557377,58.7422249366162
MOZ,1995,1.5543766578249336,63.7735360253924
MOZ,1996,1.130952380952381,51.0292925616374
MOZ,1997,1.1752136752136753,43.2986819731024
MOZ,1998,1.2266187050359711,39.0075460593046
MOZ,1999,1.404109589041096,45.5276131355411
MOZ,2000,3.143721633888048,47.9208808015891
MOZ,2001,3.006435006435006,50.4153095777265
MOZ,2002,2.9752765126870533,73.309162757423
MOZ,2003,2.9213362068965516,70.1683599479183
MOZ,2004,2.927575107296137,72.0520001612374
MOZ,2005,3.4892655367231638,72.0092609780982
MOZ,2006,3.1163883089770357,67.3498976872689
MOZ,2007,3.236180904522613,66.1203821840516
MOZ,2008,3.8339449541284405,64.981416499828
MOZ,2009,3.334563345633456,67.898572768141
MOZ,2010,2.9692949203942383,73.8373532681892
MOZ,2011,3.357257804956549,84.4062119333019
MOZ,2012,3.304390563564876,105.934588060511
MOZ,2013,4.207041072925398,109.38537659913
MOZ,2014,2.4238728750923872,116.356855242217
MOZ,2015,2.395483583419997,98.7612036510901
MOZ,2016,1.8282639213851193,110.394358201481
MOZ,2017,1.8267921795800146,105.745640702087
MOZ,2018,1.782453637660485,124.607457525372
MOZ,2019,1.8248555727772298,105.591171401921
MOZ,2020,1.9198738170347005,99.906146051979
MOZ,2021,1.7855477855477855,112.078964458333
MUS,1990,1.3426812585499317,135.290500660691
MUS,1991,1.336620644312952,126.648911355451
MUS,1992,1.3391915641476273,120.232699481499
MUS,1993,1.3305132543711224,120.896356052865
MUS,1994,1.4651879235982748,120.560175858082
MUS,1995,1.3851203501094091,118.148720557781
MUS,1996,1.3468445356593124,126.159212478576
MUS,1997,1.4331497245868803,126.107505043338
MUS,1998,1.391885661595205,130.442832961932
MUS,1999,1.2271228359439406,128.954991253643
MUS,2000,1.714763852733358,120.687648773646
MUS,2001,1.5824598183088747,128.05457898019
MUS,2002,1.6470180305131763,118.230470380251
MUS,2003,1.6848643347499181,108.655579313428
MUS,2004,1.7756555519585628,107.027698267505
MUS,2005,1.5531268973891923,121.608743996836
MUS,2006,1.5657568238213402,124.782280192468
MUS,2007,1.5463917525773196,118.623600490745
MUS,2008,1.6668436421555615,113.493057748566
MUS,2009,1.5186084142394822,102.458365840232
MUS,2010,1.4487605417837977,111.508202075575
MUS,2011,1.5192749553229512,115.552473002804
MUS,2012,1.4750252270433906,117.447639083027
MUS,2013,1.5070076223260387,136.552117959236
MUS,2014,1.53019495958155,135.099064765426
MUS,2015,1.4152019002375298,133.135069083677
MUS,2016,1.481114693689544,126.310008998042
MUS,2017,1.5345814977973566,126.964059884888
MUS,2018,1.6386083052749718,123.538984386544
MUS,2019,1.6194475138121547,127.940899064133
MUS,2020,1.756578947368421,121.12522550435
MUS,2021,1.850554435483871,135.19300461461
MYS,1990,1.3305201864784684,146.888252533989
MYS,1991,1.202827392262674,159.311447263255
MYS,1992,1.2165129315661791,150.611220981935
MYS,1993,1.0838913776382026,157.940462501597
MYS,1994,1.0822085328639839,179.904942673986
MYS,1995,0.960974497011725,192.113200253514
MYS,1996,0.9486594979474697,181.766982485457
MYS,1997,0.9678233491740595,185.66511116237
MYS,1998,0.7219307354575432,209.492202808189
MYS,1999,0.9045649937011357,217.570919391949
MYS,2000,0.8670420976391794,220.406788982074
MYS,2001,0.8606845442738178,203.364636010653
MYS,2002,0.9032226303631613,199.356232695655
MYS,2003,0.848543524748344,194.195129056831
MYS,2004,0.8244044461732498,210.374265897124
MYS,2005,0.8405676028662532,203.854644595624
MYS,2006,0.8544715160490344,202.577146840398
MYS,2007,0.896554082551552,192.465506357652
MYS,2008,0.8912453914242897,176.668324785148
MYS,2009,0.8586270253951895,162.558970452699
MYS,2010,0.937500627050455,157.944764886771
MYS,2011,0.9830329363538508,154.937684607226
MYS,2012,1.0447806041484737,147.841754766013
MYS,2013,1.0387593050055655,142.720991464873
MYS,2014,1.0340987459855624,138.312231176843
MYS,2015,0.9996397419704842,131.37007244526
MYS,2016,1.0234898480366128,126.8990100257
MYS,2017,1.0077886908536062,133.155173371956
MYS,2018,1.0126329255616855,130.402625502126
MYS,2019,0.99120908406651,123.028562027943
MYS,2020,1.003055397678508,116.788182437638
MYS,2021,1.0029268435455783,134.035994690727
NAM,1991,1.0,93.8647252200558
NAM,1992,1.0,91.9734600107459
NAM,1993,1.0,96.0955780096704
NAM,1994,1.0,89.4936808345247
NAM,1995,1.0,93.5608471865094
NAM,1996,1.0,96.5442239771745
NAM,1997,1.0,92.8410903733921
NAM,1998,1.0,92.1305009296504
NAM,1999,1.0,91.1002051465947
NAM,2000,0.949941792782305,85.1322442947268
NAM,2001,0.9641416405199462,88.5841018380245
NAM,2002,0.9249112125824454,94.4152228948906
NAM,2003,0.9149139579349904,95.9524743817213
NAM,2004,0.9799017418490398,81.8622605916543
NAM,2005,0.995260663507109,80.6803802939816
NAM,2006,0.9013470681458002,86.8339693259998
NAM,2007,1.0730554361839277,104.979303758915
NAM,2008,1.1770468859342196,119.644498184785
NAM,2009,1.0951127819548871,123.762844292976
NAM,2010,3.3414634146341466,108.072477173606
NAM,2011,3.3040201005025125,102.189147754138
NAM,2012,2.8600500939261115,100.2134087743
NAM,2013,3.154460719041279,97.7249042303832
NAM,2014,3.63568893191352,103.080137009254
NAM,2015,3.1753093694755448,97.2390317873478
NAM,2016,3.1624790619765495,93.966187960162
NAM,2017,2.583565459610028,81.2196661011436
NAM,2018,2.5276478679504817,81.7138652963804
NAM,2019,2.505093833780161,82.9011507426355
NAM,2020,2.5555232558139536,76.9252424036465
NAM,2021,2.718957871396896,83.5443030923624
NIC,1990,1.1463534018600097,71.2908140830956
NIC,1991,1.184475806451613,74.327973742158
NIC,1992,1.2236286919831223,70.5176260597947
NIC,1993,1.1921052631578948,68.285966789153
NIC,1994,1.1443914081145585,39.0812162921941
NIC,1995,1.1152308251544893,44.0397944057464
NIC,1996,1.1038001407459535,48.4828382973154
NIC,1997,1.0904118404118404,58.0055306487605
NIC,1998,1.116952155936208,57.0137150680369
NIC,1999,1.158774373259053,62.5376445208417
NIC,2000,1.1754716981132074,61.2984974600022
NIC,2001,1.1737017139933488,57.9801315472268
NIC,2002,1.1493963782696177,58.0912844080785
NIC,2003,1.1874709976798146,62.1750658877514
NIC,2004,1.21939477303989,67.195316780004
NIC,2005,1.2200799435692453,71.6457237072991
NIC,2006,1.2968005445881552,87.309670832079
NIC,2007,1.3414096916299558,93.025730229333
NIC,2008,1.3457385711003906,96.7939847302055
NIC,2009,1.2583483754512634,86.9936104453444
NIC,2010,1.2203009207275994,100.364058423919
NIC,2011,1.1683023595740238,111.827453935999
NIC,2012,1.2847375385972652,115.177288474198
NIC,2013,1.3530309638028784,110.984207880382
NIC,2014,1.396822033898305,106.698200190796
NIC,2015,1.4182692307692306,98.194164594236
NIC,2016,1.4433909648633576,93.8137278130087
NIC,2017,1.3923911045763646,96.3805864351182
NIC,2018,1.3895326380842026,93.9847404925404
NIC,2019,1.3504224270353302,94.0422159246213
NIC,2020,1.3139409609997845,88.6381231228968
NIC,2021,1.3278784336645237,106.20739806697
NLD,1990,1.0707341458477733,104.115680713624
NLD,1991,1.0175366975954838,105.194616821176
NLD,1992,1.0989041143878047,102.080770696115
NLD,1993,1.062651517364255,99.0328336645559
NLD,1994,1.0535381967060575,103.046028953898
NLD,1995,1.0529103883976436,107.916808067097
NLD,1996,1.048618681625699,108.664639443962
NLD,1997,1.0640237994825208,114.295027863442
NLD,1998,1.0528016508310847,112.408095451564
NLD,1999,0.7925438314440554,114.327740793016
NLD,2000,0.7762526575043275,125.667030082421
NLD,2001,0.7412940089257539,119.47546387654
NLD,2002,0.8460376376331066,112.750024358671
NLD,2003,0.9752343632922422,111.30450319576
NLD,2004,1.0142511944642758,116.958160026939
NLD,2005,1.143316678830068,122.255849523252
NLD,2006,1.2275520980615078,127.195613539333
NLD,2007,1.0681277018748412,129.798241740597
NLD,2008,1.1285189648899399,130.152049980117
NLD,2009,1.096102280661609,115.109660363107
NLD,2010,1.1558645104368173,130.081707935343
NLD,2011,1.1862813411595194,141.757099325776
NLD,2012,1.0673174381002943,149.393223058131
NLD,2013,1.0818857056237683,150.651850226949
NLD,2014,1.0481705110378852,151.715891056501
NLD,2015,0.979885092523695,160.325812564809
NLD,2016,1.026187413537849,150.96552921165
NLD,2017,1.0211588702124512,159.646059656847
NLD,2018,1.0455757468533589,163.559146573044
NLD,2019,1.0648935682623242,160.676671884999
NLD,2020,1.0721158760056655,152.233230409706
NLD,2021,1.1387058032969704,163.154842689698
NOR,2003,1.1044650379106993,66.5085380808884
NOR,2004,1.1827055607022618,68.7028173740954
NOR,2005,1.1704059705630907,70.2469613309236
NOR,2006,1.2913199115346907,71.1687450210659
NOR,2007,1.3463436026751454,71.1714206590972
NOR,2008,1.2856887138637787,73.8668579713193
NOR,2009,1.2934242888301082,66.3869035154741
NOR,2010,1.330821962811275,67.1044480331039
NOR,2011,1.255388051367951,68.3082228214528
NOR,2012,1.195580460029825,67.2907057063447
NOR,2013,1.2008801275286827,66.6575278489713
NOR,2014,1.1718732629238464,67.7741797940433
NOR,2015,1.2030182545087098,68.8351790107466
NOR,2016,1.1010557394649727,67.3341230829057
NOR,2017,1.1114102767156142,67.1957153368952
NOR,2018,1.094194099658212,68.1761206012317
NOR,2019,1.1266971492558204,68.880243105732
NOR,2020,1.1301756511205332,63.3673184179043
NOR,2021,1.0285449851429684,69.1060572345311
NPL,1990,1.5825242718446604,32.1887541579639
NPL,1991,1.4571150097465888,34.6750551287954
NPL,1992,1.3746958637469586,41.6954131372025
NPL,1993,1.3364352183249821,47.1895811750777
NPL,1994,1.290920321185917,50.432072744791
NPL,1995,1.1866608921611088,59.49051839854
NPL,1996,1.2435189120271992,58.4577686983002
NPL,1997,1.1753123816736084,64.0355348949959
NPL,1998,0.9397210976158346,56.7096012897007
NPL,1999,0.9501723597618302,52.5669812534353
NPL,2000,0.8771814290418176,55.7105890041319
NPL,2001,1.1897404202719406,55.7999210803706
NPL,2002,1.3559322033898304,46.2307185004451
NPL,2003,0.8092526690391459,44.2478836156195
NPL,2004,1.6425251742835012,46.1472867206087
NPL,2005,1.5259457649815868,44.0629474798613
NPL,2006,1.8363192182410424,44.7619877569242
NPL,2007,1.963035019455253,44.5792750200254
NPL,2008,1.9290611028315947,46.0362063511913
NPL,2009,0.820164808531265,47.0794477633688
NPL,2010,0.866818558409279,45.9849057742707
NPL,2011,0.8777074947287713,36.2967588899367
NPL,2012,0.8654478976234004,37.921906058758
NPL,2013,0.8636217433258283,41.8653757376722
NPL,2014,0.8280179230363732,45.9826416115927
NPL,2015,0.8285300506879073,46.6657303895158
NPL,2016,0.8691514670896116,42.1154861221646
NPL,2017,0.8705522460151344,44.6424106217427
NPL,2018,2.619987178573972,48.4473869463778
NPL,2019,2.7280784313725492,49.2495265869012
NPL,2020,2.305226792911522,40.9188741248444
NPL,2021,2.660080072323389,43.0538047912219
NZL,1990,1.0655551196547668,52.6081416580188
NZL,1991,1.0429881543752388,54.6355654428897
NZL,1992,1.0160190381473326,59.2340588498117
NZL,1993,1.030382757875009,57.553650605971
NZL,1994,1.0546171776941007,58.8145695364238
NZL,1995,1.0952517060273679,56.9142524626959
NZL,1996,1.080203496312483,55.1161709577551
NZL,1997,1.0810914558075557,55.2468635214425
NZL,1998,1.0482287093206422,57.8960178233763
NZL,1999,1.0878096873707979,61.4012311333669
NZL,2000,1.0238043511995283,68.5169268768932
NZL,2001,0.9995925020374897,67.2338243520418
NZL,2002,1.0136736290159043,62.6559945554479
NZL,2003,1.104058531198233,57.914769345753
NZL,2004,1.1504775735910184,58.7995522745359
NZL,2005,1.1760380738482927,58.0187434407163
NZL,2006,1.1412449067124169,59.6032650403479
NZL,2007,1.186653107220405,58.4251605749091
NZL,2008,1.152674403094571,64.2611448527979
NZL,2009,1.0772966410360179,55.0143501856026
NZL,2010,1.0983413344065311,58.1047406012087
NZL,2011,1.1427820449169126,59.1815679267669
NZL,2012,1.1422963416671308,56.9257462326897
NZL,2013,1.1538374173031603,56.0063219921147
NZL,2014,1.1566145936325885,55.1213465284556
NZL,2015,1.1230275101242844,54.8749505791536
NZL,2016,1.1834773692690788,52.4796021733125
NZL,2017,1.1407419870446707,54.2775276299632
NZL,2018,1.1649340095833218,55.9063918509538
NZL,2019,1.1452970499305386,54.4612464097007
NZL,2020,1.2110879826438767,43.8262466218168
NZL,2021,1.2649362661502441,48.4315370741539
OMN,1990,1.0933097031457686,61.2372503810231
OMN,1991,1.1270372276548293,62.7126492319462
OMN,1992,1.1259618601538977,64.7278861669356
OMN,1993,1.1340004514333006,65.0815118064186
OMN,1994,1.0703652811175999,62.689996465182
OMN,1995,1.0449085884353744,64.1500694766095
OMN,1996,1.0255536626916524,69.3906831462689
OMN,1997,1.0082116285478093,71.594365872295
OMN,1998,1.0674648115191718,80.4830604636084
OMN,1999,0.797245877876427,76.611197806525
OMN,2000,0.6519763175450299,81.4132822358275
OMN,2001,0.7261016346837242,84.5270024947002
OMN,2002,0.7039549279068906,83.6537485764543
OMN,2003,1.1054306628475536,84.846636733578
OMN,2004,0.9906999008445311,88.611307129045
OMN,2005,0.9301711952253808,86.7613020421318
OMN,2006,0.9697651421508033,86.1457079854133
OMN,2007,0.995320914628763,94.8657889777347
OMN,2008,1.0413399106164094,94.7619029877161
OMN,2009,1.1280334351968362,91.6279353346997
OMN,2010,1.0320830659744502,96.3865546218487
OMN,2011,1.0033330424919291,101.641731939942
OMN,2012,1.0670628317882895,102.0747604043
OMN,2013,1.0906582097061917,112.543521763774
OMN,2014,1.1038525457017676,102.27872108813
OMN,2015,1.1328609519320008,96.3775801852347
OMN,2016,1.1221618357487924,82.8642642018901
OMN,2017,1.1363348607259134,88.9531480182956
OMN,2018,1.1013752511389683,89.2792178262847
OMN,2019,1.0909974318039843,86.4782010313236
OMN,2020,1.0961375182684947,91.8758908014472
OMN,2021,1.0823150011327143,95.9494877293305
PAK,1990,1.019829861264688,35.034575900498
PAK,1991,1.0123597670317295,35.4196551048403
PAK,1992,1.0094563632576545,37.6945397210631
PAK,1993,1.0093811547631388,38.4993168752315
PAK,1994,1.0131995524768502,35.0577237131595
PAK,1995,1.0193508264166287,36.132753673519
PAK,1996,1.0161745526073849,38.3301268339895
PAK,1997,1.0120164626604684,36.8522661008964
PAK,1998,1.0038453189443979,34.011725180531
PAK,1999,1.0183923774260732,32.3199628094266
PAK,2000,1.026072734269771,21.4599638884654
PAK,2001,1.0263849489094032,23.5772074298467
PAK,2002,1.0538773221424307,23.1290159545291
PAK,2003,1.0656343356136537,24.6501585248398
PAK,2004,1.1251955679292667,24.8083348519064
PAK,2005,1.129206522659238,29.8784940550747
PAK,2006,1.122280874760717,33.0497193672284
PAK,2007,1.113596990879615,30.7878814312746
PAK,2008,1.1147659583099505,34.3489608135242
PAK,2009,1.095621987799535,33.3268872863988
PAK,2010,1.0999701703004665,31.9890020462315
PAK,2011,1.1056673445360161,32.3626382751438
PAK,2012,1.1148749626382384,31.3189732760076
PAK,2013,1.1159984613619647,30.8902743401844
PAK,2014,1.1337179232146408,29.4698256903998
PAK,2015,1.1845047482332156,26.6881860172247
PAK,2016,1.1949010133472142,24.7015780480573
PAK,2017,1.1491548770880409,25.472035002344
PAK,2018,1.1447076167076167,27.6260570796337
PAK,2019,1.1495970150818022,28.9055769867032
PAK,2020,1.11651431488098,26.7162807328814
PAK,2021,1.120914630140586,27.0304204125548
PAN,1990,1.0473644003055769,121.793552873367
PAN,1991,0.9125930721916478,140.246558305042
PAN,1992,0.8006344558321132,144.87918854738
PAN,1993,0.8524939983995733,139.679221337261
PAN,1994,0.8222920696324951,143.609032792557
PAN,1995,0.8913525498891353,146.905380036798
PAN,1996,0.8355697066181487,165.609680183534
PAN,1997,0.8650481189851269,174.713863041899
PAN,1998,0.759725792630677,157.996408512839
PAN,1999,0.8470821325648417,131.55739694225
PAN,2000,0.7833569907735983,139.197934867656
PAN,2001,0.7118251555941526,135.584351118395
PAN,2002,0.7926444833625219,126.024482449851
PAN,2003,0.29465339854950245,117.267478940646
PAN,2004,0.345322434150772,124.761756520445
PAN,2005,0.12889350341145062,139.211165086724
PAN,2007,0.03924866834875246,148.665601089573
PAN,2009,0.13079120606135883,137.046021610678
PAN,2010,0.11788079470198676,145.44871880643
PAN,2011,0.017173451863824633,158.208395346813
PAN,2012,0.06509433962264151,153.208620367102
PAN,2013,0.24975666731555382,133.071568935782
PAN,2014,0.3478342220974834,114.970604927053
PAN,2015,0.42639879834772815,96.5791573428957
PAN,2017,2.04933110367893,84.0475372402933
PAN,2018,2.0946168183313234,86.1309615112445
PAN,2019,1.506064744156157,80.4286505649569
PAN,2020,2.793045600122007,68.700423510603
PAN,2021,1.934253326761952,80.1334635232887
PER,1990,1.0835474977804775,29.469676899683
PER,1991,1.1194238365931206,26.659254111884
PER,1992,1.1325645668540931,27.9772921552067
PER,1993,1.0941176470588234,28.7665865706199
PER,1994,1.101997766472267,28.9229957698901
PER,1995,1.1142266237123652,30.9272178475508
PER,1996,1.1142128899138246,31.6542040912644
PER,1997,1.1049122427649836,33.4695458506827
PER,1998,1.1355020309271004,32.9530217853936
PER,1999,1.1084838644205397,33.2057765558493
PER,2000,1.1061440825720064,35.5380321623178
PER,2001,1.1490102929532857,35.0644014310212
PER,2002,1.1845107846201939,35.2491813317695
PER,2003,1.1581038773380428,37.6246103251002
PER,2004,1.1001262980634297,41.9360782679273
PER,2005,1.0983476798258631,47.3573174768394
PER,2006,1.14873317078342,51.7850560338442
PER,2007,1.1580987647177943,55.6881132836815
PER,2008,1.3149949398403238,58.4337673899053
PER,2009,1.1644176136363635,48.1119296153519
PER,2010,1.246653334901776,51.6728089370033
PER,2011,1.309684125971602,55.9882802838607
PER,2012,1.3166406644839481,52.6198952632294
PER,2013,1.3778032679432557,49.7871424471444
PER,2014,1.2838138819146352,46.8531210912899
PER,2015,1.2983700512153482,45.1627686891148
PER,2016,1.261281263046036,45.3888411964154
PER,2017,1.2482183971055807,47.5135503619971
PER,2018,1.2599528689256256,48.631470171736
PER,2019,1.2398070498397762,46.9435053754409
PER,2020,1.2971187840040646,44.245967197744
PER,2021,1.213968846936393,55.4083231938774
PHL,1990,1.2465787021140924,42.922356288058
PHL,1991,1.2351075243737464,44.2199237760081
PHL,1992,1.2159842585615006,44.9911427301615
PHL,1993,1.2084109056307146,50.4650429209218
PHL,1994,1.2000224387142617,52.5265038023175
PHL,1995,1.171580547112462,57.3305579762779
PHL,1996,1.283055082151662,63.8553035508774
PHL,1997,1.2414999927690282,77.2286459172662
PHL,1998,1.1401772065480342,80.077201518421
PHL,1999,1.2352329296381603,77.1614937122172
PHL,2000,1.2263142429372997,85.1533684600039
PHL,2001,1.267425034742618,84.9003886237531
PHL,2002,1.2613826051919645,83.8448040937789
PHL,2003,1.3037941900116543,87.5746443636636
PHL,2004,1.2951985444242282,87.1252848232048
PHL,2005,1.3010202670943125,83.8456745708051
PHL,2006,1.2969868689638362,80.8505386728775
PHL,2007,1.320725610627053,73.6449799920629
PHL,2008,1.327811500554794,67.6810707730401
PHL,2009,1.2508963893041902,60.8865907869758
PHL,2010,1.2679036062544076,66.1042785137797
PHL,2011,1.3401422029404675,60.7958366999075
PHL,2012,1.374811376834789,57.8420055133082
PHL,2013,1.3722436066438175,55.8247812320298
PHL,2014,1.3694266242980195,57.4681720875945
PHL,2015,1.2977865028906939,59.1415921053094
PHL,2016,1.3685449524189792,61.7760657653871
PHL,2017,1.3252530394681679,68.1683697426727
PHL,2018,1.3198123797879262,72.1633982990273
PHL,2019,1.307052545213568,68.8418422595678
PHL,2020,1.3349916702800155,58.1695603022281
PHL,2021,1.3670278748128608,63.4846098136712
POL,1995,0.8942515924884753,43.5552180979904
POL,1996,0.8800140008856621,45.3767344453465
POL,1997,0.8710154439418408,50.376378640536
POL,1998,0.8712903416130745,56.5460556555084
POL,1999,0.9338009258696734,53.8980187624686
POL,2000,0.9268403370878584,60.6107209423297
POL,2001,0.9226027637765868,57.8785312712895
POL,2002,0.9143376535056171,60.7967990573911
POL,2003,0.9076939005374405,69.2134479841788
POL,2004,0.9101510717784075,70.9815765694162
POL,2005,0.9160727516220933,70.3114790902584
POL,2006,0.92705425596114,77.7008035402352
POL,2007,0.9501064827914872,80.745399056691
POL,2008,0.9792974489114465,80.5746815569207
POL,2009,0.9802587009237508,74.9685965264269
POL,2010,0.9869651645969798,82.2258523219922
POL,2011,0.9762601752817885,86.9236892837618
POL,2012,0.985533093087931,88.8299033066583
POL,2013,0.9452008814105054,90.4175072415629
POL,2014,0.9634406864567006,92.0340197113178
POL,2015,0.9568835606576889,92.2554272741942
POL,2016,0.941988864831426,96.8659028060623
POL,2017,0.9430439369400158,100.56589524628
POL,2018,0.979301141728648,102.442462168005
POL,2019,0.9754633888181851,101.581033817373
POL,2020,0.9538003720597679,99.2590912303436
POL,2021,0.94995675760673,110.874283021945
PRT,1990,1.1650151177418286,65.0555926306887
PRT,1991,1.1675163719362616,60.3666002157807
PRT,1992,1.1970681162548815,56.3072775978983
PRT,1993,1.196143039074976,54.1752326633391
PRT,1994,1.1983161833489242,57.1773600156865
PRT,1995,1.1835862246114892,59.9144721620053
PRT,1996,1.183108108108108,60.2098050471666
PRT,1997,1.2370447602846222,62.3049515024583
PRT,1998,1.2883923595277906,63.8308988570361
PRT,1999,1.2497383294954993,63.3143298172237
PRT,2000,1.349871763556424,67.4529979863247
PRT,2001,1.3859051651402887,65.0919551771122
PRT,2002,1.325409942083555,62.3082594169772
PRT,2003,1.7190068546260973,61.1389474883653
PRT,2004,1.6581973789783362,63.2045936670279
PRT,2005,1.840723721998851,62.944504560452
PRT,2006,1.8257678549401755,68.5470531182009
PRT,2007,1.9076787431869189,69.9461175817991
PRT,2008,1.9512081319780037,72.0757429221604
PRT,2009,1.7244824750205612,61.4926935267759
PRT,2010,1.868822083569673,67.6892401927983
PRT,2011,1.241232813224162,73.0075756700531
PRT,2012,1.0258952174957943,75.9411067187813
PRT,2013,1.0583433722427615,78.0305056874282
PRT,2014,1.0402569771807602,80.220669072079
PRT,2015,1.0085386632971494,80.6346756266443
PRT,2016,1.0993023394486297,79.5223464844001
PRT,2017,1.07785733707967,84.8077923069539
PRT,2018,1.1181340085703155,86.7356954918399
PRT,2019,1.1359519156001092,86.7709889083586
PRT,2020,1.1688629067037233,76.5086407209215
PRT,2021,1.2507940446650123,85.8735452148975
PRY,1990,1.7065727699530517,91.3083408020561
PRY,1991,1.7669208770257387,89.1393192206208
PRY,1992,1.6518864255153636,89.4975575588359
PRY,1993,1.5125645438898452,113.603763547842
PRY,1994,1.4482758620689655,123.079329466864
PRY,1995,1.3686624203821656,118.064074196549
PRY,1996,1.3631948192120884,103.035267206036
PRY,1997,1.3663245356793745,95.9342762479745
PRY,1998,1.2443987197073616,101.606320138559
PRY,1999,1.2767079321412196,77.5552756906357
PRY,2000,1.5757238307349666,78.6447297611485
PRY,2001,1.5286140493626255,72.6056990118238
PRY,2002,1.48066441733714,79.4415656482927
PRY,2003,1.323646299056135,81.1273637701163
PRY,2004,1.397240019714145,80.1044466155542
PRY,2005,1.4684517497348886,85.0219636540457
PRY,2006,1.460907459625737,84.7335313048126
PRY,2007,1.616926503340757,79.0011374202968
PRY,2008,1.8262295081967215,80.777574657268
PRY,2009,1.5597790055248617,70.8419818624432
PRY,2010,1.7367790860107761,81.2575233746727
PRY,2011,1.8852080123266564,78.4921238489348
PRY,2012,1.8234153905795698,74.7649574560794
PRY,2013,1.9073321725672279,73.3698713841075
PRY,2014,1.8506696019079067,69.0837249631346
PRY,2015,1.662200165425972,66.9150655259573
PRY,2016,1.52288854876861,67.7593152322047
PRY,2017,1.564428769366419,71.0801344038377
PRY,2018,1.5522107243650047,72.069223625915
PRY,2019,1.5922835026608608,71.2221617342433
PRY,2020,1.6190220311660397,62.7602174748561
PRY,2021,1.6852326859655553,69.7320126827159
QAT,1990,0.8648057402870142,85.5703194983577
QAT,1991,0.8591363270931434,80.9786079182631
QAT,1992,0.8166393198090692,86.5658235125036
QAT,1993,0.8318739624361187,80.7984644913628
QAT,1994,0.8363552123552124,78.6499273553627
QAT,1995,0.8510400964727163,87.6679508473432
QAT,1996,0.8496170805291251,83.5092188258127
QAT,1997,0.8247774199659027,84.4470382258535
QAT,1998,0.8338203463203463,91.0581301901956
QAT,1999,0.4491672401927047,85.7329697856399
QAT,2000,0.37405335841211707,89.6126597159917
QAT,2001,0.4114866925120878,94.968671679198
QAT,2002,0.4758162700608744,88.4697236252199
QAT,2003,0.5037421457828483,90.1649486943021
QAT,2004,0.48737352445193927,90.3724288385622
QAT,2005,0.5643219663604715,94.7455441696331
QAT,2006,0.6028149214265393,98.570919313572
QAT,2007,0.6967915336804972,96.11443696558
QAT,2008,0.7019282054597469,89.4332931345959
QAT,2009,0.8315902304570859,80.1441629727012
QAT,2010,0.7105945608342046,86.0703268232169
QAT,2011,0.561221870454351,98.7216351018991
QAT,2012,0.5320254325887047,105.746343435217
QAT,2013,0.6072205877527808,102.383208106327
QAT,2014,0.6821108225486131,99.0343747414317
QAT,2015,0.7855749651698639,93.7076041736357
QAT,2016,0.8361640657488673,89.5476001199351
QAT,2017,0.7417303160226014,91.4945879195194
QAT,2018,0.7402675865563579,91.838448978201
QAT,2019,0.7680469289164942,90.0463755485388
QAT,2020,0.7791254231266469,90.0190948833102
QAT,2021,0.7132182476577319,92.7791585715125
ROU,1990,0.910635284787719,42.9070987294556
ROU,1991,0.904891113329303,39.1351694722991
ROU,1992,0.8685560176662652,63.9902474623499
ROU,1993,0.8834722799468661,51.003703370966
ROU,1994,0.8458814574577225,51.8670700671661
ROU,1995,0.8229958225581858,56.291225396158
ROU,1996,0.7736006877483214,60.7813693722174
ROU,1997,0.7482453541040512,63.205242332383
ROU,1998,0.831919299886432,53.838795710082
ROU,1999,0.8920235323231982,57.9736750449875
ROU,2000,0.9421496470184322,48.5213253850786
ROU,2001,0.9572011968300178,51.9285910211481
ROU,2002,0.9508019663063116,53.7102478139376
ROU,2003,0.9627893970513081,56.1795270470243
ROU,2004,0.9824862204915095,60.6264786669408
ROU,2005,1.0127396706040241,59.3605494490555
ROU,2006,1.0031258989356602,61.6836259265159
ROU,2007,1.0485727715973714,63.5051566734658
ROU,2008,1.0765161640045982,65.1752009979412
ROU,2009,1.0432772247910165,58.4700583666529
ROU,2010,1.0748627023956066,69.9549354932718
ROU,2011,1.0219068956933035,76.271356441629
ROU,2012,0.9778403525954946,76.5943239913672
ROU,2013,0.9820673900628213,81.3976131747183
ROU,2014,1.0115207663704544,83.3751429575201
ROU,2015,1.0092125156958716,83.5205767017155
ROU,2016,1.0390797393813571,85.8925282906884
ROU,2017,1.0503197703696243,87.1560645667801
ROU,2018,1.1033878358414504,87.0911701095809
ROU,2019,1.1102620941452601,84.9063630584793
ROU,2020,1.0951505152408514,78.3616463562709
ROU,2021,1.1090050450961921,87.0711965460145
RUS,1990,0.8055233562172059,36.1067991307048
RUS,1991,0.8548392991981366,26.2567036110118
RUS,1992,0.37321042772496277,110.577064702788
RUS,1993,0.5867673885964559,68.6984432394613
RUS,1994,0.7061521328867504,50.9537126483831
RUS,1995,0.7123617209813345,55.1829054657257
RUS,1996,0.7895600305804807,47.922500819419
RUS,1997,0.8009742476875282,47.2569214100748
RUS,1998,0.7124061727628647,55.7722532849766
RUS,1999,0.6697249425736637,69.393281498812
RUS,2000,0.6661083254084897,68.0939070373555
RUS,2001,0.7262899673996316,61.1108586644206
RUS,2002,0.7366120146121871,59.6454457319607
RUS,2003,0.7603050280505729,59.1282690076014
RUS,2004,0.7731417999641506,56.5818523984055
RUS,2005,0.7709401654752618,56.7132484905422
RUS,2006,0.7613001623724611,54.733401867266
RUS,2007,0.8044086276368808,51.7061227454606
RUS,2008,0.8030665607409796,53.3824660408908
RUS,2009,0.7970795399537675,48.4350610278181
RUS,2010,0.7971370611463635,50.3555054872589
RUS,2011,0.8076118004331185,48.0353994077919
RUS,2012,0.8361112026087816,47.1513903857957
RUS,2013,0.8444270607194786,46.287149400499
RUS,2014,0.8232571576200246,47.8013412628116
RUS,2015,0.7761716294326719,49.3593493116887
RUS,2016,0.7810041931397483,46.5181198396096
RUS,2017,0.7847619403110875,46.8765243371311
RUS,2018,0.7315004883297951,51.5809003703964
RUS,2019,0.7546816907886902,49.2287536619033
RUS,2020,0.7835059948452787,45.9669082029127
RUS,2021,0.7393987783991153,50.5861954621752
RWA,1990,1.200381679389313,22.0766042745161
RWA,1991,1.228813559322034,28.4390391639438
RWA,1992,1.2379958246346556,26.9855238358271
RWA,1993,1.2380952380952381,29.2504525898822
RWA,1994,1.2705627705627704,82.6653915922914
RWA,1995,1.3015521064301552,35.5084537965888
RWA,1996,1.0948275862068966,36.809895604067
RWA,1997,1.0124223602484472,37.9015933606179
RWA,1998,1.0311203319502076,32.8449012952097
RWA,1999,1.00398406374502,31.155176977133
RWA,2000,1.3805825242718446,31.3192321274779
RWA,2001,0.9653179190751445,33.1583013228126
RWA,2002,0.9375,31.3172752974708
RWA,2003,0.9861386138613861,32.8189983492155
RWA,2004,1.1007751937984496,37.0316755294291
RWA,2005,0.9844357976653696,38.0262688816851
RWA,2006,1.0077821011673151,33.6578390444203
RWA,2007,1.029520295202952,36.4479761431748
RWA,2008,1.0885122410546137,37.9969638376772
RWA,2009,0.9801801801801802,37.2137499920385
RWA,2010,1.036144578313253,37.7415245466166
RWA,2011,1.0606531881804044,40.1597511764349
RWA,2012,1.1072423398328692,41.081185425557
RWA,2013,1.0038510911424903,43.260980041775
RWA,2014,1.0843373493975905,44.4828257252622
RWA,2015,1.0899689762150984,45.7348675761767
RWA,2016,1.0427756653992395,50.08973657056
RWA,2017,1.6170940170940171,54.2079656602139
RWA,2018,1.92003046458492,47.9830578657248
RWA,2019,1.9115357395612174,48.892715033759
RWA,2020,1.7998565279770444,44.3511840604967
RWA,2021,1.753972925250147,59.8007993935018
SAU,1990,0.9516626275615345,71.7080755916236
SAU,1991,0.9230291084266401,74.6992988351616
SAU,1992,0.9212821228139457,75.0920345777317
SAU,1993,0.9318968007146838,67.80697438575
SAU,1994,0.9340265377324797,60.0713114592181
SAU,1995,0.9317671993124645,65.0417272083752
SAU,1996,0.9378436945728726,66.653820067958
SAU,1997,0.942548723525087,65.1880669440449
SAU,1998,1.0402896101226504,56.0883926105725
SAU,1999,0.7918566693028656,57.8460488194196
SAU,2000,0.6559994057596104,68.1664488005167
SAU,2001,0.6968838439579004,63.5605836794513
SAU,2002,0.6803072665955668,64.5927974099254
SAU,2003,0.903339141526302,69.831170708742
SAU,2004,0.8699687516862806,75.0828366569341
SAU,2005,0.862512553549683,81.9540759410158
SAU,2006,0.868858390433663,89.9446046768984
SAU,2007,0.9029750965004701,94.8633170967657
SAU,2008,0.907155486441003,96.1026308742185
SAU,2009,0.9521419925789233,84.8583415624843
SAU,2010,0.9358271542725505,82.5496850227537
SAU,2011,0.9299880052421534,84.3594342438995
SAU,2012,0.9481255117943842,81.74067854616
SAU,2013,0.9773825487244033,80.2515014286783
SAU,2014,1.009663156779335,78.000111117736
SAU,2015,1.0467586906990185,67.1052692300592
SAU,2016,0.9980223777009049,57.9216635110364
SAU,2017,0.9678969474946741,59.5319791578229
SAU,2018,0.9445035602357545,59.1029104697141
SAU,2019,0.948976120056188,56.7938204886513
SAU,2020,0.9927841913199146,47.533159225048
SAU,2021,0.9624543783811766,50.8839263398787
SEN,1990,1.1197952218430034,44.7892639604104
SEN,1991,1.1145431145431144,42.1828996492748
SEN,1992,1.1323436512950096,41.4568617276384
SEN,1993,1.1247717589774802,38.7742599564223
SEN,1994,1.0756325632563255,54.7381345984609
SEN,1995,1.151839464882943,52.7254034277702
SEN,1996,1.242368177613321,46.272432717398
SEN,1997,1.244186046511628,47.2413224036235
SEN,1998,1.2126574685062987,48.0986748167655
SEN,1999,1.2372364039955603,49.4852621662422
SEN,2000,1.3067657611481291,48.680089723263
SEN,2001,1.204321277595115,49.7205780648314
SEN,2002,1.2526481857110658,53.1442994641329
SEN,2003,1.2075892857142856,50.8212198933376
SEN,2004,1.2128675066819394,53.6592031275529
SEN,2005,1.2626827947282904,54.9032435689485
SEN,2006,1.4045146726862305,54.1362378092613
SEN,2007,1.4151270207852193,59.2713043549794
SEN,2008,1.5324894514767933,62.7617698176319
SEN,2009,1.2603651578546975,52.3072908773365
SEN,2010,1.1426697755756339,52.4578551962948
SEN,2011,1.2463230592147332,57.5768785989578
SEN,2012,1.3331975006791632,61.9753040040375
SEN,2013,1.3890233031962307,60.6267663596737
SEN,2014,1.4264099037138929,58.4425289760992
SEN,2015,1.3492127983748095,58.1103376742017
SEN,2016,1.4354339358833517,54.1081692072139
SEN,2017,1.406990796690527,57.8165678119905
SEN,2018,1.4576345984112975,61.7898394793183
SEN,2019,1.3511132090315474,64.2362506061005
SEN,2020,1.4418669131238449,60.0468716137065
SEN,2021,1.4187839922071597,69.3759939883832
SGP,1990,1.4183893789048143,344.33221784507
SGP,1991,1.4205493387589014,323.887994825751
SGP,1992,1.5812272085327037,311.312267281518
SGP,1993,1.4791188433812574,313.416139807665
SGP,1994,1.3033485337682655,316.216547584567
SGP,1995,1.916884526217136,345.459263895462
SGP,1996,1.6602170245558496,334.911163288092
SGP,1997,1.5240143116484834,323.86442214814
SGP,1998,1.3579684468067157,312.079255674686
SGP,1999,1.7161991869918698,336.484846412882
SGP,2000,4.226819021113758,364.364520468218
SGP,2001,3.725476963011032,349.292105694978
SGP,2002,3.7864852765618786,349.746013985676
SGP,2003,2.541887995143421,377.218564301581
SGP,2004,2.889560975609756,401.523712538509
SGP,2005,3.213282828282828,420.430512920559
SGP,2006,3.2931773399014777,425.363399543019
SGP,2007,3.1120681265206813,394.288471919078
SGP,2008,4.356169154228855,437.326714891057
SGP,2009,2.4871323529411766,358.192811828842
SGP,2010,2.3751351351351353,369.685555787646
SGP,2011,4.2349787234042555,379.098631377539
SGP,2012,4.455943600867679,369.212965787665
SGP,2013,5.145,367.041780049019
SGP,2014,3.9805462184873948,360.467319166237
SGP,2015,3.298441295546559,329.471398940262
SGP,2016,3.2942769857433807,301.338866227561
SGP,2017,3.3830938123752494,315.401433455385
SGP,2018,3.512564612326044,325.725809994853
SGP,2019,3.584877551020408,324.270088576625
SGP,2020,3.331970021413276,331.080556828077
SGP,2021,3.5340119760479043,326.53325458764
SLV,1990,1.5600971266693646,49.6156277783176
SLV,1991,1.422991425849476,47.7534309263615
SLV,1992,1.4412918804708723,48.675245823902
SLV,1993,1.3106404437720625,53.5272904870361
SLV,1994,1.2765437583296313,55.1486486416098
SLV,1995,1.2665463297232251,59.3607543357884
SLV,1996,1.3361363636363635,55.2818567293307
SLV,1997,1.2725083364208967,63.5570927549383
SLV,1998,1.3668359306601294,60.8722907509534
SLV,1999,1.3249506017603736,60.9904896201298
SLV,2000,1.490970254957507,68.7100889044911
SLV,2001,1.4340367129867901,65.8907385362251
SLV,2002,1.3817097415506958,65.9190907767708
SLV,2003,1.3886804252657912,68.23698247861
SLV,2004,1.3589124839124838,69.7822641767691
SLV,2005,1.3845416799744492,69.7158116750578
SLV,2006,1.4715204066377634,73.4555675070266
SLV,2007,1.4383340665786772,77.6210560347995
SLV,2008,1.4707450980392156,80.6659739399085
SLV,2009,1.2852140697119208,66.0711911744487
SLV,2010,1.2640369015428663,73.5372876725398
SLV,2011,1.3386423380238133,79.2766437025052
SLV,2012,1.2983219390926042,77.6485716222883
SLV,2013,1.4148233740508418,80.4511944908271
SLV,2014,1.4094771241830064,78.1044257477935
SLV,2015,1.3732107880066298,76.5602707370519
SLV,2016,1.420724284844796,72.8190933731491
SLV,2017,1.4744193874116458,74.3046511916519
SLV,2018,1.5331680099194047,75.6336168879956
SLV,2019,1.3852501964893895,76.0420130991468
SLV,2020,1.4722086389568052,66.4595069497083
SLV,2021,1.453776694854522,81.8450759800765
SVK,1990,1.15361861886265,56.466265712049
SVK,1991,1.0591180110248621,86.7736125430284
SVK,1992,1.1036766058327032,131.441897608458
SVK,1993,1.0778980040522483,110.829226635557
SVK,1994,1.0039722399780842,107.060186670689
SVK,1995,1.0369280897859436,107.235188114551
SVK,1996,1.0067610490970142,110.817704215698
SVK,1997,0.9802704600539109,117.288133745109
SVK,1998,1.0418888736952459,101.906217751394
SVK,1999,1.0245776086149276,97.530252180251
SVK,2000,1.0222643066987156,108.939262958746
SVK,2001,1.02052087907009,121.931131222912
SVK,2002,1.012061664366941,120.599168045888
SVK,2003,0.9808305200783776,125.998506220804
SVK,2004,0.9934666448888163,140.222460021585
SVK,2005,0.9377931259770866,148.705461161746
SVK,2006,1.0132742325101431,164.992205726236
SVK,2007,1.1660655098459738,166.580025216882
SVK,2008,1.231261315630658,162.464472991641
SVK,2009,1.1760303601284468,136.714352092364
SVK,2010,1.2482321131447587,155.108497681586
SVK,2011,1.2655802339334998,169.178076311066
SVK,2012,1.1533049692722672,176.968958181431
SVK,2013,1.1220032564145754,180.903136491458
SVK,2014,1.116559867093865,176.756316098132
SVK,2015,1.1085785449490269,179.42602289503
SVK,2016,1.1620733032191661,182.757379596201
SVK,2017,1.0924718107450808,186.644687399549
SVK,2018,1.1262989166482424,188.732964699496
SVK,2019,1.1463385815141938,183.722608631236
SVK,2020,1.1526815499101875,167.534173320366
SVK,2021,1.1315139996028483,181.97948448512
SVN,1990,1.4241239981453269,139.573592304258
SVN,1991,1.4367890105172785,130.099381673414
SVN,1992,1.6043497047385855,98.3919559552935
SVN,1993,1.4682194471727235,96.0223552504566
SVN,1994,1.3622515199125624,97.1248049291133
SVN,1995,1.3624405808426125,93.0505272972723
SVN,1996,1.3200649878147848,93.6684415177777
SVN,1997,1.3118754920365772,96.4295395033677
SVN,1998,1.3714552820193204,97.068081542623
SVN,1999,1.2325053505415398,92.9581874247278
SVN,2000,1.2881142098273572,104.620348581459
SVN,2001,1.2501686185541725,105.583223530684
SVN,2002,1.185022026431718,104.880458289416
SVN,2003,1.216365646885367,103.280027127626
SVN,2004,1.2249416551971755,112.399933466762
SVN,2005,1.2212253571006966,121.127284217914
SVN,2006,1.2279445996275604,130.517913086158
SVN,2007,1.3316041270390224,137.66309435102
SVN,2008,1.2957068635493574,135.387093664802
SVN,2009,1.1790980319575544,114.482301023638
SVN,2010,1.2030244139438844,128.606575425363
SVN,2011,1.2771327303837692,140.332355750319
SVN,2012,1.2017760862670472,143.656448572975
SVN,2013,1.1784369425910022,145.168789432403
SVN,2014,1.268867924528302,146.471705096746
SVN,2015,1.2913097591331724,147.218367714503
SVN,2016,1.2482029306054743,148.238448080388
SVN,2017,1.3269795723167315,158.70213584467
SVN,2018,1.4114536839936827,162.613493975851
SVN,2019,1.4257453924428947,160.044275685249
SVN,2020,1.4314456614619748,147.549008584942
SVN,2021,1.5434383603548485,161.788727511439
SWE,1990,1.9535851751223505,55.9055187749585
SWE,1991,1.836171614872364,51.1702274975964
SWE,1992,1.9960006955312122,50.8524074665653
SWE,1993,1.8694994523358313,58.2335910018621
SWE,1994,1.7859726319649316,63.9497416473143
SWE,1995,1.8116899490645015,68.6810841853675
SWE,1996,1.5076007513930765,66.506522070023
SWE,1997,1.4231856738925541,71.9948985844646
SWE,1998,1.4717443463168103,74.3347541033848
SWE,1999,1.4235836744909451,74.8479171666973
SWE,2000,1.5364169642206513,81.4721590850121
SWE,2001,1.3801764009895667,80.5691828117714
SWE,2002,1.4172052124165695,77.0853186972402
SWE,2003,1.4780937068558748,75.3282174864238
SWE,2004,1.495622740483448,78.7358819187356
SWE,2005,1.612025210552736,84.167923018031
SWE,2006,1.6415910234664777,88.3302608918239
SWE,2007,1.6821800714839539,89.5469236610223
SWE,2008,1.7081650743622576,92.8083687095596
SWE,2009,1.5731709903909383,81.958313967393
SWE,2010,1.5711591770540645,85.0914849272733
SWE,2011,1.672700248401678,86.3907448060188
SWE,2012,1.6095007187761494,85.2980605424359
SWE,2013,1.607568837848623,81.6402521329964
SWE,2014,1.644439322346433,83.8229810483527
SWE,2015,1.596559685984761,84.1730765958171
SWE,2016,1.623741571995936,83.4519478574149
SWE,2017,1.6760476921260774,86.0693088740521
SWE,2018,1.6981077981651373,90.4087142361701
SWE,2019,1.6432600804473658,92.7511390290561
SWE,2020,1.6416361749767898,84.4745958141618
SWE,2021,1.7159303049159929,91.1102374413042
TGO,1990,0.9478527607361964,59.7664883098492
TGO,1991,0.9476190476190476,59.4614554308219
TGO,1992,0.9757281553398057,49.6550131360584
TGO,1993,0.9831618334892422,42.7125004415732
TGO,1994,0.9672293942403178,57.5643564343816
TGO,1995,0.9974468085106382,55.6017737303644
TGO,1996,0.9304347826086957,59.4098688003353
TGO,1997,0.9192263936291241,53.2069014922318
TGO,1998,0.8992248062015503,55.737924512227
TGO,1999,0.6702702702702702,50.108899621779
TGO,2000,0.7377911344853494,48.8080041114183
TGO,2001,0.6531492666091459,51.3941520650307
TGO,2002,0.7526475037821482,51.609565282441
TGO,2003,0.6155124653739612,55.389978417259
TGO,2004,0.5888761467889908,57.8710938708872
TGO,2005,0.6498257839721254,61.4542800128481
TGO,2006,2.4930046635576284,61.6128604620733
TGO,2007,0.8437705998681609,61.7740721086659
TGO,2008,0.8082731451083389,62.3076674472105
TGO,2009,0.736198738170347,62.210419994299
TGO,2010,0.7057010785824345,66.7974885937104
TGO,2011,0.6956869009584664,77.732312664143
TGO,2012,0.8307761732851985,75.7132085684163
TGO,2013,0.7290519877675841,82.1477877564195
TGO,2014,0.8839704896042924,70.9156517502517
TGO,2015,0.9955506117908788,69.1281378813376
TGO,2016,0.9917139119058002,66.4450409805081
TGO,2017,0.9330543933054394,58.2088602526732
TGO,2018,3.8736479842674534,57.5737388499452
TGO,2019,3.3807106598984773,56.3398500747576
TGO,2020,2.740821519447474,55.0659513954403
TGO,2021,3.189694656488549,56.3775580757321
THA,1990,1.4419440176518836,75.7823643645399
THA,1991,1.3264979746435899,78.4711349774175
THA,1992,1.5678162880403363,77.9546456926093
THA,1993,1.3251405358828114,77.7461171174097
THA,1994,1.221524073938774,81.2489529938277
THA,1995,1.1616661243084934,89.7561749368245
THA,1996,1.0385847458603643,84.2741479979753
THA,1997,0.9299790842314972,95.0517906464755
THA,1998,0.8030544006411862,100.240473732828
THA,1999,0.894131013244835,100.706288704433
THA,2000,0.8963561833739663,121.297955351472
THA,2001,0.9071499474652719,120.267966273533
THA,2002,0.932136571629708,114.969743021067
THA,2003,0.9802342376287365,116.692819704865
THA,2004,1.0003231547621918,127.411873720393
THA,2005,1.0342190598390295,137.853866832247
THA,2006,1.010647515348083,134.086946191268
THA,2007,0.9975946412713147,129.873226989717
THA,2008,1.0474784725907362,140.437011540931
THA,2009,1.0116284151095107,119.269418854589
THA,2010,1.0678826150635428,127.250522638251
THA,2011,1.0802971275492286,139.675407224576
THA,2012,1.0931396465763032,137.67493851024
THA,2013,1.1192702290770944,132.462274174269
THA,2014,1.0127968938081677,130.905495444398
THA,2015,0.989761781890227,124.839662152526
THA,2016,1.0046295481349785,120.57522728913
THA,2017,1.0245246128435705,120.891427433638
THA,2018,1.0596937271292555,120.841864730984
THA,2019,1.0773174114950848,109.689514715166
THA,2020,1.1035403404640283,97.6624419371158
THA,2021,1.1579759079440897,117.131472183199
TJK,1993,0.5460896565107705,70.196305829774
TJK,1994,0.5479744136460554,86.3658415841584
TJK,1995,0.2242299794661191,137.515902578797
TJK,1996,0.8771246458923513,156.670590142672
TJK,1997,1.5534883720930233,181.590119644925
TJK,1998,1.6768121746095317,106.89554276797
TJK,1999,1.5966653433902342,133.60594795539
TJK,2000,1.6793381037567081,175.351206134214
TJK,2001,1.6410144293834719,146.657305562056
TJK,2002,2.339209401709401,138.6839688324
TJK,2003,2.7963320463320462,137.669592976856
TJK,2004,2.3688524590163937,128.338170674363
TJK,2005,2.9512494879147892,126.994699303416
TJK,2006,3.446159638554217,141.153912074728
TJK,2007,1.9814183957881695,145.528099715723
TJK,2008,2.6679323438039355,114.480149093579
TJK,2009,2.5063394683026585,85.9781370434108
TJK,2010,3.3905325443786984,73.493044509473
TJK,2011,3.7019641332194704,79.7842446734572
TJK,2012,2.2379004771642808,83.1759445401528
TJK,2013,3.782668500687758,71.7437428882341
TJK,2014,4.374728614850195,54.6071596053705
TJK,2015,1.8119464857735066,49.9378160689555
TJK,2016,2.316655585106383,55.7246446907573
TJK,2017,2.0258758540485537,53.7861046057767
TJK,2018,1.4703625788887515,55.8461114113303
TJK,2019,1.3636676612347944,56.0450159145896
TJK,2020,1.2262549082033323,55.7491040194954
TJK,2021,1.2016197783461209,71.825937435383
TUN,1990,0.8820270824784572,94.161265567647
TUN,1991,0.8172485825126828,85.6860202181431
TUN,1992,1.040396389572682,86.0000875541741
TUN,1993,0.9055878928987194,88.4109677419355
TUN,1994,0.8192231967066405,92.8043860425704
TUN,1995,0.8265656018769175,93.7144465686907
TUN,1996,0.7288362094009646,85.7203547620671
TUN,1997,0.6965188096574958,80.5007104439621
TUN,1998,0.6943472556308768,79.9794582620079
TUN,1999,0.747287401785237,77.9051139411665
TUN,2000,0.7113089112986211,82.639110670191
TUN,2001,0.6881693894674498,89.5522011944661
TUN,2002,0.7078017664376841,85.3421759692656
TUN,2003,0.7430377340556981,82.390340709916
TUN,2004,0.7133760838150289,86.9253446966283
TUN,2005,0.6861343044945817,90.2512478803945
TUN,2006,0.7076150992799477,93.9409304094309
TUN,2007,0.6761577350859453,104.059400976647
TUN,2008,0.6608258358543198,114.343660218696
TUN,2009,0.741371829763736,93.0168787876722
TUN,2010,0.7264516129032259,100.151009836799
TUN,2011,0.7195126565515153,100.106379304237
TUN,2012,0.7377456196353834,101.550723929668
TUN,2013,0.7294685990338164,98.9549566862038
TUN,2014,0.7512301255230126,96.1071038558701
TUN,2015,0.7599821548070489,87.2485306596052
TUN,2016,0.7830551160763294,87.0926643641466
TUN,2017,0.7664867253843484,95.8091979825804
TUN,2018,0.9945697577276524,103.871824260635
TUN,2019,0.983060270120017,102.332614725789
TUN,2020,1.0030161206448258,84.3333297071767
TUN,2021,1.0,93.6334140664079
TUR,1990,1.3562288124628004,30.9429955004348
TUR,1991,1.3080446358750293,30.4760116733895
TUR,1992,1.4563605486922515,31.737365644504
TUR,1993,1.3059882610117564,33.0170877754618
TUR,1994,1.2161414368786343,41.7458523409412
TUR,1995,1.203395153648301,35.9924804952774
TUR,1996,1.0565785975243478,39.6477180344549
TUR,1997,1.04931975945655,42.7610666826994
TUR,1998,1.059322033898305,40.3769887377902
TUR,1999,1.0941591948418372,37.6665043273244
TUR,2000,1.0904032902023748,42.3746746988077
TUR,2001,0.9415784425836438,49.9447830679013
TUR,2002,1.0000980741797434,48.1026101234402
TUR,2003,1.0379697226171467,46.3681553387846
TUR,2004,1.1399999193037529,48.9934575435266
TUR,2005,1.1557836622327808,46.3088308846211
TUR,2006,1.1839336577572706,48.9456766641314
TUR,2007,1.1788421375242104,48.027468179713
TUR,2008,1.1506582903642668,50.7612500066681
TUR,2009,1.05400416865473,47.0391385732199
TUR,2010,1.1486994446361896,46.9433366709891
TUR,2011,1.1636128582426681,53.651583897618
TUR,2012,1.1361150998898633,53.3277612968607
TUR,2013,1.1536103173109282,53.0683530043043
TUR,2014,1.1274777276786687,54.30677404128
TUR,2015,1.11457194148113,51.8749252596832
TUR,2016,1.0793363119895845,48.870183807987
TUR,2017,1.0716614571480323,56.1356585158689
TUR,2018,1.057772440056817,62.8251323851165
TUR,2019,1.0301597764703567,62.5784589326239
TUR,2020,1.0116975077342865,60.389853117297
TUR,2021,0.9794917540672137,69.6088976086437
TZA,1990,1.3683712121212122,34.4836065795064
TZA,1991,1.376940133037694,30.2316225499322
TZA,1992,1.401285583103765,35.6677963323106
TZA,1993,1.3375927452596867,45.2364974710923
TZA,1994,1.448860882210373,44.2367675621224
TZA,1995,1.348808545603944,45.1619199872127
TZA,1996,1.33597150771666,35.7265066969485
TZA,1997,1.3325070821529745,28.8587832233337
TZA,1998,1.4582829504232164,26.1436420608095
TZA,1999,1.52745018300122,25.0220548113162
TZA,2000,1.942846034214619,23.9891151549808
TZA,2001,1.884906280828675,28.0301432282533
TZA,2002,1.7587492828456683,27.4992172734904
TZA,2003,1.6265256305939788,30.4488358249326
TZA,2004,1.5659796256811183,33.609786736665
TZA,2005,1.5690814040328604,36.9592732894013
TZA,2006,1.4113342409802585,42.7681664691467
TZA,2007,1.5450403084472486,48.0583947796554
TZA,2008,1.8737685757221572,49.0265445510865
TZA,2009,1.6239021870156707,43.5326006456317
TZA,2010,1.480261328885182,47.6404394295683
TZA,2011,1.5932464454976303,56.1661241821809
TZA,2012,1.4377351210572005,54.3689490815138
TZA,2013,1.7531774953337482,48.6316275295495
TZA,2014,1.7798490497408386,45.3560223433065
TZA,2015,1.6198075569115231,40.7576808778314
TZA,2016,1.4244955281247689,35.4204704002636
TZA,2017,1.3583216162214165,33.1125919853124
TZA,2018,1.416848169746364,32.6426099043737
TZA,2019,1.3131369279229201,33.0185892502311
TZA,2020,1.3441574724172518,27.9630151969884
TZA,2021,1.3555266432854396,29.9151840074048
UGA,1990,1.7253613666228647,26.6095437605897
UGA,1991,1.7075351213282246,29.4022018591267
UGA,1992,1.7428214731585516,33.0521440510063
UGA,1993,1.9347553324968632,28.2398345380313
UGA,1994,2.0632022471910116,27.8393598574633
UGA,1995,1.828108108108108,32.62314586277
UGA,1996,1.6650294695481336,35.3854868820104
UGA,1997,1.6789077212806025,34.1585669652784
UGA,1998,1.663358147229115,30.043921931244
UGA,1999,2.2812749003984067,36.0247101570245
UGA,2000,2.020573108008817,32.7490333383822
UGA,2001,1.8214537755822158,35.3299767819725
UGA,2002,2.054054054054054,36.2777941561831
UGA,2003,1.7514871116986122,36.5857264641268
UGA,2004,1.7884256378344743,35.4600862456436
UGA,2005,1.692269573835481,38.9942854839061
UGA,2006,1.6133221617092586,43.6332857896204
UGA,2007,1.6123429416112345,46.7774166522822
UGA,2008,1.606474820143885,56.2582682050634
UGA,2009,1.6702269692923897,47.0638780748379
UGA,2010,1.5756302521008405,38.2692490371291
UGA,2011,1.5919540229885059,39.7552255606122
UGA,2012,1.497656465398401,43.5021371397314
UGA,2013,1.5334221038615181,43.1091548734687
UGA,2014,1.5383863080684597,36.0144010819085
UGA,2015,1.4248178405829102,37.6892983324358
UGA,2016,1.413327797384264,31.2093620232119
UGA,2017,1.406585275619682,36.8370529334101
UGA,2018,1.3948459181834565,36.6384055999567
UGA,2019,1.3487241798298906,39.3610539647435
UGA,2020,1.343205887632382,37.0006923916369
UGA,2021,1.3748395378690628,41.7136307424781
UKR,1990,0.7302576267540049,56.4071856287425
UKR,1991,0.7373759069100465,50.133779264214
UKR,1992,0.7562480386086632,45.9686071925293
UKR,1993,0.7444402001978472,52.0688190027854
UKR,1994,0.6718394776350595,73.9440042067872
UKR,1995,0.5857606753927104,97.2296964841051
UKR,1996,0.8069288357577721,93.8566450766079
UKR,1997,0.807992694943421,84.2414161623735
UKR,1998,0.7637269747444342,86.0497284415116
UKR,1999,0.7861912160623634,101.951706965548
UKR,2000,0.7582221008671056,115.735714934593
UKR,2001,0.8377265726809621,99.9261276192731
UKR,2002,0.8246372942301647,95.994669810112
UKR,2003,0.7118911617764324,102.590182257396
UKR,2004,0.6608815746267216,109.981708544962
UKR,2005,0.7497679522061287,94.6475701087848
UKR,2006,0.7734541545815393,89.181052639031
UKR,2007,0.8435348500277589,88.0465606718626
UKR,2008,0.89398833681511,94.1718921417534
UKR,2009,0.8925945538972524,87.4761626200316
UKR,2010,0.8047906347879851,95.72973045329
UKR,2011,0.8609651853581343,104.805073904259
UKR,2012,0.8468941957100155,102.622788356626
UKR,2013,0.8461853868387443,94.0016694501782
UKR,2014,0.7577793040826069,100.691782483624
UKR,2015,0.7480410989501899,107.806616298156
UKR,2016,0.815771488129309,105.521204913122
UKR,2017,0.8942486833148221,104.034982911399
UKR,2018,0.9197240189736955,99.1998150718675
UKR,2019,0.9423101157578267,90.5112342910763
UKR,2020,0.9391842627510248,79.1564523761815
UKR,2021,0.9637763725099223,82.69796136345
URY,1990,1.2087000251445814,41.6284721190914
URY,1991,1.1847035486003967,38.5549047407092
URY,1992,1.1809357406328869,40.0730436292529
URY,1993,1.2577018214526647,38.6849667589585
URY,1994,1.3266518188567185,40.1488337195203
URY,1995,1.3106243154435924,38.0976748425287
URY,1996,1.309198374584411,39.5284364552889
URY,1997,1.2980804056501267,37.706397080707
URY,1998,1.3654220491948328,35.6400154006956
URY,1999,1.3291971894154582,33.3864489469027
URY,2000,1.4985787379192723,36.7137381507902
URY,2001,1.463995239039873,36.3095126435057
URY,2002,1.4014007441453271,40.02906730756
URY,2003,1.3425170817720962,51.7591995826472
URY,2004,1.3292070326515968,61.4766880860242
URY,2005,1.3149729823949798,58.8776963255774
URY,2006,1.2863409469066707,61.9715745165876
URY,2007,1.5003355704697987,59.2104478374095
URY,2008,1.4217571185203213,65.2080950071821
URY,2009,1.3057571964956194,53.3944192683736
URY,2010,1.6081936096172098,51.6990372012256
URY,2011,1.5934166016133229,53.2470340109018
URY,2012,1.505403834979663,55.0611541633768
URY,2013,1.548658390068082,49.7178464746233
URY,2014,1.550718132854578,49.0876240632174
URY,2015,1.4489462748590085,45.3282408087534
URY,2016,1.3588957055214723,48.4705353074514
URY,2017,1.4867501219313932,46.3779636198842
URY,2018,1.4802130898021308,47.7913453459107
URY,2019,1.487983770287141,49.7448660724665
URY,2020,1.447429365446966,47.7318331202564
URY,2021,1.3472985055562652,58.3150555063308
USA,1990,0.9843287713515886,19.8150673537315
USA,1991,0.979900571525603,19.7864481240974
USA,1992,1.0016930661141543,19.9505945023923
USA,1993,0.9900684153104827,20.0446187019752
USA,1994,0.9926542323069425,21.0554591617453
USA,1995,0.9927611168562565,22.4533816490568
USA,1996,0.9900219492834793,22.6870719902412
USA,1997,0.9939171295493292,23.4283278026178
USA,1998,1.0178740525350571,22.8258939797637
USA,1999,1.0236485094429044,23.3135697296238
USA,2000,1.0342913136265062,25.1029855568536
USA,2001,1.0415881123972273,22.9671830154975
USA,2002,1.054809670570002,22.2863842136065
USA,2003,1.0714334947156718,22.6272972866813
USA,2004,1.072687021039688,24.4480566571904
USA,2005,1.0863583118583728,25.6385573436769
USA,2006,1.0948823934391627,26.9752858058903
USA,2007,1.0661900220565341,28.0120155631098
USA,2008,1.0504887382985024,29.8677875257061
USA,2009,1.0437430642948073,24.759527635837
USA,2010,1.038908497596684,28.2198829408336
USA,2011,1.0358234279170526,30.842478575914
USA,2012,1.041049864887094,30.681839575193
USA,2013,1.0300153322337193,29.9413062848227
USA,2014,1.0410405350558676,29.906569337428
USA,2015,1.060544133674658,27.6882139340768
USA,2016,1.0595569953036608,26.4525977865465
USA,2017,1.0636549481976134,27.1253382222874
USA,2018,1.0603034449518731,27.4453591302618
USA,2019,1.0657316242136996,26.2584806245428
USA,2020,1.0880882840215491,23.1399437509149
USA,2021,1.0935341867938777,25.2327260228331
VEN,1990,0.7131734842467566,57.7072173831781
VEN,1991,0.7850745484630671,0.0
VEN,1992,0.8289080476231394,0.0
VEN,1993,0.8166953808146149,0.0
VEN,1994,0.7804720309087855,0.0
VEN,1995,0.8091884963550429,0.0
VEN,1996,0.7394103779563488,0.0
VEN,1997,0.8021347924935456,0.0
VEN,1998,0.8625632440200603,0.0
VEN,1999,0.6279222503248886,0.0
VEN,2000,0.5118752711648542,0.0
VEN,2001,0.6356704282717544,0.0
VEN,2002,0.4967211218208277,0.0
VEN,2003,0.6991332175895935,0.0
VEN,2004,0.6849176012657341,0.0
VEN,2005,0.6621543313028948,0.0
VEN,2006,0.7223387940272457,0.0
VEN,2007,0.7731096797628546,0.0
VEN,2008,0.7711321408852193,0.0
VEN,2009,0.8826030385868995,0.0
VEN,2010,0.7700783829688472,0.0
VEN,2011,0.7444654531660275,0.0
VEN,2012,0.7843726008700844,50.7514450867052
VEN,2013,0.7009654727591559,62.5819672131148
VEN,2014,0.9542536024364745,64.0956340956341
VEN,2015,0.7329613775191188,60.377358490566
VEN,2016,0.687552788199014,41.3927576601671
VEN,2017,0.6712271645589641,42.6149425287356
VEN,2018,0.1550071916576771,54.6332963725646
VEN,2019,0.40776818742293464,58.1288399985284
VEN,2020,0.8889877751820127,26.0905679013051
VEN,2021,0.8504246485848559,29.2263872682484
VNM,1990,1.092915160336166,81.315697940889
VNM,1991,1.0837387724550898,66.9469523941752
VNM,1992,1.0787757383769683,73.5768851264792
VNM,1993,1.1010370629676627,66.2122671512498
VNM,1994,1.0759812879175499,77.4731979426888
VNM,1995,1.0782371709651688,74.7212659206088
VNM,1996,1.072853841384364,92.7057468018939
VNM,1997,0.9909454529471232,94.3444840684516
VNM,1998,0.9902227050516025,97.0012485118429
VNM,1999,0.9227362610200214,102.787406603958
VNM,2000,0.6880133494020579,111.417094419512
VNM,2001,0.6955544987947462,111.955937998525
VNM,2002,0.6929570982727129,116.696868652499
VNM,2003,0.7590246049106276,124.327954439125
VNM,2004,0.7524145762826207,133.016497868747
VNM,2005,0.7447987312451743,130.714846045026
VNM,2006,0.7459259853897406,138.313621869598
VNM,2007,0.7771731093431131,154.605383996554
VNM,2008,0.7879440069991251,154.317479627758
VNM,2009,0.7990328773505339,134.706317721758
VNM,2010,0.7750781003697229,113.977687539714
VNM,2011,0.7467095776198842,125.260577940829
VNM,2012,0.7421199268130405,123.224116745985
VNM,2013,0.8061719673310929,130.846354866743
VNM,2014,0.781358304452146,135.410521454361
VNM,2015,0.7735705817021337,144.914228195237
VNM,2016,0.7845240626710764,145.409507973118
VNM,2017,0.7554349258214974,160.98008365887
VNM,2018,0.7396112233234692,164.663936775893
VNM,2019,0.7216455651435847,164.704215031408
VNM,2020,0.7167504598744067,163.245862814935
VNM,2021,0.7075847318720421,186.675832836814
ZAF,1990,1.0,38.2118009241798
ZAF,1991,1.0,34.8816092569776
ZAF,1992,1.0,34.3213534993474
ZAF,1993,1.0,35.6981243460429
ZAF,1994,1.0,37.1146091666279
ZAF,1995,1.0,39.4780337793026
ZAF,1996,1.0,42.199251732528
ZAF,1997,1.0,42.3013344291831
ZAF,1998,1.0,44.0357453368965
ZAF,1999,1.0,42.2582960172673
ZAF,2000,0.7583081570996978,46.2207217354077
ZAF,2001,0.737993875167518,49.170945185829
ZAF,2002,0.7154678387998912,53.4655016294369
ZAF,2003,0.68033115235679,45.723862568979
ZAF,2004,0.7102812682218987,45.6435752240041
ZAF,2005,0.7110990978003628,47.4277813970329
ZAF,2006,0.7483614777143062,53.7681412741145
ZAF,2007,0.7339119290202436,57.125139137747
ZAF,2008,0.6887337695811172,65.9745237996233
ZAF,2009,0.7451002292881951,49.5875353278801
ZAF,2010,0.7487509441471435,50.4060871625999
ZAF,2011,0.7448979806988802,54.6363504358971
ZAF,2012,0.7593847927565567,55.5826171933345
ZAF,2013,0.7825392162880217,58.875027630051
ZAF,2014,0.7513422944202908,59.4995740550593
ZAF,2015,0.7657107632581595,56.7266761447156
ZAF,2016,0.775335302483317,55.8612575048782
ZAF,2017,0.7896229631144747,53.5359318293741
ZAF,2018,0.7831547537717679,54.4855451276341
ZAF,2019,0.7806669258402429,53.8979964081406
ZAF,2020,0.7703642102651518,50.7596590804177
ZAF,2021,0.7464547721770157,56.1647136277546
ZMB,1994,0.8750522356874216,66.6505948295585
ZMB,1995,0.9192343604108311,69.2267746955964
ZMB,1996,0.9591947769314472,63.8214821755312
ZMB,1997,0.9694137638062872,58.272862622336
ZMB,1998,1.0873573309920983,56.2503070199594
ZMB,1999,1.1220472440944882,59.7675342029156
ZMB,2000,2.069506726457399,60.3874689884965
ZMB,2001,2.108695652173913,64.668282708979
ZMB,2002,2.0295767465578787,64.9164969990648
ZMB,2003,1.8736740597878498,62.3128446757629
ZMB,2004,1.8854562737642586,70.8130749317722
ZMB,2005,1.8586714222024074,62.200282191364
ZMB,2006,2.20663379650381,57.8568188739027
ZMB,2007,2.482593559617058,65.7714586909068
ZMB,2008,2.7140618879749314,59.4548891205874
ZMB,2009,1.997278911564626,56.1213809555165
ZMB,2010,1.893944248638257,67.9009190299719
ZMB,2011,2.2764131399822434,72.7954324384283
ZMB,2012,1.9463729949724686,75.367709855907
ZMB,2013,1.9679241021007456,80.4562410213373
ZMB,2014,1.8763959871285254,76.1934997276313
ZMB,2015,1.7337921043100324,79.8652687573958
ZMB,2016,1.5493476078956174,73.958561254616
ZMB,2017,1.3555436385574475,71.5856946542566
ZMB,2018,1.228112728112728,74.8883695274665
ZMB,2019,1.2595523400406963,68.791204936096
ZMB,2020,0.9884896406766089,79.2068494095955
ZMB,2021,1.0583957219251339,86.2085111934645
ZWE,1990,0.8286026903520628,45.6592519741447
ZWE,1991,0.8209282809373185,51.0525098311358
ZWE,1992,0.8032570949586875,63.7120651369356
ZWE,1993,0.7579840319361277,63.1695153983783
ZWE,1994,0.7281827072427084,71.1208615875549
ZWE,1995,0.7158553639208897,79.156711173577
ZWE,1996,0.7186786625486774,72.068361086766
ZWE,1997,0.741457449104381,82.2035387860323
ZWE,1998,0.693423939973101,88.5133289098786
ZWE,1999,0.632663444416179,70.9210813961962
ZWE,2000,0.8670285921100254,74.0708923168864
ZWE,2001,0.9194979614677432,67.8980938686723
ZWE,2002,1.015383322125084,66.8098183680706
ZWE,2003,1.1776625824693685,70.4519675420993
ZWE,2004,1.1041467812069148,76.0394249806318
ZWE,2005,1.0766498410917928,76.043068640646
ZWE,2006,1.0732272069464543,82.8200302932942
ZWE,2007,1.1056431113370615,84.1682798999008
ZWE,2008,1.2984455958549221,109.523540063377
ZWE,2009,1.1335757575757577,61.7764909650234
ZWE,2010,1.0189627598811972,83.1234047851259
ZWE,2011,0.9646820418797646,89.4659437238642
ZWE,2012,1.0389091232122236,74.1627003825153
ZWE,2013,1.0345300317025106,58.6560737143829
ZWE,2014,1.0724928846475807,54.6717592473918
ZWE,2015,1.1077640009985854,56.7496526604333
ZWE,2016,1.2503777861730263,51.2190376594477
ZWE,2017,1.1241989624656699,55.028317831061
ZWE,2018,1.101882415915782,54.55031658746
ZWE,2019,1.1324632317132561,36.5178684980287
ZWE,2020,1.2344835708397126,31.8225698755474
ZWE,2021,1.20894062408295,34.9401169482991
