iso,year,pm25,death_rate
AFE,1990,23.7930241897388,15.3892030966219
AFE,1991,23.3926925796443,15.6784620755611
AFE,1992,23.5362700345114,15.7625984982371
AFE,1993,23.6748952895145,15.2479517463529
AFE,1994,23.7722523581486,17.2452819188522
AFE,1995,22.797437567601,14.6754749406442
AFE,1996,24.0436463613175,14.6532589191461
AFE,1997,24.19343112132,14.4243735108166
AFE,1998,24.3378542514077,14.6777373826067
AFE,1999,24.4859750387551,14.0363588346108
AFE,2000,25.1847899191578,13.5499033167574
AFE,2001,27.0609414472903,13.3076486997769
AFE,2002,25.6426070980781,13.0399204332418
AFE,2003,24.7010027397608,12.7214592060934
AFE,2004,25.2160178449824,12.3834238964521
AFE,2005,25.1157468430751,12.0210911514631
AFE,2006,25.6522293544698,11.5375569750487
AFE,2007,26.2688687372766,11.0865972853099
AFE,2008,26.6851120315685,10.6623751173159
AFE,2009,25.8669036343566,10.1984006728924
AFE,2010,28.1790547771667,9.80778558922546
AFE,2011,27.443605227518,9.78032115864408
AFE,2012,27.3284774215309,9.06568314572228
AFE,2013,27.7109978237833,8.72936607027465
AFE,2014,24.5678372434201,8.60162251286315
AFE,2015,26.7348171094673,8.41492537639502
AFE,2016,25.6711863960849,8.24213180696689
AFE,2017,24.7867890625585,8.07878715791181
AFE,2018,24.8752419174662,7.67376094327817
AFE,2019,26.2820242554509,7.46246664270849
AFE,2020,25.6601287864982,7.5402043520901
AFE,2021,25.5294580355908,7.91382338403694
AFE,2022,26.3839158119753,7.24533546650364
AFE,2023,25.2834028964264,6.97878741988465
AFG,1990,48.426586090137,19.479
AFG,1991,47.9416090747119,18.783
AFG,1992,47.9744036468965,17.17
AFG,1993,48.0071982190811,14.613
AFG,1994,48.0399927912656,14.929
AFG,1995,47.037244188231,14.403
AFG,1996,48.1055819356348,13.928
AFG,1997,48.1383765078194,13.651
AFG,1998,48.1711710800039,13.886
AFG,1999,48.2039656521885,12.697
AFG,2000,48.7545318119826,12.608
AFG,2001,47.3439128482616,11.954
AFG,2002,49.6187837868913,11.187
AFG,2003,48.6476680050411,10.714
AFG,2004,47.3920074249934,10.375
AFG,2005,48.0980843024941,9.913
AFG,2006,40.5380153002123,9.659
AFG,2007,37.7270370787103,9.487
AFG,2008,36.8522632095061,8.884
AFG,2009,34.5914422724701,8.645
AFG,2010,39.0882300545031,8.402
AFG,2011,41.9026051489319,8.032
AFG,2012,34.3492255147613,7.822
AFG,2013,36.6128102921332,7.597
AFG,2014,35.9811583111996,7.511
AFG,2015,36.4857340459184,7.528
AFG,2016,36.8725270986265,7.32
AFG,2017,37.0667978834846,7.315
AFG,2018,40.8384893577725,7.271
AFG,2019,34.7952135471867,7.064
AFG,2020,34.1641257733592,7.565
AFG,2021,39.7388328758413,8.002
AFG,2022,40.2067792804569,5.993
AFG,2023,37.9483109911724,5.797
AFW,1990,51.0953579193731,17.3573006923347
AFW,1991,49.9884796091232,17.214892308521
AFW,1992,50.224302499795,17.0423845093243
AFW,1993,50.4655674015363,16.8759232057841
AFW,1994,50.7165827421139,16.7923117556345
AFW,1995,48.1935598241837,16.6028070734031
AFW,1996,51.1965267091418,16.4876342050441
AFW,1997,51.4204085030416,16.3332983143795
AFW,1998,51.6375115360561,16.1130092208097
AFW,1999,51.8756974593489,15.8282420188512
AFW,2000,53.5059146457835,15.4854734713085
AFW,2001,45.6772698919313,15.1985518894703
AFW,2002,49.1135543209665,14.8769985816561
AFW,2003,42.0703958229305,14.5327841947034
AFW,2004,51.9268157412611,14.1643186751393
AFW,2005,46.6971815384279,13.8548777428141
AFW,2006,50.2876571116905,13.5629084554922
AFW,2007,53.168573409412,13.2212239850854
AFW,2008,53.2262598376202,12.9292165529337
AFW,2009,48.2365063599203,13.425672170818
AFW,2010,46.6256099587659,12.484898821444
AFW,2011,49.1720245628001,12.2548767515611
AFW,2012,48.6075747829437,12.0376030927752
AFW,2013,42.6158838699748,11.8498354386347
AFW,2014,43.7976736431449,11.7526106920211
AFW,2015,58.8555737795586,11.4864765263751
AFW,2016,54.3310077015544,11.2279359403066
AFW,2017,53.0584900303613,11.047781094398
AFW,2018,47.2640838642737,10.7612745998113
AFW,2019,44.5827940555269,10.7191791238898
AFW,2020,49.7113359166019,10.4720367314194
AFW,2021,49.3359719043818,10.4205510296271
AFW,2022,53.6223979405527,10.3602634932947
AFW,2023,50.4240139947409,9.66114313162509
AGO,1990,23.6769644253321,22.055
AGO,1991,23.367735013089,20.535
AGO,1992,23.3447558436431,21.67
AGO,1993,23.3217766741972,21.448
AGO,1994,23.2987975047513,20.334
AGO,1995,22.7033178497108,18.7
AGO,1996,23.2528391658595,18.445
AGO,1997,23.2298599964136,18.184
AGO,1998,23.2068808269677,18.925
AGO,1999,23.1839016575218,18.518
AGO,2000,23.4471727308732,18.08
AGO,2001,24.3136425768266,17.606
AGO,2002,24.0566632119627,17.071
AGO,2003,23.4318011631518,15.559
AGO,2004,23.3720548464755,14.958
AGO,2005,24.275362134715,14.31
AGO,2006,20.9105363923632,13.757
AGO,2007,20.3046984474029,12.98
AGO,2008,21.3846279674151,12.302
AGO,2009,20.2177945705101,11.702
AGO,2010,24.5855697926641,11.078
AGO,2011,21.5236235344248,10.546
AGO,2012,21.343442353859,10.043
AGO,2013,22.6429419636481,9.578
AGO,2014,19.3563913804903,9.179
AGO,2015,21.2324508850665,8.809
AGO,2016,20.9967960289148,8.476
AGO,2017,18.2261589534262,8.192
AGO,2018,19.9275654157599,7.928
AGO,2019,22.1743439472758,7.701
AGO,2020,19.5706484135285,7.628
AGO,2021,18.4908414693325,7.619
AGO,2022,22.5172239045117,7.097
AGO,2023,19.9075690536367,6.925
ALB,1990,23.4946107770197,5.586
ALB,1991,23.0678563715578,5.525
ALB,1992,22.91179107283,5.472
ALB,1993,22.7557257741022,5.416
ALB,1994,22.5996604753744,5.429
ALB,1995,21.9022169631779,5.45
ALB,1996,22.2875298779189,5.496
ALB,1997,22.1314645791911,5.84
ALB,1998,21.9753992804634,5.582
ALB,1999,21.8193339817356,5.605
ALB,2000,21.9339577897421,5.619
ALB,2001,20.7951911445688,5.625
ALB,2002,23.3012204378614,5.69
ALB,2003,25.4207582977575,5.777
ALB,2004,22.4351342494154,5.784
ALB,2005,22.259060754129,5.763
ALB,2006,21.6940202849085,5.715
ALB,2007,21.1074303588099,5.609
ALB,2008,20.3843605591518,5.584
ALB,2009,19.4622092719986,5.721
ALB,2010,18.3920007444687,6.055
ALB,2011,21.9489443809331,6.36
ALB,2012,19.0674970188242,6.728
ALB,2013,18.1851957150545,7.019
ALB,2014,16.6949201821752,7.236
ALB,2015,18.6786335737453,7.245
ALB,2016,16.5118382060405,7.288
ALB,2017,17.2674048084392,7.373
ALB,2018,17.9552347660824,7.375
ALB,2019,17.2950261740093,7.473
ALB,2020,15.7141751458801,9.08
ALB,2021,15.8337516349214,10.262
ALB,2022,16.4538233724819,8.709
ALB,2023,15.5141032036885,8.332
AND,1990,15.6783655856541,5.256
AND,1991,15.4609468224039,5.154
AND,1992,15.4424556377828,5.046
AND,1993,15.4239644531617,5.242
AND,1994,15.4054732685405,5.48
AND,1995,14.9891269266612,5.334
AND,1996,15.3684908992983,5.467
AND,1997,15.3499997146772,5.707
AND,1998,15.3315085300561,5.91
AND,1999,15.313017345435,6.059
AND,2000,15.4934537394429,6.228
AND,2001,14.6642939715343,6.293
AND,2002,14.6880299711952,6.486
AND,2003,14.9775602631261,6.368
AND,2004,13.7061703844032,6.287
AND,2005,13.9465958618342,6.076
AND,2006,12.9297272785491,5.836
AND,2007,11.8225101387285,5.865
AND,2008,11.4625201603076,5.875
AND,2009,11.7901943038941,5.979
AND,2010,11.338774688531,6.266
AND,2011,11.2856546088828,5.952
AND,2012,11.2727964795959,5.996
AND,2013,9.28299673928957,5.926
AND,2014,8.8843864780387,5.812
AND,2015,10.5752672419823,5.673
AND,2016,8.29214112193156,5.412
AND,2017,9.76834551376592,5.436
AND,2018,9.37766491513792,5.48
AND,2019,9.16802805222713,5.56
AND,2020,8.50701783669627,8.285
AND,2021,9.25302038744399,6.983
AND,2022,11.4677282320292,5.948
AND,2023,8.88302187970813,6.076
ARB,1990,34.4256593089487,8.42465138546443
ARB,1991,34.5121357123502,8.79272747920822
ARB,1992,34.8459899229131,8.33895611792282
ARB,1993,35.1326470303475,7.40011188688669
ARB,1994,35.4026543868328,7.28813705662795
ARB,1995,35.3038335905281,7.11330038640527
ARB,1996,35.9414532788319,6.97632479140949
ARB,1997,36.2232911067294,6.8452518220731
ARB,1998,36.5170994348814,6.71321550607525
ARB,1999,36.8178102426111,6.58509338916442
ARB,2000,37.3329700973711,6.46117283219359
ARB,2001,36.3422330395647,6.33999207742352
ARB,2002,36.8698228310029,6.23623810860253
ARB,2003,40.8643057962778,6.25136743006813
ARB,2004,39.9772695662504,6.2671226451883
ARB,2005,38.4220144046919,6.18231788831916
ARB,2006,36.8974241345293,6.02956905700487
ARB,2007,36.5251692193203,5.90976809563247
ARB,2008,37.3785244571265,5.7919046841356
ARB,2009,38.4387808924378,5.64947352731116
ARB,2010,39.9121244542125,5.68661995464932
ARB,2011,38.4343142707446,6.19255854640541
ARB,2012,39.6298967233427,5.72895771797623
ARB,2013,39.9909334214104,5.59650495446039
ARB,2014,36.513790687249,5.49346165918509
ARB,2015,40.6777726436523,5.48082717395682
ARB,2016,39.1893004358148,5.4088022918749
ARB,2017,39.6105803143106,5.39805245312802
ARB,2018,39.4640693474745,5.28924539210564
ARB,2019,38.4029794136485,5.15505260686536
ARB,2020,36.2711335822781,5.72358247086361
ARB,2021,37.8556017697281,5.90470479510732
ARB,2022,41.2831313529363,5.19978525681961
ARB,2023,38.9233143832018,5.04104897342606
ARE,1990,56.2386358010963,2.786
ARE,1991,56.3746439959508,2.76
ARE,1992,56.3639232683568,2.77
ARE,1993,56.3532025407628,2.801
ARE,1994,56.3424818131688,2.85
ARE,1995,56.6252189304716,2.85
ARE,1996,56.3210403579807,2.754
ARE,1997,56.3103196303867,2.644
ARE,1998,56.2995989027927,2.459
ARE,1999,56.2888781751987,2.233
ARE,2000,56.1314285251562,2.004
ARE,2001,56.390498735709,1.801
ARE,2002,48.9007592225192,1.646
ARE,2003,60.7690769621445,1.546
ARE,2004,61.1629888436701,1.49
ARE,2005,56.3211849082399,1.471
ARE,2006,53.0567535809252,1.444
ARE,2007,54.6263917893835,1.34
ARE,2008,56.2632916050896,1.205
ARE,2009,55.8795640874537,1.165
ARE,2010,55.5370145912635,1.073
ARE,2011,57.1500411170482,1.027
ARE,2012,64.1373972820381,1.033
ARE,2013,55.8898306923373,1.033
ARE,2014,50.625296563254,1.014
ARE,2015,58.4002194876441,1.021
ARE,2016,53.8883697624575,1.007
ARE,2017,55.7483527139541,0.97
ARE,2018,58.2253146383654,0.957
ARE,2019,55.0277222030034,0.958
ARE,2020,47.9198581382905,1.118
ARE,2021,56.3065448613774,1.258
ARE,2022,67.6947186324117,1.18
ARE,2023,57.1867315267375,0.932
ARG,1990,20.22963857398,7.832
ARG,1991,20.0256364176433,7.621
ARG,1992,19.7953991274729,7.681
ARG,1993,19.5651618373026,7.694
ARG,1994,19.3349245471322,7.49
ARG,1995,19.1571575246282,7.562
ARG,1996,18.8744499667915,7.52
ARG,1997,18.6442126766212,7.413
ARG,1998,18.4139753864508,7.605
ARG,1999,18.1837380962805,7.576
ARG,2000,17.9272656722768,7.57
ARG,2001,17.9178130849004,7.496
ARG,2002,17.9424613527905,7.531
ARG,2003,18.4432572840448,7.736
ARG,2004,17.3793108071762,7.527
ARG,2005,16.5905504324948,7.386
ARG,2006,16.1544260860828,7.445
ARG,2007,15.8670107757052,7.899
ARG,2008,15.8984989433497,7.517
ARG,2009,15.346371309888,7.479
ARG,2010,14.5390685061033,7.625
ARG,2011,15.7163051408834,7.419
ARG,2012,14.0989689010505,7.719
ARG,2013,14.5961380999521,7.78
ARG,2014,13.534008457628,7.549
ARG,2015,13.8006524258903,7.449
ARG,2016,14.1434158723716,7.865
ARG,2017,13.2987334804339,7.682
ARG,2018,13.5371363799976,7.583
ARG,2019,14.7246348007331,7.676
ARG,2020,16.0292286761716,8.45
ARG,2021,13.9190749120157,9.725
ARG,2022,15.8656062718096,8.797
ARG,2023,14.3465949932455,7.668
ARM,1990,30.1305661170696,7.724
ARM,1991,29.798292630746,7.711
ARM,1992,29.7410727213204,7.9
ARM,1993,29.6838528118948,7.932
ARM,1994,29.6266329024692,7.983
ARM,1995,29.0193058392473,8.013
ARM,1996,29.512193083618,8.057
ARM,1997,29.4549731741924,8.084
ARM,1998,29.3977532647668,8.13
ARM,1999,29.3405333553412,8.139
ARM,2000,29.5583670228137,7.5
ARM,2001,31.4125055642383,7.5
ARM,2002,30.0036787737701,8.0
ARM,2003,30.1806671919397,8.2
ARM,2004,28.8594792280716,8.1
ARM,2005,30.0731073574406,8.4
ARM,2006,27.6732118169161,8.7
ARM,2007,28.6749315507276,8.6
ARM,2008,28.3731447517631,8.9
ARM,2009,26.6070670400814,9.0
ARM,2010,31.9621141886677,9.2
ARM,2011,26.4617308757386,9.2
ARM,2012,26.175282946909,9.1
ARM,2013,27.0068139463312,9.0
ARM,2014,28.478768503414,9.2
ARM,2015,28.2872611000725,9.3
ARM,2016,25.352291625061,9.4
ARM,2017,27.1407235472997,9.1
ARM,2018,27.6903289992915,8.7
ARM,2019,29.3192994071172,8.8
ARM,2020,27.1586984360582,12.2
ARM,2021,30.5313936417254,11.6
ARM,2022,29.3633535061781,9.0
ARM,2023,28.5532304553511,8.2
ASM,1990,4.81089982049529,4.502
ASM,1991,4.72282848836701,4.466
ASM,1992,4.73131158912934,4.419
ASM,1993,4.73979468989167,4.428
ASM,1994,4.748277790654,4.41
ASM,1995,4.56365202563517,4.397
ASM,1996,4.76524399217867,4.385
ASM,1997,4.773727092941,4.373
ASM,1998,4.78221019370333,4.385
ASM,1999,4.79069329446566,4.396
ASM,2000,4.89573082811857,4.421
ASM,2001,5.00312414651031,4.46
ASM,2002,4.90483414817477,4.491
ASM,2003,4.94522596756919,4.619
ASM,2004,4.62015587583084,4.502
ASM,2005,4.70911505475052,4.553
ASM,2006,4.67818706927393,4.628
ASM,2007,4.49787812387175,4.72
ASM,2008,4.41642087028998,4.771
ASM,2009,4.28619298490016,5.432
ASM,2010,4.14691069243024,4.827
ASM,2011,3.68918333841989,4.923
ASM,2012,4.11628959665275,5.055
ASM,2013,4.19070253828411,5.188
ASM,2014,4.29679944206415,5.39
ASM,2015,4.80346129180255,5.574
ASM,2016,4.36966847130404,5.75
ASM,2017,4.41481834826019,5.846
ASM,2018,4.21045281260761,6.011
ASM,2019,4.39741986831472,6.191
ASM,2020,4.16338006013942,6.35
ASM,2021,3.44788729126219,6.583
ASM,2022,4.93764089552049,6.815
ASM,2023,4.32593683167305,7.021
ATG,1990,10.3897933827537,7.597
ATG,1991,10.4052490835993,7.625
ATG,1992,10.4211244804814,7.643
ATG,1993,10.4369998773636,7.562
ATG,1994,10.4528752742457,7.408
ATG,1995,10.4679112790548,7.253
ATG,1996,10.4846260680099,7.039
ATG,1997,10.500501464892,6.837
ATG,1998,10.5163768617741,6.635
ATG,1999,10.5322522586562,6.447
ATG,2000,10.5485473515749,6.254
ATG,2001,10.3698107682576,6.148
ATG,2002,10.7429183433564,6.164
ATG,2003,9.61991777811975,6.256
ATG,2004,9.18755471028022,6.333
ATG,2005,9.77154755214194,6.343
ATG,2006,9.36913899961844,6.263
ATG,2007,8.81434943519754,6.157
ATG,2008,9.17230005828257,6.008
ATG,2009,9.9175285355806,5.888
ATG,2010,10.3407136517837,5.767
ATG,2011,8.6466523916064,5.664
ATG,2012,10.0602793049058,5.692
ATG,2013,7.76645494272834,5.786
ATG,2014,7.35833432193136,5.954
ATG,2015,9.93555627724521,6.069
ATG,2016,9.32751354768073,6.142
ATG,2017,9.4074769261878,6.228
ATG,2018,8.77740530406974,6.312
ATG,2019,8.34453999917169,6.448
ATG,2020,8.63405896462972,6.605
ATG,2021,9.34508100191775,6.806
ATG,2022,7.94265413166136,6.771
ATG,2023,8.4161129524253,6.893
AUS,1990,6.47519645040887,7.0
AUS,1991,6.37706956375606,6.9
AUS,1992,6.35020500909293,7.1
AUS,1993,6.32334045442979,6.9
AUS,1994,6.29647589976666,7.1
AUS,1995,6.12708668112411,6.9
AUS,1996,6.24274679044039,7.0
AUS,1997,6.21588223577726,7.0
AUS,1998,6.18901768111413,6.8
AUS,1999,6.16215312645099,6.8
AUS,2000,6.20655090377755,6.7
AUS,2001,6.15501576616747,6.6
AUS,2002,6.39048299480691,6.8
AUS,2003,6.49076746289862,6.6
AUS,2004,5.80113776180901,6.5
AUS,2005,5.71554337062687,6.4
AUS,2006,6.03408696468731,6.4
AUS,2007,5.97221556101005,6.7
AUS,2008,6.04759283236165,6.7
AUS,2009,6.93686091726477,6.5
AUS,2010,5.29138421440233,6.5
AUS,2011,5.4379673679775,6.6
AUS,2012,5.39664894010799,6.6
AUS,2013,5.96759365657982,6.4
AUS,2014,6.04064376240177,6.6
AUS,2015,5.89199209300085,6.6
AUS,2016,5.82493790294975,6.6
AUS,2017,5.82431330571029,6.5
AUS,2018,6.05401225103758,6.3
AUS,2019,9.32733932375095,6.7
AUS,2020,6.81304835611171,6.3
AUS,2021,5.4818683964456,6.7
AUS,2022,5.30273651659332,7.3
AUS,2023,6.41473930057816,6.875
AUT,1990,25.0466588157402,10.8
AUT,1991,25.1542278187766,10.8
AUT,1992,24.7710078201332,10.6
AUT,1993,24.3877878214898,10.4
AUT,1994,24.0045678228464,10.2
AUT,1995,24.6029258275613,10.2
AUT,1996,23.2381278255596,10.2
AUT,1997,22.8549078269162,10.0
AUT,1998,22.4716878282728,9.8
AUT,1999,22.0884678296294,9.8
AUT,2000,21.2144588293067,9.6
AUT,2001,20.0683446748278,9.3
AUT,2002,20.5951513902197,9.4
AUT,2003,21.2029287837817,9.5
AUT,2004,18.6021664481654,9.1
AUT,2005,20.2034560861732,9.1
AUT,2006,18.2211876930105,9.0
AUT,2007,16.4921580815101,9.0
AUT,2008,15.133268975474,9.0
AUT,2009,15.7213971293354,9.3
AUT,2010,16.6644366814786,9.2
AUT,2011,16.7900255714223,9.1
AUT,2012,14.2633315811578,9.4
AUT,2013,15.4792687504357,9.4
AUT,2014,13.6682418765719,9.2
AUT,2015,13.4993565061975,9.6
AUT,2016,12.7813357929748,9.2
AUT,2017,12.8820472788083,9.5
AUT,2018,13.8481763510534,9.5
AUT,2019,11.0526066543986,9.4
AUT,2020,10.2641161409981,10.3
AUT,2021,10.7703740394321,10.3
AUT,2022,10.6275168759367,10.3
AUT,2023,10.0337620235066,9.8
AZE,1990,23.7431511242153,6.1
AZE,1991,23.8059581655464,6.3
AZE,1992,23.7508035275602,7.1
AZE,1993,23.695648889574,7.2
AZE,1994,23.6404942515879,7.3
AZE,1995,23.8212629722359,6.7
AZE,1996,23.5301849756156,6.2
AZE,1997,23.4750303376294,6.0
AZE,1998,23.4198756996433,5.9
AZE,1999,23.3647210616571,5.8
AZE,2000,23.1916047443539,5.8
AZE,2001,23.6305632037511,5.6
AZE,2002,23.5330336648888,5.7
AZE,2003,22.5103069788787,6.0
AZE,2004,21.654949425118,6.0
AZE,2005,22.4573185913491,6.2
AZE,2006,24.6326802865821,6.2
AZE,2007,27.2771928033819,6.3
AZE,2008,27.364914161406,6.0
AZE,2009,26.3210725482003,5.9
AZE,2010,29.8230772830995,5.9
AZE,2011,23.5041723870757,5.9
AZE,2012,24.1972460640639,5.9
AZE,2013,25.0738900024656,5.8
AZE,2014,27.8735839715851,5.8
AZE,2015,23.4359645146502,5.7
AZE,2016,21.1210652999916,5.8
AZE,2017,24.6961165262549,5.8
AZE,2018,24.2110829954808,5.8
AZE,2019,23.6069727557806,5.6
AZE,2020,24.5574389862394,7.5
AZE,2021,27.2242211332911,7.6
AZE,2022,24.1942721597719,6.0
AZE,2023,23.7138875571912,5.9
BDI,1990,37.3806375673355,18.879
BDI,1991,37.7200650134083,19.105
BDI,1992,37.8442242181483,18.986
BDI,1993,37.9683834228883,26.203
BDI,1994,38.0925426276284,17.69
BDI,1995,38.6472383150342,18.543
BDI,1996,38.3408610371084,18.578
BDI,1997,38.4650202418484,17.459
BDI,1998,38.5891794465885,16.497
BDI,1999,38.7133386513285,15.906
BDI,2000,38.6222296147357,15.854
BDI,2001,38.2232545279687,15.219
BDI,2002,36.6463162438684,14.457
BDI,2003,36.7569816342123,13.818
BDI,2004,38.2609792705125,13.16
BDI,2005,37.1835146222948,12.756
BDI,2006,37.7660922966848,12.264
BDI,2007,39.0457159521089,11.768
BDI,2008,40.2516379755166,11.297
BDI,2009,36.8673478821929,10.772
BDI,2010,40.3328437578091,10.509
BDI,2011,40.8879781915218,10.072
BDI,2012,40.4265824547151,9.601
BDI,2013,41.3059905088666,9.201
BDI,2014,36.8085564374889,8.845
BDI,2015,39.653487426017,8.688
BDI,2016,39.0270703043027,8.209
BDI,2017,32.5449134508741,7.864
BDI,2018,32.1232894818729,7.559
BDI,2019,39.9184588505278,7.394
BDI,2020,37.9559631020333,7.191
BDI,2021,36.847841947951,7.306
BDI,2022,36.3050025944922,6.997
BDI,2023,35.6918123934643,6.718
BEL,1990,22.6005777132933,10.4
BEL,1991,22.6330227557187,10.4
BEL,1992,22.3481095618463,10.4
BEL,1993,22.0631963679738,10.6
BEL,1994,21.7782831741014,10.3
BEL,1995,22.1280864528237,10.3
BEL,1996,21.2084567863565,10.3
BEL,1997,20.923543592484,10.2
BEL,1998,20.6386303986116,10.3
BEL,1999,20.3537172047391,10.3
BEL,2000,19.7514457745692,10.2
BEL,2001,18.2545491321112,10.1
BEL,2002,18.279988843942,10.2
BEL,2003,20.5488521754402,10.3
BEL,2004,18.2276650083642,9.7
BEL,2005,17.7070766725274,9.9
BEL,2006,17.0273395429666,9.6
BEL,2007,16.8142059578436,9.5
BEL,2008,17.4576536925752,9.8
BEL,2009,17.6017296087544,9.6
BEL,2010,17.1628218129913,9.7
BEL,2011,16.5866346122343,9.4
BEL,2012,14.7753104581848,9.8
BEL,2013,15.6826178868835,9.8
BEL,2014,12.9420206201963,9.3
BEL,2015,12.4882300200128,9.8
BEL,2016,12.1316484677594,9.5
BEL,2017,11.8142228651313,9.6
BEL,2018,12.2060188213467,9.7
BEL,2019,10.4433980360673,9.5
BEL,2020,9.1455522668212,11.0
BEL,2021,10.7283609930744,9.7
BEL,2022,10.074123834212,10.0
BEL,2023,8.44918716609445,9.4
BEN,1990,43.7777338078075,14.84
BEN,1991,41.911185553105,14.486
BEN,1992,42.1999574587466,13.988
BEN,1993,42.4887293643883,13.444
BEN,1994,42.7775012700299,13.445
BEN,1995,38.7556328549847,13.117
BEN,1996,43.3550450813132,12.817
BEN,1997,43.6438169869548,12.518
BEN,1998,43.9325888925964,12.321
BEN,1999,44.2213607982381,12.121
BEN,2000,46.665452864223,11.89
BEN,2001,38.11244474866,11.761
BEN,2002,40.4228029902921,11.583
BEN,2003,32.7610204637739,11.403
BEN,2004,43.4912072609613,11.224
BEN,2005,35.0414153042718,10.967
BEN,2006,38.7828720839409,10.853
BEN,2007,42.5674807399135,10.661
BEN,2008,42.7769078552175,10.654
BEN,2009,37.0408370393976,10.516
BEN,2010,35.1255556615118,10.405
BEN,2011,38.2689360574171,10.331
BEN,2012,38.1125116282081,10.259
BEN,2013,32.0680531492356,10.092
BEN,2014,32.0556801866944,9.99
BEN,2015,46.10419617173,9.898
BEN,2016,41.3645051855967,9.783
BEN,2017,40.9902705675967,9.62
BEN,2018,35.0618319233165,9.477
BEN,2019,33.2793211323522,9.335
BEN,2020,41.5093042158764,9.17
BEN,2021,40.8353843252766,9.349
BEN,2022,41.496929120914,8.948
BEN,2023,39.6565559870988,8.797
BFA,1990,39.3039241647786,17.227
BFA,1991,37.9987486083852,17.142
BFA,1992,38.304050664437,17.008
BFA,1993,38.6093527204889,16.873
BFA,1994,38.9146547765407,16.732
BFA,1995,35.9990016077035,16.594
BFA,1996,39.5252588886444,16.436
BFA,1997,39.8305609446963,16.43
BFA,1998,40.1358630007481,15.934
BFA,1999,40.4411650568,15.636
BFA,2000,42.3569447252964,15.332
BFA,2001,38.1501718509654,14.998
BFA,2002,42.7706156784348,14.727
BFA,2003,34.2320094981959,14.335
BFA,2004,50.0796245882526,13.861
BFA,2005,42.9547755025749,13.392
BFA,2006,44.4270955520084,13.049
BFA,2007,46.1468584929254,12.653
BFA,2008,46.7498289727153,12.122
BFA,2009,42.023337575802,11.71
BFA,2010,41.7046322646686,11.334
BFA,2011,42.704603891547,10.905
BFA,2012,41.9889050064991,10.584
BFA,2013,35.571502354435,10.277
BFA,2014,37.4453908399316,9.966
BFA,2015,48.7105219514513,9.658
BFA,2016,43.2939002203779,9.366
BFA,2017,41.2767834293187,9.077
BFA,2018,35.9160885050934,8.778
BFA,2019,34.0812487151047,8.564
BFA,2020,38.7317658994725,8.325
BFA,2021,37.330661427955,8.435
BFA,2022,41.5553296753411,8.135
BFA,2023,37.3246424541393,7.964
BGD,1990,64.6524235832391,11.962
BGD,1991,63.8746684638831,12.945
BGD,1992,63.8693390691615,11.243
BGD,1993,63.8640096744399,10.876
BGD,1994,63.8586802797183,10.517
BGD,1995,62.3084994357281,10.147
BGD,1996,63.8480214902751,9.756
BGD,1997,63.8426920955535,9.402
BGD,1998,63.8373627008319,9.037
BGD,1999,63.8320333061103,8.643
BGD,2000,64.5991296360229,8.276
BGD,2001,64.1618253741628,7.934
BGD,2002,65.2444384481628,7.598
BGD,2003,64.4362276968505,7.302
BGD,2004,63.9852155965893,7.053
BGD,2005,65.5001984165459,6.824
BGD,2006,63.1277622403815,6.634
BGD,2007,62.6800909457975,6.51
BGD,2008,65.2040972325802,6.319
BGD,2009,70.6456661196446,6.181
BGD,2010,67.4916421858428,6.049
BGD,2011,69.2015582728483,5.93
BGD,2012,73.0293458531385,5.847
BGD,2013,65.4784823754338,5.778
BGD,2014,68.7428624015006,5.703
BGD,2015,65.5167318093513,5.638
BGD,2016,64.2366339904364,5.575
BGD,2017,63.8347510665769,5.512
BGD,2018,79.2984145312804,5.442
BGD,2019,66.7938254643287,5.372
BGD,2020,72.109680405827,6.126
BGD,2021,73.1105267513781,6.317
BGD,2022,63.2199514017555,5.037
BGD,2023,69.2525518340174,5.01
BGR,1990,31.8382101457143,12.5
BGR,1991,31.131236959665,12.8
BGR,1992,30.806436690094,12.6
BGR,1993,30.481636420523,12.9
BGR,1994,30.156836150952,13.2
BGR,1995,29.0676900484233,13.6
BGR,1996,29.5072356118099,14.0
BGR,1997,29.1824353422389,14.7
BGR,1998,28.8576350726679,14.3
BGR,1999,28.5328348030969,13.6
BGR,2000,28.5902074500045,14.1
BGR,2001,28.1926059046664,14.0
BGR,2002,31.1118628833264,14.4
BGR,2003,32.8668087120493,14.4
BGR,2004,28.6334698802039,14.3
BGR,2005,29.3063935722121,14.8
BGR,2006,29.5054981153315,14.9
BGR,2007,29.5864824698688,15.0
BGR,2008,27.9437166948825,14.8
BGR,2009,25.5598124575499,14.5
BGR,2010,25.3083783514198,14.9
BGR,2011,30.8419877010684,14.7
BGR,2012,26.2195407538234,15.0
BGR,2013,23.8377122442489,14.6
BGR,2014,24.5644186833641,15.4
BGR,2015,21.898677985146,15.8
BGR,2016,21.3967799774618,15.6
BGR,2017,22.0031777604192,16.1
BGR,2018,22.433444950167,16.2
BGR,2019,21.9039450440062,16.3
BGR,2020,20.4975477456356,19.0
BGR,2021,20.3137843906143,22.9
BGR,2022,22.8155719307165,18.4
BGR,2023,19.6823426211069,15.7
BHR,1990,63.6270025776034,3.175
BHR,1991,62.4118962061712,3.108
BHR,1992,62.1330938762631,3.05
BHR,1993,61.854291546355,3.014
BHR,1994,61.575489216447,2.96
BHR,1995,59.4240788034898,2.904
BHR,1996,61.0178845566309,2.846
BHR,1997,60.7390822267228,2.796
BHR,1998,60.4602798968148,2.748
BHR,1999,60.1814775669067,2.701
BHR,2000,60.8389792785229,2.646
BHR,2001,58.7648643963331,2.528
BHR,2002,54.0853602970119,2.434
BHR,2003,72.0270349169906,2.37
BHR,2004,66.5082075307466,2.313
BHR,2005,67.9241912376978,2.258
BHR,2006,57.907881750334,2.203
BHR,2007,55.0005459330116,2.151
BHR,2008,58.0363788009494,2.103
BHR,2009,61.7249940251452,2.058
BHR,2010,57.4156022054003,2.077
BHR,2011,54.6856108835961,2.061
BHR,2012,60.1462862483855,2.022
BHR,2013,54.3108486816998,1.984
BHR,2014,49.8530353704297,2.065
BHR,2015,59.1026648910356,2.084
BHR,2016,55.8298463546878,1.983
BHR,2017,55.7929970849719,1.987
BHR,2018,60.1158397824297,2.035
BHR,2019,55.3164475014708,2.104
BHR,2020,51.222597367969,2.586
BHR,2021,57.5337113311962,2.804
BHR,2022,62.6696652208807,2.094
BHR,2023,56.5654845582004,2.089
BHS,1990,9.02820395379773,6.148
BHS,1991,9.07514312694206,6.154
BHS,1992,9.09099933696171,6.23
BHS,1993,9.10685554698136,6.265
BHS,1994,9.12271175700101,6.34
BHS,1995,9.20073389327005,6.438
BHS,1996,9.1544241770403,6.517
BHS,1997,9.17028038705995,6.558
BHS,1998,9.1861365970796,6.554
BHS,1999,9.20199280709925,6.522
BHS,2000,9.1867660539942,6.485
BHS,2001,8.91673895996971,6.485
BHS,2002,9.03184659764032,6.499
BHS,2003,8.65521337788781,6.545
BHS,2004,8.11162034667286,6.654
BHS,2005,8.51983511727044,6.721
BHS,2006,6.92914071208145,6.827
BHS,2007,5.92055546020489,6.948
BHS,2008,5.61740354863552,7.081
BHS,2009,5.63017001159731,7.202
BHS,2010,5.42546958783167,7.322
BHS,2011,6.29244417577298,7.39
BHS,2012,6.12530962163224,7.457
BHS,2013,4.90941453038312,7.486
BHS,2014,5.30154777870129,7.596
BHS,2015,5.23962361576105,7.832
BHS,2016,5.36371146236856,7.94
BHS,2017,6.05904855335275,8.12
BHS,2018,5.43874757916624,8.276
BHS,2019,5.0272257747929,9.321
BHS,2020,5.25103377045855,9.523
BHS,2021,5.76047860913552,11.259
BHS,2022,5.17940611031709,8.558
BHS,2023,5.28191362280586,8.713
BIH,1990,36.0848016265812,7.544
BIH,1991,35.3402938449244,7.535
BIH,1992,35.3358002189764,19.565
BIH,1993,35.3313065930283,19.948
BIH,1994,35.3268129670803,10.658
BIH,1995,33.8422910297148,9.083
BIH,1996,35.3178257151843,7.751
BIH,1997,35.3133320892363,7.637
BIH,1998,35.3088384632882,7.473
BIH,1999,35.3043448373402,7.381
BIH,2000,36.0398653671008,7.413
BIH,2001,35.4563640190541,7.483
BIH,2002,39.2565817514332,7.49
BIH,2003,42.1816563952014,7.488
BIH,2004,37.4503438021972,7.819
BIH,2005,38.3870312261396,8.212
BIH,2006,33.9661638101497,8.883
BIH,2007,31.4570046072722,9.167
BIH,2008,31.0337318736681,9.492
BIH,2009,31.6793038026591,9.593
BIH,2010,32.5184518420272,9.961
BIH,2011,34.5560460093254,10.296
BIH,2012,30.9238504274899,10.712
BIH,2013,28.4614120652825,11.052
BIH,2014,28.3747836629907,11.487
BIH,2015,31.686057116213,11.909
BIH,2016,30.7944873808796,12.228
BIH,2017,29.5143111711294,12.304
BIH,2018,30.020148190921,11.98
BIH,2019,25.9044315955196,13.102
BIH,2020,26.8199216959582,15.173
BIH,2021,25.6011826273789,18.387
BIH,2022,27.1094617563555,14.05
BIH,2023,26.0886959562752,13.457
BLR,1990,32.6615185663722,10.8
BLR,1991,32.0509243801977,11.2
BLR,1992,31.5900275440671,11.4
BLR,1993,31.1291307079364,12.6
BLR,1994,30.6682338718058,12.7
BLR,1995,29.9079423355858,13.1
BLR,1996,29.7464401995446,13.1
BLR,1997,29.285543363414,13.5
BLR,1998,28.8246465272833,13.6
BLR,1999,28.3637496911527,14.2
BLR,2000,28.0525502050665,13.5
BLR,2001,27.1696587491467,14.1
BLR,2002,30.1968793279745,14.8
BLR,2003,24.1332539050172,14.5
BLR,2004,23.0039569682161,14.3
BLR,2005,21.833388800954,14.5
BLR,2006,18.3729166053979,14.2
BLR,2007,17.3262028747339,13.7
BLR,2008,17.7068938240259,13.8
BLR,2009,18.5156153738588,14.1
BLR,2010,20.2964961864761,14.5
BLR,2011,17.2267917168315,14.3
BLR,2012,16.9065715512912,13.4
BLR,2013,17.8616324297744,13.2
BLR,2014,18.3859366839528,12.8
BLR,2015,15.5038696838771,12.6
BLR,2016,14.6025888523524,12.6
BLR,2017,14.6870404841654,12.6
BLR,2018,16.1066672532807,12.7
BLR,2019,13.3493316188904,12.8
BLR,2020,12.6488078774925,15.784
BLR,2021,13.8648907796671,15.839
BLR,2022,11.3970306974406,13.246
BLR,2023,11.9843753055171,13.338
BLZ,1990,19.8741462808568,5.903
BLZ,1991,19.5448509220282,5.772
BLZ,1992,19.4874969860559,5.721
BLZ,1993,19.4301430500837,5.555
BLZ,1994,19.3727891141115,5.392
BLZ,1995,18.7715523324263,5.311
BLZ,1996,19.2580812421671,5.279
BLZ,1997,19.2007273061949,5.335
BLZ,1998,19.1433733702227,5.477
BLZ,1999,19.0860194342505,5.497
BLZ,2000,19.3006069211347,5.569
BLZ,2001,18.2327278363794,5.598
BLZ,2002,17.692760305697,5.384
BLZ,2003,18.6613249021124,5.294
BLZ,2004,15.8204070236252,5.2
BLZ,2005,17.537764001577,5.163
BLZ,2006,17.6945314617259,5.115
BLZ,2007,17.5300850531806,5.104
BLZ,2008,16.7426083718369,5.142
BLZ,2009,15.1682412538152,5.136
BLZ,2010,14.6089552591472,5.173
BLZ,2011,18.1926127367792,5.181
BLZ,2012,14.8465727385806,5.173
BLZ,2013,17.3111176285299,5.173
BLZ,2014,16.8336459242248,5.167
BLZ,2015,16.4566914159076,5.143
BLZ,2016,14.4491201016593,5.113
BLZ,2017,14.8736345924849,5.094
BLZ,2018,17.2078639082203,5.07
BLZ,2019,15.6755582216661,5.04
BLZ,2020,20.1063464402887,5.576
BLZ,2021,15.8517350969341,5.95
BLZ,2022,16.0563950590085,5.409
BLZ,2023,16.7646615164655,4.925
BMU,1990,6.77187476064473,7.717
BMU,1991,6.70072990265726,7.579
BMU,1992,6.68947566085116,7.563
BMU,1993,6.67822141904506,7.516
BMU,1994,6.66696717723896,7.372
BMU,1995,6.5359317030701,7.175
BMU,1996,6.64445869362676,7.015
BMU,1997,6.63320445182066,6.936
BMU,1998,6.62195021001456,6.785
BMU,1999,6.61069596820846,6.593
BMU,2000,6.65933234258372,6.436
BMU,2001,6.72228695580297,6.43
BMU,2002,6.09110655241241,6.521
BMU,2003,6.28400235197218,6.746
BMU,2004,5.66538060914111,6.904
BMU,2005,5.92579726295481,7.134
BMU,2006,5.89162999364547,7.36
BMU,2007,5.79791813343357,7.506
BMU,2008,5.6266554546584,7.572
BMU,2009,5.20850159566894,7.604
BMU,2010,4.89419844519564,7.576
BMU,2011,5.63093887602618,7.674
BMU,2012,5.70922888820353,7.811
BMU,2013,4.81150844680133,7.967
BMU,2014,5.02432813328673,8.159
BMU,2015,5.19596346375175,8.389
BMU,2016,5.07487478947819,8.62
BMU,2017,4.66817806511424,8.691
BMU,2018,4.26666041503996,8.689
BMU,2019,4.61313731822298,8.705
BMU,2020,4.83550443231108,8.755
BMU,2021,5.41726938273909,8.762
BMU,2022,4.67916643603767,8.772
BMU,2023,4.6349320219719,8.858
BOL,1990,93.8442496914085,12.034
BOL,1991,93.9060139381223,11.675
BOL,1992,91.7358735728021,11.372
BOL,1993,89.5657332074819,10.948
BOL,1994,87.3955928421617,10.703
BOL,1995,89.6892617009014,10.517
BOL,1996,83.0553121115214,10.344
BOL,1997,80.8851717462012,10.179
BOL,1998,78.715031380881,10.011
BOL,1999,76.5448910155609,9.88
BOL,2000,72.1428460382098,9.745
BOL,2001,68.8114730581515,9.563
BOL,2002,71.1955453060466,9.356
BOL,2003,65.23851093935,9.148
BOL,2004,66.9085928958547,8.964
BOL,2005,66.4836219904112,8.79
BOL,2006,43.7556419473966,8.648
BOL,2007,31.0164395216213,8.465
BOL,2008,30.3483264008865,8.313
BOL,2009,27.2772664230114,8.172
BOL,2010,38.1987404488372,8.036
BOL,2011,30.2808785160905,7.94
BOL,2012,26.3774150753894,7.835
BOL,2013,25.1627814896826,7.781
BOL,2014,26.2919232240248,7.729
BOL,2015,27.1504403241606,7.659
BOL,2016,28.6713882052018,7.614
BOL,2017,27.7238355089629,7.591
BOL,2018,26.4642569469127,7.561
BOL,2019,28.9239915164101,7.555
BOL,2020,31.3573420977687,10.836
BOL,2021,28.1172356323428,11.791
BOL,2022,30.5651114620926,7.681
BOL,2023,28.1374394437756,7.172
BRA,1990,27.0684052215404,6.977
BRA,1991,27.0436401145298,6.879
BRA,1992,26.9625122553321,6.788
BRA,1993,26.8813843961345,6.713
BRA,1994,26.8002565369368,6.621
BRA,1995,26.8318541821129,6.54
BRA,1996,26.6380008185416,6.46
BRA,1997,26.5568729593439,6.393
BRA,1998,26.4757451001463,6.355
BRA,1999,26.3946172409486,6.302
BRA,2000,26.2571266295641,6.248
BRA,2001,26.4030413745218,6.189
BRA,2002,25.9439153902526,6.126
BRA,2003,27.3498607654224,6.033
BRA,2004,26.117644607986,5.96
BRA,2005,25.9108859294373,5.896
BRA,2006,18.8706469637809,5.836
BRA,2007,15.3808986763897,5.793
BRA,2008,15.4639103946941,5.778
BRA,2009,15.2806856745396,5.784
BRA,2010,15.1595867069348,5.801
BRA,2011,15.0149383266817,5.843
BRA,2012,13.6373535030931,5.881
BRA,2013,13.1921121600621,5.924
BRA,2014,13.1579344238856,5.998
BRA,2015,14.1057649860703,6.045
BRA,2016,13.4895823334815,6.226
BRA,2017,13.6049599824881,6.256
BRA,2018,13.3316911366538,6.337
BRA,2019,13.813142449647,6.452
BRA,2020,13.6658296866126,7.502
BRA,2021,13.6869644159129,8.366
BRA,2022,14.946073685839,7.539
BRA,2023,13.3827173243912,7.077
BRB,1990,12.1868406246074,8.447
BRB,1991,12.2133486416472,8.504
BRB,1992,12.2206923076536,8.613
BRB,1993,12.2280359736601,8.705
BRB,1994,12.2353796396665,8.818
BRB,1995,12.2810520077397,8.887
BRB,1996,12.2500669716794,8.904
BRB,1997,12.2574106376858,9.059
BRB,1998,12.2647543036922,8.932
BRB,1999,12.2720979696987,8.994
BRB,2000,12.2602772846717,9.13
BRB,2001,11.9523457572711,9.041
BRB,2002,12.4473812366362,9.036
BRB,2003,11.3845666281254,9.075
BRB,2004,10.7087639076575,8.97
BRB,2005,11.217137815951,9.125
BRB,2006,11.3416172280359,9.121
BRB,2007,10.9593674285005,9.064
BRB,2008,11.6203541774759,9.128
BRB,2009,12.7377986723715,9.109
BRB,2010,12.9335454291745,9.203
BRB,2011,10.5266626649173,9.21
BRB,2012,12.7188332050096,9.208
BRB,2013,9.93105584308029,9.252
BRB,2014,9.35795525195581,9.283
BRB,2015,12.3869427333054,9.324
BRB,2016,11.2755775315277,9.36
BRB,2017,12.1588381483651,9.427
BRB,2018,10.5931989797172,9.459
BRB,2019,10.4750386956747,9.517
BRB,2020,11.3474194945729,9.548
BRB,2021,12.1711043025916,9.817
BRB,2022,10.7984053903982,11.097
BRB,2023,10.9080492042776,10.613
BRN,1990,10.5290841049586,3.928
BRN,1991,10.1510383097261,3.875
BRN,1992,9.9988912560417,3.812
BRN,1993,9.84674420235732,3.746
BRN,1994,9.69459714867294,3.687
BRN,1995,9.0906526118917,3.625
BRN,1996,9.39030304130418,3.579
BRN,1997,9.2381559876198,3.538
BRN,1998,9.08600893393542,3.502
BRN,1999,8.93386188025104,3.482
BRN,2000,9.00761356811497,3.472
BRN,2001,9.05012669954098,3.472
BRN,2002,9.79900856182154,3.487
BRN,2003,9.36342811202869,3.511
BRN,2004,9.66237834354616,3.555
BRN,2005,9.14633769345823,3.61
BRN,2006,9.49809904232257,3.676
BRN,2007,8.99362507390901,3.752
BRN,2008,9.38968997139907,3.775
BRN,2009,13.9667313258895,3.803
BRN,2010,7.84291521668201,3.825
BRN,2011,9.71641781585495,3.843
BRN,2012,9.26471190023977,3.908
BRN,2013,8.33898398662769,4.018
BRN,2014,8.92712980084173,4.135
BRN,2015,12.9042976845405,4.256
BRN,2016,9.30298736230634,4.381
BRN,2017,6.42034684060506,4.509
BRN,2018,8.47475429120961,4.641
BRN,2019,11.5487388591874,4.779
BRN,2020,6.77369728885737,4.922
BRN,2021,7.41473381939997,5.238
BRN,2022,7.47961376576273,6.559
BRN,2023,7.56922294285959,5.23
BTN,1990,29.9237985336991,11.569
BTN,1991,29.4940933650966,11.249
BTN,1992,29.6218026001771,11.314
BTN,1993,29.7495118352575,10.382
BTN,1994,29.877221070338,10.161
BTN,1995,28.8901014980531,9.692
BTN,1996,30.1326395404989,9.133
BTN,1997,30.2603487755793,8.772
BTN,1998,30.3880580106598,8.411
BTN,1999,30.5157672457402,8.055
BTN,2000,31.2008908845033,8.188
BTN,2001,30.3076040698504,7.65
BTN,2002,30.8358858199388,7.5
BTN,2003,31.6397493993183,7.386
BTN,2004,31.5204026747987,7.341
BTN,2005,31.9794021694406,7.362
BTN,2006,30.2874992139427,7.26
BTN,2007,30.0580138356873,7.059
BTN,2008,31.8194883014994,6.89
BTN,2009,35.6511840873713,6.797
BTN,2010,30.2937239727593,6.647
BTN,2011,31.4029331024336,6.549
BTN,2012,32.6917345047905,6.482
BTN,2013,28.4902726728841,6.463
BTN,2014,32.4826578122473,6.478
BTN,2015,32.2583535475829,6.526
BTN,2016,29.8733212662531,6.568
BTN,2017,30.7307674989193,6.643
BTN,2018,33.6414162416309,6.48
BTN,2019,31.729326241531,6.35
BTN,2020,32.0956306761484,6.275
BTN,2021,32.476862028065,6.234
BTN,2022,25.657638995936,6.143
BTN,2023,30.0727424508173,6.11
BWA,1990,17.1420634789964,8.338
BWA,1991,17.0902166620661,8.822
BWA,1992,17.119319496651,9.169
BWA,1993,17.1484223312359,9.599
BWA,1994,17.1775251658208,10.267
BWA,1995,17.0447286973754,10.894
BWA,1996,17.2357308349906,11.134
BWA,1997,17.2648336695755,11.534
BWA,1998,17.2939365041604,11.942
BWA,1999,17.3230393387453,12.288
BWA,2000,17.4330918248454,12.525
BWA,2001,19.9787265036222,12.657
BWA,2002,18.4313729829953,12.652
BWA,2003,17.3604387465354,12.444
BWA,2004,16.7286855848236,12.102
BWA,2005,18.2631821087748,11.735
BWA,2006,16.5709961302696,11.422
BWA,2007,16.1292323144744,10.633
BWA,2008,16.6856331404934,10.225
BWA,2009,16.4316451288827,9.975
BWA,2010,20.0842789077473,9.625
BWA,2011,15.5405259285874,9.416
BWA,2012,17.0970022555707,9.151
BWA,2013,16.6826257510739,8.776
BWA,2014,12.6783006490467,8.358
BWA,2015,16.628762454879,7.913
BWA,2016,14.8575911976175,7.463
BWA,2017,14.3253324202465,7.035
BWA,2018,16.024262643929,6.685
BWA,2019,15.0050545912724,6.408
BWA,2020,13.3194834274843,6.254
BWA,2021,13.9720494964628,8.393
BWA,2022,13.3955374058688,5.826
BWA,2023,13.2435593608353,5.724
CAF,1990,31.6229917542509,16.369
CAF,1991,31.7130294416591,16.313
CAF,1992,31.8023986575005,16.28
CAF,1993,31.8917678733419,16.238
CAF,1994,31.9811370891832,16.274
CAF,1995,32.0718432481586,16.411
CAF,1996,32.159875520866,16.489
CAF,1997,32.2492447367074,16.583
CAF,1998,32.3386139525487,16.553
CAF,1999,32.4279831683901,16.541
CAF,2000,32.5166839126645,16.632
CAF,2001,31.4224711856521,16.539
CAF,2002,31.7235988537475,16.298
CAF,2003,30.3327938830286,15.982
CAF,2004,34.9816529133275,15.669
CAF,2005,31.3614707385598,15.303
CAF,2006,32.8133526000185,15.036
CAF,2007,34.4850126594216,14.6
CAF,2008,36.5976726486443,14.243
CAF,2009,38.1075272116391,72.483
CAF,2010,35.907513544869,15.907
CAF,2011,39.2225449652738,14.008
CAF,2012,36.4656988842659,13.311
CAF,2013,38.1743345015546,14.395
CAF,2014,33.7465914342482,21.406
CAF,2015,37.4065427747097,12.683
CAF,2016,36.2453628561802,13.177
CAF,2017,35.1467368749208,16.943
CAF,2018,35.0601954658141,12.403
CAF,2019,34.0493204346223,30.25
CAF,2020,35.2422763767659,13.259
CAF,2021,33.2577447153042,20.89
CAF,2022,32.636811446638,55.126
CAF,2023,33.2858847106909,9.419
CAN,1990,9.41496241512797,7.3
CAN,1991,9.45065315145438,7.0
CAN,1992,9.39143051308687,6.9
CAN,1993,9.33220787471936,7.1
CAN,1994,9.27298523635185,7.1
CAN,1995,9.40358934737194,7.2
CAN,1996,9.15453995961682,7.2
CAN,1997,9.09531732124931,7.2
CAN,1998,9.0360946828818,7.2
CAN,1999,8.97687204451429,7.2
CAN,2000,8.82273603145294,7.1
CAN,2001,8.95315956066693,7.1
CAN,2002,8.74794195914844,7.1
CAN,2003,8.85367536363244,7.2
CAN,2004,8.1008824990639,7.1
CAN,2005,8.59618989296122,7.2
CAN,2006,8.18328321464726,7.0
CAN,2007,7.96325997909105,7.2
CAN,2008,7.68853022085733,7.2
CAN,2009,7.36586254245046,7.1
CAN,2010,7.13816180330072,7.1
CAN,2011,7.40657220393887,7.1
CAN,2012,6.91602708094203,7.1
CAN,2013,7.14435049587253,7.2
CAN,2014,7.45981587623436,7.3
CAN,2015,7.38952733509424,7.4
CAN,2016,6.17415187643932,7.4
CAN,2017,6.91213506169854,7.6
CAN,2018,7.13787719799952,7.7
CAN,2019,6.44637527905843,7.6
CAN,2020,6.02639529210685,8.1
CAN,2021,7.83769210708607,8.2
CAN,2022,6.38948485769886,8.7
CAN,2023,6.55039237938261,8.2
CEB,1990,29.6449478658648,11.1751433470436
CEB,1991,29.2938952002651,11.4146375713028
CEB,1992,28.7781481502625,11.4216329738049
CEB,1993,28.2557030812743,11.4844267326696
CEB,1994,27.732838578383,11.4337373679571
CEB,1995,27.5414254061358,11.4948485633807
CEB,1996,26.6875567901612,11.5200571644401
CEB,1997,26.1636012022805,11.4090142282431
CEB,1998,25.6385596554142,11.2773899337906
CEB,1999,25.1120545380771,11.2557640956203
CEB,2000,24.4136821076051,11.0069233625195
CEB,2001,24.2503375309448,11.0038623624526
CEB,2002,27.6372569211654,11.1644498611445
CEB,2003,28.275172320587,11.3194437927004
CEB,2004,24.6089231735469,11.1167788912576
CEB,2005,25.5483346395383,11.3449858605434
CEB,2006,23.8567235337922,11.2858738457596
CEB,2007,22.519969470864,11.3894110866263
CEB,2008,21.2891423944361,11.3721251360797
CEB,2009,21.7399471426658,11.434333580072
CEB,2010,23.3021968628468,11.4294836462092
CEB,2011,23.8191539054202,11.3167231657085
CEB,2012,21.6267865157376,11.4967160842715
CEB,2013,20.3970496178154,11.4251762203251
CEB,2014,20.4854978148373,11.3937337693189
CEB,2015,19.4230126004328,11.8724843346811
CEB,2016,18.7250447400488,11.6538761640407
CEB,2017,19.5488419191693,12.0201007634533
CEB,2018,19.7196406081119,12.1770825548759
CEB,2019,16.4975819178021,12.042112339602
CEB,2020,15.4053628873173,13.8169779908689
CEB,2021,16.5662159921164,15.5456100764775
CEB,2022,15.503309118809,13.2665575114509
CEB,2023,15.3086895796362,12.0011240550322
CHE,1990,23.7323677802004,9.5
CHE,1991,23.7238775796841,9.2
CHE,1992,23.4149837355365,9.1
CHE,1993,23.1060898913889,9.0
CHE,1994,22.7971960472413,8.9
CHE,1995,23.0891094903551,9.0
CHE,1996,22.1794083589461,8.9
CHE,1997,21.8705145147985,8.9
CHE,1998,21.5616206706509,8.8
CHE,1999,21.2527268265033,8.7
CHE,2000,20.6434293387248,8.7
CHE,2001,19.5744828842303,8.5
CHE,2002,19.0914104029517,8.5
CHE,2003,20.6635083905936,8.6
CHE,2004,17.5356935410664,8.1
CHE,2005,18.1181168620581,8.2
CHE,2006,15.12653213903,8.1
CHE,2007,13.8556413704269,8.1
CHE,2008,14.0318147947826,8.0
CHE,2009,15.1682362564629,8.1
CHE,2010,14.8648825834156,8.0
CHE,2011,14.9579088964769,7.8
CHE,2012,12.9054774876848,8.0
CHE,2013,13.2847990605947,8.0
CHE,2014,10.6761595852196,7.8
CHE,2015,11.9291736649443,8.2
CHE,2016,10.8708158779171,7.8
CHE,2017,10.6863724663202,7.9
CHE,2018,10.676114525677,7.9
CHE,2019,9.18416349963332,7.9
CHE,2020,9.12641120132556,8.8
CHE,2021,9.5328942364051,8.2
CHE,2022,10.174784111954,8.5
CHE,2023,8.32022270668715,8.1
CHL,1990,26.7508225186199,5.247
CHL,1991,26.4151711570741,5.18
CHL,1992,26.482187471369,5.177
CHL,1993,26.549203785664,5.167
CHL,1994,26.6162200999589,5.166
CHL,1995,25.8779010625726,5.154
CHL,1996,26.7502527285488,5.186
CHL,1997,26.8172690428437,5.189
CHL,1998,26.8842853571387,5.089
CHL,1999,26.9513016714336,5.036
CHL,2000,27.4209856615691,5.011
CHL,2001,27.4116036062229,4.969
CHL,2002,27.120140408603,5.013
CHL,2003,27.1125957112241,5.161
CHL,2004,25.9755267022457,5.14
CHL,2005,25.5909128750775,5.238
CHL,2006,22.7742033505889,5.377
CHL,2007,21.6793166441615,5.494
CHL,2008,21.8197503569535,5.617
CHL,2009,21.7372316720536,5.687
CHL,2010,21.5985270517892,5.76
CHL,2011,23.8820538505398,5.888
CHL,2012,21.5652714471192,6.092
CHL,2013,21.4023310199417,6.058
CHL,2014,21.8087186705955,6.119
CHL,2015,22.6210355943474,6.106
CHL,2016,22.4649726847552,6.086
CHL,2017,21.6603146283732,6.037
CHL,2018,20.5997873103713,6.196
CHL,2019,20.755448395943,6.46
CHL,2020,20.0102686850355,7.393
CHL,2021,22.0634868594571,7.655
CHL,2022,29.1705232939256,7.573
CHL,2023,23.1032480114662,6.495
CHN,1990,43.0610514012891,6.67
CHN,1991,42.8436840276615,6.7
CHN,1992,43.0680146380149,6.64
CHN,1993,43.2923452483683,6.64
CHN,1994,43.5166758587217,6.49
CHN,1995,42.8576105011138,6.57
CHN,1996,43.9653370794285,6.56
CHN,1997,44.1896676897818,6.51
CHN,1998,44.4139983001352,6.5
CHN,1999,44.6383289104886,6.46
CHN,2000,45.3043575048227,6.45
CHN,2001,45.6987498614813,6.43
CHN,2002,46.1289083082357,6.41
CHN,2003,45.7397469955709,6.4
CHN,2004,45.2550277984542,6.42
CHN,2005,46.1328560526843,6.51
CHN,2006,49.9470246016505,6.81
CHN,2007,51.6734727828923,6.93
CHN,2008,51.0882384725316,7.06
CHN,2009,49.9422205183624,7.08
CHN,2010,48.9504008620935,7.11
CHN,2011,52.7272298089351,7.14
CHN,2012,48.6578207635684,7.13
CHN,2013,51.7497809466197,7.13
CHN,2014,52.5096572089248,7.12
CHN,2015,49.4732216422362,7.07
CHN,2016,45.2806085850562,7.04
CHN,2017,43.0911018824937,7.06
CHN,2018,38.5057526966035,7.08
CHN,2019,37.20244673057,7.09
CHN,2020,33.6907047751319,7.07
CHN,2021,31.918522723712,7.18
CHN,2022,31.8957749766111,7.37
CHN,2023,31.991575365069,7.87
CIV,1990,25.1307662402169,13.457
CIV,1991,23.7924566464742,13.478
CIV,1992,23.8818761697925,13.492
CIV,1993,23.9712956931107,13.484
CIV,1994,24.060715216429,13.493
CIV,1995,21.294676505626,13.559
CIV,1996,24.2395542630655,13.55
CIV,1997,24.3289737863837,13.547
CIV,1998,24.418393309702,13.628
CIV,1999,24.5078128330202,13.592
CIV,2000,26.0249614733989,13.478
CIV,2001,20.5468232712032,13.36
CIV,2002,24.6652096974011,13.183
CIV,2003,20.2058271910428,13.092
CIV,2004,30.807744234524,12.706
CIV,2005,24.4488344712161,12.344
CIV,2006,24.4264565831986,11.996
CIV,2007,25.7276113588394,11.611
CIV,2008,26.3574457147366,11.163
CIV,2009,23.5280741870547,10.995
CIV,2010,20.0854849470844,10.851
CIV,2011,24.188010319203,10.647
CIV,2012,22.4578253451111,10.482
CIV,2013,18.4987954411899,10.366
CIV,2014,17.6747799713113,10.12
CIV,2015,26.2182381259264,9.798
CIV,2016,23.7745526064328,9.437
CIV,2017,21.4341423661948,9.103
CIV,2018,19.8798421869581,8.776
CIV,2019,18.8155812927616,8.492
CIV,2020,22.0556108824208,8.493
CIV,2021,21.3540188476971,8.378
CIV,2022,21.8306712275434,7.816
CIV,2023,20.3873194822538,7.66
CMR,1990,52.5895269024696,13.383
CMR,1991,50.8142443959735,13.427
CMR,1992,51.1801531416189,13.425
CMR,1993,51.5460618872644,13.458
CMR,1994,51.9119706329098,13.566
CMR,1995,47.9954968742739,13.589
CMR,1996,52.6437881242007,13.588
CMR,1997,53.0096968698461,13.557
CMR,1998,53.3756056154915,13.532
CMR,1999,53.7415143611369,13.424
CMR,2000,56.248614358923,13.275
CMR,2001,47.1854377533032,13.071
CMR,2002,50.3019887807152,12.849
CMR,2003,48.3318278960266,12.645
CMR,2004,54.9050040060034,12.445
CMR,2005,51.4735733267749,12.238
CMR,2006,52.4989116337912,11.978
CMR,2007,54.4970619894514,11.703
CMR,2008,55.2798972972898,11.435
CMR,2009,53.5695520826472,11.174
CMR,2010,52.8941910179059,10.86
CMR,2011,52.6477399727018,10.52
CMR,2012,54.6446439640503,10.105
CMR,2013,52.8273113299572,9.758
CMR,2014,51.6391324257464,9.477
CMR,2015,61.726915605535,9.2
CMR,2016,58.1477649076233,8.908
CMR,2017,58.3584411446034,8.65
CMR,2018,54.4021990256544,8.431
CMR,2019,52.8612394449312,8.163
CMR,2020,53.4777342537613,8.107
CMR,2021,53.1474397977025,8.258
CMR,2022,56.6299237952112,7.673
CMR,2023,55.603592684544,7.151
COD,1990,35.7157546989334,16.859
COD,1991,36.1047220944383,16.616
COD,1992,36.2635488158082,16.327
COD,1993,36.422375537178,16.138
COD,1994,36.5812022585479,15.793
COD,1995,37.2003103281884,15.799
COD,1996,36.8988557012876,16.522
COD,1997,37.0576824226574,15.744
COD,1998,37.2165091440273,15.865
COD,1999,37.3753358653971,15.577
COD,2000,37.3040219126318,14.619
COD,2001,39.4762031022403,14.382
COD,2002,38.7707305217958,14.204
COD,2003,38.6854968093585,13.814
COD,2004,40.8226571258789,13.411
COD,2005,39.5597658599719,13.098
COD,2006,35.5554014908526,12.803
COD,2007,35.1019398523605,12.53
COD,2008,36.529901836821,12.264
COD,2009,36.5845653706926,12.006
COD,2010,39.9104239715272,11.654
COD,2011,37.5050047581615,11.367
COD,2012,40.5108543774385,11.113
COD,2013,41.3899023674374,10.844
COD,2014,36.3611333515498,10.595
COD,2015,40.4942987380625,10.349
COD,2016,36.9606619986288,10.076
COD,2017,32.7366232154118,9.867
COD,2018,33.4946328460436,9.647
COD,2019,37.4094009247605,9.46
COD,2020,36.2422937513799,9.31
COD,2021,36.8463421764002,9.38
COD,2022,36.8333103350476,8.93
COD,2023,35.8125021813766,8.525
COG,1990,33.3325811948247,10.667
COG,1991,33.7506346287268,10.806
COG,1992,34.1390342748295,10.951
COG,1993,34.5274339209322,11.153
COG,1994,34.9158335670349,11.385
COG,1995,35.3635407887377,11.476
COG,1996,35.6926328592403,11.608
COG,1997,36.081032505343,15.461
COG,1998,36.4694321514457,12.979
COG,1999,36.8578317975484,11.923
COG,2000,37.2165776558513,11.257
COG,2001,39.8527970238748,11.151
COG,2002,38.1830717877932,10.905
COG,2003,39.7184970811992,10.451
COG,2004,41.0345462075284,10.027
COG,2005,39.5625513524715,9.616
COG,2006,32.4339733297653,9.246
COG,2007,32.1852745159929,8.964
COG,2008,34.5320913680561,8.655
COG,2009,35.2930149882157,8.367
COG,2010,38.2815328992022,8.23
COG,2011,36.0770891735522,7.952
COG,2012,36.2167664672099,7.767
COG,2013,40.1276260112394,7.572
COG,2014,36.430610248924,7.347
COG,2015,37.6895651360736,7.166
COG,2016,36.1200303101979,7.026
COG,2017,32.8661466318511,6.881
COG,2018,35.0441860176665,6.758
COG,2019,35.5538905208598,7.344
COG,2020,37.3808909422355,6.798
COG,2021,36.7456736527741,6.897
COG,2022,37.5746809256317,6.571
COG,2023,36.5403519085882,6.288
COL,1990,30.7351181961491,5.863
COL,1991,30.5295560667453,5.9
COL,1992,30.3975762796375,5.96
COL,1993,30.2655964925297,5.892
COL,1994,30.1336167054218,5.805
COL,1995,29.8544722337216,5.697
COL,1996,29.8696571312062,5.586
COL,1997,29.7376773440984,5.482
COL,1998,29.6056975569905,5.432
COL,1999,29.4737177698827,5.5
COL,2000,29.415320325071,5.574
COL,2001,25.4602022877193,5.531
COL,2002,26.0154728496912,5.46
COL,2003,27.5160133039776,5.242
COL,2004,24.900560931689,5.151
COL,2005,24.6016375661702,5.085
COL,2006,20.9880173077394,5.042
COL,2007,18.9138751568773,5.065
COL,2008,19.0054950036162,5.013
COL,2009,18.9495726433422,5.029
COL,2010,20.6155756211002,5.012
COL,2011,19.4233780082529,5.019
COL,2012,18.5684399142815,4.977
COL,2013,18.4954884367003,5.033
COL,2014,19.1389877563514,5.145
COL,2015,19.2348570604901,5.252
COL,2016,19.6738712609183,5.31
COL,2017,18.4571577570909,5.315
COL,2018,18.3860185548236,5.35
COL,2019,19.7067243599727,5.38
COL,2020,19.1676132940414,6.621
COL,2021,16.6640289062553,7.869
COL,2022,18.8527177779036,5.881
COL,2023,18.3566187713727,5.398
COM,1990,10.0564874490776,13.104
COM,1991,9.89198652087815,12.758
COM,1992,10.0576892640582,12.478
COM,1993,10.2233920072383,12.155
COM,1994,10.3890947504183,11.819
COM,1995,9.89439015084007,11.535
COM,1996,10.7205002367785,11.296
COM,1997,10.8862029799585,11.149
COM,1998,11.0519057231386,11.06
COM,1999,11.2176084663187,10.705
COM,2000,11.7135148808779,10.606
COM,2001,12.6941017004379,10.24
COM,2002,11.7566704177952,10.125
COM,2003,11.955880070601,9.834
COM,2004,11.3537158469715,9.623
COM,2005,11.4586271132294,9.456
COM,2006,11.9019296970617,9.293
COM,2007,11.9560603857393,9.186
COM,2008,11.8467769381839,8.985
COM,2009,11.6426058676508,8.865
COM,2010,11.9908932674972,8.706
COM,2011,11.0582673035185,8.596
COM,2012,11.2597161414589,8.471
COM,2013,11.825800622809,8.323
COM,2014,9.17841752128082,8.198
COM,2015,9.36739731128001,8.063
COM,2016,9.67411149363712,7.943
COM,2017,10.9465748190486,7.828
COM,2018,10.6970500460844,7.733
COM,2019,10.5966922774077,7.644
COM,2020,10.2209724654924,7.662
COM,2021,9.93169178429907,7.932
COM,2022,12.0356986217286,7.3
COM,2023,10.1727579725379,7.196
CPV,1990,23.5223382972553,8.918
CPV,1991,23.3842564095829,8.728
CPV,1992,23.6619702682676,8.536
CPV,1993,23.9396841269523,8.34
CPV,1994,24.217397985637,8.142
CPV,1995,23.6635203516085,8.463
CPV,1996,24.7728257030065,7.575
CPV,1997,25.0505395616912,7.276
CPV,1998,25.3282534203759,6.972
CPV,1999,25.6059672790607,6.657
CPV,2000,26.2994768841021,6.35
CPV,2001,19.5538573659048,6.102
CPV,2002,21.5588769432619,5.836
CPV,2003,18.2659894004499,5.657
CPV,2004,20.2973940061833,5.533
CPV,2005,19.8486158144964,5.425
CPV,2006,19.4160937796529,5.351
CPV,2007,20.2705111507828,5.349
CPV,2008,20.1168481626163,5.27
CPV,2009,15.3986575585921,5.247
CPV,2010,15.5479614200059,5.224
CPV,2011,19.5620829885396,5.182
CPV,2012,24.1085459109409,5.129
CPV,2013,17.0137107927979,5.165
CPV,2014,16.0402763102499,5.154
CPV,2015,25.5086332896691,5.136
CPV,2016,20.611163574451,5.15
CPV,2017,24.3758036180723,5.115
CPV,2018,16.9218338124847,5.162
CPV,2019,18.5113624137073,5.004
CPV,2020,20.3307780284102,5.886
CPV,2021,19.0896305382384,5.648
CPV,2022,18.2851088230149,5.004
CPV,2023,20.1930112407691,5.059
CRI,1990,20.0999871052438,3.676
CRI,1991,19.9351499071959,3.684
CRI,1992,20.0023512709279,3.696
CRI,1993,20.0695526346598,3.779
CRI,1994,20.1367539983917,3.837
CRI,1995,19.7398782385643,3.859
CRI,1996,20.2711567258556,3.926
CRI,1997,20.3383580895875,3.934
CRI,1998,20.4055594533195,3.914
CRI,1999,20.4727608170514,3.926
CRI,2000,20.772000742563,3.916
CRI,2001,20.0868653248229,3.893
CRI,2002,20.4853805006686,3.862
CRI,2003,20.7210825928484,3.862
CRI,2004,19.033326405984,3.858
CRI,2005,19.5238014973594,3.844
CRI,2006,18.8696244508244,3.892
CRI,2007,18.5885783750961,3.992
CRI,2008,18.8044938426957,4.083
CRI,2009,19.1397849856144,4.134
CRI,2010,19.9585083840279,4.256
CRI,2011,19.3112349144129,4.287
CRI,2012,18.5556568857618,4.304
CRI,2013,19.0540491905042,4.332
CRI,2014,18.3616133870552,4.452
CRI,2015,19.0534276158403,4.518
CRI,2016,18.2625400009976,4.822
CRI,2017,18.3536882830973,4.964
CRI,2018,17.6199561122599,5.056
CRI,2019,17.841294618157,5.124
CRI,2020,17.9677813432914,5.573
CRI,2021,18.054990422746,6.567
CRI,2022,18.2413082350632,6.106
CRI,2023,17.6979830088429,5.457
CSS,1990,16.7432464107323,7.4292591040258
CSS,1991,16.7752286465797,7.36634966018764
CSS,1992,16.8658954428315,7.33138793203226
CSS,1993,16.9556366100973,7.29688545378024
CSS,1994,17.0491242241444,7.29624774178053
CSS,1995,17.0459301082366,7.30412437811469
CSS,1996,17.2638520489142,7.32379062197064
CSS,1997,17.3745625244308,7.33580240584845
CSS,1998,17.4854167284001,7.28742302998207
CSS,1999,17.5956473016762,7.2797764099878
CSS,2000,17.7607163109386,7.30391742237368
CSS,2001,16.8205759586269,7.29704198704468
CSS,2002,16.872482149727,7.28929371607815
CSS,2003,16.5097893715317,7.32589749641446
CSS,2004,14.8510157559505,7.33328828209987
CSS,2005,16.2577740432693,7.30219701699087
CSS,2006,14.9353535532182,7.25951719438272
CSS,2007,14.1734343056253,7.19431846942622
CSS,2008,14.2390957856069,7.19740510830877
CSS,2009,14.0869880394474,7.21676559279597
CSS,2010,15.0782840135253,7.25826053264356
CSS,2011,13.7224931000961,7.28487735613494
CSS,2012,14.5500084664886,7.34328323556296
CSS,2013,13.1156652698633,7.3887330075379
CSS,2014,12.4505844115031,7.38861741551356
CSS,2015,14.359738174284,7.48082882932165
CSS,2016,13.7296620122108,7.53200742744222
CSS,2017,13.9025553404253,7.63948845845529
CSS,2018,12.9582352388888,7.69129888208205
CSS,2019,13.1774085931082,7.88444768827589
CSS,2020,13.7825997946282,8.26785744607564
CSS,2021,14.3675894452074,9.84973073721074
CSS,2022,13.7566930056692,7.97362341421872
CSS,2023,13.4917478600712,7.93817289261011
CUB,1990,11.4184471194893,6.982
CUB,1991,11.3529291369471,7.17
CUB,1992,11.4027886900385,7.255
CUB,1993,11.4526482431299,7.38
CUB,1994,11.5025077962213,7.353
CUB,1995,11.3216122780457,7.373
CUB,1996,11.6022269024041,7.334
CUB,1997,11.6520864554955,7.262
CUB,1998,11.7019460085868,7.214
CUB,1999,11.7518055616782,7.237
CUB,2000,11.9170426504031,7.354
CUB,2001,11.5268583173801,7.28
CUB,2002,11.8994944078658,7.326
CUB,2003,11.1213562690059,7.103
CUB,2004,10.523140205024,7.324
CUB,2005,10.8934677123573,7.364
CUB,2006,10.7333376897627,7.701
CUB,2007,10.237486321312,7.84
CUB,2008,9.96143682790023,8.002
CUB,2009,9.70149856287093,8.212
CUB,2010,9.65758785580329,8.151
CUB,2011,10.5030793327199,8.165
CUB,2012,9.31386513126439,8.245
CUB,2013,9.41550379194074,8.516
CUB,2014,9.11560118789653,8.884
CUB,2015,9.34589569990177,9.123
CUB,2016,9.08278396561925,9.44
CUB,2017,9.55449911449471,9.91
CUB,2018,9.73821963078965,9.866
CUB,2019,9.26214510852397,10.047
CUB,2020,9.97577813799501,10.403
CUB,2021,9.8262445208671,15.253
CUB,2022,9.40611001829951,10.286
CUB,2023,9.44801581673589,10.147
CYP,1990,25.4186938971801,7.179
CYP,1991,26.2422022607544,7.175
CYP,1992,26.4492910362038,7.277
CYP,1993,26.6563798116532,7.347
CYP,1994,26.8634685871025,7.294
CYP,1995,28.3033965388024,7.166
CYP,1996,27.2776461380012,6.999
CYP,1997,27.4847349134506,6.887
CYP,1998,27.6918236889,6.889
CYP,1999,27.8989124643493,6.743
CYP,2000,27.4895816516736,6.616
CYP,2001,26.9017007316662,6.539
CYP,2002,26.8859116061605,6.287
CYP,2003,28.1603681117337,6.265
CYP,2004,26.1365796744825,6.289
CYP,2005,26.1631897992524,6.253
CYP,2006,21.8129801568767,6.175
CYP,2007,20.3583621362499,6.055
CYP,2008,21.0549511872251,6.095
CYP,2009,21.2508432668956,5.923
CYP,2010,22.2128399840638,5.883
CYP,2011,23.6802164434596,5.874
CYP,2012,24.8549561269072,5.838
CYP,2013,18.4718511910315,5.861
CYP,2014,18.5304214787791,5.988
CYP,2015,17.928179292738,6.043
CYP,2016,16.6826151228422,6.135
CYP,2017,17.63142953281,6.309
CYP,2018,15.843425133781,6.382
CYP,2019,16.4888959613625,6.6
CYP,2020,16.8829450553339,6.668
CYP,2021,16.4064238159329,7.209
CYP,2022,21.3967671637857,7.693
CYP,2023,16.0691610763589,7.063
CZE,1990,26.8293119752523,12.5
CZE,1991,26.4532745180365,12.1
CZE,1992,25.8681856971147,11.7
CZE,1993,25.283096876193,11.4
CZE,1994,24.6980080552712,11.4
CZE,1995,24.5310219617591,11.4
CZE,1996,23.5278304134277,10.9
CZE,1997,22.942741592506,10.9
CZE,1998,22.3576527715842,10.6
CZE,1999,21.7725639506625,10.7
CZE,2000,20.9784237660356,10.6
CZE,2001,21.599775192058,10.5
CZE,2002,23.9432985890004,10.6
CZE,2003,24.8173311965406,10.9
CZE,2004,21.4473240854619,10.5
CZE,2005,22.8458396229473,10.6
CZE,2006,21.2799637756624,10.2
CZE,2007,19.7456771065298,10.2
CZE,2008,18.1781461998214,10.1
CZE,2009,19.2354250009897,10.3
CZE,2010,21.6290756694349,10.2
CZE,2011,20.5894906583766,10.2
CZE,2012,18.3649701006501,10.3
CZE,2013,19.1672606975121,10.4
CZE,2014,18.681045705784,10.0
CZE,2015,16.7738010034667,10.5
CZE,2016,16.5377128688549,10.2
CZE,2017,16.450355211847,10.5
CZE,2018,17.6889787550736,10.6
CZE,2019,13.4196543528156,10.5
CZE,2020,12.7679260152194,12.1
CZE,2021,13.9271630754611,13.3
CZE,2022,12.8501106624388,11.3
CZE,2023,12.7487592084261,10.4
DEU,1990,22.3645910673618,11.6
DEU,1991,22.2286135095751,11.4
DEU,1992,21.860513054828,11.0
DEU,1993,21.4924126000809,11.1
DEU,1994,21.1243121453338,10.9
DEU,1995,21.2204574845062,10.8
DEU,1996,20.3881112358396,10.8
DEU,1997,20.0200107810924,10.5
DEU,1998,19.6519103263453,10.4
DEU,1999,19.2838098715982,10.3
DEU,2000,18.6835865198912,10.2
DEU,2001,17.5573414754755,10.1
DEU,2002,18.2294992691416,10.2
DEU,2003,18.9082772364592,10.3
DEU,2004,16.7169462173338,9.9
DEU,2005,17.0327523133688,10.1
DEU,2006,15.7601029936779,10.0
DEU,2007,14.893859816119,10.1
DEU,2008,14.516990459458,10.3
DEU,2009,15.3712483653252,10.4
DEU,2010,15.8396739582842,10.5
DEU,2011,15.4585841988169,10.6
DEU,2012,12.9545311145046,10.8
DEU,2013,13.5556756698361,11.1
DEU,2014,13.4272572813693,10.7
DEU,2015,12.1341175742131,11.3
DEU,2016,11.7952164514446,11.1
DEU,2017,11.9003757852207,11.3
DEU,2018,12.2724978426028,11.5
DEU,2019,9.95772717043857,11.3
DEU,2020,9.06086572629572,11.9
DEU,2021,9.90412103549472,12.3
DEU,2022,9.64877683820048,12.8
DEU,2023,8.81223056430691,12.3
DJI,1990,36.547397008077,11.189
DJI,1991,35.3965455912279,11.575
DJI,1992,35.8665133876742,12.762
DJI,1993,36.3364811841206,11.393
DJI,1994,36.8064489805669,11.684
DJI,1995,34.0347783504243,11.17
DJI,1996,37.7463845734595,11.024
DJI,1997,38.2163523699058,10.946
DJI,1998,38.6863201663521,10.814
DJI,1999,39.1562879627984,10.76
DJI,2000,41.2470749725392,10.692
DJI,2001,40.8641190820244,10.307
DJI,2002,39.6996117347376,10.171
DJI,2003,36.4804504194382,10.133
DJI,2004,37.454143233255,10.108
DJI,2005,36.9089850876565,9.88
DJI,2006,36.3893301915657,9.641
DJI,2007,37.155161019994,9.449
DJI,2008,37.7478889607518,9.233
DJI,2009,37.3792233621058,8.997
DJI,2010,38.1045163170361,8.85
DJI,2011,43.7035416781021,8.612
DJI,2012,46.8649547654421,8.484
DJI,2013,43.8756192799404,8.359
DJI,2014,38.7623274866295,8.28
DJI,2015,43.3905178532533,8.162
DJI,2016,40.5186963242342,8.007
DJI,2017,43.754176996288,7.921
DJI,2018,40.9512929184603,7.83
DJI,2019,41.1177405359462,7.797
DJI,2020,39.8289344223707,8.033
DJI,2021,36.2143866826732,8.327
DJI,2022,39.044711370559,7.544
DJI,2023,40.2974292106183,7.456
DMA,1990,12.9661181536779,9.615
DMA,1991,12.9953020111631,9.971
DMA,1992,12.9899911088671,10.004
DMA,1993,12.9846802065711,9.869
DMA,1994,12.9793693042752,9.727
DMA,1995,13.0430479215414,9.659
DMA,1996,12.9687474996832,9.578
DMA,1997,12.9634365973872,9.551
DMA,1998,12.9581256950912,9.561
DMA,1999,12.9528147927953,9.634
DMA,2000,12.9130091307182,9.729
DMA,2001,12.6994586530776,9.876
DMA,2002,13.1888869642395,9.914
DMA,2003,11.9088660595512,9.956
DMA,2004,11.3235702574892,10.003
DMA,2005,11.9749690824808,10.088
DMA,2006,12.1226185915148,10.252
DMA,2007,11.6463830482571,10.486
DMA,2008,11.7559749743731,10.717
DMA,2009,12.5040644993826,11.064
DMA,2010,13.1911982905057,11.51
DMA,2011,11.6130540981731,11.963
DMA,2012,12.3769425636612,11.447
DMA,2013,10.1184027592376,11.718
DMA,2014,8.97817292355302,10.027
DMA,2015,12.1140983717352,10.873
DMA,2016,12.7516172073317,10.374
DMA,2017,12.4069253935534,13.626
DMA,2018,12.304882910342,12.517
DMA,2019,11.0110870299997,12.611
DMA,2020,11.470837092075,12.706
DMA,2021,12.3704806638306,14.31
DMA,2022,11.1561568187343,12.908
DMA,2023,11.5165760747608,12.763
DNK,1990,16.9476900181339,11.9
DNK,1991,16.7478136077577,11.6
DNK,1992,16.5476629409153,11.8
DNK,1993,16.3475122740728,12.1
DNK,1994,16.1473616072304,11.7
DNK,1995,15.9477594533198,12.1
DNK,1996,15.7470602735455,11.6
DNK,1997,15.5469096067031,11.3
DNK,1998,15.3467589398606,11.0
DNK,1999,15.1466082730182,11.1
DNK,2000,14.9461833497097,10.9
DNK,2001,12.6994304088912,10.9
DNK,2002,13.8490840108028,10.9
DNK,2003,15.2726869757935,10.7
DNK,2004,12.6935403321234,10.3
DNK,2005,13.5574625195906,10.1
DNK,2006,12.0699164611648,10.2
DNK,2007,11.1426911668014,10.2
DNK,2008,10.9236991970694,9.9
DNK,2009,11.4178043487941,9.9
DNK,2010,11.3645556759396,9.8
DNK,2011,13.4610916735072,9.4
DNK,2012,9.66883000239718,9.4
DNK,2013,9.1761230560509,9.3
DNK,2014,11.0323428710692,9.1
DNK,2015,9.09705667522263,9.2
DNK,2016,8.70010546510422,9.2
DNK,2017,8.49213876400782,9.2
DNK,2018,10.2999349983121,9.5
DNK,2019,9.08862810353217,9.3
DNK,2020,7.56699784427867,9.4
DNK,2021,7.83233153264872,9.8
DNK,2022,8.20415192314087,10.1
DNK,2023,7.50264703002735,9.8
DOM,1990,13.4815392370725,6.062
DOM,1991,13.3631240247341,5.94
DOM,1992,13.5482204874295,5.836
DOM,1993,13.7333169501249,5.752
DOM,1994,13.9184134128203,5.681
DOM,1995,13.4964865254488,5.636
DOM,1996,14.2886063382111,5.605
DOM,1997,14.4737028009065,5.559
DOM,1998,14.6587992636019,5.575
DOM,1999,14.8438957262973,5.54
DOM,2000,15.3325038640262,5.557
DOM,2001,14.1841310809903,5.552
DOM,2002,14.7725867180919,5.549
DOM,2003,14.4240890704979,5.558
DOM,2004,12.9137167017171,5.663
DOM,2005,14.0561755496307,5.618
DOM,2006,13.7250123053593,5.682
DOM,2007,13.097683646114,5.747
DOM,2008,12.7706144634482,5.755
DOM,2009,12.3012982048972,5.749
DOM,2010,13.658649013532,5.663
DOM,2011,12.37191949007,5.573
DOM,2012,11.9047106498909,5.543
DOM,2013,12.1301547042651,5.549
DOM,2014,12.7798219156363,5.599
DOM,2015,13.0238058465361,5.755
DOM,2016,13.1164167913019,5.876
DOM,2017,14.0184540517008,5.8
DOM,2018,13.9700529917489,5.857
DOM,2019,13.2694812112673,6.132
DOM,2020,12.8896641072094,6.474
DOM,2021,13.666329634232,6.986
DOM,2022,12.8281909827094,5.899
DOM,2023,13.5127642846618,6.25
DZA,1990,12.2998069256107,5.799
DZA,1991,12.4851902196292,5.751
DZA,1992,12.8111468151347,5.739
DZA,1993,13.1371034106402,5.727
DZA,1994,13.4630600061457,5.974
DZA,1995,13.5078699986784,5.835
DZA,1996,14.1149731971566,5.694
DZA,1997,14.4409297926621,5.52
DZA,1998,14.7668863881676,5.431
DZA,1999,15.092842983673,5.205
DZA,2000,15.5593728806651,5.109
DZA,2001,14.4363592906282,5.022
DZA,2002,15.0411273853982,4.88
DZA,2003,14.1342155491004,4.874
DZA,2004,14.3152403982725,4.744
DZA,2005,14.8913559511864,4.731
DZA,2006,16.7994819481555,4.724
DZA,2007,17.4739080712462,4.733
DZA,2008,17.4674239669476,4.72
DZA,2009,16.9046213507536,4.705
DZA,2010,17.211262868675,4.678
DZA,2011,15.9157535272917,4.658
DZA,2012,16.1392471454087,4.654
DZA,2013,15.2206585243926,4.641
DZA,2014,16.1165663291136,4.646
DZA,2015,16.0318389714709,4.645
DZA,2016,16.7302943332799,4.647
DZA,2017,15.3884102993683,4.66
DZA,2018,16.0599697647705,4.667
DZA,2019,16.0043837868398,4.681
DZA,2020,15.3457911307566,5.988
DZA,2021,16.8669275134746,4.96
DZA,2022,19.1821741766237,4.602
DZA,2023,16.5394687279881,4.641
EAP,1990,40.7565707463048,6.94369728982449
EAP,1991,40.3713089638291,6.93528515551443
EAP,1992,40.3984298986918,6.8487443320961
EAP,1993,40.4222279262094,6.80924080935371
EAP,1994,40.4433635841153,6.69200942791784
EAP,1995,39.6287545228041,6.783567240599
EAP,1996,40.4772914392838,6.75898191024391
EAP,1997,40.4913205455355,6.70028310425374
EAP,1998,40.5045480529726,6.67888181366991
EAP,1999,40.5188506277652,6.64958207987427
EAP,2000,40.946908817676,6.62746581767446
EAP,2001,40.7388904735461,6.60664329316729
EAP,2002,41.2486548774962,6.58346972553945
EAP,2003,40.6247993244214,6.53568788669818
EAP,2004,40.8307038447449,6.65001483910575
EAP,2005,41.1517138229965,6.61938205190911
EAP,2006,42.6246582238018,6.83802287969196
EAP,2007,43.056678795027,6.91461022614635
EAP,2008,42.5460145780736,7.07567357764936
EAP,2009,41.9488755711635,7.01830091946506
EAP,2010,40.614487109481,7.04161590768694
EAP,2011,43.4887340676435,7.0570968604646
EAP,2012,40.4515077339594,7.04865056059238
EAP,2013,42.6047672264302,7.05033408282492
EAP,2014,43.657530071509,7.04588589843085
EAP,2015,41.6099926858488,7.01777567209406
EAP,2016,38.1211356134048,7.00741982873175
EAP,2017,36.062546926547,7.02271649175657
EAP,2018,33.3328211265292,7.06047592688486
EAP,2019,33.073641842273,7.08774437953649
EAP,2020,29.8344080409949,7.23128530519464
EAP,2021,28.7939808593472,7.66394492947367
EAP,2022,28.7236250169824,7.37220869363779
EAP,2023,28.8246213833744,7.69140460150208
EAR,1990,43.4854396611679,9.7779344182822
EAR,1991,42.82925304084,9.60455483948526
EAR,1992,42.7408078846244,9.33688566731643
EAR,1993,42.6604192602113,9.1509281351841
EAR,1994,42.587115999588,9.38853224784912
EAR,1995,41.3704650454756,8.80729817860952
EAR,1996,42.4348736855375,8.63947635260411
EAR,1997,42.3591887921278,8.48344813502435
EAR,1998,42.289330626465,8.34532509800733
EAR,1999,42.2241373566881,8.21477022258397
EAR,2000,42.7391770054064,8.0496729255085
EAR,2001,42.1533071636337,7.93786729301413
EAR,2002,42.7738529709922,7.79294196539948
EAR,2003,43.4097391487497,7.69503911250932
EAR,2004,42.526209577448,7.63077799618197
EAR,2005,42.4661165704573,7.47864887862252
EAR,2006,40.4946937723329,7.35120813146319
EAR,2007,40.046472266575,7.25008509029951
EAR,2008,41.0200707079134,7.198009889789
EAR,2009,41.8029167285173,7.02985865522223
EAR,2010,41.8481828846314,6.95631192266088
EAR,2011,43.1135420738481,6.82641179195621
EAR,2012,42.3192582894747,6.75045558833195
EAR,2013,41.5991305256413,6.67910840499969
EAR,2014,41.3348720539388,6.60512911526787
EAR,2015,42.0564613036051,6.565776513756
EAR,2016,42.4213383085961,6.53052228786174
EAR,2017,42.6090330853014,6.49011582390743
EAR,2018,44.5142391363275,6.47431766838799
EAR,2019,42.3207568315784,6.45731181271963
EAR,2020,41.4193595764004,7.15369194022222
EAR,2021,43.3740273159279,8.34886019740056
EAR,2022,41.1051855035198,6.44398260049447
EAR,2023,42.6148722100008,6.39893019584349
EAS,1990,37.7929562484696,6.8674676553562
EAS,1991,37.4592396067617,6.85760475058379
EAS,1992,37.5039568298461,6.79511527592713
EAS,1993,37.5455123647757,6.76591107658694
EAS,1994,37.5841445551771,6.66876380911301
EAS,1995,36.8520388976828,6.76754893004958
EAS,1996,37.6511367487534,6.73174284693569
EAS,1997,37.6809031285486,6.68550553699715
EAS,1998,37.7085206206122,6.67499191227608
EAS,1999,37.7368643928398,6.67132404025201
EAS,2000,38.1452345089354,6.64070892860743
EAS,2001,37.9570790900862,6.61861500393894
EAS,2002,38.4006282385227,6.60639164043453
EAS,2003,37.8090672453483,6.57602942021814
EAS,2004,37.9810927127645,6.68960849386004
EAS,2005,38.3129373380085,6.68668671408842
EAS,2006,39.8169775543681,6.87596374162501
EAS,2007,40.2948521723742,6.96114358577472
EAS,2008,39.8096708220298,7.1230768819968
EAS,2009,39.2672107847917,7.06803500412405
EAS,2010,37.9507775159406,7.11441086278106
EAS,2011,40.4979379683297,7.15466461683349
EAS,2012,37.8270966543286,7.15629440212304
EAS,2013,39.818796461882,7.15999055748426
EAS,2014,40.861546397715,7.16110940124922
EAS,2015,38.9745013713121,7.14822462202852
EAS,2016,35.7350836237465,7.15434639140188
EAS,2017,33.8504468223012,7.18435134428408
EAS,2018,31.3909379934903,7.23033863142703
EAS,2019,31.1862692276644,7.26817662986159
EAS,2020,28.1555216304885,7.38936020164019
EAS,2021,27.2666703326686,7.82629403537403
EAS,2022,27.3142726727188,7.67570200226682
EAS,2023,27.2993177289357,7.94522342586948
ECA,1990,29.4514622352489,8.96901914544512
ECA,1991,29.4404017768085,9.12281054089137
ECA,1992,29.2460025337816,9.6435953989967
ECA,1993,29.0549942605728,9.84668565842242
ECA,1994,28.8743868657951,9.76693326820041
ECA,1995,29.0970581486729,9.78197297530171
ECA,1996,28.5478476132376,9.68536838494626
ECA,1997,28.3962902436294,9.5517265649144
ECA,1998,28.2483581791985,9.46086755792625
ECA,1999,28.0929662010886,9.56727317537509
ECA,2000,27.7346596279198,9.40321924097148
ECA,2001,27.6775712923954,9.37374171099626
ECA,2002,28.641168130983,9.42789824926204
ECA,2003,26.1893761405826,9.42474160591876
ECA,2004,25.3020465594806,9.46132384558944
ECA,2005,25.1816843217409,9.49472887688754
ECA,2006,24.8153495048934,9.44023073605668
ECA,2007,24.8145862731303,9.40098042314506
ECA,2008,24.8257291868468,9.28318644361969
ECA,2009,24.3941917571951,8.84607729249764
ECA,2010,25.6625510511625,8.63941707056526
ECA,2011,25.1188688511669,8.52945224812023
ECA,2012,24.0530226236885,8.36550926726951
ECA,2013,24.7073335918368,8.19933729066958
ECA,2014,25.0679889902143,8.16362124693625
ECA,2015,24.6239471304587,8.02223995686099
ECA,2016,23.1659517524145,7.92019505962365
ECA,2017,24.5114662659555,7.82002665736161
ECA,2018,24.4493380071349,7.88527960709688
ECA,2019,23.8938435638041,7.88800496309235
ECA,2020,23.3691726690454,9.0357798644776
ECA,2021,24.2327373615992,9.91548788818823
ECA,2022,24.2649121461778,8.21752409459806
ECA,2023,24.0483094992526,7.97758743438799
ECS,1990,25.6289887074678,10.1981566153871
ECS,1991,25.421934246433,10.2861636016046
ECS,1992,25.1171740273123,10.4736578532909
ECS,1993,24.8120758414234,10.9962835629616
ECS,1994,24.5093358940161,11.0706536959981
ECS,1995,24.4095432498156,10.9967976097512
ECS,1996,23.9136683592504,10.8170550237745
ECS,1997,23.6195787719839,10.6518378930685
ECS,1998,23.3266757300338,10.5756048554659
ECS,1999,23.0321999461109,10.7759489349751
ECS,2000,22.6344885455611,10.7275602818002
ECS,2001,21.5584313893576,10.7056116874719
ECS,2002,22.624954608034,10.8600517397273
ECS,2003,22.3856536887127,10.9718725892783
ECS,2004,20.2732455740771,10.6221455863608
ECS,2005,20.2883022846349,10.7452993580312
ECS,2006,19.0460274438951,10.4604850134046
ECS,2007,18.3728673331496,10.4001065713061
ECS,2008,18.0997462156505,10.3838647067916
ECS,2009,18.2240755416958,10.1831729736883
ECS,2010,19.1783461268768,10.1302609525398
ECS,2011,18.4532304967501,9.95638221389702
ECS,2012,17.3028874626035,10.020748861258
ECS,2013,17.2233644720895,9.91160720399705
ECS,2014,16.9959639658442,9.82714554293551
ECS,2015,16.5302595909985,10.0710549340618
ECS,2016,15.7903429311348,9.90701129239913
ECS,2017,16.3321867481792,9.94185097303207
ECS,2018,16.1351100700035,9.99591645334227
ECS,2019,15.1321613103248,9.88733635710868
ECS,2020,14.6004625458533,11.2383131900699
ECS,2021,15.2960693043462,11.8909878686257
ECS,2022,15.1790106241243,10.6541284620143
ECS,2023,14.4111439011471,10.1173849818438
ECU,1990,41.187370149789,5.776
ECU,1991,40.8872934744638,5.626
ECU,1992,40.5524408930778,5.524
ECU,1993,40.2175883116917,5.372
ECU,1994,39.8827357303057,5.161
ECU,1995,39.6174349610401,5.073
ECU,1996,39.2130305675336,4.993
ECU,1997,38.8781779861475,4.997
ECU,1998,38.5433254047614,5.077
ECU,1999,38.2084728233754,5.158
ECU,2000,37.8388443359289,5.168
ECU,2001,38.630595434544,5.052
ECU,2002,38.3099517263994,4.908
ECU,2003,38.2344207929529,4.817
ECU,2004,37.7655397059904,4.813
ECU,2005,37.6331086572784,4.879
ECU,2006,25.3459664495104,4.923
ECU,2007,19.14326835546,4.918
ECU,2008,19.1306658675447,4.807
ECU,2009,18.9870360482816,4.83
ECU,2010,21.2083411774245,4.814
ECU,2011,18.9757073503174,4.935
ECU,2012,18.0424343279012,4.901
ECU,2013,18.0517363768939,4.846
ECU,2014,17.78596368057,4.815
ECU,2015,18.258248662138,4.869
ECU,2016,18.8225928822421,5.005
ECU,2017,18.2778953966104,5.066
ECU,2018,18.6076444108592,4.648
ECU,2019,18.880438766098,4.753
ECU,2020,18.7426731318293,7.474
ECU,2021,18.605495375963,7.108
ECU,2022,19.8012550282051,5.363
ECU,2023,18.6084478897872,5.128
EGY,1990,46.5345174231521,8.702
EGY,1991,48.6582442222188,8.363
EGY,1992,48.9089445519871,8.03
EGY,1993,49.1596448817554,7.707
EGY,1994,49.4103452115237,7.424
EGY,1995,53.407098479889,7.15
EGY,1996,49.9117458710603,6.918
EGY,1997,50.1624462008286,6.732
EGY,1998,50.4131465305969,6.575
EGY,1999,50.6638468603652,6.436
EGY,2000,49.0415207208352,6.319
EGY,2001,49.9574653231969,6.235
EGY,2002,51.8442698872966,6.175
EGY,2003,61.1019097323142,6.131
EGY,2004,57.6960532192467,6.101
EGY,2005,51.0921546716322,6.09
EGY,2006,44.4190276887862,6.086
EGY,2007,40.757764743114,6.092
EGY,2008,40.9756017153782,6.095
EGY,2009,42.9563410045474,6.088
EGY,2010,46.3262890792464,6.076
EGY,2011,40.8977537424026,6.049
EGY,2012,42.6414652957417,5.999
EGY,2013,46.5554819136137,5.966
EGY,2014,43.5968296522207,5.879
EGY,2015,45.6930204523881,5.818
EGY,2016,45.0345425155358,5.707
EGY,2017,45.0086404762345,5.628
EGY,2018,44.9185945189461,5.533
EGY,2019,44.6262157169763,5.477
EGY,2020,39.7460127211742,6.407
EGY,2021,41.5138300696419,7.036
EGY,2022,42.2068092839445,5.675
EGY,2023,43.1460553382462,5.461
EMU,1990,22.8017276979539,10.0849820663916
EMU,1991,22.7015760516412,10.0761152659676
EMU,1992,22.4635683686954,9.91673515203748
EMU,1993,22.2274942208439,10.0433305136881
EMU,1994,21.9933862827218,9.91890427975954
EMU,1995,22.0273046861766,9.95398820269575
EMU,1996,21.5237221691854,9.94104733382822
EMU,1997,21.290466831034,9.86209229209013
EMU,1998,21.0579360090676,9.91611591759791
EMU,1999,20.8245607467643,9.85975404725466
EMU,2000,20.4559553623958,9.73341787206648
EMU,2001,18.9539257031455,9.60899878108045
EMU,2002,19.5847707650222,9.68970265091755
EMU,2003,20.7129543327207,9.889792629905
EMU,2004,18.3429463061201,9.36955203180955
EMU,2005,18.7103838744884,9.57897607520969
EMU,2006,17.153172529841,9.38225338944199
EMU,2007,16.2199506229341,9.45613372030348
EMU,2008,15.9351566159102,9.54573649027909
EMU,2009,16.1033689893183,9.53719730467826
EMU,2010,15.987030930471,9.5470575338085
EMU,2011,16.3877601394214,9.54288025877578
EMU,2012,14.572926505841,9.82375214087467
EMU,2013,14.230446751763,9.79081304651108
EMU,2014,13.1791954231723,9.64022338909552
EMU,2015,13.5456079171248,10.2249631339517
EMU,2016,12.5267090422264,10.0008619867418
EMU,2017,12.7648369629958,10.2781055081602
EMU,2018,12.6011702158364,10.2979021084493
EMU,2019,11.310468390949,10.1898923579851
EMU,2020,10.7601764230249,11.2947440156038
EMU,2021,11.3170869871823,11.3275975678951
EMU,2022,11.7998651193297,11.3554431735984
EMU,2023,10.2790606788454,10.7078140406422
ERI,1990,40.019220479344,15.323
ERI,1991,38.8827969568344,15.99
ERI,1992,38.8823377734572,13.705
ERI,1993,38.8818785900799,13.009
ERI,1994,38.8814194067026,12.735
ERI,1995,36.6090315450611,11.741
ERI,1996,38.880501039948,12.007
ERI,1997,38.8800418565708,11.502
ERI,1998,38.8795826731935,14.533
ERI,1999,38.8791234898162,18.033
ERI,2000,40.0146286455709,11.145
ERI,2001,35.7758221833271,9.892
ERI,2002,35.228606583568,9.736
ERI,2003,34.4290245935084,9.313
ERI,2004,33.8023894391221,9.233
ERI,2005,37.3049578548729,8.964
ERI,2006,31.7087262200735,8.633
ERI,2007,30.0130604255225,8.317
ERI,2008,30.1959264896041,8.077
ERI,2009,29.6003330943579,7.825
ERI,2010,32.1748548055185,7.615
ERI,2011,34.8376662422961,7.417
ERI,2012,34.2465934807474,7.248
ERI,2013,35.2650209672615,7.124
ERI,2014,29.1416815998873,6.989
ERI,2015,34.9353641229294,6.828
ERI,2016,33.3373349598182,6.729
ERI,2017,37.9107669008953,6.604
ERI,2018,35.0966959431985,6.484
ERI,2019,33.2391304848551,6.413
ERI,2020,30.9060475098208,6.582
ERI,2021,30.3260485663662,6.612
ERI,2022,33.1651240199448,6.319
ERI,2023,33.6567997168068,6.047
ESP,1990,16.4987181922095,8.6
ESP,1991,16.2565184144718,8.7
ESP,1992,16.2717303425785,8.5
ESP,1993,16.2869422706851,8.6
ESP,1994,16.3021541987918,8.6
ESP,1995,15.8025427152099,8.7
ESP,1996,16.3325780550051,8.8
ESP,1997,16.3477899831117,8.7
ESP,1998,16.3630019112183,9.0
ESP,1999,16.378213839325,9.2
ESP,2000,16.6508374732758,8.9
ESP,2001,15.6047091437375,8.8
ESP,2002,15.7520489542014,8.8
ESP,2003,16.1634030933099,9.1
ESP,2004,15.0279388325738,8.6
ESP,2005,15.0412994628953,8.8
ESP,2006,14.3447196948568,8.3
ESP,2007,13.5038732604957,8.5
ESP,2008,13.110078684933,8.4
ESP,2009,12.9657195567806,8.3
ESP,2010,11.5400693254122,8.2
ESP,2011,12.0942948150579,8.3
ESP,2012,11.6919954874835,8.6
ESP,2013,10.2759088539549,8.3
ESP,2014,10.22461137596,8.5
ESP,2015,11.8085262869621,9.1
ESP,2016,10.3473621764905,8.8
ESP,2017,11.1658168739395,9.1
ESP,2018,10.5034718641397,9.1
ESP,2019,10.4338195896242,8.8
ESP,2020,10.0910228471584,10.4
ESP,2021,10.2366414392856,9.5
ESP,2022,11.9338447646942,9.7
ESP,2023,10.0808338779581,9.0
EST,1990,19.3455326519109,12.4
EST,1991,19.2425169322327,12.6
EST,1992,18.9390416947151,13.1
EST,1993,18.6355664571974,14.2
EST,1994,18.3320912196798,15.2
EST,1995,18.4295350178401,14.5
EST,1996,17.7251407446446,13.4
EST,1997,17.4216655071269,13.3
EST,1998,17.1181902696093,14.0
EST,1999,16.8147150320917,13.4
EST,2000,16.310780276735,13.2
EST,2001,15.5892073227066,13.3
EST,2002,17.3042682813066,13.3
EST,2003,14.7439135672487,13.2
EST,2004,13.5256376198137,13.0
EST,2005,13.1754671293109,12.8
EST,2006,11.3193811582759,12.9
EST,2007,10.3239610320342,13.0
EST,2008,9.88438843592832,12.5
EST,2009,9.45844779715572,12.1
EST,2010,10.4707338625586,11.9
EST,2011,8.57915434602602,11.5
EST,2012,8.66776188531885,11.7
EST,2013,8.44215107790805,11.6
EST,2014,9.37028815022363,11.8
EST,2015,7.28547055171491,11.6
EST,2016,6.97215671810955,11.7
EST,2017,6.23825781218917,11.8
EST,2018,8.13925854793547,11.9
EST,2019,6.48539152857741,11.6
EST,2020,6.38391649561802,11.9
EST,2021,7.22114742755663,14.0
EST,2022,6.63187069919039,12.8
EST,2023,5.91844561892566,11.7
ETH,1990,21.3102211973087,19.71
ETH,1991,20.2960504977904,18.48
ETH,1992,20.3663658218369,18.116
ETH,1993,20.4366811458835,17.762
ETH,1994,20.50699646993,17.473
ETH,1995,18.4083397468473,17.176
ETH,1996,20.6476271180231,16.662
ETH,1997,20.7179424420696,16.185
ETH,1998,20.7882577661162,15.658
ETH,1999,20.8585730901627,15.632
ETH,2000,22.0133744377738,14.681
ETH,2001,25.1711735487158,14.222
ETH,2002,23.7744190388863,13.697
ETH,2003,22.2196766654647,13.114
ETH,2004,22.43685085496,12.519
ETH,2005,22.6872373649016,12.074
ETH,2006,22.9542180809591,11.427
ETH,2007,23.2352474929224,10.732
ETH,2008,23.3535997886864,10.067
ETH,2009,22.68705677205,9.505
ETH,2010,24.166909022745,8.98
ETH,2011,25.2350078828693,8.534
ETH,2012,24.5351118806919,8.118
ETH,2013,24.8586639702578,7.78
ETH,2014,21.7734035744035,7.461
ETH,2015,24.819463870742,7.206
ETH,2016,23.6646171631837,6.999
ETH,2017,25.1283378535126,6.786
ETH,2018,23.9359544258576,6.631
ETH,2019,22.7924418312934,6.481
ETH,2020,23.9067499898344,6.403
ETH,2021,23.7887266123944,6.638
ETH,2022,23.5261339843168,6.093
ETH,2023,23.8032820424199,5.96
EUU,1990,23.8452940146391,10.3225913204952
EUU,1991,23.689727118304,10.3520434725009
EUU,1992,23.3904705578653,10.2363510757452
EUU,1993,23.0939564376522,10.3296986617042
EUU,1994,22.7991327010506,10.1952799389744
EUU,1995,22.7867570113897,10.2422935502577
EUU,1996,22.2093423727705,10.2454528832394
EUU,1997,21.9164879231202,10.135974163067
EUU,1998,21.6245197256357,10.1388376985285
EUU,1999,21.3317583514573,10.1167981946494
EUU,2000,20.8923024848145,9.94451925601886
EUU,2001,19.6528101195956,9.84300762358932
EUU,2002,20.8139797191183,9.93656191250677
EUU,2003,21.8739502753806,10.1160923378066
EUU,2004,19.2687851362553,9.65602144111416
EUU,2005,19.7523000592336,9.84796514105644
EUU,2006,18.1665807682419,9.67431803397868
EUU,2007,17.127582059419,9.74437382975888
EUU,2008,16.6517003993247,9.8172253244259
EUU,2009,16.9245086503134,9.83182241746209
EUU,2010,17.1563495365754,9.82428101645122
EUU,2011,17.5240023145491,9.79738992869638
EUU,2012,15.6494361313139,10.0526176339888
EUU,2013,15.1431866726659,10.010766268898
EUU,2014,14.3987496590371,9.86672498293199
EUU,2015,14.4147890977298,10.4158645474974
EUU,2016,13.4919858924491,10.197548670084
EUU,2017,13.8446876439697,10.4801521108725
EUU,2018,13.7511351519776,10.5325165061584
EUU,2019,12.0835931801388,10.4097628589144
EUU,2020,11.4060087716525,11.6185096639856
EUU,2021,12.0799112711181,11.8861285696524
EUU,2022,12.2137877282298,11.5383701858918
EUU,2023,11.0111775725417,10.8266698036587
FIN,1990,10.5113134223461,10.0
FIN,1991,10.4691106973283,9.8
FIN,1992,10.3599974028701,9.9
FIN,1993,10.2508841084119,10.1
FIN,1994,10.1417708139536,9.4
FIN,1995,10.1664786583759,9.6
FIN,1996,9.92354422503715,9.6
FIN,1997,9.81443093057892,9.6
FIN,1998,9.70531763612068,9.6
FIN,1999,9.59620434166245,9.6
FIN,2000,9.42018047776389,9.5
FIN,2001,8.71213926366463,9.4
FIN,2002,8.72261703000733,9.5
FIN,2003,9.391679224902,9.4
FIN,2004,8.47682800490288,9.1
FIN,2005,8.8644509894831,9.1
FIN,2006,8.50175665837285,9.1
FIN,2007,7.74964222854881,9.3
FIN,2008,7.25397826755957,9.2
FIN,2009,7.0440238717636,9.3
FIN,2010,7.6665087286421,9.5
FIN,2011,6.90854689697724,9.4
FIN,2012,6.69926003675058,9.6
FIN,2013,6.2869797195743,9.5
FIN,2014,7.35747194919289,9.6
FIN,2015,5.69706141683995,9.6
FIN,2016,5.40693929358021,9.8
FIN,2017,4.74394075141048,9.8
FIN,2018,5.84651585707961,9.9
FIN,2019,5.2174017815856,9.8
FIN,2020,4.95233131104412,10.0
FIN,2021,5.26109490666293,10.4
FIN,2022,5.11856750896099,11.4
FIN,2023,4.56663882609005,11.0
FJI,1990,5.62544039494582,6.572
FJI,1991,5.43551895169112,6.433
FJI,1992,5.56855554938849,6.499
FJI,1993,5.70159214708585,6.499
FJI,1994,5.83462874478322,6.426
FJI,1995,5.32174926057696,6.395
FJI,1996,6.10070194017795,6.368
FJI,1997,6.23373853787532,6.372
FJI,1998,6.36677513557269,6.382
FJI,1999,6.49981173327006,6.416
FJI,2000,6.95580637191927,6.818
FJI,2001,7.40315189957814,6.946
FJI,2002,7.02299803363811,7.478
FJI,2003,7.13613433410344,7.496
FJI,2004,6.60343460527544,7.515
FJI,2005,6.83491264335033,7.567
FJI,2006,6.91449791395721,7.616
FJI,2007,7.18772689625003,7.734
FJI,2008,7.17058607235611,7.796
FJI,2009,6.43237587611048,7.915
FJI,2010,6.88563474549576,7.799
FJI,2011,6.76008246351913,7.897
FJI,2012,6.44418172593553,8.777
FJI,2013,6.34176339140498,8.43
FJI,2014,5.49433926170456,8.562
FJI,2015,6.11755232294273,8.791
FJI,2016,5.85147973844489,8.792
FJI,2017,7.18621241301659,8.695
FJI,2018,6.59012418588035,8.939
FJI,2019,6.95470348686353,9.092
FJI,2020,6.08382127607943,9.286
FJI,2021,5.97518909759315,11.157
FJI,2022,7.3625428766382,9.299
FJI,2023,6.44872096526468,9.255
FRA,1990,19.6130219873187,9.3
FRA,1991,19.5841201092403,9.2
FRA,1992,19.4111115098752,9.2
FRA,1993,19.23810291051,9.2
FRA,1994,19.0650943111449,9.1
FRA,1995,19.1802991543527,9.1
FRA,1996,18.7190771124146,9.1
FRA,1997,18.5460685130494,9.1
FRA,1998,18.3730599136843,9.1
FRA,1999,18.2000513143191,9.1
FRA,2000,17.8829359936674,8.9
FRA,2001,17.1691780362976,8.8
FRA,2002,16.7497368006463,8.8
FRA,2003,18.6509465537679,9.1
FRA,2004,16.1714405286058,8.3
FRA,2005,16.5468479487896,8.5
FRA,2006,14.4667104567385,8.3
FRA,2007,13.8289150912814,8.3
FRA,2008,14.5403484359196,8.5
FRA,2009,15.6461380644536,8.5
FRA,2010,15.8696664449031,8.5
FRA,2011,15.4920531594036,8.4
FRA,2012,13.9323322128474,8.7
FRA,2013,14.290754188052,8.7
FRA,2014,11.3479530769135,8.4
FRA,2015,12.0481874947392,8.9
FRA,2016,11.0378089342511,8.9
FRA,2017,10.6190588228925,9.1
FRA,2018,10.5107824351537,9.1
FRA,2019,9.41824194165321,9.1
FRA,2020,8.77800001489545,9.9
FRA,2021,9.93627290816782,9.8
FRA,2022,10.3836622746905,9.9
FRA,2023,8.22738625697416,9.4
FSM,1990,4.73730109078561,6.677
FSM,1991,4.6595015475245,6.573
FSM,1992,4.66177480555038,6.484
FSM,1993,4.66404806357627,6.77
FSM,1994,4.66632132160215,7.115
FSM,1995,4.50844897705407,7.389
FSM,1996,4.67086783765391,7.28
FSM,1997,4.67314109567979,7.155
FSM,1998,4.67541435370567,7.012
FSM,1999,4.67768761173155,6.868
FSM,2000,4.76003367104441,6.888
FSM,2001,4.92369010996103,6.702
FSM,2002,4.84892752722634,7.169
FSM,2003,4.67582189197791,6.791
FSM,2004,4.43524407228315,6.875
FSM,2005,4.59660703702622,6.947
FSM,2006,4.65293406472832,7.04
FSM,2007,4.62609788142464,7.108
FSM,2008,4.63841901048025,7.156
FSM,2009,4.77733884230892,7.188
FSM,2010,4.42113697028337,7.161
FSM,2011,4.86785054248864,7.206
FSM,2012,4.5072999411258,7.249
FSM,2013,4.30181914642517,7.31
FSM,2014,4.44778702195999,7.372
FSM,2015,4.67269224808772,7.482
FSM,2016,3.79572363222193,7.488
FSM,2017,3.57454119865152,7.531
FSM,2018,4.0495257466137,7.582
FSM,2019,3.78243790247913,7.6
FSM,2020,3.52255056217135,7.97
FSM,2021,3.56978052028658,7.916
FSM,2022,4.02973932425934,7.613
FSM,2023,3.51665334908193,7.64
GAB,1990,28.5245911494469,11.308
GAB,1991,28.3628374586269,11.107
GAB,1992,28.4583460440322,10.927
GAB,1993,28.5538546294375,10.756
GAB,1994,28.6493632148428,10.602
GAB,1995,28.230347247798,10.431
GAB,1996,28.8403803856534,10.318
GAB,1997,28.9358889710588,10.161
GAB,1998,29.0313975564641,10.027
GAB,1999,29.1269061418694,9.882
GAB,2000,29.4796770034997,9.746
GAB,2001,28.5624541624179,9.602
GAB,2002,28.9830225588465,9.452
GAB,2003,28.3199162236034,9.262
GAB,2004,29.1137843717922,9.102
GAB,2005,28.9608227435123,8.926
GAB,2006,25.3048779024936,8.755
GAB,2007,25.9088253666364,8.556
GAB,2008,27.8985134691197,8.35
GAB,2009,27.0071525203874,8.171
GAB,2010,29.0584488362783,7.994
GAB,2011,28.9402504273,7.802
GAB,2012,29.5648483349918,7.615
GAB,2013,32.0768027518567,7.44
GAB,2014,28.7115755077277,7.272
GAB,2015,31.1583560855615,7.138
GAB,2016,32.0063953887715,7.024
GAB,2017,27.9987788436569,6.918
GAB,2018,28.4801107651775,6.817
GAB,2019,29.3305583712676,6.693
GAB,2020,31.2781900678149,6.831
GAB,2021,30.4548421034181,6.802
GAB,2022,32.1853662714696,6.519
GAB,2023,31.3215918230835,6.269
GBR,1990,20.108565445179,11.2
GBR,1991,20.1617103890454,11.3
GBR,1992,19.9390318260776,11.0
GBR,1993,19.7163532631098,11.4
GBR,1994,19.4936747001421,10.8
GBR,1995,19.8226431508419,11.1
GBR,1996,19.0483175742065,10.9
GBR,1997,18.8256390112387,10.8
GBR,1998,18.6029604482709,10.8
GBR,1999,18.3802818853031,10.8
GBR,2000,17.8817798155015,10.3
GBR,2001,15.8040865771241,10.2
GBR,2002,16.3877890369293,10.2
GBR,2003,19.3544864435061,10.2
GBR,2004,15.5840021759095,9.7
GBR,2005,16.1136437372365,9.6
GBR,2006,13.4620257611205,9.4
GBR,2007,12.1370024293423,9.4
GBR,2008,11.9857659830594,9.4
GBR,2009,11.9881960643702,9.0
GBR,2010,12.5389789726342,8.9
GBR,2011,13.017005115073,8.7
GBR,2012,11.1751270771676,8.9
GBR,2013,12.4952891586025,9.0
GBR,2014,12.1572167997075,8.8
GBR,2015,10.4984654639443,9.2
GBR,2016,10.663101063838,9.1
GBR,2017,10.3650112571487,9.2
GBR,2018,10.6059076264199,9.2
GBR,2019,10.2890709531888,9.019
GBR,2020,9.52171570283834,10.268
GBR,2021,9.99579607939085,9.784
GBR,2022,10.016644435978,9.512
GBR,2023,9.46282991802458,9.518
GEO,1990,21.8503583354609,10.405
GEO,1991,21.8952157655249,10.876
GEO,1992,21.7480013662425,11.208
GEO,1993,21.6007869669601,11.335
GEO,1994,21.4535725676776,10.795
GEO,1995,21.6905018270876,10.288
GEO,1996,21.1591437691128,9.579
GEO,1997,21.0119293698304,10.64
GEO,1998,20.8647149705479,10.825
GEO,1999,20.7175005712655,11.022
GEO,2000,20.3782143426368,11.304
GEO,2001,20.8458638000748,11.39
GEO,2002,19.9249102686051,11.646
GEO,2003,19.2640781060563,11.504
GEO,2004,19.0139190018133,12.254
GEO,2005,19.9559288424734,12.152
GEO,2006,19.4147947150316,12.353
GEO,2007,20.2866981895568,12.671
GEO,2008,20.4871155444502,12.625
GEO,2009,19.8413083613995,12.738
GEO,2010,21.8779383548016,12.865
GEO,2011,19.0449267006406,12.594
GEO,2012,18.5215256244454,12.554
GEO,2013,18.4942417941906,12.336
GEO,2014,20.9305947312065,12.571
GEO,2015,18.8538248338325,12.503
GEO,2016,17.372294638664,12.774
GEO,2017,19.0750865540907,12.654
GEO,2018,18.6640622057354,12.078
GEO,2019,18.9456214930977,12.081
GEO,2020,18.9479160700645,12.963
GEO,2021,19.566218652052,15.342
GEO,2022,19.351565028902,12.211
GEO,2023,18.5711667549529,11.839
GHA,1990,38.3512002784784,11.748
GHA,1991,36.2087431851242,11.51
GHA,1992,36.2382419475188,11.266
GHA,1993,36.2677407099134,11.084
GHA,1994,36.2972394723079,11.036
GHA,1995,31.9828265232056,10.763
GHA,1996,36.3562369970971,10.557
GHA,1997,36.3857357594916,10.389
GHA,1998,36.4152345218862,10.248
GHA,1999,36.4447332842808,10.11
GHA,2000,38.6461879024236,9.991
GHA,2001,29.8112835954564,9.866
GHA,2002,35.1593626800221,9.722
GHA,2003,28.9236361356992,9.58
GHA,2004,40.8471079792122,9.436
GHA,2005,31.5057622691659,9.314
GHA,2006,31.4140355286574,9.161
GHA,2007,33.4452107808469,9.015
GHA,2008,34.1712364799862,8.884
GHA,2009,29.4002555482537,8.741
GHA,2010,26.371447386165,8.604
GHA,2011,30.3930045479609,8.485
GHA,2012,29.0418637003495,8.333
GHA,2013,24.2061546021841,8.169
GHA,2014,23.6327809168327,7.981
GHA,2015,33.8697351229232,7.845
GHA,2016,31.3095383111133,7.693
GHA,2017,29.3568301115867,7.558
GHA,2018,25.8232291377847,7.448
GHA,2019,25.0476126459012,7.34
GHA,2020,30.1543666247493,7.439
GHA,2021,29.2960702713952,7.482
GHA,2022,30.0880306483719,7.095
GHA,2023,28.143601284493,7.04
GIN,1990,30.886996358437,19.043
GIN,1991,30.2781205237132,18.707
GIN,1992,30.208389061569,18.428
GIN,1993,30.1386575994249,17.92
GIN,1994,30.0689261372808,17.636
GIN,1995,28.9209059299771,17.054
GIN,1996,29.9294632129925,16.519
GIN,1997,29.8597317508484,16.15
GIN,1998,29.7900002887043,15.638
GIN,1999,29.7202688265601,15.258
GIN,2000,30.1896817369956,14.892
GIN,2001,26.6548275944908,14.662
GIN,2002,28.2763659431737,14.157
GIN,2003,26.3257132393923,13.818
GIN,2004,33.3643330259586,13.533
GIN,2005,29.1480141344485,13.241
GIN,2006,28.8374671729279,12.925
GIN,2007,29.9723932253519,12.67
GIN,2008,31.2581829627097,12.367
GIN,2009,28.7735476269784,12.135
GIN,2010,29.8541230476967,11.883
GIN,2011,30.5038550590595,11.641
GIN,2012,29.4976600174044,11.406
GIN,2013,25.0054280197302,11.178
GIN,2014,25.9717238462183,11.066
GIN,2015,31.4888245218172,10.861
GIN,2016,30.4418199999504,10.527
GIN,2017,30.5590844497077,10.365
GIN,2018,28.8640174527699,10.151
GIN,2019,26.5843726882957,9.945
GIN,2020,27.2214398926513,9.919
GIN,2021,27.0984815291413,9.811
GIN,2022,27.6046011191563,9.3
GIN,2023,27.2639917651602,9.125
GMB,1990,41.9242378376216,16.278
GMB,1991,41.5848530275773,15.772
GMB,1992,41.5268807196376,15.255
GMB,1993,41.4689084116978,14.725
GMB,1994,41.4109361037581,14.212
GMB,1995,40.790138791609,13.717
GMB,1996,41.2949914878786,13.188
GMB,1997,41.2370191799389,12.766
GMB,1998,41.1790468719992,12.155
GMB,1999,41.1210745640594,11.737
GMB,2000,41.3445147582243,11.332
GMB,2001,35.0777271873364,10.983
GMB,2002,40.8223861593755,10.623
GMB,2003,37.5733327417509,10.27
GMB,2004,41.5490116499845,9.933
GMB,2005,36.6934099988931,9.687
GMB,2006,37.6425471457947,9.373
GMB,2007,39.3253287965307,9.152
GMB,2008,39.2886968370381,8.878
GMB,2009,34.4537021234745,8.71
GMB,2010,37.6278637786081,8.48
GMB,2011,37.4827882284656,8.275
GMB,2012,43.2188743504448,8.103
GMB,2013,32.5484863459717,7.909
GMB,2014,35.9468890256394,7.716
GMB,2015,43.1628486924345,7.501
GMB,2016,38.1418149085044,7.288
GMB,2017,41.615274500443,7.123
GMB,2018,39.1668107364675,6.964
GMB,2019,36.7144354566029,6.807
GMB,2020,37.4272673372918,6.797
GMB,2021,38.4502793605721,7.01
GMB,2022,36.1413467657693,6.635
GMB,2023,38.265175638788,6.292
GNB,1990,38.4750772143403,20.713
GNB,1991,37.4512224277985,20.279
GNB,1992,37.2619518850441,19.674
GNB,1993,37.0726813422897,19.147
GNB,1994,36.8834107995354,18.955
GNB,1995,35.0249717692056,18.243
GNB,1996,36.5048697140266,17.833
GNB,1997,36.3155991712723,18.063
GNB,1998,36.1263286285179,17.621
GNB,1999,35.9370580857635,17.194
GNB,2000,36.5823717867966,15.769
GNB,2001,30.8973467022134,15.264
GNB,2002,33.8435618674549,14.758
GNB,2003,31.7554113700337,14.265
GNB,2004,36.7381808247812,13.759
GNB,2005,32.7806696065658,13.539
GNB,2006,33.7323484464674,12.778
GNB,2007,35.2060454732893,12.25
GNB,2008,35.7583400772426,11.902
GNB,2009,31.998167086357,11.265
GNB,2010,33.3220582552832,10.813
GNB,2011,34.1313120548603,10.405
GNB,2012,35.6196267372682,10.037
GNB,2013,28.487890085031,9.681
GNB,2014,30.2524068012234,9.323
GNB,2015,36.1920659472528,8.976
GNB,2016,32.9366295828644,8.662
GNB,2017,36.4190361069168,8.36
GNB,2018,35.1487323389583,8.1
GNB,2019,30.9440705726087,7.863
GNB,2020,32.5028674212238,8.201
GNB,2021,31.7834142819936,8.023
GNB,2022,31.6464547644496,7.224
GNB,2023,32.2919342603912,7.05
GNQ,1990,42.5200158688906,16.243
GNQ,1991,40.9451137506433,16.065
GNQ,1992,40.8582515270433,15.889
GNQ,1993,40.7713893034434,15.703
GNQ,1994,40.6845270798435,15.507
GNQ,1995,37.6215850669488,15.275
GNQ,1996,40.5108026326436,15.013
GNQ,1997,40.4239404090437,14.729
GNQ,1998,40.3370781854438,14.435
GNQ,1999,40.2502159618438,14.108
GNQ,2000,41.651393632891,13.592
GNQ,2001,36.9753366403699,13.251
GNQ,2002,38.0153838309901,12.925
GNQ,2003,35.3475948731449,12.665
GNQ,2004,38.9509223009798,12.423
GNQ,2005,36.2939932144901,12.348
GNQ,2006,33.0668025327087,12.01
GNQ,2007,33.7298241116505,11.713
GNQ,2008,36.0056727949511,11.398
GNQ,2009,33.6438055907674,11.089
GNQ,2010,36.5180995852459,10.797
GNQ,2011,35.997544051315,10.517
GNQ,2012,37.1786666675568,10.219
GNQ,2013,39.2511233121454,9.918
GNQ,2014,35.0158524363488,9.644
GNQ,2015,42.6313082715495,9.397
GNQ,2016,42.1042110612561,9.14
GNQ,2017,38.1294600944499,8.915
GNQ,2018,36.147736606932,8.686
GNQ,2019,37.8649097138022,8.496
GNQ,2020,40.9192263288473,8.633
GNQ,2021,41.5933457698159,8.438
GNQ,2022,43.625828851518,8.015
GNQ,2023,42.2208052713627,7.878
GRC,1990,25.2857714075515,9.2
GRC,1991,25.4675464881916,9.3
GRC,1992,25.5585215374209,9.4
GRC,1993,25.6494965866501,9.3
GRC,1994,25.7404716358794,9.3
GRC,1995,26.0130467479306,9.5
GRC,1996,25.9224217343379,9.5
GRC,1997,26.0133967835672,9.4
GRC,1998,26.1043718327964,9.6
GRC,1999,26.1953468820257,9.6
GRC,2000,26.195521899844,9.7
GRC,2001,24.3862148237956,9.4
GRC,2002,25.1631455303145,9.5
GRC,2003,26.5354031822727,9.7
GRC,2004,23.2391621403789,9.6
GRC,2005,24.1297098606129,9.6
GRC,2006,21.1531220679768,9.6
GRC,2007,20.4216986910793,9.9
GRC,2008,20.2914559512345,9.7
GRC,2009,18.6565227951398,9.8
GRC,2010,18.1403773417228,9.8
GRC,2011,18.8826332091494,10.0
GRC,2012,17.7408338148344,10.6
GRC,2013,15.1354047778965,10.2
GRC,2014,15.9602532913852,10.4
GRC,2015,15.4961295457634,11.2
GRC,2016,15.2863099968627,11.0
GRC,2017,15.3860425452779,11.6
GRC,2018,15.426827372432,11.2
GRC,2019,15.4629284259515,11.7
GRC,2020,14.4453432380952,12.2
GRC,2021,15.6616318007135,13.6
GRC,2022,16.3030538124793,13.4
GRC,2023,14.118664022908,12.2
GRD,1990,11.8686286080072,7.562
GRD,1991,11.9527553439241,7.532
GRD,1992,11.9867933176272,7.461
GRD,1993,12.0208312913303,7.372
GRD,1994,12.0548692650334,7.295
GRD,1995,12.1890847631643,7.229
GRD,1996,12.1229452124396,7.18
GRD,1997,12.1569831861427,7.152
GRD,1998,12.1910211598458,7.137
GRD,1999,12.2250591335489,7.165
GRD,2000,12.2090083450381,7.213
GRD,2001,11.9927138224644,7.262
GRD,2002,12.4938107145339,7.275
GRD,2003,11.4623917162846,7.274
GRD,2004,10.7429890337504,7.615
GRD,2005,11.4843085150801,7.223
GRD,2006,11.3373013440089,7.209
GRD,2007,10.8009439738589,7.213
GRD,2008,11.3996024262635,7.244
GRD,2009,12.5387110180818,7.307
GRD,2010,13.3111136278942,7.399
GRD,2011,10.2776246221522,7.502
GRD,2012,12.4957389519333,7.577
GRD,2013,10.0467146936889,7.666
GRD,2014,9.41749477879839,7.767
GRD,2015,12.132890266003,7.888
GRD,2016,11.7000306100331,8.023
GRD,2017,11.8854290792897,8.166
GRD,2018,10.6010898859802,8.332
GRD,2019,10.7118417773225,8.481
GRD,2020,11.1340867235524,8.604
GRD,2021,12.3513912939514,9.198
GRD,2022,10.9880658520089,8.763
GRD,2023,11.0315429587203,8.859
GRL,1990,1.652726154427,8.4
GRL,1991,1.64821459763232,8.3
GRL,1992,1.63619557843708,8.0
GRL,1993,1.62417655924185,7.8
GRL,1994,1.61215754004661,8.0
GRL,1995,1.61515344565244,8.6
GRL,1996,1.58811950165614,7.9
GRL,1997,1.5761004824609,8.8
GRL,1998,1.56408146326567,8.1
GRL,1999,1.55206244407043,8.5
GRL,2000,1.53253596247466,8.0
GRL,2001,1.55250825015885,8.3
GRL,2002,1.45852928030692,7.9
GRL,2003,1.51978648558285,7.2
GRL,2004,1.38685225018092,8.4
GRL,2005,1.40144904120517,8.2
GRL,2006,1.70196183288896,7.7
GRL,2007,1.86286672383007,8.0
GRL,2008,1.91473026534269,7.6
GRL,2009,1.92646127876199,7.8
GRL,2010,1.98098632133424,9.0
GRL,2011,1.82568347606147,8.4
GRL,2012,2.0842794515033,8.1
GRL,2013,1.82058879280051,7.9
GRL,2014,1.92791245005633,8.2
GRL,2015,1.64758472228854,8.4
GRL,2016,1.58205307703241,8.7
GRL,2017,1.73621072946146,8.9
GRL,2018,1.50600455841938,8.7
GRL,2019,1.84640110547822,9.7
GRL,2020,1.71134735306652,9.2
GRL,2021,1.72065428953595,9.4
GRL,2022,1.77327801063675,9.3
GRL,2023,1.63628490009227,9.4
GTM,1990,39.1610184001261,8.767
GTM,1991,38.9148856759225,8.64
GTM,1992,38.6203042054479,8.574
GTM,1993,38.3257227349734,8.358
GTM,1994,38.0311412644988,8.11
GTM,1995,37.833457286565,7.77
GTM,1996,37.4419783235498,7.358
GTM,1997,37.1473968530752,7.024
GTM,1998,36.8528153826007,6.717
GTM,1999,36.5582339121262,6.433
GTM,2000,36.2152036953811,6.25
GTM,2001,31.8738625616511,6.126
GTM,2002,31.3656402187038,5.974
GTM,2003,33.0730990005716,5.842
GTM,2004,28.0762889420471,5.827
GTM,2005,29.2886105981655,5.882
GTM,2006,27.4303207162049,5.666
GTM,2007,26.7581683763429,5.521
GTM,2008,28.167680837005,5.483
GTM,2009,31.5886539218028,5.455
GTM,2010,28.6109743470696,5.421
GTM,2011,31.96363951634,5.305
GTM,2012,29.6585058561654,5.205
GTM,2013,32.0186128972524,5.184
GTM,2014,27.4223137463517,5.197
GTM,2015,26.8919069509211,5.243
GTM,2016,30.3545322854983,5.174
GTM,2017,29.9430077048577,5.081
GTM,2018,28.1314081003981,5.135
GTM,2019,29.3775212370689,5.117
GTM,2020,31.9662189623904,5.835
GTM,2021,31.1657290720303,6.909
GTM,2022,28.3120937251037,5.281
GTM,2023,29.6792763049113,4.829
GUM,1990,4.3113266606923,4.23
GUM,1991,4.22186418878233,4.289
GUM,1992,4.21749861366971,4.338
GUM,1993,4.21313303855709,4.309
GUM,1994,4.20876746344447,4.291
GUM,1995,4.03420809473714,4.343
GUM,1996,4.20003631321923,4.407
GUM,1997,4.19567073810661,4.474
GUM,1998,4.19130516299399,4.506
GUM,1999,4.18693958788138,4.53
GUM,2000,4.2676709095661,4.541
GUM,2001,4.41480693379239,4.529
GUM,2002,5.1134823230071,4.521
GUM,2003,4.3357250461388,4.51
GUM,2004,4.62770178284191,4.551
GUM,2005,3.85095485656127,4.557
GUM,2006,4.02656330800954,4.671
GUM,2007,3.95180286067434,4.817
GUM,2008,3.87213781202049,4.971
GUM,2009,3.95876445688843,5.084
GUM,2010,3.6292658856828,5.187
GUM,2011,4.14392139176586,5.309
GUM,2012,4.37565820470043,5.472
GUM,2013,4.08266794721338,5.594
GUM,2014,4.58172500978383,5.764
GUM,2015,4.93936320949332,5.939
GUM,2016,3.89457697263485,6.132
GUM,2017,3.79098046393077,6.291
GUM,2018,3.52892096818836,6.412
GUM,2019,3.27092166568972,6.534
GUM,2020,3.05763813189896,7.223
GUM,2021,3.41198728904722,7.414
GUM,2022,3.72498157414215,6.736
GUM,2023,3.47075894957671,6.868
GUY,1990,23.7189224615245,8.614
GUY,1991,23.5593582814554,8.481
GUY,1992,23.8541423359602,8.325
GUY,1993,24.148926390465,8.241
GUY,1994,24.4437104449698,8.265
GUY,1995,23.8297980303279,8.454
GUY,1996,25.0332785539794,8.439
GUY,1997,25.3280626084842,8.338
GUY,1998,25.622846662989,8.054
GUY,1999,25.9176307174938,7.892
GUY,2000,26.6667630065721,7.759
GUY,2001,24.7804398895575,7.632
GUY,2002,24.3411450326598,7.764
GUY,2003,25.1729778182659,7.837
GUY,2004,22.2574440428806,7.898
GUY,2005,24.4486595567648,7.924
GUY,2006,19.7577890407045,7.852
GUY,2007,17.7515925733248,7.695
GUY,2008,17.7590749538008,7.727
GUY,2009,16.8733263469667,7.751
GUY,2010,18.4696341481374,7.842
GUY,2011,17.0102709095446,7.894
GUY,2012,18.078707012209,8.07
GUY,2013,16.831415858072,8.046
GUY,2014,16.0457196451689,7.832
GUY,2015,18.390164178919,7.757
GUY,2016,17.4574829748199,7.705
GUY,2017,16.6932475618587,7.59
GUY,2018,15.8697060057558,7.407
GUY,2019,16.6335009904931,7.503
GUY,2020,16.6207586497823,8.49
GUY,2021,18.2191500248983,10.998
GUY,2022,17.5047665611304,7.309
GUY,2023,16.9462260034022,7.32
HND,1990,39.2199557858912,7.026
HND,1991,38.4392712467941,6.766
HND,1992,38.3555599266436,6.554
HND,1993,38.2718486064932,6.431
HND,1994,38.1881372863427,6.18
HND,1995,36.7104795282989,5.965
HND,1996,38.0207146460418,5.779
HND,1997,37.9370033258913,5.624
HND,1998,37.8532920057408,7.893
HND,1999,37.7695806855903,5.374
HND,2000,38.3828425843864,5.243
HND,2001,34.7359131306932,5.148
HND,2002,35.5103022431416,5.043
HND,2003,37.3740532889195,4.968
HND,2004,31.456415466241,4.898
HND,2005,33.7566101434543,4.846
HND,2006,31.5234447764269,4.793
HND,2007,30.6750038555339,4.75
HND,2008,30.6868037783563,4.735
HND,2009,30.0063567642572,4.707
HND,2010,28.5008525041351,4.762
HND,2011,33.3998623380405,4.681
HND,2012,28.4877328595734,4.608
HND,2013,32.0934225590354,4.554
HND,2014,29.4737326253674,4.519
HND,2015,29.7472774328821,4.479
HND,2016,27.8161786141628,4.442
HND,2017,28.7616185448399,4.446
HND,2018,29.7635517651656,4.452
HND,2019,29.4283957469446,4.486
HND,2020,36.5355643898854,5.06
HND,2021,30.2857858448489,5.727
HND,2022,29.6637651594529,4.442
HND,2023,30.7188969730187,4.478
HPC,1990,31.6696536671908,16.4413453508535
HPC,1991,30.9492106530096,16.560639345866
HPC,1992,31.082001490219,16.2546610140944
HPC,1993,31.215935718247,15.6169042069017
HPC,1994,31.296867300995,17.5571063222864
HPC,1995,29.7368493339396,15.0899752419923
HPC,1996,31.4885528240792,14.9266518793722
HPC,1997,31.5894856263244,14.6427148994205
HPC,1998,31.6828615786526,14.4511302381054
HPC,1999,31.7834834548577,14.1096788178097
HPC,2000,32.6928223961102,13.5754123410413
HPC,2001,32.0780213361918,13.1832775306673
HPC,2002,32.306909864808,12.7979266022828
HPC,2003,30.4542101251285,12.4198768987704
HPC,2004,33.6846839473793,12.0533191672026
HPC,2005,31.8047408874216,11.6556740220684
HPC,2006,31.5107351839429,11.1927367673157
HPC,2007,31.9538853019331,10.7962413977608
HPC,2008,32.3613010918621,10.4255787334628
HPC,2009,30.6126554742834,10.4937080135966
HPC,2010,31.995879691257,9.95447239542106
HPC,2011,32.4702031272996,9.79268877258215
HPC,2012,31.8842218505511,9.20569018705236
HPC,2013,30.8208957035404,8.90555291739516
HPC,2014,28.9042066062675,8.70923608509408
HPC,2015,33.5518776556138,8.43252052774384
HPC,2016,31.8172364048008,8.20608937095474
HPC,2017,30.6724725629434,8.07455875897174
HPC,2018,29.6512287053416,7.83747887201163
HPC,2019,29.8450323902329,7.75382626376643
HPC,2020,30.4720438806636,7.696765359878
HPC,2021,30.4392288741334,7.89612675537038
HPC,2022,31.5666377591161,7.51531770783511
HPC,2023,30.2799450869827,6.97735230361144
HRV,1990,27.7408904297116,10.9
HRV,1991,27.4231159069117,11.7
HRV,1992,27.0697264134741,11.3
HRV,1993,26.7163369200366,11.1
HRV,1994,26.362947426599,10.6
HRV,1995,26.0807878744354,10.9
HRV,1996,25.6561684397239,11.1
HRV,1997,25.3027789462864,11.5
HRV,1998,24.9493894528489,11.5
HRV,1999,24.5959999594113,11.5
HRV,2000,24.2069954953366,11.2
HRV,2001,23.8831308886975,11.2
HRV,2002,27.3481876201074,11.4
HRV,2003,29.1399150887477,11.8
HRV,2004,25.0842132029273,11.2
HRV,2005,26.5990115147249,11.656
HRV,2006,23.6944781711781,11.341
HRV,2007,21.8691308993668,11.798
HRV,2008,20.6802048394573,11.8
HRV,2009,21.0753069224242,11.8
HRV,2010,21.131826137621,11.8
HRV,2011,24.2670565479156,11.9
HRV,2012,20.5974954444333,12.1
HRV,2013,19.4659499015415,11.9
HRV,2014,18.2337872404571,12.1
HRV,2015,20.4013318441123,13.1
HRV,2016,19.5103036698958,12.6
HRV,2017,18.8283911937191,13.2
HRV,2018,19.6904117646471,13.2
HRV,2019,16.3501847140191,13.1
HRV,2020,15.5363694697733,14.6
HRV,2021,15.8311978587026,16.2
HRV,2022,16.8333506097167,14.8
HRV,2023,15.7786705432032,13.3
HTI,1990,14.1796909160106,13.823
HTI,1991,14.1060885561724,13.548
HTI,1992,14.2929409000805,13.153
HTI,1993,14.4797932439886,12.803
HTI,1994,14.6666455878967,12.568
HTI,1995,14.332588524313,12.013
HTI,1996,15.0403502757129,11.655
HTI,1997,15.227202619621,11.293
HTI,1998,15.414054963529,10.994
HTI,1999,15.6009073074371,10.662
HTI,2000,16.0482143550912,10.393
HTI,2001,14.552958419015,10.14
HTI,2002,15.6478610174017,9.878
HTI,2003,15.0843084958859,9.668
HTI,2004,13.8203987243363,10.106
HTI,2005,14.5278127247137,9.225
HTI,2006,14.8318504330844,9.04
HTI,2007,14.702996088707,8.896
HTI,2008,14.5435652953015,8.834
HTI,2009,14.1802498002384,8.679
HTI,2010,16.2956346305867,17.931
HTI,2011,14.1411517955388,8.728
HTI,2012,13.6823892132522,8.442
HTI,2013,15.0957599176713,8.314
HTI,2014,15.2557099929414,8.205
HTI,2015,15.9378777812489,8.143
HTI,2016,14.9184355170856,8.15
HTI,2017,15.5977298868039,7.977
HTI,2018,15.7261482402686,7.927
HTI,2019,15.3583584553577,7.876
HTI,2020,15.8597316710366,8.284
HTI,2021,16.259372740045,8.941
HTI,2022,14.6394225854133,8.272
HTI,2023,15.8127594459366,7.817
HUN,1990,27.2677762480869,14.0
HUN,1991,27.0553445251279,14.0
HUN,1992,26.5137813042051,14.3
HUN,1993,25.9722180832823,14.5
HUN,1994,25.4306548623594,14.2
HUN,1995,25.5473546373623,14.1
HUN,1996,24.3475284205138,13.9
HUN,1997,23.805965199591,13.5
HUN,1998,23.2644019786682,13.7
HUN,1999,22.7228387577453,14.0
HUN,2000,21.8521440388594,13.3
HUN,2001,21.6392377842657,13.0
HUN,2002,24.4454640967473,13.1
HUN,2003,25.8154815283458,13.4
HUN,2004,22.1690752312132,13.1
HUN,2005,23.118993348319,13.5
HUN,2006,21.8799842132505,13.1
HUN,2007,20.5905835751322,13.2
HUN,2008,19.2682506884038,13.0
HUN,2009,20.5774180531898,13.0
HUN,2010,20.6009272974969,13.0
HUN,2011,23.5710586394975,12.9
HUN,2012,20.2847528931058,13.0
HUN,2013,19.1996854386235,12.8
HUN,2014,18.1685604365167,12.8
HUN,2015,19.0056518144009,13.4
HUN,2016,17.0875378473983,13.0
HUN,2017,18.8047015819743,13.6
HUN,2018,18.2609055529635,13.5
HUN,2019,14.686677071267,13.4
HUN,2020,13.5188812207119,14.6
HUN,2021,14.3835277703063,16.2
HUN,2022,13.9643061911554,14.2
HUN,2023,13.7155825810085,13.4
IBD,1990,39.9864088118901,8.29291865489821
IBD,1991,39.5560529162821,8.19860341720618
IBD,1992,39.5390482925676,8.1349297226024
IBD,1993,39.5240421888292,8.14337090153369
IBD,1994,39.5108011226105,8.05459433914389
IBD,1995,38.6674562871913,7.97433475769912
IBD,1996,39.4867175141716,7.86394095871464
IBD,1997,39.4758311785975,7.74848971439007
IBD,1998,39.4645289066729,7.66547345944441
IBD,1999,39.4525701653846,7.64027542531287
IBD,2000,39.8621220114928,7.59324790542325
IBD,2001,39.5029401623926,7.55219105438056
IBD,2002,40.1392682238439,7.51305295825372
IBD,2003,40.3808533863872,7.48152777966576
IBD,2004,39.5066377686858,7.45891032107296
IBD,2005,39.6893633331379,7.40136982001024
IBD,2006,39.1843881118069,7.41857868705049
IBD,2007,39.1793706670428,7.3909025466032
IBD,2008,39.4797537123193,7.37253913618191
IBD,2009,39.5498247939183,7.3001545345162
IBD,2010,39.299796380993,7.25546330847024
IBD,2011,41.0886214110463,7.18876449347996
IBD,2012,39.0390281326658,7.13255642197999
IBD,2013,39.7971807548858,7.08353101648002
IBD,2014,39.8841999665292,7.05009372640924
IBD,2015,39.1436589585664,7.01471138301731
IBD,2016,38.3321742357556,7.00568634668646
IBD,2017,37.7544686859364,6.98078162268068
IBD,2018,36.9701027262106,6.9985429739314
IBD,2019,35.915943320806,7.00485415610666
IBD,2020,33.9441117368365,7.6194529151119
IBD,2021,34.6056731109914,8.66351508136819
IBD,2022,33.5933124176626,7.23599808925833
IBD,2023,34.2690710817944,7.25447582337432
IBT,1990,40.5780853171616,9.45389946145876
IBT,1991,40.0765623118557,9.4191118548213
IBT,1992,40.079160680201,9.31659336226553
IBT,1993,40.0831952846456,9.26136567988165
IBT,1994,40.0867109437507,9.32585152629149
IBT,1995,39.0679579875153,9.05026048457427
IBT,1996,40.0990173173023,8.93888073921413
IBT,1997,40.1075226490124,8.80768511966093
IBT,1998,40.1162541444717,8.73632619649696
IBT,1999,40.1272524541545,8.6301857531328
IBT,2000,40.6612097290956,8.51691296293771
IBT,2001,40.0432741884876,8.42989180556196
IBT,2002,40.7040224207433,8.34196926015589
IBT,2003,40.3936526346175,8.25954579805489
IBT,2004,40.2638782539978,8.19272350037012
IBT,2005,40.1354244141271,8.0997082619695
IBT,2006,39.7422002512774,8.04031701082933
IBT,2007,39.8615896726337,7.96519220874676
IBT,2008,40.2171392167313,7.92531423827994
IBT,2009,39.9871603590934,7.84549746332944
IBT,2010,39.9612612593036,7.73745885016214
IBT,2011,41.4587962076581,7.66089364833836
IBT,2012,39.938440329292,7.55437253314375
IBT,2013,39.925917573522,7.47802921490487
IBT,2014,39.8297323803746,7.43802358053464
IBT,2015,40.4936512144246,7.38817350887292
IBT,2016,39.41330412231,7.34297505195383
IBT,2017,38.8021048183489,7.29935646594178
IBT,2018,38.4680836169733,7.253241643363
IBT,2019,36.9693228468165,7.22828738057747
IBT,2020,35.9831670671105,7.71343701901471
IBT,2021,36.6450720907929,8.51137329085805
IBT,2022,36.0085013196027,7.33233092898252
IBT,2023,36.3481930882904,7.26456718605813
IDA,1990,42.9203517327317,14.0394986481472
IDA,1991,42.1178117711401,14.1948143657444
IDA,1992,42.1741671508949,13.8899323776983
IDA,1993,42.2258224701602,13.5360556510935
IDA,1994,42.2670288245381,14.128249117393
IDA,1995,40.5658803902659,13.0657360387341
IDA,1996,42.3610843621503,12.9017160864156
IDA,1997,42.4134462826326,12.66609174439
IDA,1998,42.4670927007401,12.5915565111586
IDA,1999,42.5319169746774,12.1523968819678
IDA,2000,43.4749704602259,11.764163345608
IDA,2001,41.9224711057772,11.4776116230862
IDA,2002,42.6427526814191,11.1831584717842
IDA,2003,40.4370177837144,10.8915990085694
IDA,2004,42.796903958486,10.6437980631228
IDA,2005,41.6084012823732,10.4024708684378
IDA,2006,41.5596014195294,10.0631895191789
IDA,2007,42.0531750533048,9.80757530715814
IDA,2008,42.5537196996427,9.67461620204547
IDA,2009,41.3546663994626,9.5485557373813
IDA,2010,42.0024795149671,9.22300342760424
IDA,2011,42.5866994913798,9.09769667575724
IDA,2012,42.6476096830829,8.8234240206268
IDA,2013,40.309897014368,8.65329618367282
IDA,2014,39.6689459316642,8.58185736931954
IDA,2015,44.4352015416103,8.4773488087895
IDA,2016,42.5332025440011,8.31525830237033
IDA,2017,41.7887368150718,8.20658705221669
IDA,2018,42.6828076090327,7.96910966743564
IDA,2019,39.8915532395073,7.84748991867026
IDA,2020,41.5542154408951,7.9699604952998
IDA,2021,42.1274139980138,8.10278346317562
IDA,2022,42.3948707778787,7.58681786065352
IDA,2023,41.7571757870828,7.29079739201134
IDB,1990,51.4327745933031,13.1605714702486
IDB,1991,50.4744529653811,13.1762088260888
IDB,1992,50.5740586410965,13.1318712720008
IDB,1993,50.6921380673585,13.0599184054827
IDB,1994,50.8336975382356,13.0327760202778
IDB,1995,48.8138622169204,12.9655090267082
IDB,1996,51.0946832694562,12.9189462086905
IDB,1997,51.2187103526698,12.831163796621
IDB,1998,51.3422309515381,12.646080866178
IDB,1999,51.4861889733618,12.4459833879644
IDB,2000,52.7294091065682,12.2000969867003
IDB,2001,48.8873039252882,12.0202041337818
IDB,2002,50.6223666912853,11.7671084398902
IDB,2003,46.7119201951564,11.5325253385084
IDB,2004,50.1715048270255,11.2731482884272
IDB,2005,48.4120799020331,11.2277362193072
IDB,2006,49.498498428615,10.881653358685
IDB,2007,50.5957311344079,10.6796458776054
IDB,2008,50.519301711456,10.5029958368066
IDB,2009,47.2567406523511,10.3329921579316
IDB,2010,48.868419268966,10.1780521765295
IDB,2011,49.379914581967,10.019264249188
IDB,2012,49.1363115091223,9.87975215699674
IDB,2013,45.9077363144795,9.75420846908746
IDB,2014,46.4131167337399,9.63785985940226
IDB,2015,55.4504529537615,9.53670276335277
IDB,2016,52.739314856868,9.37753270660368
IDB,2017,52.2650679298173,9.23958121614882
IDB,2018,51.3027735550778,9.1029381373359
IDB,2019,46.8341789008074,8.97482954250514
IDB,2020,50.2261222741978,9.21887792929506
IDB,2021,51.5961318886355,9.13903981979752
IDB,2022,53.8591457988334,8.56462495496463
IDB,2023,52.1146716538632,8.44402069033262
IDN,1990,31.3805846350341,8.092
IDN,1991,30.7073238764343,7.938
IDN,1992,30.2367377919813,7.765
IDN,1993,29.7661517075284,7.527
IDN,1994,29.2955656230754,7.517
IDN,1995,28.4196301903273,7.497
IDN,1996,28.3543934541694,7.494
IDN,1997,27.8838073697165,7.437
IDN,1998,27.4132212852635,7.436
IDN,1999,26.9426352008105,7.482
IDN,2000,26.6747237905048,7.431
IDN,2001,25.302335714927,7.391
IDN,2002,25.8911322229788,7.315
IDN,2003,24.1865400529461,7.336
IDN,2004,25.7310486246304,8.097
IDN,2005,24.8850896401555,7.376
IDN,2006,22.6033726151212,7.423
IDN,2007,20.3245578241092,7.421
IDN,2008,19.5262477219201,7.444
IDN,2009,21.1492894131616,7.461
IDN,2010,18.8209823158519,7.528
IDN,2011,19.8110740394032,7.517
IDN,2012,20.1620125202947,7.51
IDN,2013,19.3504477992516,7.51
IDN,2014,23.9061448888613,7.499
IDN,2015,25.6063125890807,7.495
IDN,2016,20.9556285202781,7.502
IDN,2017,17.8027910767602,7.506
IDN,2018,20.3645339845943,7.562
IDN,2019,23.9728901300149,7.558
IDN,2020,18.8647326240401,8.843
IDN,2021,19.9850538348218,10.042
IDN,2022,19.7659265420197,7.492
IDN,2023,20.8444642120249,7.531
IDX,1990,38.4544878256623,14.4990251270176
IDX,1991,37.7073793055429,14.7305774831059
IDX,1992,37.7304976742234,14.2896034199207
IDX,1993,37.7464715145787,13.7871283166307
IDX,1994,37.7317405368643,14.7062877170735
IDX,1995,36.1941172077937,13.1186866759818
IDX,1996,37.7245534539488,12.8925984666099
IDX,1997,37.7306547841195,12.5785841254491
IDX,1998,37.7389475623784,12.5625948872789
IDX,1999,37.7554111750551,11.9961941784532
IDX,2000,38.5266331845807,11.5316387561537
IDX,2001,38.1865763047432,11.1872686832273
IDX,2002,38.3581164042347,10.870348367462
IDX,2003,37.0653293806834,10.5480034043874
IDX,2004,38.8263469639377,10.3057105158731
IDX,2005,37.9388117231164,9.95833507102726
IDX,2006,37.2720018081388,9.62209991360186
IDX,2007,37.4267178228976,9.33626182184498
IDX,2008,38.2243401527363,9.2252935407596
IDX,2009,38.1359175897619,9.12159950714856
IDX,2010,38.246156425063,8.70150456689663
IDX,2011,38.862734952384,8.59345439731088
IDX,2012,39.088258833739,8.24505525153907
IDX,2013,37.2368448726474,8.05003305409987
IDX,2014,35.9673932231629,8.00330367912164
IDX,2015,38.3957841676154,7.89753081750553
IDX,2016,36.9513438890821,7.73526104607438
IDX,2017,36.0742674683561,7.64405656240772
IDX,2018,37.993536434701,7.35330581739186
IDX,2019,36.1273835031565,7.2372301380882
IDX,2020,36.8672924539772,7.29599649538251
IDX,2021,37.0221431703669,7.54490318829421
IDX,2022,36.2278059103125,7.061584957677
IDX,2023,36.2037914642255,6.67331151133478
IND,1990,51.2032665473841,10.726
IND,1991,50.1661937890725,10.472
IND,1992,50.1221696951975,10.225
IND,1993,50.0781456013225,10.001
IND,1994,50.0341215074474,9.777
IND,1995,48.0040000846993,9.572
IND,1996,49.9460733196973,9.371
IND,1997,49.9020492258223,9.174
IND,1998,49.8580251319472,8.988
IND,1999,49.8140010380722,8.805
IND,2000,50.7630256086335,8.628
IND,2001,50.4537854823933,8.482
IND,2002,51.2544544512511,8.294
IND,2003,52.5149836233186,8.125
IND,2004,50.8446162251344,7.982
IND,2005,51.3369278641143,7.819
IND,2006,49.2546056005498,7.67
IND,2007,49.4513350486064,7.536
IND,2008,51.2664820637014,7.41
IND,2009,52.2626731220367,7.29
IND,2010,51.7188200456979,7.164
IND,2011,55.0258281992835,7.048
IND,2012,53.0196291324327,6.945
IND,2013,52.2693789873114,6.859
IND,2014,51.6872206933655,6.77
IND,2015,51.4355933740253,6.729
IND,2016,54.4218755239322,6.7
IND,2017,55.1724251484484,6.673
IND,2018,56.6795240921875,6.67
IND,2019,53.5981486621548,6.67
IND,2020,52.1933674059995,7.214
IND,2021,55.6234726382873,9.259
IND,2022,50.6577446303517,6.576
IND,2023,54.0522242217331,6.611
IRL,1990,13.4983413697386,8.9
IRL,1991,13.5139979959163,8.9
IRL,1992,13.3927612806258,8.7
IRL,1993,13.2715245653353,9.0
IRL,1994,13.1502878500448,8.6
IRL,1995,13.3028378176904,8.9
IRL,1996,12.9078144194637,8.7
IRL,1997,12.7865777041732,8.6
IRL,1998,12.6653409888827,8.5
IRL,1999,12.5441042735922,8.7
IRL,2000,12.2859742168336,8.2
IRL,2001,11.402821680916,7.8
IRL,2002,11.6700043861585,7.5
IRL,2003,14.0645339747037,7.3
IRL,2004,10.6487309346359,7.0
IRL,2005,11.661928529531,6.8
IRL,2006,9.93058988671308,6.7
IRL,2007,9.22831394856213,6.4
IRL,2008,9.2722036576923,6.3
IRL,2009,9.08300797287398,6.3
IRL,2010,9.41345422780119,6.1
IRL,2011,9.21023784264142,6.2
IRL,2012,8.18207039845128,6.3
IRL,2013,9.12400814797185,6.4
IRL,2014,8.36819428856524,6.3
IRL,2015,7.74862352557972,6.4
IRL,2016,7.86032745252486,6.4
IRL,2017,7.09611700560255,6.3
IRL,2018,7.79168997270246,6.4
IRL,2019,8.57888040778008,6.2
IRL,2020,7.81294532464159,6.4
IRL,2021,8.08642354824427,6.7
IRL,2022,8.10103504227002,6.7
IRL,2023,7.51222073505132,6.6
IRN,1990,33.7817793345792,7.251
IRN,1991,33.8675748710249,6.252
IRN,1992,34.1540525433905,6.016
IRN,1993,34.4405302157562,5.859
IRN,1994,34.7270078881218,5.579
IRN,1995,34.6121212886486,5.4
IRN,1996,35.2999632328531,5.266
IRN,1997,35.5864409052187,5.205
IRN,1998,35.8729185775843,5.084
IRN,1999,36.15939624995,5.019
IRN,2000,36.6465560582351,4.957
IRN,2001,36.4723770294369,4.91
IRN,2002,35.362362450169,4.887
IRN,2003,38.5541278060393,5.225
IRN,2004,34.9555185321932,4.772
IRN,2005,35.1401847092008,4.728
IRN,2006,38.4483997597332,4.673
IRN,2007,40.884688438068,4.649
IRN,2008,42.1040274366973,4.634
IRN,2009,42.9215967955247,4.623
IRN,2010,43.283675536822,4.613
IRN,2011,42.452340283915,4.61
IRN,2012,40.6183895493049,4.609
IRN,2013,39.7950964350363,4.609
IRN,2014,39.6402680545656,4.613
IRN,2015,40.7995075467019,4.617
IRN,2016,39.6507104954164,4.625
IRN,2017,40.0923628918798,4.631
IRN,2018,41.7863693968445,4.645
IRN,2019,39.3567217936452,4.659
IRN,2020,38.7645483904147,6.439
IRN,2021,41.088278911137,6.387
IRN,2022,43.8957340729139,4.897
IRN,2023,40.2453897732326,4.672
IRQ,1990,49.2452394027313,11.093
IRQ,1991,47.6707530697933,8.993
IRQ,1992,47.569535797553,7.136
IRQ,1993,47.4683185253127,6.981
IRQ,1994,47.3671012530724,7.123
IRQ,1995,44.3193458594366,7.153
IRQ,1996,47.1646667085917,7.14
IRQ,1997,47.0634494363514,7.239
IRQ,1998,46.9622321641111,7.1
IRQ,1999,46.8610148918708,6.992
IRQ,2000,48.233066680328,6.801
IRQ,2001,43.3223765593102,6.588
IRQ,2002,44.3150200616787,6.359
IRQ,2003,47.4418587296722,6.685
IRQ,2004,44.217191482765,6.729
IRQ,2005,48.2620408886902,6.606
IRQ,2006,47.9192893845428,7.101
IRQ,2007,50.715570586461,6.885
IRQ,2008,53.0055491115129,5.953
IRQ,2009,54.0214507161786,5.48
IRQ,2010,57.0667074141581,5.409
IRQ,2011,51.6251483019676,5.299
IRQ,2012,53.0903644919475,5.12
IRQ,2013,51.2361137720462,5.059
IRQ,2014,47.4866517700349,4.855
IRQ,2015,52.5324989931432,4.737
IRQ,2016,49.4313239497814,5.2
IRQ,2017,47.5437702256019,4.802
IRQ,2018,51.717685614606,4.361
IRQ,2019,45.7010021473815,4.36
IRQ,2020,47.6300446099296,4.997
IRQ,2021,48.7958205411035,4.579
IRQ,2022,59.5284377287451,4.164
IRQ,2023,49.4713662187955,4.132
ISL,1990,6.15530031564772,6.7
ISL,1991,6.16063240192477,7.0
ISL,1992,6.15685697744684,6.6
ISL,1993,6.15308155296891,6.6
ISL,1994,6.14930612849098,6.5
ISL,1995,6.16374572552297,7.2
ISL,1996,6.14175527953512,7.0
ISL,1997,6.13797985505719,6.8
ISL,1998,6.13420443057926,6.6
ISL,1999,6.13042900610133,6.9
ISL,2000,6.11754607086844,6.5
ISL,2001,5.79249942983925,6.1
ISL,2002,6.17142765495746,6.3
ISL,2003,6.48215327039167,6.3
ISL,2004,6.08141343060427,6.2
ISL,2005,5.86417564308246,6.2
ISL,2006,5.18989176520569,6.3
ISL,2007,4.86565092786339,6.2
ISL,2008,4.84753342177326,6.3
ISL,2009,4.9519207936242,6.3
ISL,2010,5.35639723225508,6.4
ISL,2011,5.11666915910621,6.2
ISL,2012,4.28469553971635,6.1
ISL,2013,4.83054409987075,6.7
ISL,2014,5.03924831285463,6.3
ISL,2015,5.076606167753,6.6
ISL,2016,4.46198952822695,6.9
ISL,2017,5.19664819974767,6.5
ISL,2018,4.43324754348264,6.4
ISL,2019,4.92546019539672,6.3
ISL,2020,4.46377481487081,6.3
ISL,2021,5.81227571822743,6.3
ISL,2022,4.87771243846275,7.0
ISL,2023,4.93296364385632,6.7
ISR,1990,25.7409953364203,6.8
ISR,1991,26.8375498976003,6.5
ISR,1992,27.0313289705394,6.4
ISR,1993,27.2251080434785,6.6
ISR,1994,27.4188871164175,6.5
ISR,1995,29.4182171658389,6.3
ISR,1996,27.8064452622957,6.1
ISR,1997,28.0002243352348,6.2
ISR,1998,28.1940034081738,6.2
ISR,1999,28.3877824811129,6.1
ISR,2000,27.678786065811,6.0
ISR,2001,27.4652763164557,5.8
ISR,2002,28.1814916219436,5.8
ISR,2003,30.6590547395971,5.8
ISR,2004,29.0136830154247,5.6
ISR,2005,27.6850298573892,5.6
ISR,2006,22.6809156201955,5.5
ISR,2007,20.3483146003896,5.6
ISR,2008,20.6508421474899,5.4
ISR,2009,20.9195246077765,5.2
ISR,2010,24.3650710163182,5.2
ISR,2011,19.8490631652087,5.3
ISR,2012,20.7683305581639,5.3
ISR,2013,21.5550867180776,5.2
ISR,2014,20.0398989757489,5.2
ISR,2015,22.7224413371307,5.3
ISR,2016,19.6556791216954,5.2
ISR,2017,20.3616024430015,5.2
ISR,2018,22.0100927078823,5.0
ISR,2019,22.6047775086382,5.1
ISR,2020,21.4862164788286,5.3
ISR,2021,21.2769390267208,5.4
ISR,2022,23.0791533108637,5.4
ISR,2023,21.9008483431459,5.2
ITA,1990,30.4954926581928,9.6
ITA,1991,30.4791295030251,9.7
ITA,1992,30.2579281951961,9.6
ITA,1993,30.0367268873671,9.7
ITA,1994,29.8155255795382,9.7
ITA,1995,30.0040005770308,9.8
ITA,1996,29.3731229638802,9.7
ITA,1997,29.1519216560513,9.8
ITA,1998,28.9307203482223,10.0
ITA,1999,28.7095190403933,9.8
ITA,2000,28.2834795799035,9.8
ITA,2001,24.5137947951282,9.6
ITA,2002,25.84658258487,9.8
ITA,2003,27.5041370051308,10.2
ITA,2004,24.5741771394042,9.5
ITA,2005,25.1948564242359,9.8
ITA,2006,23.0453426603963,9.6
ITA,2007,21.3897151477622,9.7
ITA,2008,20.4766920553459,9.9
ITA,2009,19.737289933122,9.9
ITA,2010,18.9736622702723,9.8
ITA,2011,20.9109626019682,9.9
ITA,2012,19.0010283847063,10.2
ITA,2013,17.4515685940735,10.0
ITA,2014,15.7660884912533,9.9
ITA,2015,18.409853261327,10.8
ITA,2016,16.2143936050841,10.2
ITA,2017,17.3177234438316,10.8
ITA,2018,15.6845265296165,10.6
ITA,2019,14.9904134967112,10.6
ITA,2020,15.4110266691012,12.5
ITA,2021,14.908654546733,11.9
ITA,2022,16.2350417959884,12.1
ITA,2023,14.291805636343,11.4
JAM,1990,18.7042392246218,7.469
JAM,1991,18.5476567689768,7.475
JAM,1992,18.6095487630891,7.489
JAM,1993,18.6714407572013,7.396
JAM,1994,18.7333327513135,7.35
JAM,1995,18.3582758459117,7.333
JAM,1996,18.857116739538,7.279
JAM,1997,18.9190087336502,7.23
JAM,1998,18.9809007277624,7.146
JAM,1999,19.0427927218747,7.043
JAM,2000,19.3231591657439,6.92
JAM,2001,18.3735863274115,6.847
JAM,2002,19.6164167259559,6.716
JAM,2003,19.6410892247708,6.639
JAM,2004,18.2230885898189,6.633
JAM,2005,19.5222788845679,6.632
JAM,2006,20.0392481276174,6.664
JAM,2007,19.9711891534897,6.664
JAM,2008,19.675968370737,6.625
JAM,2009,20.9800820823865,6.548
JAM,2010,21.5787166615137,6.448
JAM,2011,19.9260997656634,6.371
JAM,2012,20.6965656842447,6.358
JAM,2013,19.9176349423214,6.422
JAM,2014,22.042085629123,6.55
JAM,2015,21.2229913374774,6.721
JAM,2016,20.423771755418,6.911
JAM,2017,20.7025205567437,7.117
JAM,2018,21.0387474845844,7.366
JAM,2019,21.0265683890828,7.531
JAM,2020,22.2580622432181,7.717
JAM,2021,22.2134550045398,9.705
JAM,2022,20.7985769822432,7.905
JAM,2023,21.6535070203861,8.076
JOR,1990,19.8848063739082,4.141
JOR,1991,20.7747406394071,4.189
JOR,1992,20.8187740418694,4.126
JOR,1993,20.8628074443316,4.069
JOR,1994,20.9068408467938,4.024
JOR,1995,22.6426759753294,3.984
JOR,1996,20.9949076517183,3.936
JOR,1997,21.0389410541805,3.874
JOR,1998,21.0829744566428,3.815
JOR,1999,21.127007859105,3.764
JOR,2000,20.3251403985306,3.731
JOR,2001,23.0049173481187,3.702
JOR,2002,24.1994168948282,3.684
JOR,2003,28.4351735211196,3.667
JOR,2004,26.9381957904774,3.644
JOR,2005,25.1814261494981,3.636
JOR,2006,27.3761480740913,3.486
JOR,2007,28.7001251086227,3.644
JOR,2008,29.5833642827365,3.664
JOR,2009,30.7434737160752,3.693
JOR,2010,34.8655897694747,3.711
JOR,2011,29.1117532656141,3.726
JOR,2012,31.5006699984411,3.772
JOR,2013,31.2800889777578,3.595
JOR,2014,28.8641500064179,3.376
JOR,2015,32.905357512385,3.171
JOR,2016,30.9872997293874,3.172
JOR,2017,30.2565692480451,3.098
JOR,2018,31.7567413179411,3.051
JOR,2019,32.1645840142968,3.033
JOR,2020,34.5689113833928,3.49
JOR,2021,30.9456076388942,4.068
JOR,2022,33.3041989417809,3.163
JOR,2023,32.6320116469358,3.049
JPN,1990,12.5881970291535,6.7
JPN,1991,12.5731670253806,6.7
JPN,1992,12.5806151653412,6.9
JPN,1993,12.5880633053018,7.1
JPN,1994,12.5955114452624,7.1
JPN,1995,12.558003297756,7.4
JPN,1996,12.6104077251837,7.2
JPN,1997,12.6178558651443,7.3
JPN,1998,12.6253040051049,7.5
JPN,1999,12.6327521450655,7.8
JPN,2000,12.6626784287597,7.7
JPN,2001,12.3945030401425,7.7
JPN,2002,12.1329776849249,7.8
JPN,2003,11.8142312622199,8.0
JPN,2004,11.6310584517685,8.2
JPN,2005,11.9342418120752,8.6
JPN,2006,13.7848973922945,8.6
JPN,2007,14.9006551428052,8.8
JPN,2008,14.5437576728835,9.1
JPN,2009,14.0497129866005,9.1
JPN,2010,12.7768357083789,9.5
JPN,2011,12.8987119186209,9.9
JPN,2012,13.3798864588537,10.0
JPN,2013,12.970686888277,10.1
JPN,2014,13.7128361071022,10.1
JPN,2015,13.4624426415411,10.3
JPN,2016,12.3114727897793,10.5
JPN,2017,12.1938326247838,10.8
JPN,2018,12.4060098636232,11.0
JPN,2019,11.9970236725114,11.2
JPN,2020,11.2359883823418,11.1
JPN,2021,11.541008097897,11.7
JPN,2022,12.4368126972419,12.9
JPN,2023,11.4519383176575,13.0
KAZ,1990,19.4299562558077,9.266
KAZ,1991,19.5569402385699,9.374
KAZ,1992,19.3423497231166,9.558
KAZ,1993,19.1277592076633,9.784
KAZ,1994,18.91316869221,10.079
KAZ,1995,19.381727173187,10.311
KAZ,1996,18.4839876613033,10.522
KAZ,1997,18.26939714585,10.696
KAZ,1998,18.0548066303967,10.809
KAZ,1999,17.8402161149434,10.692
KAZ,2000,17.2840511012748,10.622
KAZ,2001,17.9864857377904,10.528
KAZ,2002,17.8333945322102,10.447
KAZ,2003,16.9890928261428,10.395
KAZ,2004,16.4123168170023,10.345
KAZ,2005,16.9135585626463,10.248
KAZ,2006,19.4062130370223,10.124
KAZ,2007,20.7306525535206,9.939
KAZ,2008,21.3133291700678,9.676
KAZ,2009,20.807377086993,9.294
KAZ,2010,20.957793021418,8.926
KAZ,2011,20.658217702199,8.55
KAZ,2012,20.7632597816078,8.198
KAZ,2013,21.5126209777495,7.88
KAZ,2014,21.0581359557609,7.615
KAZ,2015,20.4100787212913,7.388
KAZ,2016,19.0781512426342,7.208
KAZ,2017,20.2247266404274,7.063
KAZ,2018,19.3045522190598,6.97
KAZ,2019,20.6684838968766,6.911
KAZ,2020,20.087431214828,8.585
KAZ,2021,20.7882543073739,9.645
KAZ,2022,18.9935714383546,6.992
KAZ,2023,19.5961413356991,6.709
KEN,1990,14.8604788173593,9.461
KEN,1991,14.6037598103469,9.641
KEN,1992,15.014624560298,9.882
KEN,1993,15.4254893102492,10.021
KEN,1994,15.8363540602003,10.205
KEN,1995,14.9120512962259,10.292
KEN,1996,16.6580835601026,10.376
KEN,1997,17.0689483100537,10.383
KEN,1998,17.4798130600049,10.31
KEN,1999,17.890677809956,10.109
KEN,2000,18.9691263168701,9.942
KEN,2001,21.7647728598005,9.709
KEN,2002,20.3545236162742,9.535
KEN,2003,17.4830084357361,9.203
KEN,2004,16.848406503078,8.893
KEN,2005,16.6111179464216,8.6
KEN,2006,19.5654533448443,8.323
KEN,2007,21.0350813841982,8.142
KEN,2008,20.9604398892789,7.886
KEN,2009,19.4667390556751,7.631
KEN,2010,21.8052114949046,7.424
KEN,2011,21.8008758316208,7.275
KEN,2012,21.0458966700434,7.208
KEN,2013,21.3128534778781,7.175
KEN,2014,18.9023424497821,7.149
KEN,2015,18.820575680392,7.14
KEN,2016,19.368281863389,7.169
KEN,2017,18.1123098167473,7.126
KEN,2018,19.831438788068,7.186
KEN,2019,20.2519023152347,7.294
KEN,2020,22.7039455998975,7.937
KEN,2021,20.7417100078724,8.124
KEN,2022,20.77459729359,7.212
KEN,2023,20.252365609383,7.211
KGZ,1990,20.6880874813649,6.9
KGZ,1991,20.9458012637528,6.9
KGZ,1992,21.0887857830666,7.1
KGZ,1993,21.2317703023804,7.6
KGZ,1994,21.3747548216941,8.2
KGZ,1995,21.7471978671566,8.0
KGZ,1996,21.6607238603216,7.4
KGZ,1997,21.8037083796354,7.3
KGZ,1998,21.9466928989492,7.2
KGZ,1999,22.0896774182629,6.8
KGZ,2000,22.1179326745024,7.0
KGZ,2001,22.2501727897393,6.6
KGZ,2002,22.8295208044159,7.1
KGZ,2003,21.0527203007801,7.1
KGZ,2004,21.0264105179931,6.9
KGZ,2005,21.646280675405,7.2
KGZ,2006,22.1535811446927,7.4
KGZ,2007,22.2227495384756,7.2
KGZ,2008,22.2062658947686,7.1
KGZ,2009,22.5304883394638,6.7
KGZ,2010,20.4669415291644,6.6
KGZ,2011,20.2006703564398,6.5
KGZ,2012,21.3445544964715,6.5
KGZ,2013,21.8139334230332,6.1
KGZ,2014,20.5417189685172,6.1
KGZ,2015,22.0816739835326,5.8
KGZ,2016,20.8230917656033,5.5
KGZ,2017,20.2012847258254,5.4
KGZ,2018,20.618610766176,5.2
KGZ,2019,22.2787139578049,5.2
KGZ,2020,19.4331133080631,6.1
KGZ,2021,21.825457176683,5.8
KGZ,2022,18.6929404908521,4.5
KGZ,2023,20.1239014514257,4.4
KHM,1990,28.3658684288157,12.501
KHM,1991,27.5843165419336,12.235
KHM,1992,27.4292958884034,11.869
KHM,1993,27.2742752348733,11.689
KHM,1994,27.1192545813431,11.311
KHM,1995,25.7111714611086,10.853
KHM,1996,26.8092132742828,10.43
KHM,1997,26.6541926207527,9.861
KHM,1998,26.4991719672225,9.538
KHM,1999,26.3441513136924,9.111
KHM,2000,26.8156618935143,8.7
KHM,2001,25.7905994521283,8.303
KHM,2002,26.8182120440941,7.936
KHM,2003,25.8067525314098,7.58
KHM,2004,27.6191918923291,7.261
KHM,2005,27.2429490667385,6.999
KHM,2006,23.467849825933,6.793
KHM,2007,21.9191803446924,6.649
KHM,2008,21.7417210633615,6.516
KHM,2009,19.7623268743892,6.384
KHM,2010,20.4861263200349,6.26
KHM,2011,21.1793343979383,6.145
KHM,2012,17.9326651804583,6.067
KHM,2013,21.5533729983202,6.036
KHM,2014,19.6285216111346,6.01
KHM,2015,17.7693037351423,6.015
KHM,2016,19.305757078537,6.033
KHM,2017,18.4255983697634,6.067
KHM,2018,21.5126916390994,6.126
KHM,2019,18.9755795340346,6.189
KHM,2020,20.9367755079912,6.341
KHM,2021,19.5777877942962,6.827
KHM,2022,19.8334520389805,6.323
KHM,2023,19.4262068786841,6.39
KIR,1990,4.65571197757691,9.318
KIR,1991,4.64581802473462,9.071
KIR,1992,4.68415120472875,8.801
KIR,1993,4.72248438472288,8.535
KIR,1994,4.76081756471701,8.306
KIR,1995,4.70269647903842,8.107
KIR,1996,4.83748392470528,7.93
KIR,1997,4.87581710469941,7.738
KIR,1998,4.91415028469354,7.556
KIR,1999,4.95248346468768,7.378
KIR,2000,5.03904377751818,7.204
KIR,2001,5.32742869689629,7.045
KIR,2002,4.76245870407476,6.936
KIR,2003,5.02460847614319,6.861
KIR,2004,4.62607582277716,6.849
KIR,2005,4.99442966048229,6.86
KIR,2006,4.8592673402038,6.892
KIR,2007,4.58552578130519,6.9
KIR,2008,4.72522702624086,6.91
KIR,2009,5.28400276045109,6.915
KIR,2010,4.51304611481057,6.926
KIR,2011,4.22788995988093,6.943
KIR,2012,4.518104208523,6.947
KIR,2013,4.63732037153385,6.95
KIR,2014,4.43339267944434,6.963
KIR,2015,5.8238864352796,6.99
KIR,2016,3.62047786634097,7.019
KIR,2017,3.83877401555163,7.083
KIR,2018,3.89362028307718,7.137
KIR,2019,5.51550544845506,7.171
KIR,2020,4.06232279848312,7.555
KIR,2021,3.46098456213132,8.152
KIR,2022,3.727212239088,7.073
KIR,2023,3.86704654760796,7.046
KNA,1990,11.108887434945,12.059
KNA,1991,11.0348843965921,11.903
KNA,1992,10.9998659683989,11.531
KNA,1993,10.9648475402056,11.17
KNA,1994,10.9298291120124,10.865
KNA,1995,10.8168414634997,10.641
KNA,1996,10.859792255626,10.416
KNA,1997,10.8247738274327,10.201
KNA,1998,10.7897553992395,10.091
KNA,1999,10.7547369710463,9.672
KNA,2000,10.7587031530128,9.408
KNA,2001,10.7389341663786,9.218
KNA,2002,10.2526679035925,9.001
KNA,2003,9.51095790742326,8.765
KNA,2004,8.56174209252267,8.622
KNA,2005,9.25012516862384,8.555
KNA,2006,9.51672319533944,8.523
KNA,2007,9.24697413163898,8.59
KNA,2008,9.61247371978373,8.704
KNA,2009,10.1735923252361,8.868
KNA,2010,10.2636081821855,9.109
KNA,2011,8.55405592230552,9.362
KNA,2012,10.1253488578344,9.208
KNA,2013,8.07155234523039,9.316
KNA,2014,8.14473154481854,9.437
KNA,2015,10.2206058863843,9.551
KNA,2016,9.05456012089952,9.672
KNA,2017,9.89757438592932,9.785
KNA,2018,9.18585702248337,9.916
KNA,2019,9.10209647176299,9.985
KNA,2020,8.94710367656993,10.492
KNA,2021,9.73771165912598,12.687
KNA,2022,8.26569398930937,11.658
KNA,2023,8.87073187526288,9.963
KOR,1990,21.3573258309854,5.6
KOR,1991,21.3238352801366,5.6
KOR,1992,21.3240594241416,5.4
KOR,1993,21.3242835681467,5.2
KOR,1994,21.3245077121518,5.4
KOR,1995,21.257302466449,5.3
KOR,1996,21.3249560001619,5.2
KOR,1997,21.325180144167,5.3
KOR,1998,21.3254042881721,5.2
KOR,1999,21.3256284321772,5.3
KOR,2000,21.3595672710361,5.2
KOR,2001,21.2264400970736,5.1
KOR,2002,20.973103782326,5.1
KOR,2003,20.7471997803811,5.1
KOR,2004,20.1056692917502,5.1
KOR,2005,20.7171384675339,5.1
KOR,2006,23.545289233757,5.0
KOR,2007,24.7641632374336,5.0
KOR,2008,24.5608245044855,5.0
KOR,2009,24.4948874893572,5.0
KOR,2010,22.7425901430253,5.1
KOR,2011,21.8231482640038,5.1
KOR,2012,22.6003524074239,5.3
KOR,2013,25.0615841010706,5.3
KOR,2014,26.2180431933715,5.3
KOR,2015,24.4993553122383,5.4
KOR,2016,24.1466305141789,5.5
KOR,2017,22.0902582801544,5.6
KOR,2018,21.4879640543293,5.8
KOR,2019,21.9795785125884,5.7
KOR,2020,20.9983697877048,5.9
KOR,2021,21.5452573537044,6.2
KOR,2022,23.4407513786108,7.3
KOR,2023,21.8940234142942,6.9
KWT,1990,56.6479791991685,4.187
KWT,1991,54.2160843571271,2.588
KWT,1992,54.7372661838274,2.326
KWT,1993,55.2584480105278,2.48
KWT,1994,55.7796298372281,2.323
KWT,1995,50.3946583264475,2.051
KWT,1996,56.8219934906287,1.971
KWT,1997,57.343175317329,2.001
KWT,1998,57.8643571440293,2.015
KWT,1999,58.3855389707296,2.021
KWT,2000,61.8597974661704,2.023
KWT,2001,62.1348569863305,2.025
KWT,2002,56.8932235999752,2.034
KWT,2003,66.9381193644789,2.055
KWT,2004,58.3437843818978,2.087
KWT,2005,67.9496135382994,2.088
KWT,2006,58.6612505040327,2.08
KWT,2007,57.6409882486737,2.067
KWT,2008,61.8510909578466,2.039
KWT,2009,67.5104915176752,1.999
KWT,2010,63.8134338878411,1.944
KWT,2011,64.3121796188421,1.864
KWT,2012,66.1535213079572,1.818
KWT,2013,63.4043662980261,1.804
KWT,2014,50.584892373606,1.798
KWT,2015,66.6114667077254,1.797
KWT,2016,57.0433246020645,1.826
KWT,2017,61.9128670145551,1.861
KWT,2018,64.5155749200156,1.903
KWT,2019,57.825909998705,1.64463780206516
KWT,2020,56.6337832700639,2.35541151840582
KWT,2021,61.9693860366375,2.59
KWT,2022,74.5017071155815,1.75198239171633
KWT,2023,62.3484361793193,1.53211676064858
LAC,1990,29.0144167045434,6.93938256324574
LAC,1991,28.9176976924402,6.83294147954719
LAC,1992,28.7615664164729,6.74578683771353
LAC,1993,28.6053097311622,6.64645180305998
LAC,1994,28.4481342419169,6.52863188494474
LAC,1995,28.4077379892663,6.43245763877037
LAC,1996,28.1312996955205,6.33781136128526
LAC,1997,27.9721578365754,6.2449171872717
LAC,1998,27.8125016405824,6.25772044325902
LAC,1999,27.6512885879706,6.17842605349492
LAC,2000,27.4285964272857,6.14282101767432
LAC,2001,26.3520751463324,6.11208633337592
LAC,2002,26.2419967820933,6.03990025136309
LAC,2003,26.8778871360396,6.01067006977941
LAC,2004,25.1162204247319,5.98173478594897
LAC,2005,25.1357296790258,5.93154951969487
LAC,2006,20.5347126624675,5.93191636238379
LAC,2007,18.1404313651347,5.96100375590666
LAC,2008,18.1153373690431,5.96341156030871
LAC,2009,17.9362592746815,5.98279299339568
LAC,2010,18.3682004014639,6.15139342720019
LAC,2011,18.4539290357461,5.97501930302537
LAC,2012,17.1296728185779,5.98350104447407
LAC,2013,17.296537771269,6.00610578589501
LAC,2014,16.5843427038473,6.03406652353969
LAC,2015,17.4695772914618,6.07150850097826
LAC,2016,17.4160148473608,6.22909662868875
LAC,2017,17.3710692782456,6.27215497085544
LAC,2018,17.0382156736074,6.29348270539212
LAC,2019,17.6681337729384,6.35990264369496
LAC,2020,17.8136310543901,7.68675129975309
LAC,2021,17.1217669336872,8.64181424566167
LAC,2022,18.0073914499922,7.0180104207732
LAC,2023,17.2916332484347,6.57614577438349
LAO,1990,40.081047149581,13.431
LAO,1991,39.6075889478625,13.002
LAO,1992,39.369334809712,12.704
LAO,1993,39.1310806715615,12.353
LAO,1994,38.892826533411,12.094
LAO,1995,38.1841642681236,11.642
LAO,1996,38.41631825711,11.24
LAO,1997,38.1780641189595,10.874
LAO,1998,37.939809980809,10.624
LAO,1999,37.7015558426585,10.363
LAO,2000,37.6985057680764,10.033
LAO,2001,37.1669933121952,9.682
LAO,2002,37.4960518138561,9.417
LAO,2003,35.4440477654082,9.221
LAO,2004,38.0902374609134,8.993
LAO,2005,38.2507059626885,8.656
LAO,2006,33.2888400263904,8.476
LAO,2007,30.0185605541347,8.313
LAO,2008,29.7818786988043,8.197
LAO,2009,27.4987686345249,7.995
LAO,2010,31.3445205874812,7.853
LAO,2011,28.6093615377909,7.659
LAO,2012,26.4076206054393,7.563
LAO,2013,28.5005201752464,7.496
LAO,2014,29.0344510411324,7.43
LAO,2015,26.3119972717968,7.507
LAO,2016,29.6997914461852,7.201
LAO,2017,26.2823859911315,6.945
LAO,2018,26.1337944720036,6.766
LAO,2019,27.8703405333604,6.599
LAO,2020,28.0509542341447,6.473
LAO,2021,26.0671819322606,6.674
LAO,2022,25.3425878362043,6.265
LAO,2023,25.9762899979383,6.221
LBN,1990,22.33202978435,7.351
LBN,1991,23.0982367462123,5.224
LBN,1992,23.3146639525296,5.127
LBN,1993,23.5310911588468,5.003
LBN,1994,23.7475183651641,4.854
LBN,1995,25.063505082572,4.758
LBN,1996,24.1803727777987,4.728
LBN,1997,24.3967999841159,4.672
LBN,1998,24.6132271904332,4.642
LBN,1999,24.8296543967505,4.596
LBN,2000,24.4963018475226,4.527
LBN,2001,26.1068805095928,4.436
LBN,2002,26.9375504045863,4.348
LBN,2003,28.0332251190609,4.262
LBN,2004,27.591861609056,4.198
LBN,2005,25.7247554638363,4.158
LBN,2006,25.9127305500264,4.393
LBN,2007,26.0813278261604,4.121
LBN,2008,25.6947828243097,4.163
LBN,2009,25.1145543368398,4.168
LBN,2010,28.9441179360902,4.203
LBN,2011,25.8236773224029,4.213
LBN,2012,25.2379752530515,4.208
LBN,2013,26.6750501345739,4.049
LBN,2014,24.4279933820689,4.272
LBN,2015,27.3828783139307,4.509
LBN,2016,24.9316985074041,4.718
LBN,2017,25.8866709032818,4.984
LBN,2018,26.9239143405591,5.195
LBN,2019,27.8802089438784,5.458
LBN,2020,26.0680786310559,6.407
LBN,2021,25.2265566483814,8.421
LBN,2022,27.98267173145,5.769
LBN,2023,26.6948532836253,5.962
LBR,1990,18.7181580938106,29.188
LBR,1991,17.6268153566184,20.381
LBR,1992,17.6589256123542,20.407
LBR,1993,17.6910358680899,21.057
LBR,1994,17.7231461238256,21.919
LBR,1995,15.508350393706,19.599
LBR,1996,17.7873666352971,19.693
LBR,1997,17.8194768910328,16.245
LBR,1998,17.8515871467685,16.203
LBR,1999,17.8836974025042,15.627
LBR,2000,19.0392606511675,14.843
LBR,2001,16.1357156963332,13.978
LBR,2002,18.7396916685535,13.358
LBR,2003,15.5382154287504,13.941
LBR,2004,23.2290198095364,12.051
LBR,2005,20.6417012216306,11.392
LBR,2006,19.5383602882312,11.021
LBR,2007,20.0031029401383,10.644
LBR,2008,21.2114661546276,10.343
LBR,2009,20.5639446462561,10.043
LBR,2010,16.9858123688849,9.819
LBR,2011,21.4654808181205,9.569
LBR,2012,18.6592253145268,9.534
LBR,2013,17.3127044670702,9.359
LBR,2014,16.2110016557453,9.66
LBR,2015,23.5651327737133,9.559
LBR,2016,20.8967123118009,8.934
LBR,2017,18.7390718632625,8.765
LBR,2018,18.5562825239056,8.64
LBR,2019,17.9585172295432,8.513
LBR,2020,19.1348640047007,8.497
LBR,2021,16.8624791037979,8.51
LBR,2022,18.0264041675687,8.159
LBR,2023,17.9178293051068,8.071
LBY,1990,20.9713624068404,4.569
LBY,1991,21.3603970743166,4.464
LBY,1992,21.5506313443107,4.369
LBY,1993,21.7408656143049,4.309
LBY,1994,21.9310998842991,4.282
LBY,1995,22.5189349492579,4.287
LBY,1996,22.3115684242875,4.329
LBY,1997,22.5018026942816,4.418
LBY,1998,22.6920369642758,4.533
LBY,1999,22.88227123427,4.649
LBY,2000,22.873705106782,4.761
LBY,2001,24.7886160176987,4.778
LBY,2002,23.6369405934109,4.779
LBY,2003,25.3647347773243,4.743
LBY,2004,26.6298931726852,4.699
LBY,2005,27.4465945187141,4.646
LBY,2006,23.0376447604199,4.593
LBY,2007,23.160044300785,4.594
LBY,2008,24.5041949114934,4.596
LBY,2009,25.0604894111113,4.605
LBY,2010,28.7237359145321,4.627
LBY,2011,21.9932635411793,5.827
LBY,2012,19.5989872312007,4.971
LBY,2013,26.0007098317684,4.97
LBY,2014,21.0489362107904,5.443
LBY,2015,19.9465456229364,5.372
LBY,2016,23.8023126391933,5.38
LBY,2017,18.552971523378,5.094
LBY,2018,23.4179656275532,5.007
LBY,2019,20.0089753588808,5.165
LBY,2020,18.8604995298583,5.544
LBY,2021,22.0481982301485,5.842
LBY,2022,23.18471682259,4.808
LBY,2023,20.014492731108,6.654
LCA,1990,11.7724466827479,6.055
LCA,1991,11.773342947073,6.082
LCA,1992,11.7868079044603,5.931
LCA,1993,11.8002728618476,5.827
LCA,1994,11.8137378192349,5.844
LCA,1995,11.8020653904978,5.828
LCA,1996,11.8406677340094,5.897
LCA,1997,11.8541326913967,5.996
LCA,1998,11.867597648784,6.021
LCA,1999,11.8810626061713,6.254
LCA,2000,11.9070962566207,6.428
LCA,2001,11.6375919592213,6.426
LCA,2002,12.1440832611531,6.353
LCA,2003,11.1471366066076,6.224
LCA,2004,10.5771687850133,6.196
LCA,2005,11.084162930221,6.247
LCA,2006,11.0732884265831,6.233
LCA,2007,10.694878629056,6.296
LCA,2008,11.2262674913732,6.444
LCA,2009,12.1397412967982,6.655
LCA,2010,12.8101363492268,6.907
LCA,2011,10.640114916055,6.96
LCA,2012,12.0579592714598,7.143
LCA,2013,9.48936394276385,7.343
LCA,2014,8.66576364000065,7.501
LCA,2015,11.5831281189325,7.501
LCA,2016,11.1399879387514,7.84
LCA,2017,11.3773408446027,7.991
LCA,2018,10.1218640322446,8.058
LCA,2019,10.0433644573164,8.425
LCA,2020,10.8326594343244,8.556
LCA,2021,11.8233788131253,11.654
LCA,2022,10.5002168552844,8.455
LCA,2023,10.4259042064551,8.614
LCN,1990,28.4573358162929,6.87813156879352
LCN,1991,28.3563245133434,6.77663783599063
LCN,1992,28.2174298462244,6.69690231983602
LCN,1993,28.0778457366656,6.60569680357951
LCN,1994,27.9370361218041,6.49542762868155
LCN,1995,27.8697739206539,6.40733752388289
LCN,1996,27.6523247547528,6.31791014917076
LCN,1997,27.5091905852009,6.22818870017973
LCN,1998,27.3660280065178,6.23711142614949
LCN,1999,27.2213456041819,6.15923498422128
LCN,2000,27.0367700040719,6.121643731331
LCN,2001,26.0094062011747,6.08934011707352
LCN,2002,25.9019960444649,6.0214240647596
LCN,2003,26.5050815206408,5.99851045984474
LCN,2004,24.7795116390436,5.97101842481266
LCN,2005,24.8035709266222,5.9256804503229
LCN,2006,20.3904684535567,5.92828570246708
LCN,2007,18.1009805215829,5.95970639232673
LCN,2008,18.0852843535189,5.9673999488037
LCN,2009,17.9202254364927,5.98788786645143
LCN,2010,18.3350391511722,6.15049881228664
LCN,2011,18.4617130237707,5.99076304397922
LCN,2012,17.1573811536724,6.00519823653669
LCN,2013,17.2987981895046,6.02479758381254
LCN,2014,16.6360404014665,6.05587575807062
LCN,2015,17.5135569696452,6.08970520765849
LCN,2016,17.4458876767881,6.24486709683189
LCN,2017,17.3849640025998,6.28634306866715
LCN,2018,17.0319225942539,6.31033173247129
LCN,2019,17.6367764613538,6.38409505313831
LCN,2020,17.759266233834,7.67433171839722
LCN,2021,17.1700556084677,8.60749918470953
LCN,2022,18.2118908005279,7.05869716838512
LCN,2023,17.3533272403875,6.59873046030646
LDC,1990,38.9054440515025,15.5222628150966
LDC,1991,38.15615206831,15.7574905863891
LDC,1992,38.1792543060878,15.2909476929774
LDC,1993,38.1917522782793,14.731138433092
LDC,1994,38.1712838876888,15.7369612415312
LDC,1995,36.6241739393924,13.9585055505378
LDC,1996,38.1591655726151,13.7160634688979
LDC,1997,38.1629210133826,13.3763152919136
LDC,1998,38.1684937476371,13.3518126899809
LDC,1999,38.1877923395277,12.7533245594229
LDC,2000,38.9632098678304,12.2540867637091
LDC,2001,38.8878121553235,11.8834946180195
LDC,2002,38.8911123350618,11.5319840045024
LDC,2003,37.6276569569618,11.1505119473322
LDC,2004,39.2392243732654,10.8312538933786
LDC,2005,38.5418188578977,10.488144857697
LDC,2006,37.7958515815009,10.1108335742908
LDC,2007,37.8989327670288,9.79155254095506
LDC,2008,38.7351039150529,9.65120521934046
LDC,2009,38.7400782342967,9.50211474029389
LDC,2010,38.9479704200026,9.06967063978342
LDC,2011,39.4431552411193,8.92935267312038
LDC,2012,39.8250322120949,8.47877790028109
LDC,2013,37.8819757001137,8.24369566183386
LDC,2014,36.5513481452486,8.18855863838486
LDC,2015,38.8601828191093,8.04890935971232
LDC,2016,37.4145183198258,7.88809863970739
LDC,2017,36.4008004935695,7.78653608057568
LDC,2018,38.4839021184097,7.48325586211507
LDC,2019,36.6510338290082,7.37765839665875
LDC,2020,37.204311484275,7.41766786046856
LDC,2021,37.413603794255,7.65725276393373
LDC,2022,36.5381599458101,7.16852241334516
LDC,2023,36.556424659898,6.74437331153099
LKA,1990,34.1026751182482,6.809
LKA,1991,33.1635818395787,6.917
LKA,1992,33.0761603718054,6.781
LKA,1993,32.9887389040321,6.689
LKA,1994,32.9013174362588,6.715
LKA,1995,31.110552346693,6.988
LKA,1996,32.7264745007121,7.019
LKA,1997,32.6390530329388,7.043
LKA,1998,32.5516315651655,7.005
LKA,1999,32.4642100973922,6.944
LKA,2000,33.2284604405149,6.633
LKA,2001,32.8129875379596,6.482
LKA,2002,31.8215300040034,6.406
LKA,2003,31.4030354816637,6.462
LKA,2004,32.7533733282669,8.246
LKA,2005,32.7957793490217,6.415
LKA,2006,28.4391238683404,6.632
LKA,2007,26.342555545598,6.694
LKA,2008,26.6588419896468,6.947
LKA,2009,26.9273522787623,7.984
LKA,2010,27.4118544218331,6.403
LKA,2011,28.5251295739551,6.407
LKA,2012,26.2507762201174,6.324
LKA,2013,26.1631531368051,6.291
LKA,2014,25.0108396744448,6.341
LKA,2015,22.6801672806893,6.398
LKA,2016,24.6700049853186,6.493
LKA,2017,24.3181666680079,6.608
LKA,2018,28.6882456623859,6.677
LKA,2019,24.0032412073756,6.7
LKA,2020,22.4205185814566,6.0
LKA,2021,21.4624506663055,7.4
LKA,2022,24.0274945850207,8.1
LKA,2023,22.6820308390395,8.2
LMY,1990,41.162149693155,9.36410821918252
LMY,1991,40.658147088731,9.31596116690141
LMY,1992,40.6765693903757,9.18227420280152
LMY,1993,40.6963092977572,9.05010177071954
LMY,1994,40.7153477538443,9.08352264107484
LMY,1995,39.6750496416002,8.83967558286367
LMY,1996,40.7562190832519,8.74902633124197
LMY,1997,40.7779289659172,8.63004707055145
LMY,1998,40.7996333682667,8.57266841003165
LMY,1999,40.8225413003207,8.43321502056964
LMY,2000,41.3832040315782,8.30327710663023
LMY,2001,40.7822846160184,8.20918847613171
LMY,2002,41.3644991258535,8.10302246492515
LMY,2003,41.0812033557455,7.99886981187256
LMY,2004,41.0400186530473,7.95265523389106
LMY,2005,40.9169462742112,7.8536858576607
LMY,2006,40.5603055021952,7.82446983960252
LMY,2007,40.7031094184968,7.76264186118193
LMY,2008,41.0755902429716,7.72605656149911
LMY,2009,40.8100013559133,7.6550992428795
LMY,2010,40.6526946211781,7.54234924295278
LMY,2011,42.320777980663,7.48349121602402
LMY,2012,40.7361350227208,7.37706199151953
LMY,2013,40.7489454681079,7.3089178589323
LMY,2014,40.650220040401,7.26711596195012
LMY,2015,41.373533988538,7.21457564186796
LMY,2016,40.2244704810299,7.17542108287576
LMY,2017,39.5670692066217,7.14171713988968
LMY,2018,39.2287963126764,7.09181540101211
LMY,2019,37.7092593464387,7.07426601945283
LMY,2020,36.7011662260299,7.50314013060665
LMY,2021,37.3415541164672,8.26884915367736
LMY,2022,36.6865270791717,7.15791864293096
LMY,2023,37.056354901228,7.12936327169047
LSO,1990,30.6256396050694,10.231
LSO,1991,30.8393151131895,10.292
LSO,1992,30.6303581267865,10.438
LSO,1993,30.4214011403836,10.652
LSO,1994,30.2124441539806,10.976
LSO,1995,30.8487521566228,11.414
LSO,1996,29.7945301811747,12.047
LSO,1997,29.5855731947718,12.802
LSO,1998,29.3766162083689,13.778
LSO,1999,29.1676592219659,14.783
LSO,2000,28.5360697410404,15.879
LSO,2001,29.4464898217418,17.126
LSO,2002,29.5940988557262,18.198
LSO,2003,26.6302840304412,19.152
LSO,2004,24.297604440342,19.974
LSO,2005,24.2353477660472,20.455
LSO,2006,28.2123555930668,20.795
LSO,2007,30.0891500791193,20.39
LSO,2008,29.4913283275801,19.803
LSO,2009,30.247209036785,19.088
LSO,2010,33.4928560385355,18.204
LSO,2011,30.4382602629102,17.475
LSO,2012,27.0707996930906,16.464
LSO,2013,26.9827521191991,15.503
LSO,2014,25.4588395682864,14.634
LSO,2015,26.8565053563098,13.932
LSO,2016,24.2640386142015,13.259
LSO,2017,28.5820037049322,12.664
LSO,2018,27.3648976277986,12.197
LSO,2019,25.8844505340864,11.83
LSO,2020,27.1007395853564,11.887
LSO,2021,27.1127701740992,12.601
LSO,2022,30.7558120221266,10.918
LSO,2023,26.4379773450967,10.648
LTE,1990,37.7213286622246,7.19477742491743
LTE,1991,37.4190589138584,7.22049560258936
LTE,1992,37.4680874871153,7.23469795707997
LTE,1993,37.5160306986014,7.39753511333099
LTE,1994,37.5669000184574,7.37540240962502
LTE,1995,36.9197098219512,7.39874181396392
LTE,1996,37.6727170251716,7.31068772618098
LTE,1997,37.7285388206893,7.2199258841065
LTE,1998,37.7831116620822,7.16401384637268
LTE,1999,37.8346038808925,7.20341776987449
LTE,2000,38.2382060828403,7.22186726899827
LTE,2001,38.1940090303282,7.20824747029861
LTE,2002,38.7148928684303,7.23150994627614
LTE,2003,38.4311920846441,7.18899489810236
LTE,2004,37.8726359888318,7.17441539668659
LTE,2005,38.2763097009509,7.21546769267763
LTE,2006,39.4285809114739,7.32311176965858
LTE,2007,39.8892594108892,7.35488395674567
LTE,2008,39.4802542824357,7.41943793903964
LTE,2009,38.7697293378056,7.41041554201493
LTE,2010,38.3216903176092,7.41345925902632
LTE,2011,40.4432922943172,7.37946117231855
LTE,2012,37.6606997059875,7.36415561393796
LTE,2013,39.4812521083599,7.3381527505666
LTE,2014,39.9444839169129,7.34463031144587
LTE,2015,38.0215510170142,7.32650734826546
LTE,2016,35.3075362061941,7.317503480086
LTE,2017,33.9196688214153,7.31382708406479
LTE,2018,31.0197369171598,7.35091129326118
LTE,2019,30.1806624255928,7.3626732411265
LTE,2020,27.7536503065084,7.72178894129542
LTE,2021,26.7787940216195,8.19409134679692
LTE,2022,27.0187396901033,7.81437006606616
LTE,2023,26.6829654770827,7.94082428143267
LTU,1990,31.5697833418288,10.8
LTU,1991,31.4021116655381,11.1
LTU,1992,30.8312766349918,11.2
LTU,1993,30.2604416044456,12.5
LTU,1994,29.6896065738993,12.7
LTU,1995,29.925098251862,12.5
LTU,1996,28.5479365128067,11.9
LTU,1997,27.9771014822605,11.5
LTU,1998,27.4062664517142,11.5
LTU,1999,26.8354314211679,11.4
LTU,2000,25.8614330363668,11.1
LTU,2001,24.2742851119888,11.6
LTU,2002,27.1992237660939,11.9
LTU,2003,23.6662642179754,12.0
LTU,2004,20.4229980040704,12.2
LTU,2005,20.4022598864032,13.2
LTU,2006,17.3122813951894,13.7
LTU,2007,16.9455666845915,14.1
LTU,2008,17.2793132508456,13.7
LTU,2009,16.5766224040475,13.3
LTU,2010,19.2931567629068,13.6
LTU,2011,16.3104488377446,13.6
LTU,2012,16.4159435450745,13.7
LTU,2013,15.5712285372093,14.0
LTU,2014,16.2276879501807,13.7
LTU,2015,14.3133444749514,14.4
LTU,2016,12.6124099108903,14.3
LTU,2017,12.5246833718152,14.1
LTU,2018,14.399002431271,14.0
LTU,2019,12.1457403238805,13.6
LTU,2020,11.4345904384498,15.5
LTU,2021,13.1257678749685,17.0
LTU,2022,11.0994312721468,15.1
LTU,2023,10.7455249948656,12.9
LUX,1990,19.5890047160474,9.9
LUX,1991,19.5851886343801,9.7
LUX,1992,19.3019390962409,10.3
LUX,1993,19.0186895581018,9.8
LUX,1994,18.7354400199626,9.4
LUX,1995,19.0110573947663,9.3
LUX,1996,18.1689409436842,9.4
LUX,1997,17.885691405545,9.4
LUX,1998,17.6024418674059,9.2
LUX,1999,17.3191923292667,8.8
LUX,2000,16.7565093346559,8.6
LUX,2001,15.9868001165179,8.4
LUX,2002,16.0456369788227,8.4
LUX,2003,17.5314149054613,9.0
LUX,2004,15.5666129527711,7.8
LUX,2005,15.8883875809941,7.8
LUX,2006,15.0510159188466,8.0
LUX,2007,14.8811715636429,8.1
LUX,2008,15.2174744690438,7.4
LUX,2009,15.8278523160759,7.3
LUX,2010,15.8599841085594,7.4
LUX,2011,15.1964907412119,7.4
LUX,2012,13.1146493036684,7.3
LUX,2013,14.3006922435018,7.0
LUX,2014,11.9599135966954,6.9
LUX,2015,11.8855521357814,7.0
LUX,2016,11.1847156808095,6.8
LUX,2017,10.8211196454395,7.1
LUX,2018,10.7862930810869,7.1
LUX,2019,8.85302220354508,6.9
LUX,2020,8.14727031655208,7.3
LUX,2021,8.97511853947365,7.0
LUX,2022,9.07553744912506,6.8
LUX,2023,7.42989857852829,6.6
LVA,1990,36.0957874579279,13.1
LVA,1991,35.819593193324,13.1
LVA,1992,35.1679176832415,13.5
LVA,1993,34.5162421731591,15.3
LVA,1994,33.8645666630766,16.6
LVA,1995,33.9638536439489,15.7
LVA,1996,32.5612156429116,14.0
LVA,1997,31.9095401328291,13.8
LVA,1998,31.2578646227466,14.2
LVA,1999,30.6061891126641,13.7
LVA,2000,29.5790323571039,13.6
LVA,2001,27.3492542825672,14.1
LVA,2002,31.591631701475,14.1
LVA,2003,27.4218843685399,14.2
LVA,2004,23.5579868249374,14.2
LVA,2005,23.6818026731461,14.6
LVA,2006,21.7387076338544,14.9
LVA,2007,20.7922694724843,15.0
LVA,2008,20.1549822880212,14.2
LVA,2009,18.4795874852956,14.0
LVA,2010,20.8898212447317,14.3
LVA,2011,16.9893348621119,13.9
LVA,2012,17.834456118302,14.3
LVA,2013,17.0659061065499,14.3
LVA,2014,18.0540062502131,14.3
LVA,2015,15.6579612436511,14.4
LVA,2016,14.1216107325516,14.6
LVA,2017,13.4377400322761,14.8
LVA,2018,16.8899906770849,15.0
LVA,2019,13.953687230057,14.5
LVA,2020,14.0098212612214,15.2
LVA,2021,15.6506457326208,18.4
LVA,2022,13.9221548814057,16.4
LVA,2023,13.0121664059875,14.9
MAR,1990,14.6250982069952,7.797
MAR,1991,14.6112799481479,7.6
MAR,1992,15.0169329263807,7.41
MAR,1993,15.4225859046135,7.219
MAR,1994,15.8282388828463,7.059
MAR,1995,15.3949493869202,6.956
MAR,1996,16.6395448393119,6.825
MAR,1997,17.0451978175448,6.738
MAR,1998,17.4508507957776,6.644
MAR,1999,17.8565037740104,6.541
MAR,2000,18.6816279893228,6.458
MAR,2001,18.2021114211041,6.379
MAR,2002,17.3902860144688,6.32
MAR,2003,17.4058908217094,6.282
MAR,2004,18.8310554192907,6.27
MAR,2005,18.8580390478673,6.195
MAR,2006,19.6247328804347,6.155
MAR,2007,19.7314629009067,6.097
MAR,2008,19.5978316103739,6.047
MAR,2009,20.6913110754172,6.01
MAR,2010,21.062623306006,5.984
MAR,2011,20.0117884593084,5.91
MAR,2012,18.1645611167978,5.847
MAR,2013,17.287814021809,5.771
MAR,2014,17.5128798204876,5.716
MAR,2015,19.8670944049653,5.686
MAR,2016,18.9602475540145,5.672
MAR,2017,21.3269600699193,5.63
MAR,2018,18.4571548078596,5.616
MAR,2019,17.1600688643338,5.629
MAR,2020,17.6745548244128,6.479
MAR,2021,18.8808973994063,6.422
MAR,2022,21.3232528983588,5.572
MAR,2023,18.7206508843713,5.638
MCO,1990,12.493781252584,12.69
MCO,1991,11.8455228376061,12.514
MCO,1992,12.5617102923372,12.203
MCO,1993,13.2778977470683,11.944
MCO,1994,13.9940852017995,11.727
MCO,1995,11.9813809171154,11.569
MCO,1996,15.4264601112617,11.449
MCO,1997,16.1426475659928,11.344
MCO,1998,16.858835020724,11.239
MCO,1999,17.5750224754551,11.193
MCO,2000,19.6556557998941,11.108
MCO,2001,18.4290414801297,10.947
MCO,2002,19.432545920594,10.532
MCO,2003,20.8949508532337,10.175
MCO,2004,17.6645083951841,9.884
MCO,2005,18.4732808100705,9.921
MCO,2006,16.9773438903919,10.266
MCO,2007,16.1309547161588,10.738
MCO,2008,16.2784364680042,10.908
MCO,2009,16.6332638499451,11.104
MCO,2010,16.2534515449089,11.875
MCO,2011,17.0091813024623,12.874
MCO,2012,17.4967445210793,14.423
MCO,2013,13.8202378955909,16.242
MCO,2014,12.0304790831465,18.028
MCO,2015,14.5244996149458,19.5
MCO,2016,13.6873657068066,20.841
MCO,2017,14.9755563478485,21.068
MCO,2018,13.0509636858056,21.274
MCO,2019,12.5583313612664,22.362
MCO,2020,11.8257626601201,21.439
MCO,2021,11.7314886869995,24.387
MCO,2022,12.8418535012439,23.496
MCO,2023,11.3779821797819,20.971
MDA,1990,33.5345664385637,9.905
MDA,1991,33.4658291182542,10.304
MDA,1992,32.9246184343951,10.974
MDA,1993,32.3834077505359,11.305
MDA,1994,31.8421970666767,11.71
MDA,1995,32.245933109915,11.916
MDA,1996,30.7597756989584,12.027
MDA,1997,30.2185650150992,12.004
MDA,1998,29.6773543312401,11.883
MDA,1999,29.1361436473809,11.787
MDA,2000,28.1224595999728,11.819
MDA,2001,28.2611534078966,11.926
MDA,2002,30.8998289135509,12.112
MDA,2003,25.0477042163654,12.277
MDA,2004,23.2036151728216,12.392
MDA,2005,22.3527485006497,12.425
MDA,2006,21.0934016622648,12.463
MDA,2007,19.8666842059948,12.477
MDA,2008,18.5836555210702,12.44
MDA,2009,18.0402178046418,12.336
MDA,2010,17.250570078664,12.18
MDA,2011,18.1981875255854,12.185
MDA,2012,20.1331278777741,12.3
MDA,2013,17.5719686807392,12.558
MDA,2014,18.2815441721705,12.759
MDA,2015,16.1940784684247,13.094
MDA,2016,16.8919990590563,13.246
MDA,2017,18.1728690826482,13.253
MDA,2018,17.1701947614032,13.63
MDA,2019,14.3427633087153,13.919
MDA,2020,15.5839032160318,14.759
MDA,2021,15.613577613811,16.7
MDA,2022,14.5523227409262,13.07
MDA,2023,14.9450916480619,13.606
MDG,1990,10.1105209572416,14.193
MDG,1991,9.94588960191847,13.896
MDG,1992,10.0489161776687,13.601
MDG,1993,10.1519427534189,13.12
MDG,1994,10.2549693291692,12.797
MDG,1995,9.82268004277312,12.437
MDG,1996,10.4610224806696,12.06
MDG,1997,10.5640490564199,11.668
MDG,1998,10.6670756321701,11.255
MDG,1999,10.7701022079203,10.841
MDG,2000,11.1407867147437,10.464
MDG,2001,15.5668104852449,10.02
MDG,2002,11.7697765848527,9.688
MDG,2003,11.4390861965378,9.361
MDG,2004,10.1740207618185,9.077
MDG,2005,11.8808125587182,8.793
MDG,2006,14.1534652757151,8.536
MDG,2007,15.128233600269,8.334
MDG,2008,15.2119202125381,8.117
MDG,2009,14.9536421615043,7.972
MDG,2010,16.6026026218539,7.826
MDG,2011,14.8317787262958,7.683
MDG,2012,13.6814418008791,7.602
MDG,2013,14.2773527548731,7.536
MDG,2014,13.1020578242552,7.495
MDG,2015,13.7841450363348,7.461
MDG,2016,13.695425383947,7.452
MDG,2017,13.0008399312331,7.48
MDG,2018,12.9645700745608,7.491
MDG,2019,13.7738240717124,7.518
MDG,2020,12.3581851539272,7.869
MDG,2021,12.7391892591544,7.94
MDG,2022,13.7055222398519,7.728
MDG,2023,12.3865755564591,7.528
MDV,1990,28.8568361635296,8.136
MDV,1991,28.59184691607,7.684
MDV,1992,27.8145711453584,7.227
MDV,1993,27.0372953746469,6.804
MDV,1994,26.2600196039353,6.421
MDV,1995,26.507316879725,6.079
MDV,1996,24.7054680625121,5.672
MDV,1997,23.9281922918005,5.273
MDV,1998,23.150916521089,4.944
MDV,1999,22.3736407503774,4.633
MDV,2000,21.0840784564148,4.412
MDV,2001,20.3713049440275,4.211
MDV,2002,20.4177119107499,4.069
MDV,2003,20.7024177072528,3.89
MDV,2004,21.7242054888175,4.103
MDV,2005,20.1714056071339,3.66
MDV,2006,16.1433402627041,3.635
MDV,2007,13.5152974921503,3.547
MDV,2008,13.9117060832067,3.485
MDV,2009,14.0842694019616,3.388
MDV,2010,11.6931404226556,3.288
MDV,2011,14.6865931504182,3.196
MDV,2012,12.6876597813625,3.112
MDV,2013,12.7725378470683,3.037
MDV,2014,12.2486926110353,2.958
MDV,2015,11.1503845232119,2.851
MDV,2016,14.5794326937292,2.763
MDV,2017,14.5259879904444,2.685
MDV,2018,13.2730625254702,2.642
MDV,2019,11.7717933697816,2.579
MDV,2020,11.0615126425059,2.963
MDV,2021,10.7460916544878,3.118
MDV,2022,10.4145518024435,2.329
MDV,2023,11.1624191226985,2.338
MEA,1990,42.0581761170743,8.87375677796937
MEA,1991,41.8596351774681,8.4398861673874
MEA,1992,42.0458729904188,8.15689642297416
MEA,1993,42.2531479476653,7.93356087196946
MEA,1994,42.4621276965078,7.82594320594434
MEA,1995,41.918528524535,7.65897686929547
MEA,1996,42.8475392924695,7.49334369284819
MEA,1997,43.0418475356366,7.36873810888337
MEA,1998,43.2409064426516,7.21390719044303
MEA,1999,43.4407196361459,7.02667288640031
MEA,2000,44.0271470462574,6.88687725906014
MEA,2001,43.2832407682429,6.72620471797115
MEA,2002,43.9566172715717,6.58385835085417
MEA,2003,46.7796733903432,6.54706564339562
MEA,2004,45.1380390862081,6.38634621819332
MEA,2005,44.4574231059973,6.41814538550246
MEA,2006,42.6798737534013,6.24109223316098
MEA,2007,42.2801786594102,6.17345857928454
MEA,2008,42.8086817406978,6.0699585299591
MEA,2009,42.8145815248639,6.00269303455125
MEA,2010,45.9519373284159,5.96483170395813
MEA,2011,44.2969358152613,5.92026897359686
MEA,2012,44.7470000381446,5.93283755217467
MEA,2013,44.4456986726701,5.87102420338753
MEA,2014,42.8135344384862,5.79209068095591
MEA,2015,46.0306610646467,5.76548409396423
MEA,2016,44.6184041410029,5.68103870175183
MEA,2017,44.8609560506084,5.61154353692807
MEA,2018,46.8922435182492,5.55563178463691
MEA,2019,43.2650073972556,5.47939645694138
MEA,2020,42.5115455551059,6.20361462553811
MEA,2021,44.9552223115061,6.2840358206747
MEA,2022,47.0820655606233,5.35811738067193
MEA,2023,45.3618017072411,5.28288911918863
MEX,1990,21.7706713477896,6.159
MEX,1991,21.7196159244162,6.064
MEX,1992,21.6223321256846,5.961
MEX,1993,21.525048326953,5.874
MEX,1994,21.4277645282214,5.788
MEX,1995,21.4229374802059,5.695
MEX,1996,21.2331969307582,5.622
MEX,1997,21.1359131320266,5.561
MEX,1998,21.038629333295,5.534
MEX,1999,20.9413455345634,5.493
MEX,2000,20.7978333604737,5.481
MEX,2001,16.964832806014,5.433
MEX,2002,17.4147706784582,5.45
MEX,2003,17.6968964790796,5.469
MEX,2004,15.6942834641564,5.517
MEX,2005,15.7867484626415,5.537
MEX,2006,16.9775033810062,5.575
MEX,2007,17.5453690440121,5.62
MEX,2008,17.3102933965365,5.682
MEX,2009,17.0732009766688,5.735
MEX,2010,15.8530567795693,5.733
MEX,2011,17.9603910904213,5.698
MEX,2012,16.8850710128223,5.674
MEX,2013,17.5678665877887,5.677
MEX,2014,15.9348225773224,5.705
MEX,2015,17.0032678302327,5.768
MEX,2016,16.5326816284491,5.868
MEX,2017,16.8285883947461,5.997
MEX,2018,16.3313895424634,6.071
MEX,2019,17.0845735836968,6.083
MEX,2020,16.7237606198387,8.429
MEX,2021,16.8243083628705,9.015
MEX,2022,16.6329908517605,6.521
MEX,2023,16.6099613756465,6.161
MHL,1990,4.87253253105,7.557
MHL,1991,4.77168708037564,7.451
MHL,1992,4.77503008040574,7.334
MHL,1993,4.77837308043584,7.21
MHL,1994,4.78171608046595,7.095
MHL,1995,4.57668217908717,6.998
MHL,1996,4.78840208052615,6.905
MHL,1997,4.79174508055625,6.817
MHL,1998,4.79508808058635,6.738
MHL,1999,4.79843108061645,6.654
MHL,2000,4.90596253135099,6.745
MHL,2001,5.122994525592,6.619
MHL,2002,4.65289133567556,6.615
MHL,2003,4.81262672360548,6.616
MHL,2004,4.55808874912919,6.622
MHL,2005,4.85773749571584,6.637
MHL,2006,5.31847554380336,6.626
MHL,2007,5.23890677502394,6.619
MHL,2008,5.26440537143458,6.599
MHL,2009,5.22666374140001,6.539
MHL,2010,5.25613697558319,6.465
MHL,2011,5.43234792851133,6.381
MHL,2012,5.05819654106788,6.376
MHL,2013,4.85017578182002,6.385
MHL,2014,4.61615336397155,6.436
MHL,2015,5.10161447878408,6.493
MHL,2016,4.14660751460666,6.563
MHL,2017,4.27368597979375,6.639
MHL,2018,4.76051299214661,6.714
MHL,2019,3.99898349955786,6.787
MHL,2020,4.22143509871356,7.296
MHL,2021,4.27642742263445,7.389
MHL,2022,4.75745122798474,6.862
MHL,2023,4.10159681023633,6.968
MIC,1990,41.9683329154128,8.81686702009205
MIC,1991,41.4799132264297,8.74832118981432
MIC,1992,41.4970935372251,8.6104741130034
MIC,1993,41.5170038954483,8.51923418191209
MIC,1994,41.5393060779049,8.38534032774031
MIC,1995,40.5374426022447,8.32265369738503
MIC,1996,41.5860986725509,8.23293650238696
MIC,1997,41.6105852184374,8.12696576288326
MIC,1998,41.6353101079656,8.04518348046046
MIC,1999,41.6613160802907,7.95522877132436
MIC,2000,42.2078453593233,7.85845050440629
MIC,2001,41.536836503118,7.78445470221176
MIC,2002,42.2190706997721,7.69446487141663
MIC,2003,42.01473018344,7.62584145960296
MIC,2004,41.778947908718,7.60111396087891
MIC,2005,41.7559907857713,7.52102579770302
MIC,2006,41.3742227252952,7.52690646632881
MIC,2007,41.4984866045501,7.49177487271866
MIC,2008,41.8845431937398,7.48317879496182
MIC,2009,41.7135796712467,7.3858941629799
MIC,2010,41.4096323338373,7.33579727462573
MIC,2011,43.1953362368571,7.26072557291469
MIC,2012,41.4942862050068,7.19534373210306
MIC,2013,41.5528201613175,7.14633481894568
MIC,2014,41.7061499311882,7.09960827516928
MIC,2015,42.0909636717979,7.05360440432535
MIC,2016,41.0242734483609,7.02934381268474
MIC,2017,40.4191289909031,6.99968138429207
MIC,2018,40.174824871112,6.99103020276297
MIC,2019,38.4389394220889,6.98533510747071
MIC,2020,37.3699274240612,7.47621331093206
MIC,2021,38.0707864757411,8.31109624072466
MIC,2022,37.1771832822359,7.09711945358697
MIC,2023,37.7565957957052,7.13894821612083
MKD,1990,35.6892187594219,7.285
MKD,1991,35.0329866557343,7.286
MKD,1992,34.6219345191624,7.737
MKD,1993,34.2108823825904,7.808
MKD,1994,33.7998302460185,8.142
MKD,1995,32.8984181752139,8.063
MKD,1996,32.9777259728746,8.707
MKD,1997,32.5666738363026,8.3
MKD,1998,32.1556216997307,8.4
MKD,1999,31.7445695631587,8.3
MKD,2000,31.5786973937028,8.5
MKD,2001,30.089636484847,8.3
MKD,2002,32.6003866452365,8.9
MKD,2003,35.068044658111,8.9
MKD,2004,31.0938859670638,8.8
MKD,2005,31.3067417253929,9.0
MKD,2006,30.3267980796383,9.1
MKD,2007,29.0495012519503,9.6
MKD,2008,28.571863871672,9.3
MKD,2009,27.3743505062511,9.3
MKD,2010,26.9197952164969,9.3
MKD,2011,30.0063660364587,9.5
MKD,2012,28.7826561726187,9.8
MKD,2013,28.5122129584495,9.3
MKD,2014,25.7464515399391,9.5
MKD,2015,26.8430932065257,9.9
MKD,2016,24.8400819974107,9.853364793075
MKD,2017,24.1167064829734,9.8
MKD,2018,25.4520876085665,9.5
MKD,2019,23.5530919085053,9.8
MKD,2020,22.5072186688488,12.4
MKD,2021,22.1217769876626,15.5
MKD,2022,22.5016591432148,12.3
MKD,2023,21.8117148685703,11.0
MLI,1990,37.0421115911654,19.559
MLI,1991,35.8151450559837,19.223
MLI,1992,35.7273327019975,18.88
MLI,1993,35.6395203480113,18.541
MLI,1994,35.5517079940251,18.216
MLI,1995,33.185587277648,17.839
MLI,1996,35.3760832860527,17.586
MLI,1997,35.2882709320664,17.12
MLI,1998,35.2004585780802,16.73
MLI,1999,35.112646224094,16.404
MLI,2000,36.163988051303,16.02
MLI,2001,33.3307648186634,15.536
MLI,2002,36.0044240750241,15.062
MLI,2003,32.3667318370972,14.632
MLI,2004,42.1432276539235,14.214
MLI,2005,36.4234848906707,13.843
MLI,2006,39.3549415450591,13.459
MLI,2007,41.8363923266888,13.101
MLI,2008,42.132819295448,12.756
MLI,2009,37.9035560792137,12.437
MLI,2010,42.70654378544,12.12
MLI,2011,41.3928404859631,11.812
MLI,2012,44.070314828068,11.559
MLI,2013,33.6765735141364,11.217
MLI,2014,38.0175990022528,10.887
MLI,2015,44.1720344790903,10.59
MLI,2016,40.4660749221189,10.268
MLI,2017,40.8271912539349,10.033
MLI,2018,36.882182832004,9.774
MLI,2019,35.4028018278016,9.475
MLI,2020,34.6459248880864,9.502
MLI,2021,34.9143864868661,9.277
MLI,2022,37.3348886349998,8.859
MLI,2023,35.5240450338273,8.627
MLT,1990,15.9977338106728,7.8
MLT,1991,16.2355406090966,7.9
MLT,1992,16.2541868306346,7.9
MLT,1993,16.2728330521726,7.3
MLT,1994,16.2914792737106,7.2
MLT,1995,16.7484466490202,7.2
MLT,1996,16.3287717167865,7.3
MLT,1997,16.3474179383245,7.5
MLT,1998,16.3660641598624,7.8
MLT,1999,16.3847103814004,7.9
MLT,2000,16.1841960260526,7.5
MLT,2001,15.777853106844,7.4
MLT,2002,15.9841960503247,7.6
MLT,2003,17.5741764860216,7.9
MLT,2004,16.1865038020547,7.5
MLT,2005,15.3887343777073,7.8
MLT,2006,14.7723657079424,7.9
MLT,2007,14.5554735334352,7.6
MLT,2008,14.85511803191,7.9
MLT,2009,13.5829215867379,7.8
MLT,2010,13.320290656296,7.3
MLT,2011,14.6398808384871,7.8
MLT,2012,12.9665997589316,8.1
MLT,2013,12.2341646239072,7.6
MLT,2014,11.7925867040285,7.5
MLT,2015,12.947012247904,7.7
MLT,2016,11.6920800498586,7.4
MLT,2017,11.4503176028508,7.6
MLT,2018,12.5364002038633,7.6
MLT,2019,12.1152477005238,7.3
MLT,2020,10.4163973243993,7.9
MLT,2021,11.9224212348358,8.0
MLT,2022,11.578291572615,8.0
MLT,2023,10.8087176501156,7.3
MMR,1990,45.0015470029771,11.259
MMR,1991,44.2032332665651,11.162
MMR,1992,43.8313343106857,11.035
MMR,1993,43.4594353548064,10.882
MMR,1994,43.087536398927,10.754
MMR,1995,41.8628078819811,10.604
MMR,1996,42.3437384871683,10.376
MMR,1997,41.9718395312889,10.235
MMR,1998,41.5999405754095,10.09
MMR,1999,41.2280416195302,10.043
MMR,2000,41.2825574441838,9.983
MMR,2001,41.7558914980277,9.918
MMR,2002,42.9248176207148,9.852
MMR,2003,41.6103250812711,9.777
MMR,2004,44.138227745466,9.708
MMR,2005,43.1275997489952,9.637
MMR,2006,37.9547736422782,9.567
MMR,2007,35.2325204650341,9.49
MMR,2008,36.6506508517224,12.279
MMR,2009,38.130989781613,9.3
MMR,2010,36.4317172772978,9.212
MMR,2011,34.0895925194937,9.125
MMR,2012,34.2629904984601,9.043
MMR,2013,36.1393517656525,8.982
MMR,2014,36.4414765952555,8.92
MMR,2015,34.6434473031534,8.904
MMR,2016,35.5327407831665,8.861
MMR,2017,33.5207335958746,8.855
MMR,2018,36.1957092821377,8.827
MMR,2019,36.7128668064078,8.847
MMR,2020,36.8841217490584,8.994
MMR,2021,36.8613783730995,9.819
MMR,2022,32.8498528834077,9.18
MMR,2023,35.0665284656219,9.153
MNA,1990,41.7043343164743,9.11886729009731
MNA,1991,41.5310090771558,8.67615168551881
MNA,1992,41.679049373725,8.3927674226014
MNA,1993,41.8557888278631,8.16165567681607
MNA,1994,42.0352543524075,8.05641713307944
MNA,1995,41.5356213667102,7.88994835328642
MNA,1996,42.3539058697849,7.72490444548707
MNA,1997,42.5098674851728,7.59908029269142
MNA,1998,42.6693136665337,7.44218448399255
MNA,1999,42.8300645323169,7.25207697466778
MNA,2000,43.3327187775299,7.11467622788675
MNA,2001,42.6301570139036,6.95819553159622
MNA,2002,43.457200554327,6.81706945748265
MNA,2003,45.7206590053255,6.78740628216706
MNA,2004,44.1218071913801,6.62656850045798
MNA,2005,43.4121576270937,6.66825405927924
MNA,2006,41.6473577157167,6.48846381814087
MNA,2007,41.190828837373,6.42697763892394
MNA,2008,41.5455453055318,6.33067754756034
MNA,2009,41.3836502381807,6.26916491583328
MNA,2010,44.8424248024116,6.22798969380528
MNA,2011,42.930977386189,6.18760176470549
MNA,2012,43.1603253362073,6.21157969358684
MNA,2013,43.0236877424435,6.16006628385174
MNA,2014,41.8825998646859,6.08567756645915
MNA,2015,44.3589146791434,6.07202491769587
MNA,2016,43.2481327626482,5.99397995523691
MNA,2017,43.2990787192469,5.91817819647849
MNA,2018,45.5205356752969,5.85027561810575
MNA,2019,41.812406381165,5.76039002544217
MNA,2020,41.2285861703865,6.53144976980249
MNA,2021,43.5241795084179,6.59443643039469
MNA,2022,45.2769615579065,5.60732350870116
MNA,2023,43.8583580470912,5.55223906087096
MNE,1990,30.5879928986993,7.263
MNE,1991,30.3159373253538,7.356
MNE,1992,29.7407928067171,7.547
MNE,1993,29.1656482880805,7.638
MNE,1994,28.5905037694438,7.843
MNE,1995,28.6215371413875,8.0
MNE,1996,27.4402147321705,8.2
MNE,1997,26.8650702135338,8.5
MNE,1998,26.2899256948971,8.7
MNE,1999,25.7147811762604,8.9
MNE,2000,24.8365477123333,9.0
MNE,2001,24.3098369294511,8.9
MNE,2002,26.5594589475258,9.0
MNE,2003,28.8929929695598,9.3
MNE,2004,25.5096364457967,9.3
MNE,2005,25.1727148000148,9.5
MNE,2006,25.7586231372335,9.7
MNE,2007,25.2071084048616,9.7
MNE,2008,24.2122354688606,9.3
MNE,2009,23.7457189811682,9.5
MNE,2010,21.5382447000235,9.1
MNE,2011,28.7991539019875,9.4
MNE,2012,24.1979418272443,9.5
MNE,2013,22.917125548418,9.5
MNE,2014,20.0824785795164,9.6
MNE,2015,22.5059826956233,10.1
MNE,2016,20.8028849006414,10.3
MNE,2017,21.936038684055,10.4
MNE,2018,22.1665156662132,10.4
MNE,2019,19.9401337330817,10.5
MNE,2020,19.452509792424,11.6
MNE,2021,18.5616072203119,14.6
MNE,2022,18.6822081301969,11.3
MNE,2023,18.4546520922672,10.1
MNG,1990,25.4696718095,10.539
MNG,1991,25.2300429316428,9.805
MNG,1992,25.4316138548604,9.218
MNG,1993,25.6331847780781,8.778
MNG,1994,25.8347557012958,8.601
MNG,1995,25.1539270223644,8.488
MNG,1996,26.2378975477312,8.347
MNG,1997,26.4394684709488,8.058
MNG,1998,26.6410393941665,7.695
MNG,1999,26.8426103173842,7.363
MNG,2000,27.4853810416765,7.08
MNG,2001,27.833771856192,7.0
MNG,2002,29.839533939686,6.995
MNG,2003,30.8495443826772,7.026
MNG,2004,26.264146798508,7.069
MNG,2005,26.9654055981599,7.018
MNG,2006,42.7865875377072,6.868
MNG,2007,47.6497051818728,6.655
MNG,2008,47.4781540882745,6.555
MNG,2009,44.2935247478736,6.654
MNG,2010,43.6952571533221,6.7
MNG,2011,46.1738692440549,6.9
MNG,2012,43.5127011393132,6.3
MNG,2013,45.4128699743452,5.9
MNG,2014,41.3215795985317,5.7
MNG,2015,44.9009780607563,5.8
MNG,2016,47.4794790864176,5.8
MNG,2017,43.8021596765269,5.5
MNG,2018,40.2796730056673,5.6
MNG,2019,44.1529420963905,5.6
MNG,2020,40.2206027753218,5.1
MNG,2021,48.7495925005672,6.2
MNG,2022,40.9215812032638,5.6
MNG,2023,42.6916874423772,5.5
MNP,1990,4.22982357836331,4.165
MNP,1991,4.14432475457968,4.151
MNP,1992,4.10987129759991,4.057
MNP,1993,4.07541784062015,3.957
MNP,1994,4.04096438364039,3.837
MNP,1995,3.90442019305278,3.678
MNP,1996,3.97205746968087,3.384
MNP,1997,3.93760401270111,3.175
MNP,1998,3.90315055572135,2.934
MNP,1999,3.86869709874159,2.725
MNP,2000,3.88528900856573,2.633
MNP,2001,4.01950378495928,2.611
MNP,2002,4.45892733341922,2.564
MNP,2003,3.89935351050117,2.515
MNP,2004,4.0501423585453,2.542
MNP,2005,3.46771275551573,2.499
MNP,2006,3.59671540559819,2.51
MNP,2007,3.65904260592114,2.576
MNP,2008,3.51062276221605,2.671
MNP,2009,3.34533135024417,2.796
MNP,2010,3.22607510845618,2.918
MNP,2011,3.64679900924553,3.081
MNP,2012,3.82150957999035,3.259
MNP,2013,3.59328887115991,3.447
MNP,2014,3.81345144663384,3.615
MNP,2015,3.9492585987962,3.765
MNP,2016,3.3293435951051,3.9
MNP,2017,3.19809061809497,4.016
MNP,2018,2.79719027461774,4.133
MNP,2019,2.70919709191082,4.142
MNP,2020,2.42633036438328,4.146
MNP,2021,2.78361494766136,4.381
MNP,2022,2.79578101262798,4.505
MNP,2023,2.67817942323547,4.704
MOZ,1990,15.8638719902538,20.451
MOZ,1991,15.6613260487257,20.014
MOZ,1992,15.7162188694008,19.621
MOZ,1993,15.771111690076,18.804
MOZ,1994,15.8260045107511,17.964
MOZ,1995,15.36601980702,18.017
MOZ,1996,15.9357901521014,17.531
MOZ,1997,15.9906829727766,17.061
MOZ,1998,16.0455757934517,16.676
MOZ,1999,16.1004686141269,16.178
MOZ,2000,16.4128001970052,15.664
MOZ,2001,18.4931730625653,15.044
MOZ,2002,16.3645447100653,14.524
MOZ,2003,15.0687302841981,14.074
MOZ,2004,15.0909978138877,13.666
MOZ,2005,15.8207526220006,13.277
MOZ,2006,17.4303539620152,12.926
MOZ,2007,18.121170634447,12.57
MOZ,2008,17.9375084703448,12.261
MOZ,2009,16.3718937109159,11.929
MOZ,2010,18.2022995830123,11.543
MOZ,2011,15.6051763609066,11.108
MOZ,2012,15.9840326414074,10.665
MOZ,2013,15.9627800546141,10.233
MOZ,2014,13.9308842411649,9.779
MOZ,2015,15.3240607793109,9.371
MOZ,2016,13.9766493585289,8.984
MOZ,2017,13.8170006960955,8.633
MOZ,2018,15.8667809889386,8.324
MOZ,2019,16.1353369294546,8.078
MOZ,2020,13.0371538034339,8.007
MOZ,2021,13.3097982315407,8.403
MOZ,2022,16.045018396151,7.255
MOZ,2023,13.7216828951578,7.002
MRT,1990,48.1348987573464,10.689
MRT,1991,48.5471665966588,10.555
MRT,1992,49.0033334245488,10.302
MRT,1993,49.4595002524387,10.316
MRT,1994,49.9156670803287,10.31
MRT,1995,50.284035931065,10.291
MRT,1996,50.8280007361087,10.204
MRT,1997,51.2841675639987,9.824
MRT,1998,51.7403343918887,9.512
MRT,1999,52.1965012197786,9.18
MRT,2000,52.6965670362457,8.861
MRT,2001,41.9393497812816,8.578
MRT,2002,45.922028221614,8.281
MRT,2003,46.1043537611159,8.004
MRT,2004,45.6776557825042,7.744
MRT,2005,46.2188599791526,7.494
MRT,2006,46.4800582232681,7.242
MRT,2007,48.1006588366873,7.068
MRT,2008,48.3505944794199,6.896
MRT,2009,44.5650236652424,6.953
MRT,2010,47.6054460100313,7.054
MRT,2011,49.0196495739197,7.205
MRT,2012,54.1025855948907,7.381
MRT,2013,42.7823277974338,7.564
MRT,2014,43.9453314705486,7.26
MRT,2015,53.0162862976192,6.993
MRT,2016,47.9118927509658,6.731
MRT,2017,50.4527713237389,6.513
MRT,2018,46.4676065172414,6.286
MRT,2019,43.6914963916805,6.115
MRT,2020,45.4453206008517,6.41
MRT,2021,48.987965577262,6.29
MRT,2022,45.0399461631116,5.627
MRT,2023,46.5013986975929,5.52
MUS,1990,13.6266174677927,6.6
MUS,1991,13.7638806728577,6.6
MUS,1992,13.8712733471519,6.5
MUS,1993,13.9786660214461,6.8
MUS,1994,14.0860586957402,6.7
MUS,1995,14.2531924315765,6.7
MUS,1996,14.3008440443286,6.8
MUS,1997,14.4082367186227,7.0
MUS,1998,14.5156293929169,6.8
MUS,1999,14.6230220672111,6.8
MUS,2000,14.7005442107343,6.7
MUS,2001,14.5109073864343,6.7
MUS,2002,14.3019528683928,6.9
MUS,2003,14.4551006539831,7.0
MUS,2004,14.9584465209057,6.9
MUS,2005,17.4038662387744,7.0
MUS,2006,17.0159562797598,7.4
MUS,2007,16.8629678381735,6.9
MUS,2008,16.9347347202264,7.2
MUS,2009,16.7650636809548,7.4
MUS,2010,16.4769923203715,7.3
MUS,2011,15.9689639909968,7.3
MUS,2012,15.4132045281263,7.5
MUS,2013,15.20366440383,7.5
MUS,2014,14.1799589328556,7.7
MUS,2015,14.3194080246196,7.8
MUS,2016,15.4318711050117,8.1
MUS,2017,15.1861077816825,8.1
MUS,2018,15.155739276173,8.6
MUS,2019,15.0236819864042,8.9
MUS,2020,14.1375462211663,8.8
MUS,2021,14.2401161185035,10.6
MUS,2022,15.054806246095,10.3
MUS,2023,14.0610818595338,9.5
MWI,1990,17.5400882448537,22.231
MWI,1991,17.0725210379961,21.962
MWI,1992,17.1841123657519,21.514
MWI,1993,17.2957036935077,21.519
MWI,1994,17.4072950212635,21.316
MWI,1995,16.360569279793,20.556
MWI,1996,17.6304776767751,20.127
MWI,1997,17.7420690045309,19.735
MWI,1998,17.8536603322867,19.412
MWI,1999,17.9652516600425,18.657
MWI,2000,18.6560015224114,18.022
MWI,2001,21.3263856042346,17.367
MWI,2002,19.2582764489274,16.779
MWI,2003,18.4195051879177,15.903
MWI,2004,18.0502583369773,15.076
MWI,2005,18.3940412647607,14.32
MWI,2006,20.0975886186749,13.667
MWI,2007,21.2052974498631,13.053
MWI,2008,21.4221534324106,12.386
MWI,2009,19.8691636769341,11.541
MWI,2010,21.1627076026849,10.708
MWI,2011,19.1678879677523,9.939
MWI,2012,18.8598593107935,9.239
MWI,2013,18.9083383499326,8.623
MWI,2014,16.9489573456288,8.081
MWI,2015,17.9848717763978,7.642
MWI,2016,16.5572785050634,7.184
MWI,2017,16.0402550395062,6.816
MWI,2018,18.7735651314743,6.546
MWI,2019,19.596437811483,6.301
MWI,2020,16.3899819196217,6.189
MWI,2021,15.6967269641745,6.257
MWI,2022,20.1661455127716,5.803
MWI,2023,16.7211601349048,5.363
MYS,1990,31.2411229355612,4.657
MYS,1991,29.3881847507594,4.6
MYS,1992,28.5279010082228,4.552
MYS,1993,27.6676172656862,4.508
MYS,1994,26.8073335231495,4.498
MYS,1995,23.9617408960799,4.493
MYS,1996,25.0867660380763,4.479
MYS,1997,24.2264822955396,4.453
MYS,1998,23.366198553003,4.461
MYS,1999,22.5059148104663,4.494
MYS,2000,22.6382855101956,4.431
MYS,2001,21.2276290468844,4.359
MYS,2002,22.341022282645,4.278
MYS,2003,21.2930201518658,4.257
MYS,2004,22.4980099824331,4.225
MYS,2005,22.1031506606071,4.187
MYS,2006,20.5274305026719,4.165
MYS,2007,18.2948059461463,4.175
MYS,2008,17.0460725732727,4.212
MYS,2009,19.7507467604015,4.271
MYS,2010,14.6011865757654,4.334
MYS,2011,18.2222758028205,4.401
MYS,2012,18.5246158481105,4.478
MYS,2013,19.6810432882376,4.607
MYS,2014,20.3905475120468,4.749
MYS,2015,25.1876546150456,4.864
MYS,2016,16.2387171304782,4.915
MYS,2017,14.5249238687121,4.931
MYS,2018,16.1560428708823,4.946
MYS,2019,20.8986497768105,4.98
MYS,2020,13.6599055069719,5.034
MYS,2021,14.1005683018031,6.201
MYS,2022,15.3331668435575,5.547
MYS,2023,15.8650142432827,5.158
NAC,1990,15.2572179642708,8.47003250732897
NAC,1991,15.2975301946213,8.44018909796498
NAC,1992,15.16499232772,8.34049917796209
NAC,1993,15.0325150326316,8.63080724025955
NAC,1994,14.8995068060368,8.63097862217198
NAC,1995,15.1136797505867,8.64108898236877
NAC,1996,14.6334964878946,8.64122759649087
NAC,1997,14.5008488934971,8.55141560405207
NAC,1998,14.3688254910555,8.46170703439057
NAC,1999,14.2367454264239,8.46208677254565
NAC,2000,13.9302050644693,8.36230192787477
NAC,2001,13.277416774964,8.36218310213238
NAC,2002,13.1523797729119,8.36200803667718
NAC,2003,12.8794953946901,8.28168854063533
NAC,2004,12.1341244970695,8.09158547740369
NAC,2005,12.8713731506967,8.19158713670022
NAC,2006,11.3960091902018,7.9916214538627
NAC,2007,10.5903159344688,7.92117424398923
NAC,2008,10.0778146672158,8.01121640369986
NAC,2009,9.17016859280806,7.82092327390336
NAC,2010,9.08559745202066,7.90630536205068
NAC,2011,9.23278903273822,7.97642751190665
NAC,2012,8.5339122940654,8.00231585828143
NAC,2013,8.29815454214236,8.11376122607349
NAC,2014,8.31275901806416,8.14339551071781
NAC,2015,7.98566083289355,8.3361474511813
NAC,2016,7.26258640256411,8.38354638110472
NAC,2017,7.61430234732893,8.53357099239408
NAC,2018,7.69407669816042,8.57884854090137
NAC,2019,7.18457055320101,8.58483368893004
NAC,2020,7.55884147785789,10.0465049044242
NAC,2021,8.19025411459621,10.1725903606865
NAC,2022,7.31929325559189,9.6849586583523
NAC,2023,6.9232612908725,9.09367331369541
NAM,1990,16.3085798089561,8.856
NAM,1991,16.1689605666893,9.027
NAM,1992,16.2292843109323,9.203
NAM,1993,16.2896080551754,9.467
NAM,1994,16.3499317994184,9.725
NAM,1995,16.010369570642,10.037
NAM,1996,16.4705792879045,10.361
NAM,1997,16.5309030321476,10.716
NAM,1998,16.5912267763906,11.258
NAM,1999,16.6515505206337,11.669
NAM,2000,16.9118172513865,12.213
NAM,2001,17.4672796375505,12.742
NAM,2002,17.821132581929,12.733
NAM,2003,16.2153774009341,12.801
NAM,2004,15.6499060376194,12.71
NAM,2005,16.300420585427,12.582
NAM,2006,16.6897277846556,12.318
NAM,2007,18.2654077633752,11.932
NAM,2008,18.6529897039148,11.63
NAM,2009,17.4237945639503,11.389
NAM,2010,21.1956795104668,11.077
NAM,2011,19.1486949521859,10.848
NAM,2012,17.7555421343123,10.299
NAM,2013,17.0102040960479,9.956
NAM,2014,14.6130988378326,9.567
NAM,2015,16.433687883708,9.253
NAM,2016,15.1750328135787,8.898
NAM,2017,15.414596586429,8.52
NAM,2018,16.5373639108224,8.127
NAM,2019,15.4572528817777,7.722
NAM,2020,14.4300441951521,7.519
NAM,2021,14.4518731743436,9.175
NAM,2022,16.6999376084699,7.471
NAM,2023,14.2253008498779,6.169
NER,1990,55.713846879385,24.126
NER,1991,54.6488798510128,23.607
NER,1992,54.9196139788001,22.918
NER,1993,55.1903481065875,22.227
NER,1994,55.4610822343749,21.544
NER,1995,53.0604140498441,20.778
NER,1996,56.0025504899497,20.112
NER,1997,56.273284617737,19.473
NER,1998,56.5440187455244,18.882
NER,1999,56.8147528733118,18.308
NER,2000,58.4211881572582,17.7
NER,2001,57.6673961252487,17.076
NER,2002,58.6974976869793,16.403
NER,2003,50.073113387565,15.662
NER,2004,69.3727963569156,14.965
NER,2005,60.3523468823656,14.258
NER,2006,71.8910622718847,13.586
NER,2007,76.7865896754313,12.981
NER,2008,75.4061480303208,12.434
NER,2009,68.2680466060732,12.0
NER,2010,68.07173238699,11.605
NER,2011,68.6712649060334,11.261
NER,2012,62.3698389723865,10.99
NER,2013,57.0560661681477,10.751
NER,2014,60.767919137322,10.532
NER,2015,82.5855382638443,10.386
NER,2016,77.7870856281203,10.156
NER,2017,70.1168422586214,9.957
NER,2018,59.7807710942008,9.769
NER,2019,55.4593541424912,9.573
NER,2020,65.2328825383295,9.526
NER,2021,62.6985995228804,9.55
NER,2022,74.5735734758223,9.173
NER,2023,65.2302894952218,8.859
NGA,1990,64.734109284699,18.855
NGA,1991,63.6946878943326,18.972
NGA,1992,64.0635829698221,18.851
NGA,1993,64.4324780453115,18.675
NGA,1994,64.8013731208009,18.65
NGA,1995,62.3536352645803,18.535
NGA,1996,65.5391632717797,18.513
NGA,1997,65.9080583472691,18.358
NGA,1998,66.2769534227585,18.153
NGA,1999,66.6458484982479,17.803
NGA,2000,68.4230600395925,17.439
NGA,2001,58.1213895225908,17.149
NGA,2002,61.7052833837302,16.799
NGA,2003,51.4747260234232,16.37
NGA,2004,61.7935698630297,15.986
NGA,2005,57.1814452958929,15.692
NGA,2006,63.273214898786,15.43
NGA,2007,67.3061477374151,15.067
NGA,2008,66.802718165195,14.801
NGA,2009,59.9637374393469,14.554
NGA,2010,57.0453595776344,14.36
NGA,2011,60.5981870803509,14.203
NGA,2012,59.6227203937751,14.019
NGA,2013,52.2390699243857,13.864
NGA,2014,54.1305836870948,13.736
NGA,2015,75.1290695732099,13.656
NGA,2016,69.3722566585403,13.408
NGA,2017,68.2246345183228,13.192
NGA,2018,60.0682766381431,12.952
NGA,2019,56.1742360202495,12.679
NGA,2020,63.7025276792271,12.586
NGA,2021,63.7505486555452,12.306
NGA,2022,70.6169092406565,11.953
NGA,2023,65.740618883028,11.74
NIC,1990,25.6026468183991,7.656
NIC,1991,25.5295578067305,7.255
NIC,1992,25.5819266176816,7.048
NIC,1993,25.6342954286327,6.825
NIC,1994,25.6866642395837,6.6
NIC,1995,25.4881174052956,6.446
NIC,1996,25.7914018614859,6.297
NIC,1997,25.843770672437,6.229
NIC,1998,25.896139483388,6.912
NIC,1999,25.9485082943391,6.234
NIC,2000,26.1263349279098,6.145
NIC,2001,25.6796881066035,5.982
NIC,2002,25.6798615765626,5.735
NIC,2003,26.4224562069187,5.556
NIC,2004,23.3437287850243,5.401
NIC,2005,24.8758708063952,5.21
NIC,2006,23.1967206955892,5.115
NIC,2007,22.2634722922487,5.104
NIC,2008,21.7927408124447,5.097
NIC,2009,19.9791596149986,5.127
NIC,2010,21.4832012982569,5.09
NIC,2011,21.7376057725567,5.051
NIC,2012,19.8316265447103,4.964
NIC,2013,21.0739297029074,4.982
NIC,2014,19.0966063692655,4.964
NIC,2015,20.8272949678995,4.993
NIC,2016,19.9336354891463,4.959
NIC,2017,20.1452148940178,4.949
NIC,2018,21.1687703840053,4.832
NIC,2019,20.2131179025699,4.95
NIC,2020,21.6853479304391,6.663
NIC,2021,20.0656114146273,6.618
NIC,2022,20.8229199248067,4.691
NIC,2023,20.4180839334698,4.586
NLD,1990,21.658238389522,8.6
NLD,1991,21.6436388987104,8.6
NLD,1992,21.3692164887282,8.6
NLD,1993,21.0947940787461,9.0
NLD,1994,20.820371668764,8.7
NLD,1995,21.0655950971218,8.8
NLD,1996,20.2715268487997,8.9
NLD,1997,19.9971044388176,8.7
NLD,1998,19.7226820288355,8.8
NLD,1999,19.4482596188533,8.9
NLD,2000,18.9140142897011,8.8
NLD,2001,17.1259421099777,8.7
NLD,2002,17.7603665370674,8.8
NLD,2003,19.3998595246036,8.7
NLD,2004,17.4425306234572,8.4
NLD,2005,17.1027180284708,8.4
NLD,2006,15.5942145682684,8.3
NLD,2007,15.2672865464516,8.1
NLD,2008,15.746646942208,8.2
NLD,2009,16.1093258545716,8.1
NLD,2010,16.0262291614536,8.2
NLD,2011,15.8751816468242,8.1
NLD,2012,13.057940983087,8.4
NLD,2013,13.6203180669567,8.4
NLD,2014,13.3086643474591,8.3
NLD,2015,12.0566403406417,8.7
NLD,2016,11.7209776911577,8.7
NLD,2017,11.512544838837,8.8
NLD,2018,12.166093154962,8.9
NLD,2019,10.5448242918594,8.8
NLD,2020,8.95977219371951,9.7
NLD,2021,10.0302491904906,9.8
NLD,2022,9.71599320228502,9.6
NLD,2023,8.58757364083248,9.5
NOR,1990,12.4592374381614,10.9
NOR,1991,12.3475993921246,10.5
NOR,1992,12.2194007229423,10.4
NOR,1993,12.09120205376,10.8
NOR,1994,11.9630033845777,10.2
NOR,1995,11.8679259616858,10.4
NOR,1996,11.7066060462131,10.0
NOR,1997,11.5784073770308,10.1
NOR,1998,11.4502087078486,10.0
NOR,1999,11.3220100386663,10.1
NOR,2000,11.1772507463387,9.8
NOR,2001,9.70581791613243,9.7
NOR,2002,10.0131694740813,9.8
NOR,2003,10.8244506964839,9.3
NOR,2004,9.29581153774881,9.0
NOR,2005,9.14710097228594,8.9
NOR,2006,8.4325156759703,8.9
NOR,2007,7.84465896835535,8.9
NOR,2008,7.54082686195378,8.7
NOR,2009,7.67889479982363,8.6
NOR,2010,7.8188404989614,8.5
NOR,2011,8.33134144870997,8.4
NOR,2012,6.94681114643302,8.4
NOR,2013,7.07155480202815,8.1
NOR,2014,7.15094713440871,7.9
NOR,2015,6.22560099325305,7.8
NOR,2016,6.37541015422384,7.8
NOR,2017,5.87906686802138,7.7
NOR,2018,6.69546303416924,7.7
NOR,2019,6.1522585458121,7.6
NOR,2020,5.35135775741965,7.5
NOR,2021,6.32535191211004,7.8
NOR,2022,6.02028911555586,8.4
NOR,2023,5.52141079375347,7.9
NPL,1990,42.5594940846862,12.764
NPL,1991,41.6613979381683,12.242
NPL,1992,41.6295825067754,11.639
NPL,1993,41.5977670753824,11.197
NPL,1994,41.5659516439895,10.639
NPL,1995,39.8015747823468,10.268
NPL,1996,41.5023207812037,9.824
NPL,1997,41.4705053498107,9.344
NPL,1998,41.4386899184178,8.947
NPL,1999,41.4068744870249,8.669
NPL,2000,42.2413397707567,8.369
NPL,2001,43.6416299876088,8.046
NPL,2002,43.9354913551095,7.912
NPL,2003,44.2755831213027,7.623
NPL,2004,42.8648725328072,7.432
NPL,2005,42.5390450676083,7.247
NPL,2006,48.7982657548418,7.043
NPL,2007,51.8726318064723,7.001
NPL,2008,54.4899220808595,6.969
NPL,2009,58.9424960829957,6.996
NPL,2010,50.3771052704765,7.028
NPL,2011,52.7488588178893,6.998
NPL,2012,54.5107288886808,7.029
NPL,2013,49.8885406797596,7.061
NPL,2014,50.6917645882859,7.098
NPL,2015,52.0893526071468,7.385
NPL,2016,51.9068894312371,7.065
NPL,2017,53.0342594326735,7.07
NPL,2018,59.5306238818063,7.07
NPL,2019,54.2758746113853,7.024
NPL,2020,51.1333778512821,7.272
NPL,2021,56.8352288944933,7.761
NPL,2022,50.6322528228936,6.888
NPL,2023,53.2003436952498,6.932
NRU,1990,5.20847295538637,9.55
NRU,1991,5.31877575684905,8.864
NRU,1992,5.38595979773494,8.14
NRU,1993,5.45314383862082,7.856
NRU,1994,5.5203278795067,7.73
NRU,1995,5.67374944154641,7.668
NRU,1996,5.65469596127847,7.66
NRU,1997,5.72188000216435,7.705
NRU,1998,5.78906404305023,7.771
NRU,1999,5.85624808393611,7.853
NRU,2000,5.88031336424513,7.896
NRU,2001,5.84255435768091,7.917
NRU,2002,5.64475105424255,7.885
NRU,2003,5.52545557786373,7.877
NRU,2004,5.15231765866753,7.997
NRU,2005,5.51489552605181,8.098
NRU,2006,5.17058632507481,8.178
NRU,2007,4.65980752383846,8.244
NRU,2008,4.70185885728124,8.248
NRU,2009,5.41284605628807,8.232
NRU,2010,5.06424055159384,8.156
NRU,2011,4.67457249644327,8.021
NRU,2012,5.19174306445476,7.783
NRU,2013,5.79023641073082,7.692
NRU,2014,5.82291031661379,7.642
NRU,2015,6.84805862810455,7.64
NRU,2016,4.69226889007317,7.628
NRU,2017,4.5819518260082,7.608
NRU,2018,4.84783250832234,7.578
NRU,2019,6.82048241058318,7.573
NRU,2020,4.28553056370211,7.552
NRU,2021,4.02205182033666,7.661
NRU,2022,4.36409314949647,7.472
NRU,2023,4.83857913426453,7.519
NZL,1990,8.59120257032647,7.89
NZL,1991,8.48266646345185,7.55
NZL,1992,8.45212807467812,7.67
NZL,1993,8.4215896859044,7.58
NZL,1994,8.39105129713067,7.44
NZL,1995,8.20451747215504,7.57
NZL,1996,8.32997451958322,7.57
NZL,1997,8.2994361308095,7.26
NZL,1998,8.26889774203577,6.87
NZL,1999,8.23835935326205,7.33
NZL,2000,8.28581868258924,6.91
NZL,2001,8.16662967841872,7.16
NZL,2002,8.09945527895256,7.1
NZL,2003,7.83404860464787,6.95
NZL,2004,7.7513608884228,6.95
NZL,2005,7.69128251490132,6.54
NZL,2006,7.18451073875474,6.75
NZL,2007,7.02749032487499,6.75
NZL,2008,7.00475628327003,6.85
NZL,2009,6.88091245470133,6.73
NZL,2010,6.96331739632945,6.53
NZL,2011,7.14580979286737,6.86
NZL,2012,6.61667168493178,6.82
NZL,2013,6.68970751878215,6.65
NZL,2014,6.46803978335128,6.87
NZL,2015,6.58301243029768,6.85
NZL,2016,6.60079804628658,6.61
NZL,2017,6.6454612514251,6.92
NZL,2018,6.64524347769575,6.78
NZL,2019,7.72371069620344,6.88
NZL,2020,7.05142839254853,6.43
NZL,2021,6.64525633790746,6.87
NZL,2022,6.98542238085309,7.58
NZL,2023,6.88138507182829,7.29
OED,1990,19.7779832129016,8.51827787442823
OED,1991,19.7343956861678,8.48484441137448
OED,1992,19.584724219323,8.38810043405181
OED,1993,19.4363262372689,8.50663107849235
OED,1994,19.288582400379,8.40959365569102
OED,1995,19.3521921777144,8.43940010548977
OED,1996,18.99428303704,8.36428124092977
OED,1997,18.8478421060639,8.29117562527427
OED,1998,18.7024202851001,8.27458142957265
OED,1999,18.5580692845643,8.31603098771224
OED,2000,18.3072832958893,8.16481435292282
OED,2001,17.1357180689479,8.09939788454352
OED,2002,17.5369029959153,8.12541896189915
OED,2003,17.8929758831673,8.17507396482862
OED,2004,16.3459536336821,7.95980164262931
OED,2005,16.7406322670942,8.07837296947855
OED,2006,15.9526417621718,7.95591194288406
OED,2007,15.4623887956339,7.99328344530422
OED,2008,15.1209001124479,8.07356524497805
OED,2009,14.8896431891683,7.95331567696425
OED,2010,14.8869738489505,7.99393943263496
OED,2011,15.0410589456076,8.03607922017984
OED,2012,14.0656288148204,8.13900130676999
OED,2013,14.1716771187904,8.16058392738424
OED,2014,13.8868672226021,8.11428883063971
OED,2015,13.8237009748774,8.39322454496879
OED,2016,12.9949819303809,8.36406198627353
OED,2017,13.1440072373331,8.53111919774223
OED,2018,13.1059643508941,8.57534117569014
OED,2019,12.6215331770448,8.55822060985299
OED,2020,12.1867301630485,9.67686131841407
OED,2021,12.5872869087171,9.93672129456694
OED,2022,12.8581749835003,9.55353786636205
OED,2023,12.018341876005,9.12294008707727
OMN,1990,47.1288571896102,4.751
OMN,1991,45.006935303205,4.485
OMN,1992,44.9032486864503,4.263
OMN,1993,44.7995620696956,4.087
OMN,1994,44.695875452941,3.975
OMN,1995,40.5557182968852,3.798
OMN,1996,44.4885022194316,3.641
OMN,1997,44.384815602677,3.499
OMN,1998,44.2811289859223,3.371
OMN,1999,44.1774423691677,3.258
OMN,2000,46.0919910220633,3.155
OMN,2001,44.4125040083418,3.062
OMN,2002,41.7248672675478,2.98
OMN,2003,46.1256283881511,2.909
OMN,2004,47.8913466801975,2.802
OMN,2005,46.1222426864483,2.766
OMN,2006,43.7212899961108,2.727
OMN,2007,45.0587488715285,2.709
OMN,2008,46.8065241755625,2.621
OMN,2009,46.4381413133276,2.549
OMN,2010,45.0654087266367,2.456
OMN,2011,48.1917051076879,2.182
OMN,2012,54.1182539525814,2.2
OMN,2013,47.6879064979335,2.192
OMN,2014,41.5793397713907,2.113
OMN,2015,46.8966290907909,2.057
OMN,2016,45.2571660471688,2.017
OMN,2017,45.9592061206611,1.993
OMN,2018,50.482984007318,1.992
OMN,2019,45.6314297510403,2.001
OMN,2020,42.0392152380277,2.444
OMN,2021,45.7566725913839,2.785
OMN,2022,52.137724533898,2.13
OMN,2023,46.8557577090985,1.901
OSS,1990,20.6514026548882,9.98858501754214
OSS,1991,20.614113254781,10.0080473481416
OSS,1992,20.5241208434714,10.0777429883638
OSS,1993,20.4297742128031,10.0728779882077
OSS,1994,20.402394737386,10.1953702114097
OSS,1995,20.2298738227242,10.0737315714578
OSS,1996,20.3487880505324,9.83651100148097
OSS,1997,20.3550861239064,9.82832535259251
OSS,1998,20.371664669691,9.97713810212325
OSS,1999,20.4499650043063,10.2707556491148
OSS,2000,20.6019511165102,9.31301682437636
OSS,2001,19.7650840907916,9.25904666964274
OSS,2002,20.1648084346154,9.28836729832104
OSS,2003,19.6222529920338,9.32474877338915
OSS,2004,19.4923672469172,9.27070946486757
OSS,2005,19.6251549714653,9.20460624013105
OSS,2006,18.5215991743689,9.15453800835969
OSS,2007,18.118490754228,8.96964712318733
OSS,2008,18.3622895413455,8.82393868599162
OSS,2009,18.3307217075277,8.66916249957801
OSS,2010,18.1632869935832,8.44357764379212
OSS,2011,19.2173878647238,8.33821437868546
OSS,2012,19.5086445363745,8.24551384856905
OSS,2013,17.5055071160093,8.12563125668845
OSS,2014,16.8887402720693,8.06780506237491
OSS,2015,17.8019720957766,7.99219999576878
OSS,2016,16.7649431713216,7.96335208436305
OSS,2017,17.4617218095096,7.90732258450342
OSS,2018,17.1073901155974,7.8962215532629
OSS,2019,17.0994967230163,7.82588761232274
OSS,2020,16.351329161723,8.00673113075086
OSS,2021,16.3811169450524,8.82807316664978
OSS,2022,16.8462568170176,8.12690008028188
OSS,2023,16.1866752339085,7.64971162701934
PAK,1990,58.4949510833753,10.763
PAK,1991,57.1043539490827,10.625
PAK,1992,56.9798991880733,10.513
PAK,1993,56.8554444270639,10.351
PAK,1994,56.7309896660545,10.187
PAK,1995,54.0742501584784,10.029
PAK,1996,56.4820801440357,9.834
PAK,1997,56.3576253830263,9.658
PAK,1998,56.2331706220169,9.348
PAK,1999,56.1087158610076,9.122
PAK,2000,57.2504034732813,8.899
PAK,2001,56.554332613352,8.685
PAK,2002,57.8280038864152,8.492
PAK,2003,58.0375444755895,8.32
PAK,2004,56.7436632932081,8.137
PAK,2005,56.8396606078595,8.411
PAK,2006,54.0021102654504,7.904
PAK,2007,52.8243308583715,7.84
PAK,2008,52.6632557320634,7.8
PAK,2009,50.9234369923513,7.741
PAK,2010,57.0932237695287,7.691
PAK,2011,55.1733849833434,7.575
PAK,2012,55.9102316841118,7.482
PAK,2013,54.2579257569488,7.377
PAK,2014,54.726513458073,7.272
PAK,2015,57.7003410851012,7.164
PAK,2016,56.6204998946239,7.039
PAK,2017,56.6781961188465,6.94
PAK,2018,61.4979947410089,6.852
PAK,2019,53.4624424408059,6.772
PAK,2020,54.8397942743298,7.301
PAK,2021,58.590150324952,7.23
PAK,2022,57.8617671689119,6.513
PAK,2023,58.3745179541935,6.466
PAN,1990,18.4554008822248,5.068
PAN,1991,18.2339411466867,5.086
PAN,1992,18.3268052799986,5.085
PAN,1993,18.4196694133105,5.01
PAN,1994,18.5125335466223,5.015
PAN,1995,17.9767499422347,5.055
PAN,1996,18.698261813246,5.038
PAN,1997,18.7911259465579,4.968
PAN,1998,18.8839900798698,4.944
PAN,1999,18.9768542131816,4.884
PAN,2000,19.3840422153432,4.829
PAN,2001,17.9464455683349,4.763
PAN,2002,17.8296298557181,4.699
PAN,2003,19.2994488785894,4.637
PAN,2004,17.3391903877035,4.622
PAN,2005,17.6286715011758,4.589
PAN,2006,15.9645120676111,4.579
PAN,2007,14.9645258778058,4.586
PAN,2008,15.213541235427,4.583
PAN,2009,15.5308100056666,4.577
PAN,2010,15.5801236218237,4.609
PAN,2011,15.1716286040201,4.624
PAN,2012,16.0341321648034,4.646
PAN,2013,15.3686441543945,4.658
PAN,2014,15.9619986030478,4.673
PAN,2015,16.9783062456346,4.714
PAN,2016,15.5946159096021,4.739
PAN,2017,14.7627345637305,4.782
PAN,2018,14.8426450709261,4.722
PAN,2019,15.3498636744005,4.719
PAN,2020,15.1907401233296,5.864
PAN,2021,14.7545659474275,5.643
PAN,2022,15.213921782961,4.751
PAN,2023,15.1210531361735,4.771
PER,1990,69.2906356093328,7.72
PER,1991,68.779950296676,7.556
PER,1992,67.8323206685367,7.178
PER,1993,66.8846910403974,6.856
PER,1994,65.9370614122581,6.504
PER,1995,65.8633204150805,6.299
PER,1996,64.0418021559796,6.127
PER,1997,63.0941725278403,6.004
PER,1998,62.146542899701,5.903
PER,1999,61.1989132715617,5.732
PER,2000,59.8143393279411,5.631
PER,2001,63.7365642620224,5.592
PER,2002,60.9884090511047,5.606
PER,2003,59.6143294747596,5.679
PER,2004,58.2612766171152,5.89
PER,2005,58.0879024743826,5.926
PER,2006,38.3799011518371,6.079
PER,2007,28.0589758067943,6.195
PER,2008,27.6546505016066,6.505
PER,2009,28.7916453582175,6.722
PER,2010,31.373011396184,6.733
PER,2011,29.706354612961,6.671
PER,2012,28.7081917720721,6.469
PER,2013,29.7497268642073,6.321
PER,2014,27.1057918484588,6.123
PER,2015,29.2744836705899,6.037
PER,2016,30.5613699272767,6.036
PER,2017,31.2625158525163,6.102
PER,2018,31.1151867646505,6.173
PER,2019,30.672466480308,6.16
PER,2020,29.8567440111987,7.415
PER,2021,28.9466302805559,9.297
PER,2022,32.4787651622913,6.389
PER,2023,31.0938536450575,5.491
PHL,1990,38.5230955704506,6.68
PHL,1991,37.8452151069513,6.576
PHL,1992,37.4640005185552,6.237
PHL,1993,37.082785930159,6.115
PHL,1994,36.7015713417628,5.989
PHL,1995,35.7270250031591,5.886
PHL,1996,35.9391421649705,5.74
PHL,1997,35.5579275765743,5.637
PHL,1998,35.1767129881781,5.559
PHL,1999,34.795498399782,5.475
PHL,2000,34.7109496864893,5.394
PHL,2001,30.6026455078693,5.421
PHL,2002,31.4769323672191,5.426
PHL,2003,32.0703382296126,5.407
PHL,2004,34.1896356366668,5.356
PHL,2005,33.0419500553782,5.357
PHL,2006,26.5807186900689,5.519
PHL,2007,23.6260197589399,5.428
PHL,2008,24.338678115473,5.463
PHL,2009,25.9744172434092,5.526
PHL,2010,22.5911329120977,5.482
PHL,2011,24.6822130997902,5.463
PHL,2012,22.5654937983005,5.459
PHL,2013,22.5685454716242,5.508
PHL,2014,22.6948139010066,5.558
PHL,2015,22.5811049721656,5.583
PHL,2016,21.8003003003794,5.662
PHL,2017,22.8372345468098,5.565
PHL,2018,22.1392871673127,5.753
PHL,2019,23.1871442405274,5.896
PHL,2020,21.7674946627007,5.831
PHL,2021,22.7416729471695,7.992
PHL,2022,24.241932485757,6.266
PHL,2023,22.2053003753671,6.236
PLW,1990,6.69088099108769,10.157
PLW,1991,6.53975448007328,10.158
PLW,1992,6.47785178959819,10.119
PLW,1993,6.41594909912311,10.108
PLW,1994,6.35404640864802,10.039
PLW,1995,6.1136960770941,9.944
PLW,1996,6.23024102769784,9.842
PLW,1997,6.16833833722276,9.787
PLW,1998,6.10643564674767,9.77
PLW,1999,6.04453295627258,9.8
PLW,2000,6.07185408633686,9.922
PLW,2001,6.83858055058582,9.961
PLW,2002,8.42959885821439,9.943
PLW,2003,6.87490254873341,9.884
PLW,2004,6.93320661284642,9.857
PLW,2005,5.93956437803909,9.915
PLW,2006,6.308509465759,9.798
PLW,2007,6.24104016653415,9.629
PLW,2008,6.45554960275745,9.485
PLW,2009,7.64730311713273,9.349
PLW,2010,4.75433673604286,9.261
PLW,2011,5.92879378969501,9.195
PLW,2012,6.50941856222876,9.143
PLW,2013,5.78419340459112,9.053
PLW,2014,6.96055456731745,9.241
PLW,2015,7.87637333715843,9.503
PLW,2016,5.57833461668942,9.774
PLW,2017,5.05589428871607,10.047
PLW,2018,5.53583243149639,10.341
PLW,2019,5.50881259741769,10.631
PLW,2020,4.4376300199508,11.13
PLW,2021,5.02301222684776,11.538
PLW,2022,5.26057416498998,11.502
PLW,2023,4.94109970714801,11.495
PNG,1990,16.0218759164467,8.459
PNG,1991,15.6892191388787,8.37
PNG,1992,15.6264809362835,8.229
PNG,1993,15.5637427336882,8.16
PNG,1994,15.5010045310929,8.061
PNG,1995,14.8984291785521,7.984
PNG,1996,15.3755281259024,7.945
PNG,1997,15.3127899233071,7.882
PNG,1998,15.2500517207119,8.296
PNG,1999,15.1873135181166,7.818
PNG,2000,15.394493890494,7.785
PNG,2001,14.1822308717311,7.779
PNG,2002,13.4675024435674,7.803
PNG,2003,14.0011088101588,7.775
PNG,2004,13.570203254622,7.76
PNG,2005,13.4634685113363,7.738
PNG,2006,14.7140954538581,7.681
PNG,2007,15.8322246788359,7.607
PNG,2008,15.8919050092444,7.489
PNG,2009,15.3878155036438,7.389
PNG,2010,16.4985682237311,7.285
PNG,2011,14.3977586604487,7.167
PNG,2012,13.4566937852432,7.076
PNG,2013,15.4256463794317,6.977
PNG,2014,14.8930727899941,6.89
PNG,2015,14.743611914979,6.804
PNG,2016,13.4848911862133,6.744
PNG,2017,14.6312524458782,6.692
PNG,2018,14.185410897229,6.661
PNG,2019,13.9721134528645,6.624
PNG,2020,13.2697819572662,6.824
PNG,2021,14.6480533757505,7.229
PNG,2022,16.0909144747822,6.846
PNG,2023,14.1117516188413,6.516
POL,1990,32.3352392710338,10.2
POL,1991,31.9808825339599,10.6
POL,1992,31.3358322377799,10.3
POL,1993,30.6907819415999,10.2
POL,1994,30.0457316454198,10.0
POL,1995,29.9820684674497,10.0
POL,1996,28.7556310530598,10.0
POL,1997,28.1105807568798,9.8
POL,1998,27.4655304606998,9.7
POL,1999,26.8204801645198,9.9
POL,2000,25.8847363092344,9.6
POL,2001,25.7588704250148,9.5
POL,2002,29.930870694435,9.4
POL,2003,30.5786482443409,9.6
POL,2004,26.57102718836,9.5
POL,2005,27.7870141840158,9.6
POL,2006,26.0761473898688,9.7
POL,2007,24.3417870384548,9.9
POL,2008,23.0297386804377,10.0
POL,2009,24.3966415879959,10.1
POL,2010,28.045431234329,9.9
POL,2011,25.8393780636571,9.9
POL,2012,23.6753724603608,10.1
POL,2013,22.8771991708595,10.2
POL,2014,23.6086177841208,9.9
POL,2015,21.6047533383556,10.4
POL,2016,20.9364845038375,10.2
POL,2017,21.5252071625491,10.6
POL,2018,22.0327726817794,10.9
POL,2019,18.1315337173154,10.8
POL,2020,16.4409892974788,12.7
POL,2021,18.6068862351858,14.0
POL,2022,15.8902118298564,12.2
POL,2023,16.522574789688,11.1
PRE,1990,38.8308240275755,16.9021153306422
PRE,1991,38.081746203832,17.0539848214
PRE,1992,38.3333662366917,16.9056444824436
PRE,1993,38.5676219083892,16.3352388304371
PRE,1994,38.7593327163325,15.7988279879019
PRE,1995,37.0134567723863,15.7453293023524
PRE,1996,39.1679020308769,15.6821730266427
PRE,1997,39.378481619801,15.4275184041783
PRE,1998,39.5779328049307,15.5178804522647
PRE,1999,39.7864214636929,14.8332471765615
PRE,2000,40.9575382620773,14.364243152992
PRE,2001,38.0923491302812,13.9965957334507
PRE,2002,38.9913532144111,13.6315811977979
PRE,2003,35.5249226384982,13.2391048930027
PRE,2004,40.0364127773474,12.887105567446
PRE,2005,37.8527301254319,12.5157030971924
PRE,2006,39.2801651572602,12.1465487057156
PRE,2007,40.7947069080777,11.7861235789155
PRE,2008,41.0980416692823,11.4258970544133
PRE,2009,38.3429024235618,11.4514385499775
PRE,2010,38.9649923921203,10.8607978284986
PRE,2011,39.6774356801237,10.8383057589908
PRE,2012,39.1919310296807,10.3281824428071
PRE,2013,36.7275792011602,10.0639235647216
PRE,2014,35.5253696125144,9.99524464064676
PRE,2015,43.5624101426407,9.80774104672862
PRE,2016,40.9348083245793,9.62533358990592
PRE,2017,39.412928734682,9.46194548671297
PRE,2018,37.2876948289766,9.05278484330479
PRE,2019,36.4833754904005,8.90351391067352
PRE,2020,38.318051217793,8.83618208207599
PRE,2021,38.3597237673436,8.88027991115802
PRE,2022,41.3397238524029,8.55546448415199
PRE,2023,38.6615620702738,8.06776807290414
PRI,1990,7.62207750484843,7.3
PRI,1991,7.45704504464483,7.4
PRI,1992,7.49522153017464,7.6
PRI,1993,7.53339801570444,7.8
PRI,1994,7.57157450123425,7.7
PRI,1995,7.20333309529743,8.1
PRI,1996,7.64792747229386,8.0
PRI,1997,7.68610395782367,7.7
PRI,1998,7.72428044335347,7.8
PRI,1999,7.76245692888328,7.7
PRI,2000,8.0038423601464,7.48
PRI,2001,7.81658146813671,7.5
PRI,2002,7.67376705153002,7.28
PRI,2003,7.16649364039506,7.31
PRI,2004,6.42254996765708,7.46
PRI,2005,6.92917357262739,7.6
PRI,2006,7.34932316934938,7.29
PRI,2007,7.12960146910749,7.44
PRI,2008,6.88593761671307,7.61
PRI,2009,6.88328633054352,7.78
PRI,2010,7.75938418836419,7.833
PRI,2011,6.1758910486802,8.0
PRI,2012,7.28078154607435,8.1
PRI,2013,6.53665865438094,8.1
PRI,2014,6.57500830115424,8.5
PRI,2015,6.68996473732767,8.084
PRI,2016,7.04293789205473,8.86
PRI,2017,8.18928850764043,9.222
PRI,2018,8.2042430017841,9.063
PRI,2019,7.81865371111426,9.194
PRI,2020,8.15921183568029,10.131
PRI,2021,8.38041523934302,10.2
PRI,2022,6.33587921198145,11.0
PRI,2023,7.83963023115694,10.7
PRK,1990,25.77228330639,5.65
PRK,1991,25.3977947377682,5.652
PRK,1992,25.3988526873327,5.629
PRK,1993,25.3999106368972,5.823
PRK,1994,25.4009685864617,6.081
PRK,1995,24.6509334996536,10.049
PRK,1996,25.4030844855907,10.144
PRK,1997,25.4041424351552,10.25
PRK,1998,25.4052003847197,10.387
PRK,1999,25.4062583342842,10.532
PRK,2000,25.782862802035,10.693
PRK,2001,26.6829371839012,10.876
PRK,2002,25.7152592762494,11.059
PRK,2003,26.3153935292367,7.897
PRK,2004,25.9720282965707,8.174
PRK,2005,25.5998218868133,8.461
PRK,2006,27.645558698473,8.754
PRK,2007,28.493218907697,8.966
PRK,2008,27.6956671936638,8.996
PRK,2009,28.1182701894802,8.92
PRK,2010,22.0755510222278,8.794
PRK,2011,25.3714637117371,8.699
PRK,2012,25.1604028121368,8.605
PRK,2013,24.5656885456385,8.52
PRK,2014,31.4243592964002,8.418
PRK,2015,30.2908673375328,8.443
PRK,2016,26.6256531175516,8.592
PRK,2017,25.0740426656513,8.819
PRK,2018,21.2255396176557,9.063
PRK,2019,21.8392501100147,9.326
PRK,2020,22.4221283947159,9.721
PRK,2021,22.0593942623409,9.466
PRK,2022,20.8382520100041,9.484
PRK,2023,21.7761196310643,9.684
PRT,1990,13.2490250777505,10.3
PRT,1991,13.2660884805136,10.4
PRT,1992,13.3275151120194,10.1
PRT,1993,13.3889417435253,10.6
PRT,1994,13.4503683750311,9.9
PRT,1995,13.4230685490515,10.3
PRT,1996,13.5732216380428,10.6
PRT,1997,13.6346482695487,10.4
PRT,1998,13.6960749010545,10.5
PRT,1999,13.7575015325604,10.6
PRT,2000,13.863291392809,10.2
PRT,2001,13.3056594359964,10.1
PRT,2002,13.2774509635965,10.2
PRT,2003,14.1420647721118,10.4
PRT,2004,12.5586112881224,9.7
PRT,2005,12.9020244773912,10.2
PRT,2006,12.6035383651427,9.7
PRT,2007,11.4841027569335,9.8
PRT,2008,10.3530331186366,9.9
PRT,2009,9.55618194757649,9.9
PRT,2010,9.53671497304151,10.0
PRT,2011,10.2621187703881,9.7
PRT,2012,8.72868716918715,10.2
PRT,2013,9.10564124430573,10.2
PRT,2014,8.15121248648451,10.1
PRT,2015,10.0582058200824,10.5
PRT,2016,8.91077232807693,10.7
PRT,2017,9.84270133550553,10.6
PRT,2018,9.68646955246185,10.9
PRT,2019,8.28261825252783,10.8
PRT,2020,8.74778129241256,11.9
PRT,2021,8.90743352046322,12.0
PRT,2022,9.24389572463552,11.9
PRT,2023,8.76550462748695,11.2
PRY,1990,26.8273706687303,6.472
PRY,1991,26.4873500827926,6.288
PRY,1992,26.2945187657257,6.136
PRY,1993,26.1016874486589,5.994
PRY,1994,25.908856131592,5.867
PRY,1995,25.4216462767827,5.749
PRY,1996,25.5231934974583,5.64
PRY,1997,25.3303621803915,5.556
PRY,1998,25.1375308633246,5.482
PRY,1999,24.9446995462578,5.398
PRY,2000,24.899057498062,5.324
PRY,2001,24.2593252910089,5.264
PRY,2002,23.7611786482954,5.217
PRY,2003,26.5363474908823,5.182
PRY,2004,24.5329911909995,5.178
PRY,2005,23.5227153674499,5.175
PRY,2006,20.8892673046297,5.171
PRY,2007,17.9023579743888,5.186
PRY,2008,17.4839434218426,5.207
PRY,2009,14.8562116250567,5.222
PRY,2010,16.6098846295014,5.211
PRY,2011,14.3574917202928,5.209
PRY,2012,14.1010144483119,5.176
PRY,2013,12.2220620384449,5.193
PRY,2014,14.1013413972108,5.24
PRY,2015,15.0240132610652,5.319
PRY,2016,14.0940444745212,5.396
PRY,2017,14.305664925717,5.501
PRY,2018,13.0344251532456,5.514
PRY,2019,16.398596736735,5.584
PRY,2020,19.6466878417044,6.095
PRY,2021,15.7732462771943,8.92
PRY,2022,14.3967643392135,6.359
PRY,2023,15.327993717276,5.703
PSE,1990,21.2937992114336,6.72
PSE,1991,22.2088956794847,6.46
PSE,1992,22.3455503080555,6.2
PSE,1993,22.4822049366264,5.94
PSE,1994,22.6188595651972,5.68
PSE,1995,24.3123978727288,5.42
PSE,1996,22.8921688223389,5.16
PSE,1997,23.0288234509098,4.9
PSE,1998,23.1654780794806,4.8
PSE,1999,23.3021327080515,4.6
PSE,2000,22.6603454971421,4.5
PSE,2001,23.8535290115717,4.4
PSE,2002,24.5123651038486,4.3
PSE,2003,27.0131703896589,4.2
PSE,2004,26.5232739325778,4.1
PSE,2005,23.933915417606,4.0
PSE,2006,21.8022871372412,3.9
PSE,2007,20.8398138352434,3.675
PSE,2008,21.25289479107,3.71
PSE,2009,21.7455865920799,3.734
PSE,2010,25.1067916652231,3.463
PSE,2011,20.404558390247,3.431
PSE,2012,21.4888974450703,3.425
PSE,2013,21.8222177965812,3.341
PSE,2014,20.446971211226,3.855
PSE,2015,23.4035305473915,3.318
PSE,2016,20.1522784097196,3.262
PSE,2017,20.6298312978174,3.218
PSE,2018,22.5359687994621,3.217
PSE,2019,23.0413977446489,3.134
PSE,2020,22.1426293555486,3.391
PSE,2021,21.8706255570971,3.768
PSE,2022,23.734512216626,2.992
PSE,2023,22.394098975674,7.198
PSS,1990,6.41309452253345,6.7273432651482
PSS,1991,6.29439834278638,6.59575820787985
PSS,1992,6.36701649401482,6.55600799936522
PSS,1993,6.43877885799481,6.5220812811497
PSS,1994,6.51029691677379,6.46474152545757
PSS,1995,6.20498965610323,6.43450427809286
PSS,1996,6.65278308043144,6.38865817751988
PSS,1997,6.72169882083338,6.35380481387384
PSS,1998,6.78952649352443,6.31922254578285
PSS,1999,6.85677794374856,6.31844659678924
PSS,2000,7.10911383710733,6.44468657927389
PSS,2001,7.59585442964573,6.46164253295036
PSS,2002,7.15352903202235,6.68567794172884
PSS,2003,7.31982596712643,6.6613764708157
PSS,2004,6.83760961908279,6.6720706020261
PSS,2005,7.062138080086,6.6975128424551
PSS,2006,7.06431807910751,6.72370181495854
PSS,2007,7.06759180374837,6.80337419564247
PSS,2008,7.11231324670287,6.79810084931801
PSS,2009,6.91960400915056,6.92029256259569
PSS,2010,6.9285826442523,6.77017531500625
PSS,2011,6.5720087740325,6.77281050618747
PSS,2012,6.66364410723452,7.09137422000031
PSS,2013,7.21771804260141,6.94161187126274
PSS,2014,6.69364629826383,7.00220905523584
PSS,2015,7.07557725646046,7.05890769868548
PSS,2016,6.67808042279073,7.03979426941868
PSS,2017,7.74270374667467,6.9952321749929
PSS,2018,7.28528901098485,7.07857601881032
PSS,2019,7.20137521033376,7.16709275200728
PSS,2020,6.49234574607619,7.37179155483945
PSS,2021,6.12187036141872,8.07591020886363
PSS,2022,7.43910202885681,7.02894372505929
PSS,2023,6.97617075356457,6.97221180013268
PST,1990,19.4395709760901,9.09683235811385
PST,1991,19.3541216811414,9.11129255939425
PST,1992,19.1544923955118,9.12134127407041
PST,1993,18.9533601805042,9.32039108675854
PST,1994,18.7503908608682,9.2329304078537
PST,1995,18.7732076694529,9.30932862436367
PST,1996,18.3489311718782,9.24903580983223
PST,1997,18.1505060889384,9.17673981345298
PST,1998,17.9524938521702,9.16216900283779
PST,1999,17.7551574388443,9.20172854906694
PST,2000,17.44776453511,9.07363979635489
PST,2001,16.4808282393894,9.02470781933211
PST,2002,16.7883369871427,9.08340894152439
PST,2003,16.9466347483984,9.14890006602334
PST,2004,15.4459602330134,8.90912868617918
PST,2005,15.8519326518588,9.05598269026956
PST,2006,14.8649752926027,8.89682895245743
PST,2007,14.2834199624994,8.92659941553437
PST,2008,13.9048291195288,9.00217891957491
PST,2009,13.6786600976234,8.89139100245725
PST,2010,13.3798945063253,8.93577581433726
PST,2011,13.5608888100597,8.97192880033457
PST,2012,12.5969125901477,9.08550361985412
PST,2013,12.5764019780074,9.10391122891636
PST,2014,12.3268640023314,9.03512516218987
PST,2015,12.0369670623428,9.31768976259542
PST,2016,11.2224929847036,9.25557910867464
PST,2017,11.3154260899851,9.43042220705426
PST,2018,11.3190173487831,9.5103851467651
PST,2019,10.6119483403975,9.48876759909846
PST,2020,10.2451700419549,10.5051588191047
PST,2021,10.7063229887693,10.7828424466818
PST,2022,10.6497488418602,10.6052914001649
PST,2023,9.82967855753483,10.1028004584169
QAT,1990,109.799288029242,2.197
QAT,1991,107.804870935664,2.137
QAT,1992,107.764685102372,2.094
QAT,1993,107.72449926908,2.06
QAT,1994,107.684313435789,2.032
QAT,1995,103.735665081925,2.007
QAT,1996,107.603941769205,1.982
QAT,1997,107.563755935913,1.931
QAT,1998,107.523570102621,1.901
QAT,1999,107.483384269329,1.877
QAT,2000,109.397429696323,1.854
QAT,2001,104.611838805936,1.831
QAT,2002,94.0591125842585,1.798
QAT,2003,124.657449236908,1.758
QAT,2004,117.675164345887,1.722
QAT,2005,120.054909720744,1.634
QAT,2006,97.0259188382572,1.461
QAT,2007,90.6061253383008,1.391
QAT,2008,96.8904387283982,1.371
QAT,2009,105.250019101085,1.287
QAT,2010,98.6377411775607,1.188
QAT,2011,98.0607408213711,1.148
QAT,2012,107.019658452499,1.132
QAT,2013,97.360364620788,1.104
QAT,2014,90.7022898024857,1.047
QAT,2015,109.454607666153,0.97
QAT,2016,106.116597718857,0.92
QAT,2017,107.664866223184,0.901
QAT,2018,107.786961140147,0.877
QAT,2019,99.8585340961987,0.841
QAT,2020,99.1991402350416,1.053
QAT,2021,107.889879004395,1.053
QAT,2022,111.914953972534,0.932
QAT,2023,107.758571527846,0.93
ROU,1990,27.5431752550113,10.6
ROU,1991,27.1299056623325,10.9
ROU,1992,26.752894228944,11.6
ROU,1993,26.3758827955555,11.6
ROU,1994,25.9988713621669,11.7
ROU,1995,25.5493436101966,12.0
ROU,1996,25.2448484953899,12.7
ROU,1997,24.8678370620013,12.4
ROU,1998,24.4908256286128,12.0
ROU,1999,24.1138141952243,11.8
ROU,2000,23.7730609211264,11.4
ROU,2001,23.7737864801854,11.7
ROU,2002,26.9688438657033,12.4
ROU,2003,27.7344484869386,12.4
ROU,2004,24.4795794724733,12.1
ROU,2005,24.9079117568571,12.3
ROU,2006,22.6903871409255,12.2
ROU,2007,21.4778872529346,12.1
ROU,2008,20.4340407380872,12.3
ROU,2009,19.7731324598034,12.6
ROU,2010,18.8449911366729,12.8
ROU,2011,22.3185237720693,12.5
ROU,2012,21.3523283781058,12.7
ROU,2013,18.1631465697885,12.4
ROU,2014,18.2655082722918,12.8
ROU,2015,18.0989374056679,13.2
ROU,2016,18.1070416748429,13.1
ROU,2017,20.2743046720324,13.4
ROU,2018,18.7538854964325,13.6
ROU,2019,16.4166768529099,13.4
ROU,2020,16.0420354209434,15.5
ROU,2021,16.1003744255086,17.5
ROU,2022,16.410091955998,14.3
ROU,2023,16.007729806639,12.8
RUS,1990,27.9961303963925,11.2
RUS,1991,27.2238035854373,11.4
RUS,1992,26.6825233161297,12.2
RUS,1993,26.1412430468221,14.5
RUS,1994,25.5999627775145,15.7
RUS,1995,24.5965894249099,15.0
RUS,1996,24.5174022388993,14.2
RUS,1997,23.9761219695917,13.8
RUS,1998,23.4348417002841,13.5
RUS,1999,22.8935614309765,14.6
RUS,2000,22.5833277033171,15.3
RUS,2001,20.8711916130482,15.6
RUS,2002,22.0934384249641,16.2
RUS,2003,19.8751836902862,16.4
RUS,2004,18.0730281988839,15.9
RUS,2005,16.6185162939132,16.1
RUS,2006,15.7102838028261,15.1
RUS,2007,15.4236220438931,14.6
RUS,2008,15.226254531073,14.5
RUS,2009,15.7250781735027,14.1
RUS,2010,18.6409481689907,14.2
RUS,2011,13.5706689279912,13.5
RUS,2012,14.8318275179914,13.3
RUS,2013,14.1543638169196,13.0
RUS,2014,14.6545009824598,13.1
RUS,2015,13.0585263767984,13.0
RUS,2016,13.5758857302309,12.9
RUS,2017,13.7415064507149,12.4
RUS,2018,12.6740675593912,12.5
RUS,2019,12.5569592919877,12.3
RUS,2020,12.444538795419,14.6
RUS,2021,12.9278827390739,16.7
RUS,2022,11.7967766756222,12.9
RUS,2023,11.5661567768194,12.1
RWA,1990,37.0318737857772,15.886
RWA,1991,37.649205513338,16.688
RWA,1992,37.7513600554582,17.773
RWA,1993,37.8535145975783,18.497
RWA,1994,37.9556691396985,153.963
RWA,1995,39.0881780527,18.168
RWA,1996,38.1599782239389,16.283
RWA,1997,38.262132766059,17.985
RWA,1998,38.3642873081792,17.76
RWA,1999,38.4664418502994,16.303
RWA,2000,38.053419206979,15.173
RWA,2001,38.4901465240592,14.257
RWA,2002,36.0537831585831,13.328
RWA,2003,36.9038660273438,12.143
RWA,2004,38.9212050920577,11.058
RWA,2005,37.541687019449,10.253
RWA,2006,37.7844473320159,9.52
RWA,2007,38.7477159209106,8.907
RWA,2008,39.841371809139,8.336
RWA,2009,36.2651227999821,7.784
RWA,2010,39.9524676780076,7.347
RWA,2011,40.2979486427098,7.043
RWA,2012,40.2514244200244,6.759
RWA,2013,40.6080865126933,6.598
RWA,2014,36.5113738855701,6.478
RWA,2015,39.1273737775822,6.401
RWA,2016,38.9146420850134,6.336
RWA,2017,32.9065245496364,6.234
RWA,2018,32.1513532416355,6.206
RWA,2019,40.1780502490937,6.132
RWA,2020,38.4056047935603,6.089
RWA,2021,37.0965668074397,6.185
RWA,2022,36.1201417686153,5.993
RWA,2023,36.0064247681194,5.935
SAS,1990,52.2250936723233,10.8381412669163
SAS,1991,51.221127309868,10.7213676423188
SAS,1992,51.1783684053522,10.3096159860132
SAS,1993,51.1354105804178,10.067467877583
SAS,1994,51.0934657031713,9.82625714963798
SAS,1995,49.1241994251164,9.6073904936932
SAS,1996,51.0088918219174,9.38422895794551
SAS,1997,50.96697614996,9.16783261403728
SAS,1998,50.9260584274828,8.96036313057045
SAS,1999,50.885868085479,8.75432487105115
SAS,2000,51.8089884921943,8.55229720785149
SAS,2001,51.516120539473,8.38139281240631
SAS,2002,52.3083201069924,8.18056140686701
SAS,2003,53.3007579566963,7.99940419770712
SAS,2004,51.8140827217836,7.87388966207306
SAS,2005,52.3919401181365,7.67867478066212
SAS,2006,50.4045795061223,7.53029688715617
SAS,2007,50.5502919139814,7.40258372947514
SAS,2008,52.4305754519521,7.27756717349703
SAS,2009,53.9494810777535,7.17592159401116
SAS,2010,52.9832010907142,7.03176592598332
SAS,2011,56.0680111027159,6.9193795820485
SAS,2012,54.7365222676873,6.82170475134596
SAS,2013,53.2226676894888,6.74103295952171
SAS,2014,53.0570844488836,6.65802987623666
SAS,2015,52.4945667584583,6.62207288681925
SAS,2016,54.9626686124923,6.58621785424306
SAS,2017,55.5832530164786,6.55826548351985
SAS,2018,58.6517294601334,6.54951355817355
SAS,2019,54.5405932283571,6.54194290208949
SAS,2020,53.7926902425032,7.08524618053496
SAS,2021,56.9506143793745,8.9016996797664
SAS,2022,51.5653791636056,6.44240107249924
SAS,2023,55.1639515846895,6.47109012670958
SAU,1990,52.5606912509055,4.558
SAU,1991,52.056301854355,4.334
SAU,1992,53.0600917280531,4.131
SAU,1993,54.0638816017511,3.964
SAU,1994,55.0676714754491,3.821
SAU,1995,53.0551028086539,3.696
SAU,1996,57.0752512228452,3.586
SAU,1997,58.0790410965432,3.491
SAU,1998,59.0828309702413,3.407
SAU,1999,60.0866208439393,3.328
SAU,2000,62.5985899878844,3.234
SAU,2001,59.7508629327144,3.103
SAU,2002,59.1641405359292,2.992
SAU,2003,71.5848754228878,2.899
SAU,2004,68.2932433782135,2.827
SAU,2005,67.4821830709381,2.777
SAU,2006,67.7907570198288,2.741
SAU,2007,67.8152709042056,2.721
SAU,2008,69.9360488012175,2.701
SAU,2009,71.5273718285632,2.693
SAU,2010,71.119486401735,2.668
SAU,2011,73.8628444969087,2.642
SAU,2012,74.6927141331945,2.593
SAU,2013,73.0199085667751,2.506
SAU,2014,63.4135301727035,2.392
SAU,2015,76.8126533634759,2.266
SAU,2016,70.772740868008,2.178
SAU,2017,73.9893846909783,2.174
SAU,2018,72.6868758200635,2.228
SAU,2019,71.1180092701773,2.295
SAU,2020,68.3959671214439,2.46
SAU,2021,73.6731291479972,2.615
SAU,2022,77.7937502863318,2.57
SAU,2023,73.5179752363051,2.34
SDN,1990,37.2228718129542,11.999
SDN,1991,35.050608128953,11.964
SDN,1992,35.0778277498136,11.773
SDN,1993,35.1050473706741,11.671
SDN,1994,35.1322669915346,11.179
SDN,1995,30.7605200026723,10.931
SDN,1996,35.1867062332556,10.818
SDN,1997,35.2139258541161,10.549
SDN,1998,35.2411454749766,10.358
SDN,1999,35.2683650958371,10.182
SDN,2000,37.4950680215587,9.972
SDN,2001,37.5195732602702,9.781
SDN,2002,37.3094817719177,9.717
SDN,2003,37.7394277625478,10.161
SDN,2004,41.173288362648,10.861
SDN,2005,38.8927077014878,10.599
SDN,2006,39.1820410202823,9.063
SDN,2007,38.4494416638578,8.569
SDN,2008,39.2442252290004,8.597
SDN,2009,40.6427025921928,7.947
SDN,2010,40.6512347808134,7.819
SDN,2011,42.2186016282076,7.686
SDN,2012,39.5964460341574,7.528
SDN,2013,40.6807085051535,7.474
SDN,2014,35.0474316325894,7.21
SDN,2015,40.3146727322112,7.069
SDN,2016,41.0585744418074,6.948
SDN,2017,41.5787617030802,6.741
SDN,2018,38.282708646216,6.646
SDN,2019,37.8890005473862,6.549
SDN,2020,34.3098025601851,6.786
SDN,2021,38.7008440663385,6.996
SDN,2022,39.0125504379439,6.522
SDN,2023,37.6123871383607,6.404
SEN,1990,45.3947987510854,11.507
SEN,1991,45.6117063547894,11.271
SEN,1992,45.8009387659883,11.101
SEN,1993,45.9901711771871,11.046
SEN,1994,46.1794035883859,10.965
SEN,1995,46.4239863845958,11.021
SEN,1996,46.5578684107836,11.111
SEN,1997,46.7471008219824,11.108
SEN,1998,46.9363332331812,11.108
SEN,1999,47.1255656443801,10.996
SEN,2000,47.2871228630735,10.815
SEN,2001,37.386298225181,10.493
SEN,2002,43.674232327864,10.071
SEN,2003,41.5108228121549,9.867
SEN,2004,44.6114146951369,9.473
SEN,2005,39.9058959476708,9.155
SEN,2006,40.1865159374905,8.769
SEN,2007,41.8847715264691,8.389
SEN,2008,42.074190631529,8.158
SEN,2009,37.5470981358044,7.929
SEN,2010,40.6020418218403,7.739
SEN,2011,40.7000713653305,7.505
SEN,2012,47.6952217115786,7.316
SEN,2013,36.1326172852972,7.094
SEN,2014,38.8137391761983,6.861
SEN,2015,47.635468588898,6.615
SEN,2016,41.9387343120495,6.459
SEN,2017,45.1130669066908,6.283
SEN,2018,41.0132503890827,6.119
SEN,2019,39.8433750730602,5.979
SEN,2020,40.6552283701407,6.052
SEN,2021,42.371884937796,6.307
SEN,2022,39.328601950874,5.92
SEN,2023,41.6483649398667,5.581
SGP,1990,36.9365111827176,4.7
SGP,1991,32.7668616132472,4.6
SGP,1992,31.1861677314469,4.7
SGP,1993,29.6054738496465,4.6
SGP,1994,28.0247799678461,4.7
SGP,1995,21.2661747107009,4.8
SGP,1996,24.8633922042454,4.7
SGP,1997,23.282698322445,4.5
SGP,1998,21.7020044406446,4.6
SGP,1999,20.1213105588443,4.5
SGP,2000,21.1295723647151,4.5
SGP,2001,19.7372165094146,4.3
SGP,2002,19.1323459260381,4.4
SGP,2003,17.1859053816285,4.5
SGP,2004,17.1558355290961,4.4
SGP,2005,17.5260473567112,4.4
SGP,2006,20.9757158677444,4.4
SGP,2007,19.1912325458857,4.5
SGP,2008,17.0000578343706,4.4
SGP,2009,20.6259557341827,4.3
SGP,2010,13.6106469725336,4.4
SGP,2011,16.7516267296423,4.5
SGP,2012,18.7739150503469,4.5
SGP,2013,25.4887681376185,4.6
SGP,2014,20.2243081592991,4.7
SGP,2015,26.7934669461631,4.8
SGP,2016,15.15931491639,4.8
SGP,2017,14.3992673643153,5.0
SGP,2018,16.0290550221245,5.0
SGP,2019,18.8678146675534,5.0
SGP,2020,12.2426173596677,5.2
SGP,2021,13.8183890637078,5.8
SGP,2022,15.0924840424926,6.3
SGP,2023,15.1427300261359,6.2
SLB,1990,9.15973106105958,6.394
SLB,1991,9.06033625057697,6.299
SLB,1992,9.06848616556654,6.233
SLB,1993,9.07663608055611,6.196
SLB,1994,9.08478599554567,6.154
SLB,1995,8.87784645959095,6.138
SLB,1996,9.10108582552481,6.131
SLB,1997,9.10923574051438,6.125
SLB,1998,9.11738565550395,6.092
SLB,1999,9.12553557049352,6.073
SLB,2000,9.24123021095523,6.071
SLB,2001,10.0952786408614,6.034
SLB,2002,9.50451424224512,6.009
SLB,2003,9.68932619661834,5.987
SLB,2004,9.28148641398953,5.962
SLB,2005,9.45645517550285,5.94
SLB,2006,9.51957404304205,5.922
SLB,2007,9.13630844396325,6.028
SLB,2008,9.26641524691861,5.89
SLB,2009,9.76927452724973,5.922
SLB,2010,9.19891960403184,5.802
SLB,2011,8.1122249793311,5.663
SLB,2012,8.78265267165911,5.564
SLB,2013,10.692454580364,5.529
SLB,2014,10.3064800537523,5.56
SLB,2015,10.0498585288009,5.451
SLB,2016,9.84303587317893,5.431
SLB,2017,11.0995743066285,5.44
SLB,2018,10.3074168021894,5.47
SLB,2019,9.7284833636979,5.547
SLB,2020,9.10625881853873,5.82
SLB,2021,8.16366216339273,5.898
SLB,2022,9.82858130237828,5.194
SLB,2023,9.76639967800624,5.141
SLE,1990,23.8883916317446,21.468
SLE,1991,23.0355598802557,22.683
SLE,1992,22.9966523789971,22.206
SLE,1993,22.9577448777385,22.093
SLE,1994,22.9188373764799,22.458
SLE,1995,21.2520813747607,22.626
SLE,1996,22.8410223739628,21.682
SLE,1997,22.8021148727042,21.487
SLE,1998,22.7632073714456,22.112
SLE,1999,22.7242998701871,22.437
SLE,2000,23.4993166191587,20.008
SLE,2001,20.8343356237282,19.156
SLE,2002,21.8891543854993,18.85
SLE,2003,19.7608737678108,18.305
SLE,2004,26.7023883944884,17.695
SLE,2005,24.0200836399125,17.026
SLE,2006,22.6282697929527,16.182
SLE,2007,22.9830509462115,15.709
SLE,2008,24.5559668979487,15.167
SLE,2009,24.0948209558666,14.642
SLE,2010,21.7815763936265,14.152
SLE,2011,24.8500575155607,13.647
SLE,2012,21.8606036126187,13.212
SLE,2013,20.6635036154207,12.581
SLE,2014,20.3513212383783,12.332
SLE,2015,26.6521495038632,11.6
SLE,2016,24.6544965480112,10.769
SLE,2017,23.2385153027455,10.329
SLE,2018,24.0903839919268,9.676
SLE,2019,22.5037713493302,9.39
SLE,2020,22.6716833620106,9.319
SLE,2021,21.3670032854365,8.996
SLE,2022,22.3654861743939,8.523
SLE,2023,22.461260523478,8.287
SLV,1990,39.9155700485821,7.748
SLV,1991,39.7726253845634,7.491
SLV,1992,39.7594752183026,7.291
SLV,1993,39.7463250520419,6.885
SLV,1994,39.7331748857811,6.819
SLV,1995,39.4604357240044,6.792
SLV,1996,39.7068745532596,6.711
SLV,1997,39.6937243869989,6.562
SLV,1998,39.6805742207381,6.593
SLV,1999,39.6674240544774,6.523
SLV,2000,39.7840683859746,6.552
SLV,2001,35.0889221635209,6.672
SLV,2002,35.7339208244734,6.677
SLV,2003,36.2599019798782,6.832
SLV,2004,32.0998095725901,6.926
SLV,2005,33.7503003648435,7.239
SLV,2006,29.3762572082898,7.496
SLV,2007,27.811791527221,7.791
SLV,2008,29.2333664186625,7.588
SLV,2009,29.7754879941207,7.45
SLV,2010,31.1495485852809,7.216
SLV,2011,31.7764794212371,7.109
SLV,2012,28.8449690841345,7.042
SLV,2013,31.2482942113546,7.152
SLV,2014,28.6814966208416,7.237
SLV,2015,28.9006916656434,7.378
SLV,2016,28.3272714755679,7.449
SLV,2017,29.3256740475719,7.494
SLV,2018,29.9494969253266,7.437
SLV,2019,30.6138770514804,7.439
SLV,2020,31.1858574816377,8.565
SLV,2021,28.6065883877576,8.712
SLV,2022,29.793836814941,7.459
SLV,2023,29.5862475987305,7.519
SMR,1990,21.9511299095678,8.36
SMR,1991,21.7917022227106,8.4
SMR,1992,21.4863203028138,8.424
SMR,1993,21.1809383829171,8.424
SMR,1994,20.8755564630203,8.427
SMR,1995,20.8620830092017,8.393
SMR,1996,20.2647926232267,8.306
SMR,1997,19.9594107033299,8.19
SMR,1998,19.6540287834331,8.155
SMR,1999,19.3486468635363,8.088
SMR,2000,18.8973107106002,8.003
SMR,2001,17.5403521774993,7.925
SMR,2002,17.7582905194713,7.871
SMR,2003,19.0903807361562,7.812
SMR,2004,16.5547736169928,6.3
SMR,2005,17.21609781732,7.3
SMR,2006,20.1548523924789,7.5
SMR,2007,19.2967743916926,7.2
SMR,2008,16.8374102592436,6.0
SMR,2009,15.9822839918978,6.3
SMR,2010,16.1693283483826,6.5
SMR,2011,17.312206802426,6.8
SMR,2012,16.2786972581076,7.1
SMR,2013,14.842978105305,7.5
SMR,2014,12.992551049976,7.7
SMR,2015,16.5751065118508,7.1
SMR,2016,13.5133279908288,7.6
SMR,2017,13.9808125009278,8.2
SMR,2018,13.2537968390759,7.1
SMR,2019,12.4853144948181,7.2
SMR,2020,12.9926523461508,9.9
SMR,2021,11.7981796012366,9.1
SMR,2022,16.6961546451697,7.8
SMR,2023,12.7360737522911,8.3
SOM,1990,17.0510932411191,18.465
SOM,1991,15.0869594403479,44.114
SOM,1992,15.4929238665,42.637
SOM,1993,15.8988882926521,15.254
SOM,1994,16.3048527188042,15.966
SOM,1995,11.9706206911116,15.694
SOM,1996,17.1167815711085,15.943
SOM,1997,17.5227459972606,16.099
SOM,1998,17.9287104234127,15.758
SOM,1999,18.3346748495649,15.858
SOM,2000,21.1107375026393,15.749
SOM,2001,18.3830110501876,15.688
SOM,2002,19.025605442363,15.691
SOM,2003,17.4921588475627,15.691
SOM,2004,17.6560919082838,15.67
SOM,2005,16.7699928020904,15.501
SOM,2006,17.6086611823624,15.443
SOM,2007,18.4396446004024,15.32
SOM,2008,18.5270606616115,14.959
SOM,2009,18.7706076655325,14.501
SOM,2010,17.3620685652074,16.617
SOM,2011,19.8844946368491,32.124
SOM,2012,20.6023411387529,16.102
SOM,2013,19.6458780650605,12.893
SOM,2014,18.0024064981226,12.637
SOM,2015,17.2473026998493,12.292
SOM,2016,17.3579225381559,12.054
SOM,2017,19.3375433442262,14.073
SOM,2018,20.1381693104178,12.391
SOM,2019,18.2207563220574,10.908
SOM,2020,18.2958569527041,10.834
SOM,2021,16.8921929608927,11.3
SOM,2022,20.0547758425621,12.812
SOM,2023,18.5402586086237,9.835
SRB,1990,29.6744916663576,10.557
SRB,1991,29.286159615414,10.89
SRB,1992,28.9734200602613,11.331
SRB,1993,28.6606805051087,11.325
SRB,1994,28.3479409499561,11.212
SRB,1995,27.8840164032204,12.3
SRB,1996,27.7224618396509,12.9
SRB,1997,27.4097222844983,12.91
SRB,1998,27.0969827293456,13.13
SRB,1999,26.784243174193,13.5
SRB,2000,26.5470961148318,13.8
SRB,2001,26.7248536307523,13.2
SRB,2002,28.9155179942938,13.7
SRB,2003,31.2167889740449,13.9
SRB,2004,27.3518117791174,14.0
SRB,2005,28.1664143610539,14.3
SRB,2006,25.7513262793308,13.88
SRB,2007,24.6464968795941,13.92
SRB,2008,24.4520975228473,13.97
SRB,2009,25.2660961208654,14.2
SRB,2010,22.5011864541542,14.2
SRB,2011,28.1010565404824,14.2
SRB,2012,25.4492136747368,14.2
SRB,2013,24.2845504900658,14.0
SRB,2014,21.6558081952053,14.2
SRB,2015,23.353865334596,14.6
SRB,2016,22.997740231213,14.3
SRB,2017,22.7319854295402,14.8
SRB,2018,23.0376789441363,14.6
SRB,2019,20.3036764511414,14.6
SRB,2020,20.1427099429094,16.9
SRB,2021,19.0942900855095,20.0
SRB,2022,19.5487459666309,16.3
SRB,2023,19.3375514552379,14.7
SSA,1990,34.7629342887392,16.1808571410117
SSA,1991,34.0717326926695,16.2963301352855
SSA,1992,34.2583921344574,16.2777520757938
SSA,1993,34.4335110024505,15.9024933076589
SSA,1994,34.5925094897706,17.0646419603167
SSA,1995,33.0042958378059,15.4509310265063
SSA,1996,34.9620718454007,15.3916671011369
SSA,1997,35.151995103089,15.1933910313223
SSA,1998,35.3364817628165,15.2568121979357
SSA,1999,35.5276154879854,14.7594666002686
SSA,2000,36.6121902028124,14.3315814662711
SSA,2001,34.5827485089188,14.072213899098
SSA,2002,35.1366499759337,13.7835051446125
SSA,2003,31.7352992475812,13.4553716063651
SSA,2004,36.0444990102445,13.1058537071329
SSA,2005,33.8744428405389,12.7656060459841
SSA,2006,35.6595229292833,12.3605485461664
SSA,2007,37.2045724954851,11.9546482529052
SSA,2008,37.4820134593361,11.5846930579779
SSA,2009,34.9702627087102,11.5117640026519
SSA,2010,35.6891816562461,10.8976849877057
SSA,2011,36.2966173742962,10.7885358671874
SSA,2012,36.0026204377546,10.2770727113669
SSA,2013,33.7863884623886,10.0010286081378
SSA,2014,32.4062716525907,9.8858512079722
SSA,2015,39.8265141712618,9.66674235718881
SSA,2016,37.3535755278401,9.45909906845335
SSA,2017,36.3089040292868,9.28868815135786
SSA,2018,33.9886224795487,8.93029275587033
SSA,2019,33.7190189240329,8.7856159220928
SSA,2020,35.4153499464381,8.72924867911122
SSA,2021,35.1685224652076,8.9285163150024
SSA,2022,37.3949246162696,8.50428740655055
SSA,2023,35.4378888685593,8.0620182533217
SSD,1990,24.1178751766007,34.795
SSD,1991,22.8813701856996,34.248
SSD,1992,23.1873026021634,46.657
SSD,1993,23.4932350186272,46.058
SSD,1994,23.799167435091,20.088
SSD,1995,21.0202250368265,31.58
SSD,1996,24.4110322680187,30.849
SSD,1997,24.7169646844825,29.594
SSD,1998,25.0228971009463,53.367
SSD,1999,25.3288295174101,19.361
SSD,2000,27.177199341238,17.315
SSD,2001,25.1031590055503,16.566
SSD,2002,24.7292513427046,15.89
SSD,2003,25.0393064372515,14.057
SSD,2004,25.3564661158324,13.455
SSD,2005,26.2169821230822,12.776
SSD,2006,23.9356097082857,12.254
SSD,2007,24.3410322796912,11.725
SSD,2008,24.7078217072242,11.2
SSD,2009,23.8739653412476,10.857
SSD,2010,25.1222783359628,10.388
SSD,2011,28.5341579432629,10.322
SSD,2012,25.9393600048697,10.044
SSD,2013,27.8084125247802,9.997
SSD,2014,23.733978958488,17.932
SSD,2015,24.9650166354646,22.034
SSD,2016,24.559091928348,24.844
SSD,2017,25.3310370782276,25.765
SSD,2018,21.701051624981,12.423
SSD,2019,24.2274572216095,9.302
SSD,2020,23.0611499004342,9.594
SSD,2021,24.9020366181579,10.038
SSD,2022,24.2880356743608,9.906
SSD,2023,23.674692498997,9.609
SSF,1990,34.7595097228411,16.1797257685974
SSF,1991,34.068481272528,16.2951990230429
SSF,1992,34.2552108651126,16.2766098082323
SSF,1993,34.4303501642229,15.9015215222813
SSF,1994,34.5893501185051,17.063432065164
SSF,1995,33.0014204823473,15.4498634065296
SSF,1996,34.9589840382719,15.3906696621446
SSF,1997,35.1489496806513,15.1924815832111
SSF,1998,35.3334561239382,15.2558280724342
SSF,1999,35.5246086507388,14.7585254065302
SSF,2000,36.6091156298691,14.3306838858544
SSF,2001,34.5799274175554,14.0713693548305
SSF,2002,35.1337625449958,13.7827960449143
SSF,2003,31.7329699158284,13.4547708309791
SSF,2004,36.0417657332287,13.1052113160727
SSF,2005,33.8719417917711,12.7651099395945
SSF,2006,35.6568536161483,12.3600667670183
SSF,2007,37.2017676214629,11.9541777345594
SSF,2008,37.4792103424932,11.5842836003302
SSF,2009,34.967806277895,11.5113915233433
SSF,2010,35.6865491596424,10.8973338736759
SSF,2011,36.2940594083512,10.7882610623753
SSF,2012,36.0001621914335,10.2768037353091
SSF,2013,33.7841936785453,10.0008431935552
SSF,2014,32.4041122530288,9.88566931443976
SSF,2015,39.8236316604226,9.66654481359519
SSF,2016,37.3511365673106,9.45895877621921
SSF,2017,36.3065919070968,9.28855606548131
SSF,2018,33.9865397316636,8.93024649518435
SSF,2019,33.7169988107127,8.78555712993412
SSF,2020,35.4130875427714,8.72908606273467
SSF,2021,35.1663382383195,8.92854709178186
SSF,2022,37.3922175081513,8.50421866414022
SSF,2023,35.4353980957566,8.06194574893221
SST,1990,17.8999331801195,8.93538371613024
SST,1991,17.8820886544538,8.92232030289692
SST,1992,17.8482588456678,8.95018485813219
SST,1993,17.8077646456789,8.93056831374209
SST,1994,17.8165222285409,8.99845111062777
SST,1995,17.6609950970095,8.91820011881266
SST,1996,17.843913215684,8.76996380468129
SST,1997,17.8829217069241,8.76472926811539
SST,1998,17.9270498987758,8.84220158120879
SST,1999,17.9920490664928,9.01573441037663
SST,2000,18.1444048569265,8.43846180373771
SST,2001,17.4601994329982,8.40932134292821
SST,2002,17.6729398633666,8.45839528798502
SST,2003,17.2685847132351,8.4887207748198
SST,2004,16.7153695102328,8.45845029385497
SST,2005,17.1760635795162,8.4174966978637
SST,2006,16.1653300155451,8.38077932111043
SST,2007,15.7319960040712,8.26091318789614
SST,2008,15.9118919734819,8.17101644917141
SST,2009,15.8354242053131,8.09558187415289
SST,2010,15.9672680683685,7.94413462156903
SST,2011,16.2631035169894,7.88417866011352
SST,2012,16.6537690963985,7.88127659847451
SST,2013,15.1194044969703,7.79654038393121
SST,2014,14.5030765037411,7.76799898103464
SST,2015,15.5789543765698,7.74932394371608
SST,2016,14.7205833479984,7.74049381338859
SST,2017,15.34491960415,7.72398547672138
SST,2018,14.840894193086,7.73998882233494
SST,2019,14.8785002839579,7.75166507704563
SST,2020,14.4489231592914,7.9818977988417
SST,2021,14.5510496888894,8.9604819828154
SST,2022,14.8877701454879,7.94528147997891
SST,2023,14.3420624123416,7.62384548008009
STP,1990,15.9663049683279,10.509
STP,1991,15.3187421771844,10.41
STP,1992,15.3251300607687,10.398
STP,1993,15.3315179443529,10.367
STP,1994,15.3379058279372,10.322
STP,1995,14.0363923620661,10.276
STP,1996,15.3506815951057,10.186
STP,1997,15.3570694786899,10.083
STP,1998,15.3634573622742,9.954
STP,1999,15.3698452458584,9.81
STP,2000,16.0301838041703,9.653
STP,2001,14.9980476986343,9.421
STP,2002,15.9952293667633,9.219
STP,2003,14.8039175154418,8.983
STP,2004,15.6285685191054,8.704
STP,2005,16.5017607784507,8.68
STP,2006,14.1739298864797,8.322
STP,2007,13.6278688138681,8.119
STP,2008,14.1060055006755,7.99
STP,2009,12.8822190169144,7.816
STP,2010,13.9058016462842,7.67
STP,2011,15.3212336355054,7.516
STP,2012,16.6721703300999,7.324
STP,2013,16.2936406866651,7.148
STP,2014,12.3095048044896,6.925
STP,2015,18.7235197689483,6.719
STP,2016,16.7452732227187,6.53
STP,2017,13.5589080411295,6.371
STP,2018,12.8848816677863,6.219
STP,2019,13.8008833750052,6.117
STP,2020,15.8580599660339,6.227
STP,2021,14.8156728919369,6.196
STP,2022,14.9991986078849,5.732
STP,2023,15.1195335259737,5.572
SUR,1990,25.6538569947931,8.199
SUR,1991,25.686134324658,8.081
SUR,1992,25.8922066113734,7.961
SUR,1993,26.0982788980888,7.859
SUR,1994,26.3043511848042,7.709
SUR,1995,26.1628335578192,7.54
SUR,1996,26.716495758235,7.589
SUR,1997,26.9225680449504,7.67
SUR,1998,27.1286403316657,7.779
SUR,1999,27.3347126183811,7.913
SUR,2000,27.7145798619468,8.055
SUR,2001,23.8797262934932,8.198
SUR,2002,22.8899693139678,8.312
SUR,2003,23.6515119797483,8.418
SUR,2004,20.5879261489937,8.534
SUR,2005,23.1099209888035,8.151
SUR,2006,19.2971250949736,7.811
SUR,2007,17.6958647164988,7.506
SUR,2008,17.6279675516891,7.281
SUR,2009,16.9643231096072,7.146
SUR,2010,16.6683308559441,7.1
SUR,2011,16.3515994214662,7.118
SUR,2012,17.5598973512618,7.17
SUR,2013,15.6158314749118,7.206
SUR,2014,15.3725941750371,7.199
SUR,2015,17.56389494989,7.186
SUR,2016,16.0942350177461,7.069
SUR,2017,16.0291956699412,7.041
SUR,2018,15.2067277601013,7.061
SUR,2019,15.7987241258274,7.034
SUR,2020,15.5730446835819,6.848
SUR,2021,16.9623559951022,9.013
SUR,2022,16.0523575757927,6.687
SUR,2023,15.670163102049,6.649
SVK,1990,27.2708042779844,10.3
SVK,1991,27.1044130334859,10.3
SVK,1992,26.5611753487332,10.1
SVK,1993,26.0179376639806,9.9
SVK,1994,25.474699979228,9.6
SVK,1995,25.6851551749815,9.8
SVK,1996,24.3882246097227,9.5
SVK,1997,23.8449869249701,9.7
SVK,1998,23.3017492402174,9.9
SVK,1999,22.7585115554648,9.7
SVK,2000,21.8384274304588,9.8
SVK,2001,22.133266539498,9.7
SVK,2002,25.1150899570058,9.6
SVK,2003,26.1165488860349,9.7
SVK,2004,22.679897431824,9.7
SVK,2005,23.8419654340286,10.0
SVK,2006,22.6862196454561,9.9
SVK,2007,21.4333525860642,10.0
SVK,2008,20.0418943478494,9.9
SVK,2009,21.2813689506135,9.8
SVK,2010,21.963186071377,9.9
SVK,2011,23.5806701027331,9.6
SVK,2012,20.5939546627895,9.7
SVK,2013,20.2034682692031,9.6
SVK,2014,18.9011040809801,9.5
SVK,2015,18.8396221848105,9.9
SVK,2016,17.5336882095409,9.6
SVK,2017,18.3393922716846,9.9
SVK,2018,18.2008458973454,10.0
SVK,2019,15.0301935780905,9.8
SVK,2020,13.9206622254945,10.8
SVK,2021,15.2070816251722,13.5
SVK,2022,13.7526914267728,11.0
SVK,2023,13.7166673872216,10.0
SVN,1990,26.8482720708503,9.3
SVN,1991,26.6039766339708,9.7
SVN,1992,26.0680678184891,9.7
SVN,1993,25.5321590030075,10.0
SVN,1994,24.9962501875258,9.7
SVN,1995,25.0435681292465,9.5
SVN,1996,23.9244325565625,9.4
SVN,1997,23.3885237410808,9.5
SVN,1998,22.8526149255991,9.6
SVN,1999,22.3167061101174,9.5
SVN,2000,21.4891839160343,9.3
SVN,2001,20.5446275229193,9.3
SVN,2002,23.190173239082,9.4
SVN,2003,24.3887677497259,9.7
SVN,2004,21.4205510407973,9.3
SVN,2005,22.6539558541347,9.4
SVN,2006,20.5654942100885,9.1
SVN,2007,19.4367465983803,9.2
SVN,2008,18.2266410326208,9.1
SVN,2009,18.361431194671,9.2
SVN,2010,18.7152322952074,9.1
SVN,2011,21.1444823610094,9.1
SVN,2012,17.7257087821966,9.4
SVN,2013,16.5883335022477,9.4
SVN,2014,14.8678983898954,9.2
SVN,2015,17.2358779953467,9.6
SVN,2016,15.9163654900552,9.5
SVN,2017,16.1445814017531,9.9
SVN,2018,16.1763751313729,9.9
SVN,2019,13.2114748069236,9.9
SVN,2020,13.2080480794718,11.4
SVN,2021,12.7146140710229,11.0
SVN,2022,13.6531875986125,10.6
SVN,2023,12.5550625384956,10.2
SWE,1990,12.0119356192804,11.1
SWE,1991,11.8907034878296,11.0
SWE,1992,11.7770825858328,10.9
SWE,1993,11.6634616838359,11.1
SWE,1994,11.5498407818391,10.5
SWE,1995,11.4209974209339,10.6
SWE,1996,11.3225989778455,10.6
SWE,1997,11.2089780758486,10.6
SWE,1998,11.0953571738518,10.5
SWE,1999,10.981736271855,10.7
SWE,2000,10.8757265993123,10.5
SWE,2001,9.13327915778459,10.5
SWE,2002,9.58072096498382,10.6
SWE,2003,10.6157557408448,10.4
SWE,2004,9.04631929189997,10.1
SWE,2005,9.48965055755712,10.2
SWE,2006,8.69753368536954,10.0
SWE,2007,8.16612495187063,10.0
SWE,2008,7.62351348002006,9.9
SWE,2009,7.45920999409923,9.7
SWE,2010,7.53651148130858,9.6
SWE,2011,8.22573808359796,9.5
SWE,2012,6.62533792798124,9.7
SWE,2013,6.28475218239032,9.4
SWE,2014,7.77583632803298,9.2
SWE,2015,6.10764769999508,9.3
SWE,2016,5.9758856179206,9.2
SWE,2017,5.60053642140356,9.1
SWE,2018,6.6338928167307,9.1
SWE,2019,5.99033026849403,8.6
SWE,2020,5.36986329823469,9.5
SWE,2021,5.82496147194208,8.8
SWE,2022,5.68785506406734,9.0
SWE,2023,5.25938129137927,9.0
SWZ,1990,19.6960955608935,7.936
SWZ,1991,19.8748107225273,8.136
SWZ,1992,19.8817172654425,8.525
SWZ,1993,19.8886238083576,9.031
SWZ,1994,19.8955303512728,9.836
SWZ,1995,20.2460541316251,10.248
SWZ,1996,19.9093434371032,11.049
SWZ,1997,19.9162499800184,11.833
SWZ,1998,19.9231565229335,12.775
SWZ,1999,19.9300630658487,13.648
SWZ,2000,19.7651609900454,14.509
SWZ,2001,17.2862997940998,15.482
SWZ,2002,16.6647839844526,16.272
SWZ,2003,15.7207670220637,16.962
SWZ,2004,16.4801012597912,17.667
SWZ,2005,17.7076782209482,17.757
SWZ,2006,18.0368751645293,17.355
SWZ,2007,18.2718038948164,16.948
SWZ,2008,18.4763947868138,16.548
SWZ,2009,17.7367209066058,15.913
SWZ,2010,20.9253195692294,14.988
SWZ,2011,17.4873358750468,14.617
SWZ,2012,18.5053242603285,13.661
SWZ,2013,17.4661662346837,12.917
SWZ,2014,15.9087117241071,12.205
SWZ,2015,16.8745830387072,11.487
SWZ,2016,15.327424452852,10.891
SWZ,2017,16.4706183501307,10.281
SWZ,2018,16.2451695573096,9.822
SWZ,2019,18.240858269705,9.372
SWZ,2020,16.7356915533242,9.545
SWZ,2021,17.8762333514337,10.607
SWZ,2022,18.4190593206,8.1
SWZ,2023,16.7458644287773,7.7
SYC,1990,9.09211733515605,7.7
SYC,1991,9.36129292111459,7.7
SYC,1992,9.53343146655293,7.4
SYC,1993,9.70557001199126,8.3
SYC,1994,9.87770855742959,7.6
SYC,1995,10.2439211839089,7.0
SYC,1996,10.2219856483063,7.4
SYC,1997,10.3941241937446,7.8
SYC,1998,10.5662627391829,7.2
SYC,1999,10.7384012846213,7.0
SYC,2000,10.8135027895392,6.8
SYC,2001,10.2908545087057,6.8
SYC,2002,10.3648146340038,7.7
SYC,2003,10.971404085744,8.1
SYC,2004,10.9159827604822,7.2
SYC,2005,10.3534632713302,8.1
SYC,2006,10.3916544790965,7.8
SYC,2007,10.0532091540368,7.4
SYC,2008,10.2030988103379,7.6
SYC,2009,10.4918789013215,7.8
SYC,2010,9.46509753987477,7.4
SYC,2011,9.40925567557466,7.9
SYC,2012,9.70826002222353,7.4
SYC,2013,10.0998736425548,8.0
SYC,2014,8.83068778842381,7.9
SYC,2015,8.20990633490402,7.5
SYC,2016,10.248860054287,7.9
SYC,2017,10.2498809251156,7.8
SYC,2018,10.1137902671916,8.4
SYC,2019,10.1610838521016,8.1
SYC,2020,8.57463821654768,6.8
SYC,2021,8.80433921966237,9.3
SYC,2022,9.65975870248236,7.8
SYC,2023,9.25996565809024,7.3
SYR,1990,31.3224868523846,4.763
SYR,1991,31.773675465188,4.65
SYR,1992,31.4303248896852,4.569
SYR,1993,31.0869743141824,4.535
SYR,1994,30.7436237386796,4.533
SYR,1995,31.9893515397879,4.556
SYR,1996,30.056922587674,4.57
SYR,1997,29.7135720121712,4.571
SYR,1998,29.3702214366684,4.554
SYR,1999,29.0268708611656,4.48
SYR,2000,27.8889810973571,4.385
SYR,2001,28.9859156894993,4.265
SYR,2002,30.426364608784,4.145
SYR,2003,31.088764205537,4.031
SYR,2004,31.0518063790248,3.965
SYR,2005,29.8467540423526,3.902
SYR,2006,30.5546679885314,3.798
SYR,2007,31.3740069346082,3.736
SYR,2008,32.1847743507929,3.815
SYR,2009,32.7980109991003,3.799
SYR,2010,36.4689955568411,3.824
SYR,2011,31.9251281682889,4.334
SYR,2012,33.1916311837207,6.829
SYR,2013,34.2342881420356,7.514
SYR,2014,30.8871688855922,7.353
SYR,2015,33.7719688246076,8.223
SYR,2016,30.2961236206098,7.323
SYR,2017,31.3974186663671,7.246
SYR,2018,31.6475659968724,6.544
SYR,2019,33.3703824963946,5.284
SYR,2020,31.5710233679597,5.058
SYR,2021,30.5681166315142,4.964
SYR,2022,35.372994873473,4.773
SYR,2023,32.0552019474512,5.039
TCD,1990,44.4814659435402,20.604
TCD,1991,42.8123485692551,19.466
TCD,1992,42.9341343552136,19.457
TCD,1993,43.0559201411721,19.544
TCD,1994,43.1777059271306,19.18
TCD,1995,39.7176853926026,18.572
TCD,1996,43.4212774990475,18.614
TCD,1997,43.543063285006,18.385
TCD,1998,43.6648490709645,18.227
TCD,1999,43.786634856923,17.989
TCD,2000,45.6993238031246,17.852
TCD,2001,40.5359071544849,17.478
TCD,2002,43.6200875541725,17.236
TCD,2003,42.415682252481,16.855
TCD,2004,47.0635030454934,16.692
TCD,2005,45.4351112657358,16.561
TCD,2006,46.2027813756072,16.489
TCD,2007,45.4604651550212,16.111
TCD,2008,45.1160565424228,15.77
TCD,2009,45.1775838664902,15.463
TCD,2010,43.4306718138966,15.178
TCD,2011,44.8699679772776,14.857
TCD,2012,43.9610063101173,14.55
TCD,2013,42.9204186815835,14.231
TCD,2014,42.6394518129785,14.071
TCD,2015,53.0105305702736,13.876
TCD,2016,49.5472301007339,13.548
TCD,2017,47.8355260289369,13.277
TCD,2018,43.8716744847779,12.857
TCD,2019,41.5536418024184,12.519
TCD,2020,41.4493480107205,12.328
TCD,2021,40.2491809011673,12.162
TCD,2022,42.4135112395066,11.486
TCD,2023,42.9595249298994,11.032
TEA,1990,40.9562909971567,6.96103454226302
TEA,1991,40.5707911944539,6.9524713980492
TEA,1992,40.5983879085783,6.86508936037919
TEA,1993,40.6226955610157,6.82247722111525
TEA,1994,40.6442953732645,6.70023346437133
TEA,1995,39.8286501757261,6.73990520989188
TEA,1996,40.6778877449263,6.71384814493899
TEA,1997,40.6914443921139,6.65310378098685
TEA,1998,40.7041757899055,6.62975741878037
TEA,1999,40.7180697750468,6.5982979595452
TEA,2000,41.1462240407691,6.57391795826851
TEA,2001,40.9230243284156,6.55058841394258
TEA,2002,41.4514891838249,6.52491407849809
TEA,2003,40.8111536464171,6.5179498103053
TEA,2004,41.0239682699334,6.63017722151419
TEA,2005,41.3535582069671,6.59545618279504
TEA,2006,42.8185011825232,6.8131926207524
TEA,2007,43.2445645781496,6.88809837500833
TEA,2008,42.7370460588285,7.05092917630841
TEA,2009,42.1262514376849,6.99386904842348
TEA,2010,40.8516882706462,7.0191719576702
TEA,2011,43.7197042690917,7.03614007796096
TEA,2012,40.6455894618849,7.02886967103304
TEA,2013,42.8328742184633,7.03172871374546
TEA,2014,43.8115246801121,7.02857700467762
TEA,2015,41.7520807218594,6.99984927160779
TEA,2016,38.265069696958,6.98754273011111
TEA,2017,36.1997266959295,7.00024908786374
TEA,2018,33.4837436512497,7.03547908734764
TEA,2019,33.2134705966112,7.0598429737917
TEA,2020,29.9264893776435,7.20027083878493
TEA,2021,28.8776740785909,7.64149215172189
TEA,2022,28.8218134257439,7.3458586097443
TEA,2023,28.9124888929939,7.66650078943162
TEC,1990,29.1319385325871,10.0244516263287
TEC,1991,28.7914651708286,10.2289936461089
TEC,1992,28.4279394963473,10.752792600664
TEC,1993,28.0659714327453,11.6257893621952
TEC,1994,27.7088273834689,11.9776059300574
TEC,1995,27.4254210966832,11.7696969875151
TEC,1996,27.0140165199475,11.4916924407501
TEC,1997,26.6734256166444,11.2703384111487
TEC,1998,26.334781312238,11.0838371523734
TEC,1999,25.9953083831139,11.4953737281929
TEC,2000,25.6192613753302,11.6001676864975
TEC,2001,25.0060181233558,11.6793907963163
TEC,2002,26.520274914935,11.929001879559
TEC,2003,24.7040999495706,12.0023552348909
TEC,2004,23.0424643490976,11.8133500583663
TEC,2005,22.6670413663834,11.9169825831535
TEC,2006,21.9117045629523,11.5548642849546
TEC,2007,21.5974712566784,11.3851389772423
TEC,2008,21.347047931871,11.2983424781924
TEC,2009,21.3511246720648,10.9518496030839
TEC,2010,23.2314029106594,10.8663678624647
TEC,2011,21.412351812853,10.5589489842815
TEC,2012,20.9313573044971,10.4347804509011
TEC,2013,20.80313190371,10.2297352779072
TEC,2014,21.2309838306489,10.2415491234316
TEC,2015,20.3011003539537,10.2007622587661
TEC,2016,19.6378344667859,10.0761589626649
TEC,2017,20.5632807143756,9.91252962606029
TEC,2018,20.1989943290903,10.0023518612779
TEC,2019,19.4266353508769,9.9127889699642
TEC,2020,18.9503762687288,11.5360458602672
TEC,2021,19.7716254898185,12.9104733349742
TEC,2022,19.2681527791511,10.4501249509296
TEC,2023,19.0480921877041,9.87403432581056
TGO,1990,43.2563753450622,12.593
TGO,1991,41.3675496258111,12.686
TGO,1992,41.5712255587953,12.715
TGO,1993,41.7749014917796,13.275
TGO,1994,41.9785774247639,12.531
TGO,1995,37.9972500532786,12.537
TGO,1996,42.3859292907324,12.43
TGO,1997,42.5896052237167,12.475
TGO,1998,42.793281156701,12.388
TGO,1999,42.9969570896852,12.173
TGO,2000,45.2931346749042,12.067
TGO,2001,35.3104119281614,12.04
TGO,2002,39.0146897198957,11.957
TGO,2003,31.5674227170541,11.879
TGO,2004,42.8866048928066,11.789
TGO,2005,33.3657327572542,11.7
TGO,2006,35.4445329158888,11.662
TGO,2007,38.438827079598,11.644
TGO,2008,38.8179485149321,11.593
TGO,2009,33.0845261818471,11.548
TGO,2010,30.1887947552597,11.501
TGO,2011,34.3810861525479,11.376
TGO,2012,33.9828579157482,11.035
TGO,2013,28.5413734458887,10.708
TGO,2014,28.4948133827228,10.439
TGO,2015,40.9415288577558,10.207
TGO,2016,36.5458731418316,10.032
TGO,2017,35.6873295462867,9.881
TGO,2018,30.9430102097411,9.757
TGO,2019,29.5326894869218,9.58
TGO,2020,36.9850943715423,9.537
TGO,2021,34.5087889494952,9.42
TGO,2022,35.8141758880983,8.955
TGO,2023,34.3346739146749,8.731
THA,1990,38.2427030854435,5.723
THA,1991,37.3949457434287,5.783
THA,1992,36.9641397363884,5.834
THA,1993,36.533333729348,5.894
THA,1994,36.1025277223077,6.007
THA,1995,34.837819045317,6.124
THA,1996,35.240915708227,6.216
THA,1997,34.8101097011867,6.211
THA,1998,34.3793036941463,6.243
THA,1999,33.948497687106,6.306
THA,2000,33.9346430150406,6.395
THA,2001,32.9849617599958,6.429
THA,2002,34.0594154863525,6.488
THA,2003,32.5589750251249,6.53
THA,2004,35.0034611208502,6.692
THA,2005,34.0368087733727,6.575
THA,2006,29.0446114632451,6.58
THA,2007,26.5105037645092,6.587
THA,2008,26.6273476038881,6.584
THA,2009,25.5792468018629,6.571
THA,2010,25.8042171209315,6.607
THA,2011,27.0474933399381,6.644
THA,2012,25.20956576309,6.696
THA,2013,27.2432017118297,6.713
THA,2014,25.7011739015786,6.754
THA,2015,23.6111245475447,6.818
THA,2016,25.8740486993818,6.918
THA,2017,22.881037534554,7.029
THA,2018,24.511740416507,7.167
THA,2019,23.9611072205444,7.422
THA,2020,25.1774583777729,7.618
THA,2021,23.8087317782197,7.744
THA,2022,23.7248825508583,9.231
THA,2023,23.4870743016258,8.888
TJK,1990,21.170885193042,10.037
TJK,1991,21.2693877175419,9.833
TJK,1992,21.5284139325299,11.682
TJK,1993,21.7874401475178,12.145
TJK,1994,22.0464663625058,10.023
TJK,1995,21.9844451965184,9.308
TJK,1996,22.5645187924818,9.152
TJK,1997,22.8235450074697,8.517
TJK,1998,23.0825712224577,8.281
TJK,1999,23.3415974374457,7.818
TJK,2000,23.7611473429215,7.382
TJK,2001,23.6293965210049,7.062
TJK,2002,22.7363441991969,6.755
TJK,2003,21.4437232735728,6.365
TJK,2004,21.20984082829,6.15
TJK,2005,21.6109102620719,6.137
TJK,2006,28.365544602652,5.983
TJK,2007,31.939293568311,5.853
TJK,2008,31.9262546311001,5.723
TJK,2009,30.3506636745506,5.664
TJK,2010,32.4556734041622,5.666
TJK,2011,32.6607402415778,5.568
TJK,2012,27.2182421237884,5.424
TJK,2013,29.4725447279223,5.286
TJK,2014,30.8115594703019,5.255
TJK,2015,30.7154145243743,5.281
TJK,2016,31.3562334233332,5.162
TJK,2017,33.0304616558698,4.953
TJK,2018,33.3847568433032,4.898
TJK,2019,31.0737152169277,4.843
TJK,2020,31.4350206909239,5.85
TJK,2021,34.7938330280456,5.385
TJK,2022,34.3869193134356,4.618
TJK,2023,33.3455362132125,4.581
TKM,1990,30.7870473739085,8.057
TKM,1991,31.3987627075123,7.947
TKM,1992,31.4405350124507,7.881
TKM,1993,31.4823073173891,7.826
TKM,1994,31.5240796223274,7.764
TKM,1995,32.7057379845966,7.688
TKM,1996,31.6076242322042,7.592
TKM,1997,31.6493965371426,7.49
TKM,1998,31.691168842081,7.34
TKM,1999,31.7329411470194,7.114
TKM,2000,31.2047704232925,6.942
TKM,2001,32.0771359238804,6.806
TKM,2002,30.7659458645621,6.723
TKM,2003,27.8621886134908,6.668
TKM,2004,26.7580776754718,6.655
TKM,2005,27.3450955544623,6.644
TKM,2006,29.8332035984712,6.597
TKM,2007,32.6437773387974,6.487
TKM,2008,32.6443830611872,6.329
TKM,2009,29.987507715283,6.174
TKM,2010,32.6584119992621,6.067
TKM,2011,33.5785187835555,6.029
TKM,2012,27.9910667561883,6.052
TKM,2013,30.4596492768379,6.1
TKM,2014,32.8746009676061,6.121
TKM,2015,29.4244377874705,6.123
TKM,2016,27.7416729567261,6.095
TKM,2017,30.9689652425293,6.076
TKM,2018,33.0358136706851,6.039
TKM,2019,28.0160189133278,5.986
TKM,2020,28.717031653575,6.276
TKM,2021,35.1310852664652,6.044
TKM,2022,33.3624453104316,5.787
TKM,2023,31.2475628480692,5.781
TLA,1990,29.0731439015495,6.87369681008362
TLA,1991,28.9651127787125,6.76335486512861
TLA,1992,28.8129840367419,6.67738254656213
TLA,1993,28.6604363364303,6.57874927912435
TLA,1994,28.5068561361922,6.46644095881077
TLA,1995,28.4380405641306,6.37189576083836
TLA,1996,28.1974999211818,6.28160523509319
TLA,1997,28.0424213753157,6.19326761201874
TLA,1998,27.8871164755109,6.20324112906593
TLA,1999,27.7305568578838,6.12338811377999
TLA,2000,27.528992086573,6.08406671638166
TLA,2001,26.4753166860648,6.05294026650126
TLA,2002,26.3525665585479,5.98387328131168
TLA,2003,26.9891827412982,5.96514172100782
TLA,2004,25.2266609077412,5.93137339048902
TLA,2005,25.2348164025029,5.88323664165961
TLA,2006,20.6922515899136,5.88161183972186
TLA,2007,18.3469114377769,5.91041928550643
TLA,2008,18.3350697962269,5.91420528263739
TLA,2009,18.167553569172,5.93057860997488
TLA,2010,18.585802624154,6.09902616270027
TLA,2011,18.7060076727106,5.93406638544175
TLA,2012,17.3799475495702,5.94750430569756
TLA,2013,17.5257424305621,5.96321983867678
TLA,2014,16.8477641766201,5.98616906486209
TLA,2015,17.7394824429911,6.01954790668061
TLA,2016,17.6696921786574,6.16885347319242
TLA,2017,17.5881116956602,6.20187779040032
TLA,2018,17.2198420540692,6.2294166981041
TLA,2019,17.8484800338581,6.30102482505453
TLA,2020,17.9570521848288,7.61176197978894
TLA,2021,17.3529875614459,8.48092841132876
TLA,2022,18.4347237522606,6.98079564680561
TLA,2023,17.5456157045669,6.51473444834791
TLS,1990,16.605908218013,18.619
TLS,1991,16.2065386131262,18.389
TLS,1992,16.0897408547292,17.439
TLS,1993,15.9729430963322,16.806
TLS,1994,15.8561453379352,16.205
TLS,1995,15.1742038865584,16.421
TLS,1996,15.6225498211412,15.899
TLS,1997,15.5057520627442,15.4
TLS,1998,15.3889543043472,15.66
TLS,1999,15.2721565459502,20.643
TLS,2000,15.4379306340429,9.68
TLS,2001,15.7934183516148,9.336
TLS,2002,16.4185014634922,9.096
TLS,2003,15.1164512911254,9.027
TLS,2004,16.871280759887,8.733
TLS,2005,15.551331735332,8.384
TLS,2006,13.9224659210433,8.212
TLS,2007,13.0643020787999,8.099
TLS,2008,13.7387104300238,8.022
TLS,2009,13.9535455113766,7.98
TLS,2010,13.5736746177736,7.965
TLS,2011,15.6158450917712,7.948
TLS,2012,14.8958480900943,7.862
TLS,2013,12.0146159867023,7.785
TLS,2014,13.5834038842576,7.715
TLS,2015,12.490147337453,7.65
TLS,2016,11.8445134580119,7.606
TLS,2017,12.8268070526523,7.559
TLS,2018,12.9263978009684,7.513
TLS,2019,13.1941882140533,7.477
TLS,2020,11.1527256829051,7.39
TLS,2021,12.917068808454,7.842
TLS,2022,12.7214619688248,7.362
TLS,2023,11.9874398587491,7.271
TMN,1990,41.816697694307,9.13207345202793
TMN,1991,41.6391821082188,8.68855860189406
TMN,1992,41.7891763407596,8.40525780651189
TMN,1993,41.9681578446435,8.17454153548991
TMN,1994,42.1500854720259,8.0704715774324
TMN,1995,41.6395837368779,7.90485739078973
TMN,1996,42.473889684232,7.74071737206766
TMN,1997,42.6325916732921,7.61608361330435
TMN,1998,42.7924744575001,7.45886907556815
TMN,1999,42.9536884593693,7.26886626773805
TMN,2000,43.4640235024711,7.13128386834758
TMN,2001,42.7498617720483,6.97450453965445
TMN,2002,43.5784631189119,6.83318077702673
TMN,2003,45.8408331131525,6.80402739299243
TMN,2004,44.2351868012837,6.64284607011474
TMN,2005,43.538004898209,6.68549342248211
TMN,2006,41.7759333976523,6.50523440604416
TMN,2007,41.3231771882787,6.44487452034253
TMN,2008,41.678293546791,6.34782120925688
TMN,2009,41.5127085269492,6.28582562391935
TMN,2010,44.9726915350647,6.24624024450855
TMN,2011,43.0803035841173,6.20587510237181
TMN,2012,43.3046595354239,6.23013863444885
TMN,2013,43.1655951625199,6.17893508985375
TMN,2014,42.0267983753055,6.10068344232853
TMN,2015,44.5007050232104,6.09065946708871
TMN,2016,43.4053677048296,6.01257908145837
TMN,2017,43.4538925989775,5.93661837910958
TMN,2018,45.678725028066,5.8683989165756
TMN,2019,41.9425442603838,5.77859857430233
TMN,2020,41.3618872482281,6.55338345346757
TMN,2021,43.6765590900036,6.61432652333789
TMN,2022,45.4296770802933,5.6258636704773
TMN,2023,44.0115252600257,5.54049504420753
TON,1990,5.07664670317727,6.794
TON,1991,5.00515444144745,6.772
TON,1992,4.99181015358611,6.77
TON,1993,4.97846586572477,6.75
TON,1994,4.96512157786344,6.74
TON,1995,4.83548134226511,6.725
TON,1996,4.93843300214076,6.713
TON,1997,4.92508871427942,6.681
TON,1998,4.91174442641808,6.636
TON,1999,4.89840013855674,6.594
TON,2000,4.94320382456389,6.553
TON,2001,5.18544494930561,6.529
TON,2002,4.86805155548699,6.484
TON,2003,5.01587510794916,6.453
TON,2004,4.86503227100695,6.413
TON,2005,4.830014502808,6.406
TON,2006,4.73693971689068,6.375
TON,2007,4.95573996847085,6.334
TON,2008,4.9600782418133,6.318
TON,2009,4.59656889141801,6.4
TON,2010,4.57458890950105,6.302
TON,2011,4.18541416506786,6.292
TON,2012,4.48451919627004,6.294
TON,2013,4.60469613327902,6.328
TON,2014,4.29068443570693,6.368
TON,2015,4.29235393370319,6.376
TON,2016,4.06711231519456,6.386
TON,2017,5.03657349502675,6.363
TON,2018,4.53554715758946,6.401
TON,2019,4.68432152745318,6.426
TON,2020,4.32672957352497,6.459
TON,2021,4.62303505862083,6.701
TON,2022,5.30581978258027,6.476
TON,2023,4.68916248431247,6.442
TSA,1990,52.2250936723233,10.8381412669163
TSA,1991,51.221127309868,10.7213676423188
TSA,1992,51.1783684053522,10.3096159860132
TSA,1993,51.1354105804178,10.067467877583
TSA,1994,51.0934657031713,9.82625714963798
TSA,1995,49.1241994251164,9.6073904936932
TSA,1996,51.0088918219174,9.38422895794551
TSA,1997,50.96697614996,9.16783261403728
TSA,1998,50.9260584274828,8.96036313057045
TSA,1999,50.885868085479,8.75432487105115
TSA,2000,51.8089884921943,8.55229720785149
TSA,2001,51.516120539473,8.38139281240631
TSA,2002,52.3083201069924,8.18056140686701
TSA,2003,53.3007579566963,7.99940419770711
TSA,2004,51.8140827217836,7.87388966207306
TSA,2005,52.3919401181365,7.67867478066212
TSA,2006,50.4045795061223,7.53029688715617
TSA,2007,50.5502919139814,7.40258372947514
TSA,2008,52.4305754519521,7.27756717349703
TSA,2009,53.9494810777535,7.17592159401116
TSA,2010,52.9832010907142,7.03176592598332
TSA,2011,56.0680111027159,6.91937958204849
TSA,2012,54.7365222676873,6.82170475134596
TSA,2013,53.2226676894888,6.74103295952171
TSA,2014,53.0570844488836,6.65802987623666
TSA,2015,52.4945667584583,6.62207288681925
TSA,2016,54.9626686124923,6.58621785424306
TSA,2017,55.5832530164786,6.55826548351985
TSA,2018,58.6517294601334,6.54951355817355
TSA,2019,54.5405932283571,6.54194290208949
TSA,2020,53.7926902425032,7.08524618053496
TSA,2021,56.9506143793745,8.9016996797664
TSA,2022,51.5653791636056,6.44240107249924
TSA,2023,55.1639515846895,6.47109012670958
TSS,1990,34.7595097228411,16.1797257685974
TSS,1991,34.068481272528,16.2951990230429
TSS,1992,34.2552108651126,16.2766098082323
TSS,1993,34.4303501642229,15.9015215222813
TSS,1994,34.5893501185051,17.063432065164
TSS,1995,33.0014204823473,15.4498634065296
TSS,1996,34.9589840382719,15.3906696621446
TSS,1997,35.1489496806513,15.1924815832111
TSS,1998,35.3334561239382,15.2558280724342
TSS,1999,35.5246086507388,14.7585254065302
TSS,2000,36.6091156298691,14.3306838858545
TSS,2001,34.5799274175554,14.0713693548305
TSS,2002,35.1337625449958,13.7827960449143
TSS,2003,31.7329699158284,13.4547708309791
TSS,2004,36.0417657332287,13.1052113160727
TSS,2005,33.8719417917711,12.7651099395945
TSS,2006,35.6568536161483,12.3600667670183
TSS,2007,37.2017676214629,11.9541777345594
TSS,2008,37.4792103424932,11.5842836003302
TSS,2009,34.967806277895,11.5113915233433
TSS,2010,35.6865491596424,10.8973338736759
TSS,2011,36.2940594083511,10.7882610623753
TSS,2012,36.0001621914335,10.2768037353091
TSS,2013,33.7841936785453,10.0008431935552
TSS,2014,32.4041122530288,9.88566931443976
TSS,2015,39.8236316604226,9.66654481359519
TSS,2016,37.3511365673106,9.45895877621921
TSS,2017,36.3065919070968,9.28855606548131
TSS,2018,33.9865397316636,8.93024649518435
TSS,2019,33.7169988107127,8.78555712993413
TSS,2020,35.4130875427714,8.72908606273467
TSS,2021,35.1663382383195,8.92854709178186
TSS,2022,37.3922175081513,8.50421866414022
TSS,2023,35.4353980957566,8.06194574893221
TTO,1990,13.8774620961192,6.676
TTO,1991,14.1302059033076,6.605
TTO,1992,14.1865338402864,6.65
TTO,1993,14.2428617772652,6.669
TTO,1994,14.2991897142439,6.722
TTO,1995,14.748349391642,6.697
TTO,1996,14.4118455882015,6.751
TTO,1997,14.4681735251802,6.78
TTO,1998,14.524501462159,6.778
TTO,1999,14.5808293991378,6.788
TTO,2000,14.440741465907,6.846
TTO,2001,14.5149353921564,6.856
TTO,2002,15.0904616976353,6.783
TTO,2003,13.7894513000856,6.811
TTO,2004,12.7028133020601,6.743
TTO,2005,13.8675495080232,6.743
TTO,2006,14.437404094539,6.771
TTO,2007,14.4832353230496,6.745
TTO,2008,14.6400290113956,6.743
TTO,2009,14.6939387513685,6.765
TTO,2010,16.9348229280405,6.727
TTO,2011,14.0082614945374,6.698
TTO,2012,15.2092044113822,6.727
TTO,2013,13.587621393557,6.781
TTO,2014,12.4160387215375,6.918
TTO,2015,14.4193905549344,7.131
TTO,2016,14.5086208132573,7.312
TTO,2017,14.9085154190063,7.494
TTO,2018,12.9576145189546,7.742
TTO,2019,13.6004693726607,7.948
TTO,2020,13.9519458128988,8.312
TTO,2021,14.7081564101409,9.762
TTO,2022,14.4879289551393,8.225
TTO,2023,13.7770653891863,8.368
TUN,1990,17.0922990158399,5.753
TUN,1991,16.5642039071974,5.657
TUN,1992,16.929847996533,5.58
TUN,1993,17.2954920858687,5.501
TUN,1994,17.6611361752043,5.397
TUN,1995,16.2393018685851,5.285
TUN,1996,18.3924243538755,5.171
TUN,1997,18.7580684432112,5.085
TUN,1998,19.1237125325468,5.019
TUN,1999,19.4893566218824,5.012
TUN,2000,20.7487399091956,5.028
TUN,2001,20.4305538700966,5.067
TUN,2002,22.2279710417573,5.095
TUN,2003,20.0514707487458,5.136
TUN,2004,19.191779300458,5.186
TUN,2005,18.7888523060274,5.246
TUN,2006,19.0664238659217,5.309
TUN,2007,19.1798562700626,5.38
TUN,2008,19.5661639814743,5.448
TUN,2009,19.2742959049226,5.523
TUN,2010,19.4646477451124,5.604
TUN,2011,19.2235168460425,5.719
TUN,2012,17.8799045046228,5.791
TUN,2013,17.3550040560394,5.871
TUN,2014,19.2788417723855,5.931
TUN,2015,18.0712480880451,5.996
TUN,2016,19.1640181719787,6.041
TUN,2017,16.5337753021396,6.068
TUN,2018,18.9546097979168,6.087
TUN,2019,16.9323513605894,6.099
TUN,2020,17.004974740635,6.648
TUN,2021,20.064818139673,8.348
TUN,2022,22.397309689228,6.159
TUN,2023,18.874792802061,6.071
TUR,1990,25.1271537590909,6.807
TUR,1991,25.1215299251971,6.626
TUR,1992,25.1966434347479,6.52
TUR,1993,25.2717569442988,6.406
TUR,1994,25.3468704538496,6.307
TUR,1995,25.2605092765114,6.236
TUR,1996,25.4970974729513,6.119
TUR,1997,25.5722109825022,6.046
TUR,1998,25.647324492053,5.954
TUR,1999,25.7224380016039,6.184
TUR,2000,25.8782888545993,5.822
TUR,2001,26.3505516121367,5.791
TUR,2002,27.3588850035587,5.766
TUR,2003,25.1556972044494,5.774
TUR,2004,25.2906579356927,5.794
TUR,2005,24.8623084006683,5.832
TUR,2006,25.5447917989279,5.875
TUR,2007,26.0230347123947,5.905
TUR,2008,25.8316790992018,5.973
TUR,2009,24.7861065584816,5.1
TUR,2010,27.400178830788,5.0
TUR,2011,26.2322701397808,5.1
TUR,2012,25.8532567935669,5.0
TUR,2013,27.0510366227182,4.9
TUR,2014,27.1304265961408,5.1
TUR,2015,27.8628699204791,5.2
TUR,2016,25.0696009071285,5.3
TUR,2017,26.6452697088541,5.3
TUR,2018,26.3300040473653,5.2
TUR,2019,26.3268927229167,5.3
TUR,2020,25.1652909229836,6.1
TUR,2021,25.2242202848915,6.7
TUR,2022,27.691660845571,5.9
TUR,2023,26.4041601035213,6.2
TUV,1990,5.68699574054641,10.566
TUV,1991,5.63951433952881,10.518
TUV,1992,5.70976332498198,11.37
TUV,1993,5.78001231043516,10.477
TUV,1994,5.85026129588833,10.392
TUV,1995,5.68504950840022,10.34
TUV,1996,5.99075926679468,10.28
TUV,1997,6.06100825224786,10.211
TUV,1998,6.13125723770103,10.162
TUV,1999,6.20150622315421,10.113
TUV,2000,6.38948559507805,10.015
TUV,2001,6.43361474703248,9.892
TUV,2002,6.17970063679937,9.78
TUV,2003,6.1700231921409,9.676
TUV,2004,5.74260120047427,9.655
TUV,2005,6.09603458417321,9.628
TUV,2006,5.98100082201153,9.587
TUV,2007,5.81564591577735,9.533
TUV,2008,5.69616185309769,9.503
TUV,2009,5.34177816970773,9.445
TUV,2010,5.51262916253206,9.406
TUV,2011,4.45159137716139,9.368
TUV,2012,5.21881769810695,9.344
TUV,2013,5.8767775052475,9.386
TUV,2014,5.41657974605893,9.395
TUV,2015,5.50517551068649,9.394
TUV,2016,5.18943196841636,9.335
TUV,2017,4.95464255884585,9.255
TUV,2018,5.3079651241036,9.18
TUV,2019,5.65115011483725,9.19
TUV,2020,5.38072738218391,9.177
TUV,2021,4.78158567274116,9.593
TUV,2022,5.40102031406572,9.066
TUV,2023,5.22404813151427,9.138
TZA,1990,16.8706424488862,14.24
TZA,1991,16.4386050454719,14.226
TZA,1992,16.7853443501877,14.348
TZA,1993,17.1320836549034,14.266
TZA,1994,17.4788229596192,14.216
TZA,1995,16.2680088480762,14.284
TZA,1996,18.1723015690508,14.283
TZA,1997,18.5190408737665,14.106
TZA,1998,18.8657801784823,13.741
TZA,1999,19.2125194831981,13.316
TZA,2000,20.3380354960434,12.772
TZA,2001,24.9393937862166,12.242
TZA,2002,22.1530914714233,11.737
TZA,2003,21.2032204300707,11.18
TZA,2004,21.09337947347,10.685
TZA,2005,21.3408410624558,10.222
TZA,2006,22.7154375314207,9.755
TZA,2007,23.6643630384053,9.318
TZA,2008,24.0769199631826,8.954
TZA,2009,22.1131685895842,8.635
TZA,2010,23.447292129681,8.293
TZA,2011,24.0450043955925,8.021
TZA,2012,23.2717852106239,7.72
TZA,2013,23.0790165463582,7.501
TZA,2014,20.3066252412462,7.261
TZA,2015,20.9426794551394,7.002
TZA,2016,20.4238282680824,6.8
TZA,2017,18.6038900381073,6.581
TZA,2018,19.7342269077772,6.382
TZA,2019,22.0048939517856,6.183
TZA,2020,22.5094861470273,5.909
TZA,2021,20.59925012622,6.091
TZA,2022,21.8389520235848,5.844
TZA,2023,20.1699588964355,5.791
UGA,1990,27.5634675782554,17.542
UGA,1991,27.6394207204105,17.389
UGA,1992,28.0563098256524,17.18
UGA,1993,28.4731989308944,17.04
UGA,1994,28.8900880361363,16.93
UGA,1995,28.6251052152061,16.871
UGA,1996,29.7238662466203,16.575
UGA,1997,30.1407553518622,16.304
UGA,1998,30.5576444571041,15.921
UGA,1999,30.9745335623461,15.345
UGA,2000,31.7323586306744,14.786
UGA,2001,33.0863590031497,14.101
UGA,2002,30.5515391830957,13.421
UGA,2003,29.6195633602095,12.757
UGA,2004,30.6445686870124,11.942
UGA,2005,29.2305214083581,11.177
UGA,2006,30.8984124333984,10.456
UGA,2007,32.0917908856417,9.793
UGA,2008,32.2312691228108,9.208
UGA,2009,29.0929498688488,8.705
UGA,2010,33.0222698352824,8.263
UGA,2011,34.1383520886805,7.824
UGA,2012,33.2300507707354,7.419
UGA,2013,34.5618313817538,7.038
UGA,2014,30.8166982571651,6.699
UGA,2015,31.3216859781962,6.372
UGA,2016,31.6549779811788,6.073
UGA,2017,27.8046403871258,5.82
UGA,2018,27.5743901013937,5.613
UGA,2019,32.5735656593236,5.42
UGA,2020,33.4244237039788,5.373
UGA,2021,32.2662841882816,5.339
UGA,2022,31.8919228193081,5.035
UGA,2023,31.2148242708861,4.842
UKR,1990,36.0551644024772,12.164
UKR,1991,35.8188794732491,12.796
UKR,1992,35.2573210424929,13.51
UKR,1993,34.6957626117368,14.125
UKR,1994,34.1342041809806,14.815
UKR,1995,34.2231927532785,15.148
UKR,1996,33.0110873194683,15.204
UKR,1997,32.4495288887121,14.857
UKR,1998,31.887970457956,14.719
UKR,1999,31.3264120271998,14.859
UKR,2000,30.4395800949164,15.171
UKR,2001,29.5476552636907,15.41
UKR,2002,31.3031652173627,15.602
UKR,2003,26.5597111510937,15.817
UKR,2004,24.9633458605128,16.132
UKR,2005,23.8050030057707,16.22
UKR,2006,20.9942498347461,16.149
UKR,2007,19.748074468575,16.208
UKR,2008,19.4177203091569,15.907
UKR,2009,19.6918727412339,15.446
UKR,2010,20.1360619446642,14.798
UKR,2011,19.5134164241427,14.474
UKR,2012,19.2945159677439,14.242
UKR,2013,18.9744429369854,13.983
UKR,2014,19.0428574115728,13.682
UKR,2015,17.1448125227219,13.015
UKR,2016,17.0736938308484,12.589
UKR,2017,17.9482494182584,12.265
UKR,2018,17.4384643248867,13.157
UKR,2019,16.290163233447,13.079
UKR,2020,15.9929635073004,14.438
UKR,2021,15.7278049885396,17.134
UKR,2022,14.0233703256144,14.188
UKR,2023,14.854701604932,13.13
URY,1990,13.3253955628651,9.653
URY,1991,13.2191113428473,9.657
URY,1992,13.1782144935795,9.771
URY,1993,13.1373176443117,9.898
URY,1994,13.0964207950439,9.972
URY,1995,12.9247492042758,9.796
URY,1996,13.0146270965084,9.635
URY,1997,12.9737302472406,9.661
URY,1998,12.9328333979728,9.743
URY,1999,12.891936548705,9.669
URY,2000,12.9164270701874,9.504
URY,2001,12.5364986620246,9.364
URY,2002,12.4572270141533,9.522
URY,2003,12.5164773631916,9.598
URY,2004,11.8615137105753,9.575
URY,2005,11.4937593043429,9.336
URY,2006,12.4748414943861,9.423
URY,2007,12.9807221427358,9.326
URY,2008,13.0274665522242,9.35
URY,2009,13.0401332622804,9.208
URY,2010,11.6680820916577,9.355
URY,2011,12.548000498889,9.563
URY,2012,11.6526564712501,9.555
URY,2013,11.7609452295288,9.458
URY,2014,11.4718002560743,9.397
URY,2015,11.0493273798266,9.494
URY,2016,11.0080912489609,9.581
URY,2017,10.9276038649673,9.488
URY,2018,10.8748352762654,9.53
URY,2019,11.1840764177385,9.754
URY,2020,11.9353074773879,9.219
URY,2021,11.1461992677525,11.726
URY,2022,11.789659192261,10.832
URY,2023,10.8548023885457,9.783
USA,1990,15.907266687794,8.6
USA,1991,15.9474992603446,8.6
USA,1992,15.8054964560141,8.5
USA,1993,15.6634936516837,8.8
USA,1994,15.5214908473533,8.8
USA,1995,15.7439587967843,8.8
USA,1996,15.2374852386924,8.8
USA,1997,15.0954824343619,8.7
USA,1998,14.9534796300315,8.6
USA,1999,14.8114768257011,8.6
USA,2000,14.4872386444898,8.5
USA,2001,13.7495654068876,8.5
USA,2002,13.6341124128111,8.5
USA,2003,13.320015301999,8.4
USA,2004,12.5754470787138,8.2
USA,2005,13.339296619319,8.3
USA,2006,11.747869941365,8.1
USA,2007,10.8781443891663,8.0
USA,2008,10.3399672229591,8.1
USA,2009,9.36878793839054,7.9
USA,2010,9.30051691603125,7.995
USA,2011,9.43462500241397,8.073
USA,2012,8.71315206553226,8.102
USA,2013,8.42665114273588,8.215
USA,2014,8.40808065839595,8.237
USA,2015,8.05235034259419,8.44
USA,2016,7.38419160282327,8.493
USA,2017,7.69344314182502,8.638
USA,2018,7.75750644568182,8.678
USA,2019,7.26916299261301,8.697
USA,2020,7.73512626395484,10.27
USA,2021,8.231389869812,10.4
USA,2022,7.4282378905124,9.8
USA,2023,6.96804491055748,9.2
UZB,1990,36.950946054028,7.302
UZB,1991,38.0779536645586,7.383
UZB,1992,38.0786816607584,7.455
UZB,1993,38.0794096569583,7.504
UZB,1994,38.0801376531581,7.515
UZB,1995,40.3334248780191,7.47
UZB,1996,38.0815936455579,7.377
UZB,1997,38.0823216417577,7.227
UZB,1998,38.0830496379576,7.128
UZB,1999,38.0837776341574,7.057
UZB,2000,36.9582260160268,7.006
UZB,2001,36.5916696587327,6.889
UZB,2002,36.3669698036249,6.758
UZB,2003,33.7027587296375,6.653
UZB,2004,33.1304897805167,6.621
UZB,2005,34.3004465213979,6.614
UZB,2006,33.0365255800493,6.564
UZB,2007,31.7770562806276,6.467
UZB,2008,32.5729419005618,6.364
UZB,2009,32.5307630113187,6.256
UZB,2010,32.6030065513413,6.198
UZB,2011,33.5094666610887,6.148
UZB,2012,29.8599622066362,6.125
UZB,2013,30.9261607471004,6.109
UZB,2014,32.3017805791929,6.082
UZB,2015,32.031595288707,6.005
UZB,2016,30.817417852674,5.963
UZB,2017,32.4451966691614,5.962
UZB,2018,32.6612147415155,5.933
UZB,2019,32.5487636954353,5.97
UZB,2020,32.3909036978102,6.467
UZB,2021,34.2032324656807,6.32
UZB,2022,32.8550742639477,6.048
UZB,2023,32.7713715610547,6.206
VCT,1990,12.091798568158,6.833
VCT,1991,12.0961598214338,6.981
VCT,1992,12.1231695537722,6.942
VCT,1993,12.1501792861105,7.1
VCT,1994,12.1771890184489,7.158
VCT,1995,12.1589017926622,7.228
VCT,1996,12.2312084831256,7.357
VCT,1997,12.2582182154639,7.496
VCT,1998,12.2852279478023,7.669
VCT,1999,12.3122376801406,7.774
VCT,2000,12.3618958915415,7.909
VCT,2001,12.0337193727578,8.068
VCT,2002,12.5388085365408,7.941
VCT,2003,11.5921241801349,8.221
VCT,2004,10.9434742165808,8.319
VCT,2005,11.6027173812019,8.444
VCT,2006,11.3275660377201,8.621
VCT,2007,10.6758919117268,8.821
VCT,2008,11.2625970255889,8.986
VCT,2009,12.2034487011819,9.212
VCT,2010,12.9918107433527,9.54
VCT,2011,10.3211484899794,9.906
VCT,2012,12.4896020419892,10.338
VCT,2013,9.53644552647218,10.658
VCT,2014,8.94105919686198,10.726
VCT,2015,12.5349074034118,10.821
VCT,2016,11.3993678626446,10.979
VCT,2017,11.9404226539199,10.916
VCT,2018,10.3483979209148,11.1
VCT,2019,10.096952787385,11.288
VCT,2020,10.5184428712392,12.927
VCT,2021,11.8266935743069,12.724
VCT,2022,10.6784215604209,11.45
VCT,2023,10.6030079678565,11.499
VEN,1990,24.0708661679137,4.817
VEN,1991,24.0218336140855,4.781
VEN,1992,24.0599473734128,4.829
VEN,1993,24.0980611327401,4.811
VEN,1994,24.1361748920674,4.902
VEN,1995,23.9999960250838,4.813
VEN,1996,24.2124024107219,4.804
VEN,1997,24.2505161700492,4.652
VEN,1998,24.2886299293765,4.758
VEN,1999,24.3267436887038,4.959
VEN,2000,24.4520037611865,4.934
VEN,2001,25.803936044542,5.525
VEN,2002,25.46337418912,4.929
VEN,2003,25.8588301883442,5.293
VEN,2004,22.1499464382358,5.113
VEN,2005,22.9130616246927,5.078
VEN,2006,22.0025115255695,5.202
VEN,2007,21.5069748869426,5.147
VEN,2008,21.2166193012714,5.521
VEN,2009,20.2547005229529,5.531
VEN,2010,24.7500489678568,5.512
VEN,2011,22.8636972220686,5.602
VEN,2012,21.7079816379195,5.703
VEN,2013,20.649755238571,5.804
VEN,2014,19.8547776368366,5.996
VEN,2015,22.0063448303827,6.026
VEN,2016,23.2252833450449,6.572
VEN,2017,22.1516227216032,6.8
VEN,2018,19.991246342024,6.685
VEN,2019,20.6730728456596,6.802
VEN,2020,19.318955226703,7.202
VEN,2021,18.171098677907,7.862
VEN,2022,18.7539898254168,7.347
VEN,2023,19.1983096563552,7.56
VIR,1990,7.47932422345994,4.625
VIR,1991,7.32751285242224,4.5
VIR,1992,7.36916108017303,4.5
VIR,1993,7.41080930792382,4.675
VIR,1994,7.45245753567462,4.85
VIR,1995,7.10718656584861,5.025
VIR,1996,7.5357539911762,5.2
VIR,1997,7.57740221892699,5.3
VIR,1998,7.61905044667779,5.0
VIR,1999,7.66069867442858,5.3
VIR,2000,7.89580650096777,6.0
VIR,2001,7.7295833011939,5.6
VIR,2002,7.58623685993306,5.7
VIR,2003,7.05753327919485,5.8
VIR,2004,6.38643870471012,5.8
VIR,2005,6.77715097590973,6.1
VIR,2006,6.70897810216983,5.8
VIR,2007,6.22762503235385,6.7
VIR,2008,6.04175878448967,6.7
VIR,2009,6.08422805111976,6.6
VIR,2010,7.01377895363718,6.6
VIR,2011,5.54902203905032,6.6
VIR,2012,6.63899057551855,6.7
VIR,2013,5.84742155061855,6.9
VIR,2014,6.18070695926681,7.1
VIR,2015,6.6517300446583,7.3
VIR,2016,6.3780403541802,7.5
VIR,2017,7.81028931965395,7.7
VIR,2018,7.00979079559113,7.9
VIR,2019,6.47085231526761,8.2
VIR,2020,6.75895096714321,8.4
VIR,2021,7.02606660812034,8.6
VIR,2022,5.7133396852832,8.8
VIR,2023,6.7926382310921,9.0
VNM,1990,40.7677531389804,6.773
VNM,1991,39.9031442573727,6.673
VNM,1992,39.5827904577701,6.54
VNM,1993,39.2624366581676,6.401
VNM,1994,38.942082858565,6.224
VNM,1995,37.5332188949512,6.021
VNM,1996,38.3013752593599,5.857
VNM,1997,37.9810214597574,5.722
VNM,1998,37.6606676601548,5.518
VNM,1999,37.3403138605523,5.459
VNM,2000,37.5642151429551,5.486
VNM,2001,35.8639629063132,5.482
VNM,2002,37.1521909220304,5.509
VNM,2003,36.0545561365113,5.564
VNM,2004,38.643573989012,5.73
VNM,2005,37.9564149631441,5.751
VNM,2006,32.9909964498164,5.772
VNM,2007,30.8004612979495,5.799
VNM,2008,30.6944439455021,5.828
VNM,2009,29.2254640144522,5.872
VNM,2010,29.3431956285137,5.911
VNM,2011,30.8272434335264,5.947
VNM,2012,28.7625092173962,6.008
VNM,2013,29.6144963734547,6.057
VNM,2014,28.8284052890005,6.114
VNM,2015,26.4370995849985,6.153
VNM,2016,27.4655146787653,6.195
VNM,2017,27.3673512418731,6.238
VNM,2018,26.284246279735,6.263
VNM,2019,27.225760121213,6.3
VNM,2020,25.2817623512854,5.813
VNM,2021,25.2349538086608,6.653
VNM,2022,25.5235044035632,6.488
VNM,2023,24.7845479100313,6.577
VUT,1990,9.30120988067376,6.813
VUT,1991,9.22521765381854,6.527
VUT,1992,9.2199927256462,6.3
VUT,1993,9.21476779747386,6.09
VUT,1994,9.20954286930152,5.894
VUT,1995,9.06278334376342,5.764
VUT,1996,9.19909301295683,5.659
VUT,1997,9.19386808478449,5.549
VUT,1998,9.18864315661214,5.48
VUT,1999,9.1834182284398,5.64
VUT,2000,9.24896059895032,5.334
VUT,2001,9.637264300495,5.354
VUT,2002,8.67513816633943,5.356
VUT,2003,9.27379807866516,5.364
VUT,2004,8.11666850209719,5.385
VUT,2005,8.54593429414889,5.357
VUT,2006,7.69051894032105,5.411
VUT,2007,7.55245397313239,5.449
VUT,2008,7.80121830577217,5.439
VUT,2009,7.57215365858915,5.44
VUT,2010,7.87452433053722,5.468
VUT,2011,7.74557512879717,5.513
VUT,2012,7.55605167174116,5.539
VUT,2013,8.48393578220451,5.586
VUT,2014,7.3138439049624,5.638
VUT,2015,7.66233756963041,5.654
VUT,2016,7.45281458223244,5.621
VUT,2017,8.76292382086906,5.619
VUT,2018,8.36324062528587,5.56
VUT,2019,7.21504177702019,5.494
VUT,2020,6.11380443342958,5.739
VUT,2021,6.1793223587946,5.797
VUT,2022,7.28588304103265,5.167
VUT,2023,6.9939431918878,5.083
WLD,1990,36.6699998856934,9.30360763774567
WLD,1991,36.2798035199179,9.269381150261
WLD,1992,36.2914302237185,9.17137131326227
WLD,1993,36.3043412567357,9.15559784842428
WLD,1994,36.3173083185837,9.1948255798405
WLD,1995,35.5084527536348,8.99425886094727
WLD,1996,36.3488047792664,8.89072234091914
WLD,1997,36.3665528159553,8.77085870899186
WLD,1998,36.3852463698882,8.71200326501635
WLD,1999,36.405140804815,8.62944990013822
WLD,2000,36.8491570986793,8.51155625493986
WLD,2001,36.2164806803054,8.42822044229306
WLD,2002,36.8134531740209,8.36112377457594
WLD,2003,36.7067475999852,8.28914591000193
WLD,2004,36.3929778010921,8.19365280168498
WLD,2005,36.3849813204153,8.13871868031213
WLD,2006,35.94683567931,8.06363735436202
WLD,2007,35.9950092951623,8.00540469125587
WLD,2008,36.2763464143578,7.98417519737266
WLD,2009,36.0921707316866,7.90098593890559
WLD,2010,36.0303364033654,7.81971464630986
WLD,2011,37.363176329958,7.76162151146208
WLD,2012,35.9985453397192,7.6891465005044
WLD,2013,36.0046403153543,7.62677448242537
WLD,2014,35.895126518285,7.58282331702091
WLD,2015,36.5358920922992,7.58281572695444
WLD,2016,35.4771921929567,7.53742665553239
WLD,2017,35.0144939662472,7.52649450759098
WLD,2018,34.7426191759393,7.4939220648592
WLD,2019,33.3845083191199,7.46946655243651
WLD,2020,32.5018430407481,8.0128021370251
WLD,2021,33.1988270178342,8.71376672373529
WLD,2022,32.732143387781,7.70966159942046
WLD,2023,32.872382373302,7.58905193782761
WSM,1990,5.1560417359052,5.971
WSM,1991,5.01444857090187,5.902
WSM,1992,4.99574053318276,5.721
WSM,1993,4.97703249546366,5.688
WSM,1994,4.95832445774456,5.629
WSM,1995,4.69384616545696,5.582
WSM,1996,4.92090838230635,5.533
WSM,1997,4.90220034458724,5.484
WSM,1998,4.88349230686814,5.437
WSM,1999,4.86478426914903,5.386
WSM,2000,4.96896135871415,5.337
WSM,2001,5.27725888188339,5.272
WSM,2002,4.89543586122747,5.233
WSM,2003,5.07343834233738,5.247
WSM,2004,4.76648233589136,5.325
WSM,2005,4.95609803922206,5.438
WSM,2006,5.26105846912469,5.497
WSM,2007,5.18763689418828,5.593
WSM,2008,4.9611545034154,5.675
WSM,2009,4.69587493194273,6.511
WSM,2010,4.59494232766185,5.781
WSM,2011,4.02125973730531,5.829
WSM,2012,4.56253155986451,5.94
WSM,2013,4.5800921130882,5.946
WSM,2014,4.65736656401817,6.007
WSM,2015,5.22519040529138,6.056
WSM,2016,4.63147857019643,6.087
WSM,2017,4.87913886142337,6.1
WSM,2018,4.59634788228666,6.147
WSM,2019,4.46225677520877,6.529
WSM,2020,4.49365769010027,6.496
WSM,2021,3.68268675074482,6.405
WSM,2022,5.32741204590433,6.181
WSM,2023,4.57949918534889,6.157
YEM,1990,44.7641744493163,11.304
YEM,1991,42.9394731821631,11.01
YEM,1992,43.0762232193721,10.648
YEM,1993,43.2129732565811,10.312
YEM,1994,43.3497232937901,10.042
YEM,1995,39.5635707222756,9.576
YEM,1996,43.623223368208,9.181
YEM,1997,43.759973405417,8.821
YEM,1998,43.896723442626,8.505
YEM,1999,44.033473479835,8.201
YEM,2000,46.1316748214055,7.905
YEM,2001,38.2437705796612,7.597
YEM,2002,37.0458574241884,7.302
YEM,2003,39.1275724662467,7.004
YEM,2004,38.9898952418143,6.755
YEM,2005,39.7683599707831,6.503
YEM,2006,39.4733097249864,6.292
YEM,2007,40.8000108277159,6.08
YEM,2008,41.6552682993022,5.892
YEM,2009,41.0031433311456,5.748
YEM,2010,41.2116988702502,5.586
YEM,2011,48.3766990875402,5.474
YEM,2012,53.8584654022429,5.425
YEM,2013,51.8704205474172,5.294
YEM,2014,42.7253818994792,5.29
YEM,2015,50.0503503017181,5.773
YEM,2016,46.0779331388305,5.647
YEM,2017,47.9732565602534,5.644
YEM,2018,45.6631825142361,6.114
YEM,2019,48.3351472602643,5.859
YEM,2020,43.7347708780854,5.832
YEM,2021,41.7348051930135,5.953
YEM,2022,47.1146493200055,5.232
YEM,2023,46.8359781444582,4.792
ZAF,1990,23.6810315894367,8.232
ZAF,1991,23.8771881038284,8.23
ZAF,1992,23.8703357743571,8.3
ZAF,1993,23.8634834448857,8.384
ZAF,1994,23.8566311154144,8.703
ZAF,1995,24.255796473669,8.92
ZAF,1996,23.8429264564718,9.103
ZAF,1997,23.8360741270005,9.282
ZAF,1998,23.8292217975291,9.586
ZAF,1999,23.8223694680578,9.975
ZAF,2000,23.6125082947236,10.393
ZAF,2001,22.9646822588578,11.074
ZAF,2002,22.3772160364822,11.954
ZAF,2003,21.2996757186922,12.831
ZAF,2004,21.4483297605201,13.103
ZAF,2005,21.7029465326669,13.333
ZAF,2006,25.7850003309516,13.392
ZAF,2007,27.9363656085701,13.122
ZAF,2008,27.9743331767888,12.683
ZAF,2009,28.4011348902112,12.067
ZAF,2010,32.7959268519115,11.349
ZAF,2011,28.534440032251,10.721
ZAF,2012,28.6474883538018,10.149
ZAF,2013,28.4064236630432,9.962
ZAF,2014,26.7492908595649,9.647
ZAF,2015,28.496468461495,9.217
ZAF,2016,26.1436457596968,9.069
ZAF,2017,28.757630595136,8.83
ZAF,2018,27.7734234336948,8.789
ZAF,2019,28.8697691230442,8.75
ZAF,2020,28.3262173044747,9.683
ZAF,2021,27.7225927797214,11.933
ZAF,2022,28.5062817047988,9.402
ZAF,2023,27.7247110277789,9.239
ZMB,1990,21.7282721226055,16.68
ZMB,1991,21.2884604295426,17.045
ZMB,1992,21.4051778979452,17.205
ZMB,1993,21.5218953663478,17.265
ZMB,1994,21.6386128347505,17.344
ZMB,1995,20.6422719802224,17.401
ZMB,1996,21.8720477715557,17.428
ZMB,1997,21.9887652399584,17.273
ZMB,1998,22.105482708361,17.123
ZMB,1999,22.2222001767636,16.815
ZMB,2000,22.8954468066316,16.198
ZMB,2001,25.4677074198447,15.459
ZMB,2002,23.1074612038561,14.651
ZMB,2003,22.3755706249154,13.792
ZMB,2004,21.6406039140068,13.109
ZMB,2005,22.6799735528213,12.371
ZMB,2006,22.7021281626197,11.702
ZMB,2007,23.2540752574444,11.047
ZMB,2008,23.8089370970029,10.411
ZMB,2009,23.0698950518145,9.829
ZMB,2010,24.476528552638,9.29
ZMB,2011,22.4770513593954,8.818
ZMB,2012,22.9983310072879,8.389
ZMB,2013,22.0816121744833,8.017
ZMB,2014,20.5339311723167,7.686
ZMB,2015,22.7617347856024,7.402
ZMB,2016,21.2134188634824,7.203
ZMB,2017,19.8152954320603,7.005
ZMB,2018,21.1144380958661,6.775
ZMB,2019,22.1205330057265,6.482
ZMB,2020,19.448495527814,6.26
ZMB,2021,19.5925009286197,6.607
ZMB,2022,23.4901848842686,5.583
ZMB,2023,20.2430489112714,5.207
ZWE,1990,16.2174675414026,9.325
ZWE,1991,16.0049376983885,9.834
ZWE,1992,16.0259571583321,10.416
ZWE,1993,16.0469766182757,11.381
ZWE,1994,16.0679960782192,12.128
ZWE,1995,15.6219169322475,12.831
ZWE,1996,16.1100349981064,14.009
ZWE,1997,16.13105445805,14.349
ZWE,1998,16.1520739179936,15.011
ZWE,1999,16.1730933779371,15.893
ZWE,2000,16.4276621408383,16.254
ZWE,2001,20.5419189070541,17.426
ZWE,2002,17.6837732370339,16.339
ZWE,2003,15.8129169534861,16.743
ZWE,2004,14.7665779281413,16.246
ZWE,2005,16.6255771860203,15.893
ZWE,2006,18.488492284243,15.501
ZWE,2007,19.5113559622937,15.204
ZWE,2008,19.5970488193935,14.714
ZWE,2009,17.9424037188657,13.983
ZWE,2010,20.2950258002951,12.745
ZWE,2011,16.7654811217047,11.694
ZWE,2012,18.3749796571735,10.946
ZWE,2013,17.2558192677332,10.233
ZWE,2014,15.2750857745994,9.621
ZWE,2015,17.8250254097149,9.18
ZWE,2016,15.6927565600598,8.816
ZWE,2017,15.5984191206377,8.587
ZWE,2018,18.0277324680283,8.321
ZWE,2019,16.5336648957629,8.281
ZWE,2020,13.698771280809,8.138
ZWE,2021,15.1447088758431,8.782
ZWE,2022,17.3901790946352,7.779
ZWE,2023,15.0254734850511,7.614
