iso,year,log_gdppc,fertility
ABW,1986,9.689715641924906,2.212
ABW,1987,9.851776717194758,2.243
ABW,1988,10.019869924175412,2.273
ABW,1989,10.115788391438693,2.306
ABW,1990,10.117132284971806,2.345
ABW,1991,10.1448781307408,2.362
ABW,1992,10.15593533003976,2.353
ABW,1993,10.160845204658065,2.331
ABW,1994,10.187988699287482,2.298
ABW,1995,10.185057977537886,2.288
ABW,1996,10.157338680104088,2.233
ABW,1997,10.186687719023217,2.138
ABW,1998,10.18180421854218,2.001
ABW,1999,10.180543767247153,1.897
ABW,2000,10.243699054962644,1.845
ABW,2001,10.27531792495204,1.813
ABW,2002,10.258902941749522,1.8
ABW,2003,10.258564490065902,1.808
ABW,2004,10.307610921546775,1.819
ABW,2005,10.277864619739226,1.844
ABW,2006,10.27110927669914,1.862
ABW,2007,10.294070416319773,1.881
ABW,2008,10.304632167664872,1.889
ABW,2009,10.173669629508701,1.875
ABW,2010,10.143654110695536,1.855
ABW,2011,10.169424435607478,1.858
ABW,2012,10.14426407186926,1.907
ABW,2013,10.191674789394664,1.944
ABW,2014,10.195179932080267,1.944
ABW,2015,10.220420861261761,1.899
ABW,2016,10.225108981345736,1.848
ABW,2017,10.25937335029299,1.785
ABW,2018,10.289403094518178,1.732
ABW,2019,10.298914562663938,1.701
ABW,2020,10.030922940419066,1.662
ABW,2021,10.177439790203405,1.631
ABW,2022,10.281889410894292,1.615
ABW,2023,10.372336654651042,1.602
ABW,2024,10.432318724433648,1.606
AFE,1960,7.078570596659313,6.65031036894191
AFE,1961,7.056501669525926,6.66730834168741
AFE,1962,7.106009948425405,6.68824576701073
AFE,1963,7.13358796360798,6.70922635305278
AFE,1964,7.1513440071336465,6.72492992979071
AFE,1965,7.173350229260043,6.73745943915781
AFE,1966,7.192393593366535,6.76648648398455
AFE,1967,7.2159571495761865,6.77549319640557
AFE,1968,7.227776209304793,6.7825231473586
AFE,1969,7.248826988044723,6.78281325136195
AFE,1970,7.2310039016357885,6.79270924423155
AFE,1971,7.25550994979428,6.79899797307996
AFE,1972,7.2543464064577,6.79835183147635
AFE,1973,7.270315284465299,6.79603792998549
AFE,1974,7.293845848439974,6.79297208563693
AFE,1975,7.278280495894859,6.78336232325025
AFE,1976,7.272322729003298,6.7682916425784
AFE,1977,7.255066362192999,6.74940517002009
AFE,1978,7.239867109757947,6.73332529073521
AFE,1979,7.237431046285555,6.71517811064519
AFE,1980,7.260532050462248,6.69461156323483
AFE,1981,7.268133806698219,6.66376949580984
AFE,1982,7.239060390459484,6.63544939064984
AFE,1983,7.20836677891447,6.59534764547448
AFE,1984,7.211519383392338,6.54988619558372
AFE,1985,7.180546412813541,6.50024081179738
AFE,1986,7.173125894824218,6.44827093188949
AFE,1987,7.18178849986747,6.39868038918192
AFE,1988,7.194711310349158,6.32904104386327
AFE,1989,7.192765765452541,6.24992878317002
AFE,1990,7.165312023025982,6.16021171875849
AFE,1991,7.136743685778751,6.09484601741377
AFE,1992,7.085887187613857,6.02821887809702
AFE,1993,7.049766898282214,5.97024615922812
AFE,1994,7.042210962289488,5.91123813561732
AFE,1995,7.058866566603038,5.85348014036154
AFE,1996,7.085944799692773,5.78158012010132
AFE,1997,7.098147187206533,5.71082027615964
AFE,1998,7.089830623970044,5.66288610499311
AFE,1999,7.08960196572944,5.61161901998499
AFE,2000,7.094962103709805,5.54989301895013
AFE,2001,7.103509447175725,5.50176609365985
AFE,2002,7.11585228153977,5.44969577120575
AFE,2003,7.119310384694277,5.40732792013545
AFE,2004,7.147713232231565,5.38130825995291
AFE,2005,7.181034971430031,5.35039851932097
AFE,2006,7.218601987016151,5.30592047242956
AFE,2007,7.256560658669608,5.25398480103277
AFE,2008,7.272760441678649,5.21940349533757
AFE,2009,7.25453527144903,5.14253544179731
AFE,2010,7.279167600890849,5.06649130694819
AFE,2011,7.28953277913196,4.98101022132388
AFE,2012,7.281224388321311,4.89962717527948
AFE,2013,7.299040293924229,4.81957931743396
AFE,2014,7.310415422606254,4.74808797669378
AFE,2015,7.312364000988607,4.67652267089581
AFE,2016,7.3086227446158825,4.61575640708229
AFE,2017,7.308638165214992,4.56991525358056
AFE,2018,7.307997908353046,4.52145351469467
AFE,2019,7.299952086136764,4.47135093640992
AFE,2020,7.243211235085429,4.4129987402204
AFE,2021,7.260280448688831,4.3506907649087
AFE,2022,7.270376484439112,4.28707989151235
AFE,2023,7.264412589671137,4.22386057727533
AFE,2024,7.2671823368564805,4.16404379125111
AFG,2000,5.731132592775109,7.566
AFG,2001,5.624443593897058,7.453
AFG,2002,5.823459932962957,7.32
AFG,2003,5.8466457683621,7.174
AFG,2004,5.824929546003668,7.018
AFG,2005,5.896164756200818,6.858
AFG,2006,5.907425960704261,6.686
AFG,2007,6.018003573244542,6.508
AFG,2008,6.034637254889591,6.392
AFG,2009,6.192016115571962,6.295
AFG,2010,6.296871778787796,6.195
AFG,2011,6.264211232548303,6.094
AFG,2012,6.343755683741355,5.985
AFG,2013,6.364068653933694,5.879
AFG,2014,6.354624348994881,5.77
AFG,2015,6.337833595485375,5.652
AFG,2016,6.334827872548525,5.542
AFG,2017,6.3328702621956765,5.433
AFG,2018,6.315584290000878,5.327
AFG,2019,6.32411078321368,5.238
AFG,2020,6.2687828908525365,5.145
AFG,2021,6.012799957957212,5.039
AFG,2022,5.934009219701311,4.932
AFG,2023,5.935069585324131,4.84
AFG,2024,5.92526249963338,4.761
AFW,1960,7.030360790401842,6.4688817098498
AFW,1961,7.027845783481606,6.47834528656808
AFW,1962,7.043113335161933,6.49227590069647
AFW,1963,7.089428517224362,6.50023025348845
AFW,1964,7.1198737978742015,6.51672386426079
AFW,1965,7.138076420613975,6.5327051585412
AFW,1966,7.10057605979573,6.55639425281808
AFW,1967,6.98431510739262,6.58244683297033
AFW,1968,6.977279099055378,6.60691990766238
AFW,1969,7.093698595776151,6.63318800980981
AFW,1970,7.2292053807114085,6.65554623919536
AFW,1971,7.304046936759218,6.69703640614199
AFW,1972,7.310721548854384,6.73326595744144
AFW,1973,7.323976897863727,6.76390185612439
AFW,1974,7.3925328783973026,6.80205708137987
AFW,1975,7.345436013759706,6.83892285407124
AFW,1976,7.399476923896181,6.85835927188583
AFW,1977,7.4169047939750365,6.89020904701304
AFW,1978,7.369629221059377,6.91603707185669
AFW,1979,7.390403069586169,6.90484508141147
AFW,1980,7.3805955603499855,6.8880454681608
AFW,1981,7.283418599181141,6.87163081121403
AFW,1982,7.221236055716891,6.84683652863612
AFW,1983,7.129139260283163,6.81964522341859
AFW,1984,7.107797954384631,6.77041597848347
AFW,1985,7.132362558543755,6.71811474133429
AFW,1986,7.117538070247668,6.67688780915461
AFW,1987,7.104173896465084,6.630395858326
AFW,1988,7.123210471017319,6.59492362133198
AFW,1989,7.112590916203276,6.56281060334971
AFW,1990,7.140475268179521,6.51750015064568
AFW,1991,7.12516716920478,6.47094560698628
AFW,1992,7.120240945371054,6.41838924330729
AFW,1993,7.079935385815841,6.36289623151705
AFW,1994,7.051057830081502,6.30014297175059
AFW,1995,7.042063275458848,6.23709985741449
AFW,1996,7.059950577566367,6.17219579970824
AFW,1997,7.0756670500631165,6.10431923090921
AFW,1998,7.083625461750189,6.0458287463618
AFW,1999,7.071437713699227,6.02910438779487
AFW,2000,7.081380712871449,6.0233696179763
AFW,2001,7.104543667317399,5.99123024448238
AFW,2002,7.171236495161529,5.95725889861104
AFW,2003,7.1978357930723496,5.92454319845166
AFW,2004,7.247190636268217,5.89643006717178
AFW,2005,7.275165097827111,5.87255288384985
AFW,2006,7.298419747088073,5.84672656274002
AFW,2007,7.323200508006038,5.8102777837122
AFW,2008,7.355136403643788,5.78607830792923
AFW,2009,7.38674356944731,5.75169437925293
AFW,2010,7.426466898900738,5.71344560011985
AFW,2011,7.446278794131101,5.66627507528846
AFW,2012,7.46854110980681,5.59747202018279
AFW,2013,7.500007195556286,5.51615684120548
AFW,2014,7.528144023006615,5.44066731273946
AFW,2015,7.530158866983318,5.34716145019447
AFW,2016,7.505305764609678,5.2294334981165
AFW,2017,7.501940714939774,5.0992555835747
AFW,2018,7.505300102272209,4.96288509692401
AFW,2019,7.513252894329062,4.82945527873639
AFW,2020,7.451502383990212,4.70773888647275
AFW,2021,7.453081580620127,4.63813910802773
AFW,2022,7.4736708679538735,4.56381660302177
AFW,2023,7.485674571113908,4.49819642332456
AFW,2024,7.506630485961907,4.41645027493679
AGO,1980,8.066753603114273,7.459
AGO,1981,7.985331619910696,7.459
AGO,1982,7.948551269889938,7.461
AGO,1983,7.952532589533055,7.462
AGO,1984,7.9737411579414355,7.459
AGO,1985,7.971356102314829,7.451
AGO,1986,7.963759320487775,7.435
AGO,1987,7.969037896932584,7.409
AGO,1988,7.994488066593707,7.373
AGO,1989,7.960758478332761,7.328
AGO,1990,7.891724245565713,7.272
AGO,1991,7.867998475135612,7.208
AGO,1992,7.7751005863334,7.138
AGO,1993,7.468925964072644,7.065
AGO,1994,7.449813804632656,6.99
AGO,1995,7.5561758598837905,6.918
AGO,1996,7.649383268167217,6.851
AGO,1997,7.685646826231217,6.789
AGO,1998,7.698023238773372,6.732
AGO,1999,7.6866508295679195,6.683
AGO,2000,7.683616948912489,6.639
AGO,2001,7.691279364175825,6.601
AGO,2002,7.785296001922814,6.567
AGO,2003,7.784641407850435,6.533
AGO,2004,7.856832265136817,6.499
AGO,2005,7.952754615039615,6.461
AGO,2006,8.027821041497328,6.419
AGO,2007,8.112636667816602,6.372
AGO,2008,8.177289737932542,6.32
AGO,2009,8.159033501405847,6.26
AGO,2010,8.172105595730596,6.194
AGO,2011,8.168534104123705,6.12
AGO,2012,8.211307037072258,6.039
AGO,2013,8.22048307178325,5.953
AGO,2014,8.228661744958945,5.864
AGO,2015,8.200213831159326,5.774
AGO,2016,8.16211592674171,5.686
AGO,2017,8.125061560415029,5.6
AGO,2018,8.08544937424001,5.519
AGO,2019,8.040962119816442,5.442
AGO,2020,7.954106231451704,5.371
AGO,2021,7.933139802670658,5.304
AGO,2022,7.936666292868092,5.209
AGO,2023,7.918975016038248,5.124
AGO,2024,7.936872401436947,5.048
ALB,1980,7.5085071207122365,3.59
ALB,1981,7.5443437349027995,3.468
ALB,1982,7.5522706345644055,3.416
ALB,1983,7.542050565395047,3.319
ALB,1984,7.508416248329848,3.282
ALB,1985,7.5055060643660925,3.214
ALB,1986,7.541014660979032,3.141
ALB,1987,7.5131346360931595,3.106
ALB,1988,7.479965343824573,3.069
ALB,1989,7.546909880232338,3.03
ALB,1990,7.428262536556052,3.014
ALB,1991,7.105756820744654,2.956
ALB,1992,7.037236503226149,2.885
ALB,1993,7.134634949621695,2.811
ALB,1994,7.220535191399161,2.798
ALB,1995,7.351778307346563,2.762
ALB,1996,7.4287904012862755,2.666
ALB,1997,7.310483547549403,2.535
ALB,1998,7.396604424035054,2.425
ALB,1999,7.518502774665193,2.313
ALB,2000,7.596851444585374,2.217
ALB,2001,7.691162885553096,2.141
ALB,2002,7.739406452395294,2.002
ALB,2003,7.795107027260158,2.006
ALB,2004,7.850609121509021,1.889
ALB,2005,7.905762334472726,1.787
ALB,2006,7.970519407319937,1.686
ALB,2007,8.041052263627465,1.633
ALB,2008,8.115515387692694,1.616
ALB,2009,8.148806201724556,1.638
ALB,2010,8.183068952995455,1.653
ALB,2011,8.210095742267674,1.677
ALB,2012,8.2353202979289,1.719
ALB,2013,8.267679934508259,1.741
ALB,2014,8.305266334335276,1.721
ALB,2015,8.342730067120554,1.631
ALB,2016,8.396506123719536,1.555
ALB,2017,8.444241950183459,1.486
ALB,2018,8.495729230969024,1.415
ALB,2019,8.53157654989607,1.395
ALB,2020,8.513309056972297,1.371
ALB,2021,8.614638804836305,1.365
ALB,2022,8.677209655950756,1.355
ALB,2023,8.733019679172903,1.348
ALB,2024,8.787103356010247,1.341
AND,1970,10.669084279570148,2.787
AND,1971,10.643760429942192,2.832
AND,1972,10.653835739439216,2.905
AND,1973,10.662847671527663,2.826
AND,1974,10.654041146215505,2.735
AND,1975,10.598468310282243,2.458
AND,1976,10.57281807114453,2.207
AND,1977,10.54591548007018,2.029
AND,1978,10.50910600537672,1.884
AND,1979,10.462646067189509,1.795
AND,1980,10.442368245017498,1.83
AND,1981,10.403012514979125,1.797
AND,1982,10.373383182303314,1.726
AND,1983,10.345515878682159,1.574
AND,1984,10.32196240134538,1.475
AND,1985,10.308855531520749,1.434
AND,1986,10.298233176559549,1.397
AND,1987,10.311116915904377,1.367
AND,1988,10.324476350314447,1.365
AND,1989,10.347545366838714,1.395
AND,1990,10.346349496021354,1.401
AND,1991,10.296957876037906,1.397
AND,1992,10.245726788495295,1.373
AND,1993,10.185587837017646,1.334
AND,1994,10.188182855455079,1.317
AND,1995,10.226277543451697,1.319
AND,1996,10.270600394223257,1.329
AND,1997,10.34627059292633,1.354
AND,1998,10.367233017377767,1.383
AND,1999,10.402401829270836,1.421
AND,2000,10.437457782912025,1.273
AND,2001,10.5129841670294,1.305
AND,2002,10.547562242236257,1.265
AND,2003,10.587097401000207,1.18
AND,2004,10.597991840637471,1.229
AND,2005,10.60975268683884,1.224
AND,2006,10.629151605479175,1.234
AND,2007,10.616171613559564,1.189
AND,2008,10.539406126392391,1.25
AND,2009,10.48022405560148,1.208
AND,2010,10.498946500133034,1.275
AND,2011,10.535755822986848,1.321
AND,2012,10.497007153700574,1.26
AND,2013,10.482462436222539,1.142
AND,2014,10.526765345966576,1.168
AND,2015,10.562429723012254,1.223
AND,2016,10.598757992350489,1.184
AND,2017,10.580532339238744,1.129
AND,2018,10.577506573182125,1.053
AND,2019,10.58015658699795,1.045
AND,2020,10.4497763557476,1.028
AND,2021,10.516752947863903,1.058
AND,2022,10.591129522521134,1.071
AND,2023,10.602299496229332,1.082
AND,2024,10.62677570784863,1.087
ARB,1966,7.78317438066582,6.97006646898323
ARB,1967,7.820482276053954,6.94757072656492
ARB,1968,7.89413418471121,6.92058834697033
ARB,1969,7.937074710945104,6.88622907990047
ARB,1970,8.114844829340216,6.85324916247493
ARB,1971,8.158531791348626,6.81247936353208
ARB,1972,8.260516083352224,6.76441219938223
ARB,1973,8.355948965215715,6.70933975774271
ARB,1974,8.42630407832879,6.66173747850986
ARB,1975,8.395247389403812,6.61676653259843
ARB,1976,8.497120805314196,6.56932052403797
ARB,1977,8.529590410209922,6.50558714076787
ARB,1978,8.525810897413217,6.43943191179615
ARB,1979,8.591895620685893,6.38534031749251
ARB,1980,8.618172431869933,6.31505967411158
ARB,1981,8.594770158746819,6.22969733689023
ARB,1982,8.50216442819659,6.15238948628116
ARB,1983,8.4323880692293,6.0674616818145
ARB,1984,8.41342912458688,5.95526449260975
ARB,1985,8.374187292885209,5.83765214424102
ARB,1986,8.336034136362684,5.69632046171871
ARB,1987,8.308721933157987,5.5625706977479
ARB,1988,8.313284990294994,5.43363430919222
ARB,1989,8.323771968732768,5.28417325945673
ARB,1990,8.36631503780018,5.15485883194052
ARB,1991,8.33624164575476,5.0127064562784
ARB,1992,8.374346856255041,4.87043694708586
ARB,1993,8.378588558048982,4.72248668278884
ARB,1994,8.384161610009414,4.59348434436688
ARB,1995,8.386561633200277,4.43526942204969
ARB,1996,8.4091731779614,4.29082607782232
ARB,1997,8.438338245706685,4.19151507626844
ARB,1998,8.46074206908052,4.10449389117135
ARB,1999,8.464212482412472,4.0159586665213
ARB,2000,8.50149363620282,3.93474923419248
ARB,2001,8.498461211391467,3.85844968262325
ARB,2002,8.487379091622536,3.78100074910528
ARB,2003,8.505029784243689,3.72725438909958
ARB,2004,8.568744390281264,3.6796507015543
ARB,2005,8.59929699193802,3.6433356042585
ARB,2006,8.636284427214823,3.61922849596914
ARB,2007,8.656378562856249,3.60428476711649
ARB,2008,8.685392389014373,3.58028520655661
ARB,2009,8.667458289267563,3.57118607702881
ARB,2010,8.693784313455573,3.57186073483879
ARB,2011,8.708474564861223,3.56597589031882
ARB,2012,8.738001758837328,3.58216031979128
ARB,2013,8.737817549540756,3.5741271698933
ARB,2014,8.739914847660915,3.56212633472775
ARB,2015,8.74828555931228,3.53244359112271
ARB,2016,8.760210648498736,3.46298807812024
ARB,2017,8.753372813749053,3.42519822145484
ARB,2018,8.761949504437151,3.32426875614683
ARB,2019,8.760472993553092,3.25509307857063
ARB,2020,8.68513080694347,3.20826865698484
ARB,2021,8.713347300718803,3.14558842701715
ARB,2022,8.75800074667171,3.10776674481051
ARB,2023,8.751794939479039,3.08975083762374
ARB,2024,8.750089555624772,3.05741457915216
ARE,1970,10.794277478375788,6.519
ARE,1971,10.949907906398412,6.519
ARE,1972,11.140715850099756,6.502
ARE,1973,11.5842698087328,6.464
ARE,1974,11.605673913481047,6.411
ARE,1975,11.56178408859962,6.353
ARE,1976,11.588548839553255,6.291
ARE,1977,11.64026660699118,6.223
ARE,1978,11.49366445712075,6.151
ARE,1979,11.564138876487641,6.059
ARE,1980,11.670555933667856,5.953
ARE,1981,11.636496350276312,5.814
ARE,1982,11.508223046243037,5.658
ARE,1983,11.402177594992768,5.482
ARE,1984,11.385915018407703,5.303
ARE,1985,11.295701665469064,5.125
ARE,1986,11.070767456212726,4.999
ARE,1987,11.03372820719364,4.883
ARE,1988,10.94110623360589,4.768
ARE,1989,10.995176669878806,4.65
ARE,1990,11.10468034239991,4.506
ARE,1991,11.057706507731929,4.251
ARE,1992,11.038139512750323,4.088
ARE,1993,11.001149236169658,3.819
ARE,1994,11.021195419751878,3.761
ARE,1995,11.04121316596539,3.278
ARE,1996,11.032813657567553,3.06
ARE,1997,11.030290899439864,2.825
ARE,1998,10.957030933408474,2.765
ARE,1999,10.914065587972646,2.793
ARE,2000,10.949742122216009,2.733
ARE,2001,10.899871702862434,2.622
ARE,2002,10.863160170818956,2.541
ARE,2003,10.889661863134863,2.491
ARE,2004,10.926144171931833,2.385
ARE,2005,10.921677288698922,2.232
ARE,2006,10.944293652516773,1.958
ARE,2007,10.859741470695086,1.792
ARE,2008,10.777344452891906,1.516
ARE,2009,10.661302807300565,1.582
ARE,2010,10.653224087262858,1.565
ARE,2011,10.684823981470682,1.539
ARE,2012,10.69100305965656,1.532
ARE,2013,10.699025063159477,1.527
ARE,2014,10.697783860486215,1.483
ARE,2015,10.712423467812927,1.417
ARE,2016,10.718155122745136,1.366
ARE,2017,10.67574670552552,1.35
ARE,2018,10.677703128452555,1.288
ARE,2019,10.679790746411875,1.247
ARE,2020,10.593591767710432,1.289
ARE,2021,10.619762501180276,1.162
ARE,2022,10.641334846598959,1.148
ARE,2023,10.64367520911643,1.2
ARE,2024,10.635985578904108,1.213
ARG,1960,8.908844615725227,3.136
ARG,1961,8.945149525730752,3.12
ARG,1962,8.92002439707366,3.126
ARG,1963,8.849047667653224,3.109
ARG,1964,8.929438582405837,3.075
ARG,1965,9.014270931376185,3.005
ARG,1966,8.992336698096016,2.966
ARG,1967,9.008502553597582,2.982
ARG,1968,9.040300117922431,3.011
ARG,1969,9.117341576098807,3.049
ARG,1970,9.131743225076619,3.085
ARG,1971,9.171039159742756,3.108
ARG,1972,9.171359197672666,3.135
ARG,1973,9.182921135882198,3.17
ARG,1974,9.220334950723299,3.216
ARG,1975,9.203969705754135,3.271
ARG,1976,9.167928418047428,3.317
ARG,1977,9.219135331403521,3.359
ARG,1978,9.15703875646156,3.359
ARG,1979,9.2384035328818,3.339
ARG,1980,9.237546768935978,3.301
ARG,1981,9.16823357268037,3.253
ARG,1982,9.144807719934564,3.204
ARG,1983,9.17136043575739,3.148
ARG,1984,9.171022169334927,3.116
ARG,1985,9.102010869753958,3.066
ARG,1986,9.146171773229526,3.054
ARG,1987,9.157409818683082,3.037
ARG,1988,9.130951619338513,3.046
ARG,1989,9.041378388435033,3.022
ARG,1990,9.001481046574039,3.034
ARG,1991,9.074500394927384,3.012
ARG,1992,9.137036821690298,2.987
ARG,1993,9.202376099770508,2.966
ARG,1994,9.24569716059452,2.935
ARG,1995,9.203729343343023,2.864
ARG,1996,9.244948540627123,2.781
ARG,1997,9.310790784763434,2.706
ARG,1998,9.336814614986345,2.662
ARG,1999,9.290843275402365,2.643
ARG,2000,9.271590714591147,2.591
ARG,2001,9.215521411810418,2.531
ARG,2002,9.089478325218936,2.493
ARG,2003,9.163828464434127,2.451
ARG,2004,9.240136673356535,2.43
ARG,2005,9.314677947324345,2.426
ARG,2006,9.381793005097167,2.4
ARG,2007,9.45812987103844,2.37
ARG,2008,9.487771863276931,2.432
ARG,2009,9.416165091577739,2.4
ARG,2010,9.502050972116228,2.411
ARG,2011,9.54970975869115,2.393
ARG,2012,9.529115900298596,2.304
ARG,2013,9.54295482571449,2.335
ARG,2014,9.507190185666095,2.386
ARG,2015,9.52366288803301,2.35
ARG,2016,9.492951061469718,2.241
ARG,2017,9.511933706412325,2.168
ARG,2018,9.477181411867754,2.067
ARG,2019,9.449860910237419,1.882
ARG,2020,9.340758851642148,1.601
ARG,2021,9.437418665623444,1.585
ARG,2022,9.493775178375971,1.482
ARG,2023,9.472173178879085,1.5
ARG,2024,9.455194584790855,1.504
ARM,1990,7.404901045733176,2.708
ARM,1991,7.2632090170524375,2.643
ARM,1992,6.733646218150828,2.499
ARM,1993,6.675278128894983,2.286
ARM,1994,6.753898110024813,2.084
ARM,1995,6.8377166782020735,2.067
ARM,1996,6.903474404419655,2.06
ARM,1997,6.946090816156673,1.9
ARM,1998,7.028289095283086,1.81
ARM,1999,7.073653897855953,1.534
ARM,2000,7.114131118141311,1.3
ARM,2001,7.208689695141339,1.2
ARM,2002,7.3364188946968705,1.2
ARM,2003,7.472868413519926,1.3
ARM,2004,7.57825934040802,1.4
ARM,2005,7.714272542250184,1.3
ARM,2006,7.844411406664453,1.3
ARM,2007,7.97912431526816,1.4
ARM,2008,8.052402172085555,1.4
ARM,2009,7.9072741735352015,1.5
ARM,2010,7.935974228208692,1.5
ARM,2011,7.9874690677133895,1.5
ARM,2012,8.058250913748191,1.6
ARM,2013,8.09141276658874,1.6
ARM,2014,8.129497033280357,1.7
ARM,2015,8.164052993685441,1.6
ARM,2016,8.170153121527093,1.6
ARM,2017,8.246794167624104,1.6
ARM,2018,8.30098402411806,1.6
ARM,2019,8.376426175164447,1.6
ARM,2020,8.302040238703432,1.7
ARM,2021,8.35815047524684,1.7
ARM,2022,8.474495442334888,1.7
ARM,2023,8.555882049724369,1.9
ARM,2024,8.59013096483468,1.7
ASM,2002,9.476898631851508,3.866
ASM,2003,9.48810352051655,3.91
ASM,2004,9.494882695271539,3.945
ASM,2005,9.494336593483936,3.863
ASM,2006,9.456790717711106,3.685
ASM,2007,9.479780400946739,3.509
ASM,2008,9.457939497679638,3.42
ASM,2009,9.42076802086995,3.359
ASM,2010,9.429179362065932,3.292
ASM,2011,9.435227163433144,3.169
ASM,2012,9.398334702909919,3.043
ASM,2013,9.381920589858035,2.932
ASM,2014,9.40944443402567,2.852
ASM,2015,9.451513235281285,2.78
ASM,2016,9.446619906609893,2.699
ASM,2017,9.386876653262345,2.598
ASM,2018,9.426467558668332,2.494
ASM,2019,9.435403362006983,2.404
ASM,2020,9.487538282677129,2.36
ASM,2021,9.490512702903652,2.327
ASM,2022,9.525814941764272,2.305
ATG,1977,8.709877091316013,2.784
ATG,1978,8.750026489985737,2.573
ATG,1979,8.82404433620026,2.632
ATG,1980,8.898792545227614,2.311
ATG,1981,8.933874169506783,2.166
ATG,1982,8.931184755588045,2.087
ATG,1983,8.981136597740653,2.116
ATG,1984,9.078748876665252,2.038
ATG,1985,9.15690188473463,2.151
ATG,1986,9.270588282138803,2.032
ATG,1987,9.339894080039526,2.067
ATG,1988,9.39577595293731,2.132
ATG,1989,9.451660950208717,2.199
ATG,1990,9.48543283563274,2.249
ATG,1991,9.501890810367946,2.036
ATG,1992,9.497492770149027,2.126
ATG,1993,9.530743214246712,2.036
ATG,1994,9.576403962175949,2.069
ATG,1995,9.51189049478218,2.159
ATG,1996,9.555196501964158,2.266
ATG,1997,9.587975663863485,2.19
ATG,1998,9.615257347291571,2.017
ATG,1999,9.634494637938133,1.956
ATG,2000,9.67790927943493,2.196
ATG,2001,9.616034714934925,2.018
ATG,2002,9.613674564721912,1.94
ATG,2003,9.661666578697853,1.887
ATG,2004,9.707071922516116,1.852
ATG,2005,9.758531918589824,1.832
ATG,2006,9.865767442807254,1.831
ATG,2007,9.941277866872218,1.86
ATG,2008,9.926460946976311,2.042
ATG,2009,9.783954910362805,2.006
ATG,2010,9.688770732908345,1.785
ATG,2011,9.657197495355556,1.746
ATG,2012,9.679680657506735,1.655
ATG,2013,9.664481047365431,1.537
ATG,2014,9.678297220288695,1.526
ATG,2015,9.685184397388992,1.567
ATG,2016,9.719318003225215,1.458
ATG,2017,9.740552815986323,1.485
ATG,2018,9.800466500618446,1.371
ATG,2019,9.826890425274014,1.468
ATG,2020,9.612526392395905,1.569
ATG,2021,9.685625121562634,1.58
ATG,2022,9.761881791535526,1.58
ATG,2023,9.794694412313689,1.578
ATG,2024,9.814906781575601,1.582
AUS,1960,9.901336166949019,3.453
AUS,1961,9.905944604506784,3.54
AUS,1962,9.894424146775684,3.442
AUS,1963,9.935535266180342,3.332
AUS,1964,9.983360740007972,3.146
AUS,1965,10.021820243177352,2.977
AUS,1966,10.022519689099857,2.881
AUS,1967,10.071056923269186,2.848
AUS,1968,10.103111088898498,2.888
AUS,1969,10.15028429088444,2.886
AUS,1970,10.19987242790683,2.859
AUS,1971,10.205299691896482,2.961
AUS,1972,10.22524410533632,2.744
AUS,1973,10.23580442561776,2.491
AUS,1974,10.250737517018326,2.397
AUS,1975,10.251723849516518,2.148
AUS,1976,10.267246313159845,2.06
AUS,1977,10.291273135016716,2.007
AUS,1978,10.28855807071651,1.949
AUS,1979,10.317467920555847,1.907
AUS,1980,10.335172531543154,1.891
AUS,1981,10.352432346246104,1.935
AUS,1982,10.367839405977524,1.929
AUS,1983,10.331644703300814,1.924
AUS,1984,10.364272991445857,1.84
AUS,1985,10.402421434365568,1.923
AUS,1986,10.426886345171196,1.868
AUS,1987,10.436921249821852,1.845
AUS,1988,10.476574907201213,1.831
AUS,1989,10.497702855820949,1.838
AUS,1990,10.518008643857744,1.902
AUS,1991,10.501408696345056,1.849
AUS,1992,10.494534027655119,1.888
AUS,1993,10.52529995451728,1.859
AUS,1994,10.554686302240528,1.842
AUS,1995,10.581713075659758,1.822
AUS,1996,10.60750281561913,1.796
AUS,1997,10.635113954295282,1.778
AUS,1998,10.670854060181092,1.762
AUS,1999,10.708973195529277,1.755
AUS,2000,10.735941714718473,1.756
AUS,2001,10.743213033182606,1.739
AUS,2002,10.770575601674322,1.756
AUS,2003,10.789518298688597,1.748
AUS,2004,10.820150024274179,1.768
AUS,2005,10.839044307362924,1.807
AUS,2006,10.852882106763559,1.908
AUS,2007,10.871826484872285,1.959
AUS,2008,10.887386003649693,1.984
AUS,2009,10.886137537225098,1.971
AUS,2010,10.89244027811907,1.928
AUS,2011,10.902210113689053,1.926
AUS,2012,10.923515516426473,1.92
AUS,2013,10.932502339233968,1.855
AUS,2014,10.94326601733858,1.826
AUS,2015,10.950286434437997,1.814
AUS,2016,10.96185059222698,1.752
AUS,2017,10.96805640614174,1.741
AUS,2018,10.981432847810053,1.74
AUS,2019,10.988360889052197,1.657
AUS,2020,10.974690395163083,1.581
AUS,2021,10.99315219129977,1.7
AUS,2022,11.021909966780772,1.63
AUS,2023,11.03277585891089,1.499
AUS,2024,11.02657098984954,1.481
AUT,1960,9.383851930624045,2.69
AUT,1961,9.432267899966334,2.78
AUT,1962,9.452280987088486,2.8
AUT,1963,9.486406688908996,2.82
AUT,1964,9.539182573165302,2.79
AUT,1965,9.56689513247033,2.7
AUT,1966,9.61477515899048,2.66
AUT,1967,9.636937836150086,2.62
AUT,1968,9.67549719070211,2.58
AUT,1969,9.732911920906634,2.49
AUT,1970,9.798226091705589,2.29
AUT,1971,9.843648138578594,2.2
AUT,1972,9.898064171828826,2.08
AUT,1973,9.940269910401835,1.94
AUT,1974,9.977232047553116,1.91
AUT,1975,9.976241252572754,1.83
AUT,1976,10.022775248268047,1.69
AUT,1977,10.071942943310662,1.63
AUT,1978,10.07064379533731,1.6
AUT,1979,10.124529981012758,1.6
AUT,1980,10.14169558238011,1.65
AUT,1981,10.137701410704576,1.67
AUT,1982,10.156897200504416,1.66
AUT,1983,10.187810695293608,1.56
AUT,1984,10.188386264495568,1.52
AUT,1985,10.21259647805362,1.47
AUT,1986,10.234714089762598,1.45
AUT,1987,10.247561657289786,1.43
AUT,1988,10.278573252518497,1.45
AUT,1989,10.31220241738835,1.45
AUT,1990,10.347121083086092,1.46
AUT,1991,10.370974184049917,1.51
AUT,1992,10.38068777451896,1.51
AUT,1993,10.377695764920482,1.5
AUT,1994,10.39758428367529,1.47
AUT,1995,10.42238335938929,1.42
AUT,1996,10.442948918143925,1.45
AUT,1997,10.463047113673522,1.39
AUT,1998,10.49628246235925,1.37
AUT,1999,10.531265730857301,1.34
AUT,2000,10.560258204241288,1.36
AUT,2001,10.569514116426912,1.33
AUT,2002,10.579328910212183,1.39
AUT,2003,10.585808554858044,1.38
AUT,2004,10.604933471077446,1.42
AUT,2005,10.621059338504935,1.41
AUT,2006,10.648281662827076,1.41
AUT,2007,10.682097270561812,1.38
AUT,2008,10.69339531968793,1.42
AUT,2009,10.654254275368153,1.39
AUT,2010,10.669778482664274,1.44
AUT,2011,10.695262034267998,1.43
AUT,2012,10.696965469540093,1.44
AUT,2013,10.688561184309245,1.44
AUT,2014,10.688275337993321,1.46
AUT,2015,10.690016418660566,1.49
AUT,2016,10.700153635335925,1.53
AUT,2017,10.715675612695888,1.52
AUT,2018,10.735343554098822,1.47
AUT,2019,10.748294360955562,1.46
AUT,2020,10.678875753026356,1.44
AUT,2021,10.72257647213907,1.48
AUT,2022,10.764950837219436,1.41
AUT,2023,10.747162675814796,1.32
AUT,2024,10.735501166081626,1.31
AZE,1990,7.960815866509222,2.74
AZE,1991,7.940486793008571,2.87
AZE,1992,7.669187098197439,2.74
AZE,1993,7.391364736455874,2.7
AZE,1994,7.1584794058630115,2.52
AZE,1995,7.021359531605765,2.29
AZE,1996,7.024157751829006,2.06
AZE,1997,7.070891348926538,2.07
AZE,1998,7.1567101437329095,2.0
AZE,1999,7.219324164921436,2.07
AZE,2000,7.316369468232327,2.0
AZE,2001,7.40302248303462,1.8
AZE,2002,7.485757112532376,1.8
AZE,2003,7.5753826230351535,1.9
AZE,2004,7.655131796672319,2.0535
AZE,2005,7.891468689996056,2.0
AZE,2006,8.176625576171084,1.97
AZE,2007,8.392129449389108,1.97
AZE,2008,8.471803390201368,1.9
AZE,2009,8.540603803071903,1.82
AZE,2010,8.575482945981532,1.92
AZE,2011,8.546597935020886,1.96
AZE,2012,8.555100544642803,2.0
AZE,2013,8.598956681903728,1.98
AZE,2014,8.61406626855578,1.97
AZE,2015,8.61259493907989,1.94
AZE,2016,8.570301290618433,1.9
AZE,2017,8.562023640524542,1.75
AZE,2018,8.568253041203139,1.73
AZE,2019,8.584282179728273,1.81
AZE,2020,8.53454187453439,1.7
AZE,2021,8.584773754732,1.52
AZE,2022,8.630447811428732,1.67
AZE,2023,8.642699254361219,1.55
AZE,2024,8.678637145742835,1.43
BDI,1960,5.531389198029666,7.003
BDI,1961,5.358202210840374,7.023
BDI,1962,5.419597123090926,7.038
BDI,1963,5.43905652617611,7.067
BDI,1964,5.471414031869679,7.09
BDI,1965,5.4826538374324825,7.113
BDI,1966,5.503661847513075,7.135
BDI,1967,5.607739337635504,7.156
BDI,1968,5.580897392879039,7.18
BDI,1969,5.5444808389574955,7.215
BDI,1970,5.716072615164111,7.214
BDI,1971,5.718865810773357,7.213
BDI,1972,5.652728156532426,7.21
BDI,1973,5.720770554805434,7.215
BDI,1974,5.6884321400380085,7.222
BDI,1975,5.670580629915221,7.244
BDI,1976,5.7246079744392855,7.248
BDI,1977,5.80751869237581,7.245
BDI,1978,5.769180424192565,7.259
BDI,1979,5.760837650306256,7.307
BDI,1980,5.728729583185149,7.353
BDI,1981,5.802768895604662,7.329
BDI,1982,5.767222540674922,7.314
BDI,1983,5.776906326470888,7.298
BDI,1984,5.754229873931777,7.295
BDI,1985,5.844019244093343,7.294
BDI,1986,5.857235855044266,7.32
BDI,1987,5.887990927356722,7.38
BDI,1988,5.9149256571468705,7.383
BDI,1989,5.908697306737245,7.387
BDI,1990,5.9222356880138385,7.365
BDI,1991,5.950304887744721,7.336
BDI,1992,5.933619096512576,7.301
BDI,1993,5.900669691613511,7.272
BDI,1994,5.85511848053911,7.23
BDI,1995,5.712748309582295,7.184
BDI,1996,5.628676239823989,7.123
BDI,1997,5.6127249168439866,7.04
BDI,1998,5.6400290415813865,6.958
BDI,1999,5.60591553334724,6.897
BDI,2000,5.576533807855859,6.872
BDI,2001,5.571826548045039,6.849
BDI,2002,5.58712933161196,6.819
BDI,2003,5.54322563228284,6.785
BDI,2004,5.553153399918638,6.746
BDI,2005,5.524970486020733,6.708
BDI,2006,5.5416775075109515,6.659
BDI,2007,5.5385607803557715,6.588
BDI,2008,5.54522612124208,6.515
BDI,2009,5.531736027160813,6.409
BDI,2010,5.53460842042922,6.26
BDI,2011,5.538287004548373,6.108
BDI,2012,5.545881860116984,5.991
BDI,2013,5.558028565529743,5.889
BDI,2014,5.565656626531303,5.794
BDI,2015,5.538917993469318,5.695
BDI,2016,5.55319975299393,5.587
BDI,2017,5.567297540952551,5.481
BDI,2018,5.589152059911642,5.38
BDI,2019,5.59994304493375,5.271
BDI,2020,5.573916266980457,5.177
BDI,2021,5.578531567449509,5.078
BDI,2022,5.574385571046794,4.98
BDI,2023,5.57913836033176,4.878
BDI,2024,5.593598706498048,4.789
BEL,1960,9.368695921259238,2.54
BEL,1961,9.413958508682203,2.63
BEL,1962,9.460785167118344,2.59
BEL,1963,9.49590472867862,2.68
BEL,1964,9.55369370679767,2.71
BEL,1965,9.579599680577077,2.61
BEL,1966,9.603916245507126,2.52
BEL,1967,9.636301883596639,2.41
BEL,1968,9.673453574842828,2.31
BEL,1969,9.734814715405559,2.27
BEL,1970,9.795419061159874,2.25
BEL,1971,9.832681017356812,2.21
BEL,1972,9.880366649544122,2.09
BEL,1973,9.93908346245266,1.95
BEL,1974,9.980578299649837,1.83
BEL,1975,9.957833282154246,1.74
BEL,1976,10.01103408749877,1.73
BEL,1977,10.016041314737675,1.71
BEL,1978,10.043130955729234,1.69
BEL,1979,10.065373032653163,1.69
BEL,1980,10.107752293598734,1.68
BEL,1981,10.104981922045589,1.66
BEL,1982,10.11118592799199,1.61
BEL,1983,10.11437895057542,1.57
BEL,1984,10.138758550364495,1.54
BEL,1985,10.154843678737068,1.51
BEL,1986,10.172550678974464,1.54
BEL,1987,10.19450274201968,1.54
BEL,1988,10.23747405573907,1.57
BEL,1989,10.267945054599197,1.58
BEL,1990,10.295854612897179,1.62
BEL,1991,10.310303442607738,1.66
BEL,1992,10.32143689180028,1.65
BEL,1993,10.30786521706379,1.61
BEL,1994,10.336543230540988,1.56
BEL,1995,10.358016522704943,1.56
BEL,1996,10.369190364851118,1.59
BEL,1997,10.404005262175595,1.6
BEL,1998,10.421298350825532,1.6
BEL,1999,10.453820535547127,1.62
BEL,2000,10.487888362969542,1.67
BEL,2001,10.49538487079286,1.67
BEL,2002,10.507827087208238,1.65
BEL,2003,10.513966726265327,1.67
BEL,2004,10.544728021573649,1.72
BEL,2005,10.562179420864767,1.76
BEL,2006,10.580786963637339,1.8
BEL,2007,10.609553039325432,1.82
BEL,2008,10.60611236562133,1.85
BEL,2009,10.578817890268201,1.84
BEL,2010,10.59642382637253,1.86
BEL,2011,10.602541246025885,1.81
BEL,2012,10.598495321138124,1.8
BEL,2013,10.596832208325084,1.76
BEL,2014,10.609894273134854,1.74
BEL,2015,10.618733852262814,1.7
BEL,2016,10.625535218770558,1.68
BEL,2017,10.636319968850893,1.65
BEL,2018,10.650373645440041,1.62
BEL,2019,10.6691043191879,1.6
BEL,2020,10.615677802572218,1.55
BEL,2021,10.672228350505144,1.6
BEL,2022,10.703604002633188,1.53
BEL,2023,10.710593297044216,1.47
BEL,2024,10.714855427753799,1.44
BEN,1960,6.486028169729617,6.282
BEN,1961,6.500435327264451,6.402
BEN,1962,6.44797238379471,6.457
BEN,1963,6.4758334423627,6.51
BEN,1964,6.521145948389567,6.565
BEN,1965,6.552981590881484,6.605
BEN,1966,6.567878692868435,6.625
BEN,1967,6.557968814623632,6.643
BEN,1968,6.5745738401459235,6.669
BEN,1969,6.581377417811651,6.705
BEN,1970,6.580091273806776,6.735
BEN,1971,6.5425210152834765,6.766
BEN,1972,6.581853816429262,6.799
BEN,1973,6.594841712385166,6.809
BEN,1974,6.60387380350919,6.822
BEN,1975,6.529363787980624,6.83
BEN,1976,6.513290741913822,6.83
BEN,1977,6.536486919037437,6.832
BEN,1978,6.523049837110841,6.824
BEN,1979,6.559763147675564,6.905
BEN,1980,6.5978148331404505,6.989
BEN,1981,6.664313599557206,7.056
BEN,1982,6.657547222060221,7.055
BEN,1983,6.584077768574932,7.045
BEN,1984,6.631159744031529,7.031
BEN,1985,6.6742168436136495,7.003
BEN,1986,6.665865956093829,6.962
BEN,1987,6.620611515752077,6.918
BEN,1988,6.623672102708474,6.871
BEN,1989,6.564121933511244,6.815
BEN,1990,6.619352502329364,6.741
BEN,1991,6.629895667964852,6.666
BEN,1992,6.628148365384358,6.593
BEN,1993,6.640502976266687,6.51
BEN,1994,6.623105283456712,6.419
BEN,1995,6.660658102173822,6.33
BEN,1996,6.6768253078984525,6.279
BEN,1997,6.703067118729513,6.23
BEN,1998,6.711083210098561,6.136
BEN,1999,6.732183038594309,6.032
BEN,2000,6.75834219966419,5.937
BEN,2001,6.779756511719725,5.848
BEN,2002,6.794740097604671,5.793
BEN,2003,6.798104197777691,5.763
BEN,2004,6.810830671020009,5.718
BEN,2005,6.795611104808658,5.692
BEN,2006,6.803084009947442,5.673
BEN,2007,6.831673174322548,5.627
BEN,2008,6.849281933084277,5.548
BEN,2009,6.842219622012821,5.491
BEN,2010,6.833297489850207,5.452
BEN,2011,6.832726096468562,5.436
BEN,2012,6.850040115336245,5.429
BEN,2013,6.889997749463516,5.41
BEN,2014,6.92208512082466,5.374
BEN,2015,6.91017122702415,5.32
BEN,2016,6.913776382035356,5.254
BEN,2017,6.940130220858916,5.155
BEN,2018,6.9768190347547705,5.031
BEN,2019,7.0158677452858536,4.9
BEN,2020,7.027007493729783,4.795
BEN,2021,7.070194890251125,4.707
BEN,2022,7.105373156024975,4.634
BEN,2023,7.141737149633336,4.556
BEN,2024,7.189004046513602,4.48
BFA,1960,5.497853473544543,6.248
BFA,1961,5.523036040755278,6.286
BFA,1962,5.567889884800903,6.322
BFA,1963,5.54020880486455,6.356
BFA,1964,5.547397289539851,6.419
BFA,1965,5.568349530343059,6.471
BFA,1966,5.557330967028409,6.527
BFA,1967,5.6251475143157705,6.585
BFA,1968,5.6382134316557115,6.645
BFA,1969,5.640976277367625,6.664
BFA,1970,5.624681927337481,6.685
BFA,1971,5.621452763463567,6.698
BFA,1972,5.627068788931791,6.719
BFA,1973,5.613684544328119,6.77
BFA,1974,5.674364462063495,6.842
BFA,1975,5.683752390673151,6.913
BFA,1976,5.744239567602185,6.952
BFA,1977,5.724629722770507,7.046
BFA,1978,5.744752869176555,7.148
BFA,1979,5.754846142533933,7.194
BFA,1980,5.735943982859919,7.222
BFA,1981,5.750305252978056,7.256
BFA,1982,5.814012509980971,7.253
BFA,1983,5.789134978878725,7.251
BFA,1984,5.742324541508325,7.245
BFA,1985,5.795191614776289,7.242
BFA,1986,5.843526771387679,7.218
BFA,1987,5.813799124555182,7.168
BFA,1988,5.84326746332439,7.109
BFA,1989,5.8379922795342765,7.047
BFA,1990,5.805596539066159,7.009
BFA,1991,5.8670534967406685,6.973
BFA,1992,5.844708425754764,6.936
BFA,1993,5.853871233276178,6.889
BFA,1994,5.841720099103872,6.843
BFA,1995,5.871670333051751,6.814
BFA,1996,5.950573756031576,6.779
BFA,1997,5.986047288365867,6.724
BFA,1998,6.028937371743357,6.661
BFA,1999,6.07097956387847,6.586
BFA,2000,6.059846757500523,6.519
BFA,2001,6.093375897686621,6.431
BFA,2002,6.105080816766433,6.339
BFA,2003,6.149030205944249,6.28
BFA,2004,6.161389609580599,6.216
BFA,2005,6.2129923890088605,6.182
BFA,2006,6.242443341931234,6.17
BFA,2007,6.252406670397183,6.11
BFA,2008,6.279405273490241,6.05
BFA,2009,6.279402995752449,5.992
BFA,2010,6.3312299647200545,5.936
BFA,2011,6.365789217013496,5.869
BFA,2012,6.398147819116164,5.793
BFA,2013,6.42444969963834,5.697
BFA,2014,6.437074436779726,5.595
BFA,2015,6.445917816849948,5.478
BFA,2016,6.474539375075245,5.331
BFA,2017,6.506196994781748,5.17
BFA,2018,6.543181813870662,4.921
BFA,2019,6.575105958830349,4.681
BFA,2020,6.570661898582423,4.44
BFA,2021,6.614018330623652,4.361
BFA,2022,6.607064046397968,4.275
BFA,2023,6.613928143738638,4.186
BFA,2024,6.638675931995337,4.11
BGD,1960,6.062385860079522,6.742
BGD,1961,6.09301612420805,6.78
BGD,1962,6.1170721814718325,6.806
BGD,1963,6.083354133401197,6.798
BGD,1964,6.158093571527497,6.785
BGD,1965,6.144823662796812,6.771
BGD,1966,6.141092001881671,6.766
BGD,1967,6.092737629577405,6.79
BGD,1968,6.1539588843729165,6.791
BGD,1969,6.13766927859153,6.806
BGD,1970,6.166458820660009,6.839
BGD,1971,6.092624100715451,6.831
BGD,1972,5.922872996822038,6.816
BGD,1973,5.926958284455994,6.8
BGD,1974,5.990240068065675,6.778
BGD,1975,5.922276228925245,6.728
BGD,1976,5.951968631364598,6.66
BGD,1977,5.953465440322075,6.583
BGD,1978,5.997410822746529,6.509
BGD,1979,6.0202202758078,6.421
BGD,1980,6.004446836972859,6.326
BGD,1981,6.048641167552612,6.237
BGD,1982,6.042328760219085,6.118
BGD,1983,6.053609356779162,5.906
BGD,1984,6.074845564736765,5.732
BGD,1985,6.083091768659131,5.539
BGD,1986,6.100498875438637,5.302
BGD,1987,6.115140754806188,5.075
BGD,1988,6.1177430315509165,4.849
BGD,1989,6.12523976733037,4.695
BGD,1990,6.160035371561115,4.506
BGD,1991,6.175187952053689,4.261
BGD,1992,6.209336575800333,4.027
BGD,1993,6.236748206232513,3.832
BGD,1994,6.256370088882787,3.737
BGD,1995,6.287732058934044,3.588
BGD,1996,6.313687723367389,3.505
BGD,1997,6.339073010930571,3.502
BGD,1998,6.37066811175281,3.427
BGD,1999,6.397316785543117,3.357
BGD,2000,6.430623058110431,3.279
BGD,2001,6.463480093085436,3.203
BGD,2002,6.4856608764511465,3.126
BGD,2003,6.517414596024433,3.029
BGD,2004,6.5548679488008865,2.94
BGD,2005,6.6055735505548245,2.846
BGD,2006,6.658549502218567,2.755
BGD,2007,6.715999232982851,2.666
BGD,2008,6.764413819035702,2.577
BGD,2009,6.804314725962496,2.484
BGD,2010,6.849770412875309,2.38
BGD,2011,6.903325428823803,2.309
BGD,2012,6.956918139444686,2.263
BGD,2013,7.005931311098014,2.247
BGD,2014,7.055664407728581,2.228
BGD,2015,7.110195162156987,2.227
BGD,2016,7.169989468534807,2.227
BGD,2017,7.225302153504579,2.205
BGD,2018,7.2877319680106325,2.193
BGD,2019,7.355134920224906,2.18
BGD,2020,7.380670866530346,2.175
BGD,2021,7.4396064784919735,2.173
BGD,2022,7.49795533274916,2.179
BGD,2023,7.541883258170298,2.163
BGD,2024,7.571102181101636,2.138
BGR,1980,8.139510312701198,2.05
BGR,1981,8.184016514503863,2.0
BGR,1982,8.204135690232274,2.01
BGR,1983,8.23536806630746,2.01
BGR,1984,8.266428720165118,2.01
BGR,1985,8.292924108834612,1.97
BGR,1986,8.334404209322626,2.02
BGR,1987,8.391716179062497,1.96
BGR,1988,8.49445407325571,1.97
BGR,1989,8.472702299961385,1.9
BGR,1990,8.395138444372126,1.82
BGR,1991,8.316808518355806,1.66
BGR,1992,8.252043162981769,1.55
BGR,1993,8.245107029858287,1.46
BGR,1994,8.26651972726252,1.37
BGR,1995,8.299583670751101,1.23
BGR,1996,8.355486166211879,1.23
BGR,1997,8.209408754398677,1.09
BGR,1998,8.253272690653692,1.11
BGR,1999,8.171182967940531,1.23
BGR,2000,8.220973163449644,1.26
BGR,2001,8.278403589312173,1.21
BGR,2002,8.357170559941478,1.23
BGR,2003,8.416137912020812,1.26
BGR,2004,8.486758555144245,1.33
BGR,2005,8.562473467140995,1.37
BGR,2006,8.635880542048357,1.44
BGR,2007,8.70765673993136,1.49
BGR,2008,8.77416638254398,1.56
BGR,2009,8.74656477478822,1.66
BGR,2010,8.768581438001785,1.57
BGR,2011,8.795680042204475,1.51
BGR,2012,8.808932496747483,1.5
BGR,2013,8.82366009926138,1.54
BGR,2014,8.845254901111836,1.62
BGR,2015,8.891377567758276,1.64
BGR,2016,8.934177266972299,1.67
BGR,2017,8.974505445521666,1.71
BGR,2018,9.011254227063816,1.73
BGR,2019,9.062602837004778,1.79
BGR,2020,9.040798506308539,1.77
BGR,2021,9.122813816951695,1.8
BGR,2022,9.169347350927119,1.78
BGR,2023,9.188888426097868,1.81
BGR,2024,9.223001407391736,1.72
BHR,1970,9.765576564625487,6.428
BHR,1971,9.75551016994856,6.284
BHR,1972,9.812375768407946,6.139
BHR,1973,9.889624485403967,5.965
BHR,1974,9.918613450255469,5.787
BHR,1975,9.7746636588805,5.618
BHR,1976,9.990356591512219,5.454
BHR,1977,10.06372651721558,5.287
BHR,1978,10.054105705190068,5.12
BHR,1979,10.042302081120566,4.937
BHR,1980,10.02357841611149,4.762
BHR,1981,9.929224742102688,4.602
BHR,1982,9.81525675194244,4.505
BHR,1983,9.842220373149845,4.406
BHR,1984,9.855626212139299,4.303
BHR,1985,9.770906342881846,4.281
BHR,1986,9.746324273651574,4.254
BHR,1987,9.80880358055351,4.133
BHR,1988,9.840235644274859,4.04
BHR,1989,9.808259525494467,3.956
BHR,1990,9.817158015597903,3.817
BHR,1991,9.946667047441572,3.625
BHR,1992,9.98512385288315,3.548
BHR,1993,10.079882964560676,3.461
BHR,1994,10.051059450508268,3.291
BHR,1995,10.063295609911576,3.128
BHR,1996,10.07723954754412,2.986
BHR,1997,10.081346398130027,2.924
BHR,1998,10.10178873779379,2.889
BHR,1999,10.117543795466462,2.899
BHR,2000,10.142818159915754,2.798
BHR,2001,10.130873570817933,2.653
BHR,2002,10.091998896402309,2.699
BHR,2003,10.079859795454524,2.778
BHR,2004,10.072728602374184,2.774
BHR,2005,10.062185183664795,2.67
BHR,2006,10.047372208013686,2.464
BHR,2007,10.048128391361669,2.282
BHR,2008,10.04876533310278,2.152
BHR,2009,10.008160005466591,2.047
BHR,2010,10.008931377471761,1.987
BHR,2011,10.05569541516558,2.025
BHR,2012,10.081419507639575,2.11
BHR,2013,10.097063370284674,2.166
BHR,2014,10.091439028654932,2.149
BHR,2015,10.07466622038898,2.113
BHR,2016,10.073874808551128,2.042
BHR,2017,10.069293759891265,1.984
BHR,2018,10.088297006286167,1.911
BHR,2019,10.121564852283482,1.843
BHR,2020,10.068448064665146,1.86
BHR,2021,10.089418619716882,1.852
BHR,2022,10.135963523511741,1.839
BHR,2023,10.140242947499639,1.824
BHR,2024,10.161466805927242,1.805
BHS,1960,9.840475851064529,5.093
BHS,1961,9.892516963555764,5.156
BHS,1962,9.941687628899253,5.125
BHS,1963,9.991706047289288,5.062
BHS,1964,10.044987002915576,4.969
BHS,1965,10.099768456431107,4.884
BHS,1966,10.14088184528114,4.788
BHS,1967,10.185900580897469,4.689
BHS,1968,10.219680531835232,4.556
BHS,1969,10.260335007064917,4.38
BHS,1970,10.163598087708237,4.212
BHS,1971,10.148466382144033,4.058
BHS,1972,10.085996035395805,3.886
BHS,1973,10.135075712762944,3.726
BHS,1974,9.929290538875229,3.572
BHS,1975,9.747197447891221,3.424
BHS,1976,9.77599985086157,3.297
BHS,1977,9.842123939217261,3.167
BHS,1978,9.953935551208,3.052
BHS,1979,10.166376809030108,2.937
BHS,1980,10.210659151682384,2.842
BHS,1981,10.096429329490537,2.771
BHS,1982,10.144506103044131,2.708
BHS,1983,10.163013982167984,2.652
BHS,1984,10.278664675456815,2.591
BHS,1985,10.308731203765529,2.546
BHS,1986,10.309380137243936,2.529
BHS,1987,10.321851765284825,2.52
BHS,1988,10.327603420572554,2.519
BHS,1989,10.37511416777554,2.523
BHS,1990,10.341596765483004,2.52
BHS,1991,10.281684036889494,2.51
BHS,1992,10.224337626940088,2.71
BHS,1993,10.208659961238771,2.61
BHS,1994,10.222073470964302,2.472
BHS,1995,10.24836633268225,2.419
BHS,1996,10.273914188660104,2.353
BHS,1997,10.27168586311161,2.293
BHS,1998,10.30351919872015,2.232
BHS,1999,10.359149899830173,2.134
BHS,2000,10.3866765952301,2.06
BHS,2001,10.400318460409412,2.02
BHS,2002,10.415550491089789,1.984
BHS,2003,10.390818676001603,1.971
BHS,2004,10.387273084707946,1.98
BHS,2005,10.408640754867037,2.008
BHS,2006,10.420549214197724,2.019
BHS,2007,10.420772350869473,2.035
BHS,2008,10.383807306290871,1.999
BHS,2009,10.328145109003763,2.011
BHS,2010,10.330630388512159,1.837
BHS,2011,10.325241732195183,1.791
BHS,2012,10.359439541688364,1.761
BHS,2013,10.321153365901191,1.738
BHS,2014,10.330666351425958,1.687
BHS,2015,10.332649832174202,1.574
BHS,2016,10.314011905209883,1.495
BHS,2017,10.340927562029366,1.424
BHS,2018,10.358924424360916,1.404
BHS,2019,10.345529815791751,1.397
BHS,2020,10.118263008580238,1.386
BHS,2021,10.278976490177339,1.382
BHS,2022,10.37930106865397,1.379
BHS,2023,10.40455508910712,1.373
BHS,2024,10.433180166579163,1.374
BIH,1990,6.673859087667515,1.786
BIH,1991,6.5735405778470914,1.782
BIH,1992,6.558490906684946,1.758
BIH,1993,6.617603528944392,1.729
BIH,1994,6.770099377612811,1.698
BIH,1995,6.920893043682045,1.669
BIH,1996,7.311890121026947,1.652
BIH,1997,7.587846308313012,1.686
BIH,1998,7.724019084685965,1.561
BIH,1999,7.805006660771843,1.366
BIH,2000,7.850626156426145,1.282
BIH,2001,7.86985356136036,1.23
BIH,2002,7.916858086142653,1.231
BIH,2003,7.957066375217583,1.219
BIH,2004,8.027422820047768,1.221
BIH,2005,8.076457344564153,1.203
BIH,2006,8.137325323059956,1.18
BIH,2007,8.20660807931343,1.19
BIH,2008,8.27614861279719,1.21
BIH,2009,8.262955024805164,1.267
BIH,2010,8.289341036235497,1.26
BIH,2011,8.317339634219136,1.209
BIH,2012,8.328431097474217,1.252
BIH,2013,8.367934600951074,1.278
BIH,2014,8.392236627510174,1.262
BIH,2015,8.44725530758742,1.322
BIH,2016,8.492190147213005,1.36
BIH,2017,8.53695974523128,1.419
BIH,2018,8.586766269783533,1.504
BIH,2019,8.62753477920858,1.509
BIH,2020,8.610820804926988,1.515
BIH,2021,8.698771468030062,1.49
BIH,2022,8.752607084196047,1.481
BIH,2023,8.778529851948015,1.486
BIH,2024,8.816846373177208,1.492
BLR,1990,7.968600958261421,1.913
BLR,1991,7.956067064229591,1.805
BLR,1992,7.852944226427294,1.764
BLR,1993,7.771693279296515,1.623
BLR,1994,7.648445117363245,1.533
BLR,1995,7.541874395431091,1.406
BLR,1996,7.572856320290619,1.335
BLR,1997,7.684969554710463,1.25
BLR,1998,7.770131730485332,1.3
BLR,1999,7.808066797308288,1.31
BLR,2000,7.869158475044112,1.317
BLR,2001,7.920458745194723,1.286
BLR,2002,7.976045592962271,1.24
BLR,2003,8.051105919798575,1.232
BLR,2004,8.166331184268982,1.233
BLR,2005,8.263001957724901,1.252
BLR,2006,8.364435051602532,1.335
BLR,2007,8.451524809226617,1.429
BLR,2008,8.55210566583693,1.488
BLR,2009,8.55656277532507,1.509
BLR,2010,8.633391704349176,1.494
BLR,2011,8.68974888225533,1.515
BLR,2012,8.708249385064127,1.62
BLR,2013,8.718570835638193,1.668
BLR,2014,8.734385738447378,1.696
BLR,2015,8.694008944147766,1.724
BLR,2016,8.667542642890593,1.733
BLR,2017,8.69364701474173,1.541
BLR,2018,8.72679153118074,1.448
BLR,2019,8.743170338293512,1.382
BLR,2020,8.740654930453196,1.369
BLR,2021,8.773033225000715,1.371
BLR,2022,8.733371597824371,1.326
BLR,2023,8.779216552680667,1.208
BLR,2024,8.826785144967392,1.217
BLZ,1960,7.350213059064814,6.5
BLZ,1961,7.372952478383849,6.48
BLZ,1962,7.395306369808574,6.46
BLZ,1963,7.416341658600217,6.44
BLZ,1964,7.436183088320937,6.42
BLZ,1965,7.4545242697417455,6.4
BLZ,1966,7.47072945627352,6.379
BLZ,1967,7.487974703407266,6.358
BLZ,1968,7.52860378696248,6.337
BLZ,1969,7.549816337513367,6.316
BLZ,1970,7.574190537262331,6.299
BLZ,1971,7.596029797405526,6.288
BLZ,1972,7.678201949431029,6.284
BLZ,1973,7.716248823945204,6.285
BLZ,1974,7.829742737424947,6.287
BLZ,1975,7.8480081977804526,6.278
BLZ,1976,7.827081669598341,6.25
BLZ,1977,7.8692940450599,6.195
BLZ,1978,7.924938157920852,6.109
BLZ,1979,7.976267319325687,5.992
BLZ,1980,8.06696215474694,5.849
BLZ,1981,8.05288359654737,5.684
BLZ,1982,8.02684552211651,5.497
BLZ,1983,7.980858491283747,5.309
BLZ,1984,7.976737007060648,5.115
BLZ,1985,7.963577966013851,4.997
BLZ,1986,7.985364226851053,4.937
BLZ,1987,8.064928859693536,4.883
BLZ,1988,8.136138484552637,4.868
BLZ,1989,8.23628268696053,4.864
BLZ,1990,8.321809537742523,4.802
BLZ,1991,8.411739274245207,4.595
BLZ,1992,8.510757950556478,4.429
BLZ,1993,8.55001436998666,4.206
BLZ,1994,8.528519211602156,3.973
BLZ,1995,8.510764881671205,3.876
BLZ,1996,8.492010092354315,3.755
BLZ,1997,8.500116275494989,3.737
BLZ,1998,8.503389353522055,3.752
BLZ,1999,8.559019407806085,3.726
BLZ,2000,8.641823190583125,3.633
BLZ,2001,8.659558794351607,3.526
BLZ,2002,8.681885656637348,3.43
BLZ,2003,8.744244980855715,3.335
BLZ,2004,8.761405129262622,3.252
BLZ,2005,8.754180299743702,3.173
BLZ,2006,8.769598440394471,3.021
BLZ,2007,8.774286490019918,2.885
BLZ,2008,8.730360561741394,2.78
BLZ,2009,8.699128752317334,2.659
BLZ,2010,8.689086223585983,2.552
BLZ,2011,8.665999922662687,2.531
BLZ,2012,8.683172326476612,2.51
BLZ,2013,8.70169217571898,2.498
BLZ,2014,8.718744627943913,2.474
BLZ,2015,8.724958727608884,2.433
BLZ,2016,8.701548174369977,2.396
BLZ,2017,8.660014660772736,2.368
BLZ,2018,8.649555756147757,2.343
BLZ,2019,8.676612161105819,2.142
BLZ,2020,8.518489257713213,2.04
BLZ,2021,8.672383601318545,1.837
BLZ,2022,8.742344467140153,1.949
BLZ,2023,8.726756004273785,2.007
BLZ,2024,8.746794716182972,2.021
BMU,1960,10.594282517361833,3.63
BMU,1961,10.618573687792125,3.594
BMU,1962,10.636753195597947,3.441
BMU,1963,10.622813463541581,3.476
BMU,1964,10.704838670863834,3.231
BMU,1965,10.728947136755837,3.077
BMU,1966,10.840803852852707,2.794
BMU,1967,10.945461633963724,2.567
BMU,1968,10.948480641580216,2.451
BMU,1969,10.96453047176809,2.361
BMU,1970,11.009923411738818,2.308
BMU,1971,11.034497096073883,2.277
BMU,1972,11.048742834380995,2.225
BMU,1973,11.060766122146077,2.143
BMU,1974,11.067424368770618,2.023
BMU,1975,11.10303797937695,1.888
BMU,1976,11.187128301803511,1.864
BMU,1977,11.242326500227971,1.689
BMU,1978,11.254707729460481,1.798
BMU,1979,11.274351746406852,1.661
BMU,1980,11.347882720683675,1.664
BMU,1981,11.365394810317497,1.596
BMU,1982,11.303895988975116,1.643
BMU,1983,11.316640904447189,1.812
BMU,1984,11.314312555083024,1.683
BMU,1985,11.287245984862517,1.774
BMU,1986,11.345646434408682,1.732
BMU,1987,11.37575531612742,1.746
BMU,1988,11.407832605532354,1.797
BMU,1989,11.404705930829603,1.76
BMU,1990,11.397399395175746,1.699
BMU,1991,11.354059261185176,1.744
BMU,1992,11.34619306529316,1.725
BMU,1993,11.368856858964516,1.7
BMU,1994,11.368428828692315,1.684
BMU,1995,11.405887153866917,1.677
BMU,1996,11.426749697676476,1.699
BMU,1997,11.465655880499176,1.692
BMU,1998,11.496266562600898,1.794
BMU,1999,11.521567163499316,1.794
BMU,2000,11.603705061735932,1.738
BMU,2001,11.66830332224774,1.861
BMU,2002,11.648979965953071,1.815
BMU,2003,11.678599480482802,1.79
BMU,2004,11.6988415580506,1.76
BMU,2005,11.712954314673146,1.782
BMU,2006,11.7649513328622,1.79
BMU,2007,11.795058288694058,1.934
BMU,2008,11.771630559287512,1.86
BMU,2009,11.70954091646925,1.853
BMU,2010,11.681679641271442,1.767
BMU,2011,11.643408277777473,1.569
BMU,2012,11.590262136096754,1.528
BMU,2013,11.588593029110404,1.522
BMU,2014,11.551588162913477,1.42
BMU,2015,11.560337220734333,1.44
BMU,2016,11.553979849001156,1.45
BMU,2017,11.587426151890876,1.419
BMU,2018,11.579117278722865,1.374
BMU,2019,11.577869040676275,1.383
BMU,2020,11.50132287254481,1.451
BMU,2021,11.54374915472279,1.389
BMU,2022,11.602878147705631,1.397
BMU,2023,11.646097752286563,1.401
BMU,2024,11.665762738929267,1.405
BOL,1960,7.152242051958936,6.273
BOL,1961,7.152491968186442,6.257
BOL,1962,7.186151240456531,6.246
BOL,1963,7.231029443806556,6.232
BOL,1964,7.248710627035766,6.21
BOL,1965,7.27532959534535,6.182
BOL,1966,7.322977285742925,6.158
BOL,1967,7.362325651399911,6.133
BOL,1968,7.421974402085601,6.101
BOL,1969,7.443373175490973,6.058
BOL,1970,7.471937859248799,6.004
BOL,1971,7.498855294716727,5.947
BOL,1972,7.553053534235274,5.885
BOL,1973,7.586363642423682,5.847
BOL,1974,7.592727386250179,5.796
BOL,1975,7.640637195246816,5.748
BOL,1976,7.662859345664635,5.739
BOL,1977,7.688306637152917,5.673
BOL,1978,7.685661640250403,5.61
BOL,1979,7.664231410179222,5.542
BOL,1980,7.6279324694516415,5.474
BOL,1981,7.608496432689344,5.408
BOL,1982,7.546477673839023,5.346
BOL,1983,7.483687194713155,5.289
BOL,1984,7.460310357838863,5.242
BOL,1985,7.422248039653449,5.153
BOL,1986,7.375152410717684,5.115
BOL,1987,7.378395172709628,5.063
BOL,1988,7.385881128214785,5.025
BOL,1989,7.40191072838217,4.965
BOL,1990,7.426196914826516,4.9
BOL,1991,7.456682802588156,4.846
BOL,1992,7.452613186123686,4.713
BOL,1993,7.4745840249638595,4.592
BOL,1994,7.50084488681341,4.494
BOL,1995,7.527676633952898,4.409
BOL,1996,7.551862950910272,4.336
BOL,1997,7.582159932079648,4.219
BOL,1998,7.6135735150973165,4.149
BOL,1999,7.600374990329908,4.09
BOL,2000,7.60797253075436,3.991
BOL,2001,7.607801511730905,3.89
BOL,2002,7.615628466234788,3.802
BOL,2003,7.6256298686933,3.721
BOL,2004,7.649688247863464,3.633
BOL,2005,7.676096525466966,3.558
BOL,2006,7.705905162842936,3.533
BOL,2007,7.733432810508475,3.447
BOL,2008,7.776220517941462,3.364
BOL,2009,7.792586630706832,3.287
BOL,2010,7.81658102037143,3.213
BOL,2011,7.851085337706473,3.143
BOL,2012,7.885042836256124,3.076
BOL,2013,7.935055785008936,3.01
BOL,2014,7.972777145401465,2.947
BOL,2015,8.005037649739139,2.886
BOL,2016,8.031895790639762,2.829
BOL,2017,8.058379271204153,2.777
BOL,2018,8.072322806138477,2.73
BOL,2019,8.07321185107095,2.688
BOL,2020,7.9248294460835655,2.651
BOL,2021,8.010210543368496,2.618
BOL,2022,8.035357036892758,2.584
BOL,2023,8.046475865841769,2.547
BOL,2024,8.021458053429036,2.523
BRA,1960,7.864619274450672,6.051
BRA,1961,7.916949255748888,6.022
BRA,1962,7.951021263594125,5.984
BRA,1963,7.927533555254675,5.93
BRA,1964,7.932029878082102,5.818
BRA,1965,7.927566670022523,5.677
BRA,1966,7.965094010599445,5.516
BRA,1967,7.9798087938767885,5.336
BRA,1968,8.047680795681606,5.165
BRA,1969,8.113355500653872,5.041
BRA,1970,8.187563731095699,4.934
BRA,1971,8.270528232951076,4.838
BRA,1972,8.358990544407991,4.735
BRA,1973,8.465534033025707,4.638
BRA,1974,8.519952829570148,4.502
BRA,1975,8.546540440939152,4.415
BRA,1976,8.620369872538948,4.339
BRA,1977,8.644668819098122,4.267
BRA,1978,8.669311747162913,4.195
BRA,1979,8.710958145914358,4.12
BRA,1980,8.775372116622272,4.037
BRA,1981,8.70865581015581,3.943
BRA,1982,8.694130109674006,3.838
BRA,1983,8.642055763028928,3.723
BRA,1984,8.672785665297273,3.6
BRA,1985,8.727051027012639,3.48
BRA,1986,8.778677203828712,3.361
BRA,1987,8.793552729523155,3.232
BRA,1988,8.77384972889329,3.112
BRA,1989,8.786521726759775,3.007
BRA,1990,8.724185879149315,2.896
BRA,1991,8.717297172340894,2.805
BRA,1992,8.695169129040746,2.71
BRA,1993,8.727042512232536,2.66
BRA,1994,8.768289443366402,2.603
BRA,1995,8.79426958092092,2.567
BRA,1996,8.800976725416385,2.511
BRA,1997,8.819496612213413,2.468
BRA,1998,8.807994678755772,2.418
BRA,1999,8.798097863460962,2.335
BRA,2000,8.827289806678932,2.247
BRA,2001,8.828059515551221,2.162
BRA,2002,8.845723024050223,2.081
BRA,2003,8.845264590674011,2.006
BRA,2004,8.889967304713018,1.973
BRA,2005,8.910527569815086,1.942
BRA,2006,8.93879933874518,1.896
BRA,2007,8.987603504325019,1.854
BRA,2008,9.027710519473555,1.815
BRA,2009,9.01749528495974,1.799
BRA,2010,9.08166964557382,1.786
BRA,2011,9.112506257710116,1.777
BRA,2012,9.123419816967365,1.766
BRA,2013,9.144920323671,1.761
BRA,2014,9.141884083229511,1.775
BRA,2015,9.097865343318206,1.777
BRA,2016,9.05693785163387,1.727
BRA,2017,9.062797340537387,1.74
BRA,2018,9.07364240569415,1.744
BRA,2019,9.079256326487013,1.705
BRA,2020,9.040146350349604,1.653
BRA,2021,9.082419435054037,1.638
BRA,2022,9.108538496359254,1.629
BRA,2023,9.136481431933003,1.619
BRA,2024,9.166048320733326,1.614
BRB,1960,9.04274818049317,4.706
BRB,1961,9.10717631186775,4.153
BRB,1962,9.185046464658264,4.3
BRB,1963,9.123058001273568,4.304
BRB,1964,9.161838286778178,4.214
BRB,1965,9.259912681866165,4.176
BRB,1966,9.288583310154973,4.144
BRB,1967,9.381145082214172,3.599
BRB,1968,9.442225713304763,3.574
BRB,1969,9.51108692489796,3.342
BRB,1970,9.602155690861194,3.079
BRB,1971,9.641415383402936,3.199
BRB,1972,9.652108330602578,3.153
BRB,1973,9.662770148457382,2.865
BRB,1974,9.613329462905597,2.652
BRB,1975,9.592560834126829,2.447
BRB,1976,9.634176691056744,2.241
BRB,1977,9.669219631940502,2.201
BRB,1978,9.717135208050653,1.839
BRB,1979,9.79422676669298,1.862
BRB,1980,9.836013888965384,1.777
BRB,1981,9.813872071860992,1.846
BRB,1982,9.760356017246385,1.859
BRB,1983,9.761818169521973,1.856
BRB,1984,9.793541924030643,1.752
BRB,1985,9.800940151781106,1.769
BRB,1986,9.847607362032386,1.694
BRB,1987,9.870614562723054,1.611
BRB,1988,9.903188531864922,1.58
BRB,1989,9.937214257474889,1.638
BRB,1990,9.901748064457589,1.842
BRB,1991,9.85891383818415,1.838
BRB,1992,9.796863304428154,1.804
BRB,1993,9.80184688715107,1.769
BRB,1994,9.819485996541557,1.733
BRB,1995,9.83782557449743,1.704
BRB,1996,9.875885530657131,1.673
BRB,1997,9.921785739916894,1.645
BRB,1998,9.95822444351549,1.62
BRB,1999,9.96125681885505,1.779
BRB,2000,10.00649912178653,1.933
BRB,2001,9.981179823442513,1.955
BRB,2002,9.9824787764003,1.862
BRB,2003,9.997856031033596,1.856
BRB,2004,10.006163014881196,1.797
BRB,2005,10.039701634903658,1.738
BRB,2006,10.093824336175103,1.702
BRB,2007,10.109651351322047,1.755
BRB,2008,10.110723336511525,1.756
BRB,2009,10.054094894977263,1.77
BRB,2010,9.965758063338853,1.785
BRB,2011,9.961765657909899,1.758
BRB,2012,9.929880308714965,1.731
BRB,2013,9.929209927073838,1.729
BRB,2014,9.934793987884,1.727
BRB,2015,9.924733975897922,1.726
BRB,2016,9.936620940546945,1.724
BRB,2017,9.941098887156977,1.724
BRB,2018,9.9366493118982,1.72
BRB,2019,9.937292025401375,1.715
BRB,2020,9.744315185691471,1.708
BRB,2021,9.819867619667974,1.709
BRB,2022,9.967210256245375,1.712
BRB,2023,9.985125880088003,1.708
BRB,2024,10.017777086844555,1.708
BRN,1974,11.081097146416898,5.183
BRN,1975,11.039772371683458,4.99
BRN,1976,11.194922785586645,4.784
BRN,1977,11.255563886435468,4.58
BRN,1978,11.290814873196524,4.389
BRN,1979,11.477475822677317,4.216
BRN,1980,11.344310222364681,4.067
BRN,1981,11.059870708198098,3.943
BRN,1982,11.050900706993868,3.841
BRN,1983,11.022240777912211,3.751
BRN,1984,10.96494770300315,3.68
BRN,1985,10.901728425040295,3.612
BRN,1986,10.812118316242302,3.549
BRN,1987,10.800739893226742,3.491
BRN,1988,10.755548869116055,3.435
BRN,1989,10.69865731255035,3.364
BRN,1990,10.696023580847324,3.29
BRN,1991,10.696505848158202,3.206
BRN,1992,10.637593618452884,3.111
BRN,1993,10.605149638340473,3.007
BRN,1994,10.589646233700613,2.901
BRN,1995,10.578330681894682,2.787
BRN,1996,10.554031403400977,2.681
BRN,1997,10.592129870231219,2.6
BRN,1998,10.500431641476805,2.533
BRN,1999,10.519913888045878,2.461
BRN,2000,10.532352136134428,2.398
BRN,2001,10.525925476650121,2.337
BRN,2002,10.544716579244508,2.264
BRN,2003,10.560882388328917,2.185
BRN,2004,10.543989448405567,2.104
BRN,2005,10.527077717144701,2.024
BRN,2006,10.551358996007842,1.969
BRN,2007,10.496110186254489,1.933
BRN,2008,10.43783517686366,1.918
BRN,2009,10.399877546975508,1.921
BRN,2010,10.407932397084807,1.937
BRN,2011,10.426864993967188,1.957
BRN,2012,10.420629355552785,1.973
BRN,2013,10.385329394671794,1.978
BRN,2014,10.34652874458926,1.969
BRN,2015,10.329576152718698,1.947
BRN,2016,10.291888376815523,1.915
BRN,2017,10.292981095796208,1.881
BRN,2018,10.281930673248487,1.848
BRN,2019,10.308827343536349,1.819
BRN,2020,10.309484480891822,1.796
BRN,2021,10.283846227509681,1.778
BRN,2022,10.259383339222296,1.764
BRN,2023,10.262767858456911,1.747
BRN,2024,10.2943082283174,1.731
BTN,1970,6.014691476592668,6.65
BTN,1971,6.007070682708019,6.643
BTN,1972,5.984596106997471,6.639
BTN,1973,5.965104969776013,6.633
BTN,1974,5.981358099901657,6.618
BTN,1975,5.913654452227965,6.62
BTN,1976,5.965288489047079,6.616
BTN,1977,6.007183772201302,6.605
BTN,1978,6.041877686934745,6.584
BTN,1979,6.054813833860993,6.553
BTN,1980,6.070365010719889,6.511
BTN,1981,6.178433045908818,6.46
BTN,1982,6.180065378081011,6.402
BTN,1983,6.247419965181239,6.336
BTN,1984,6.260388337600107,6.262
BTN,1985,6.268701509494979,6.176
BTN,1986,6.3457315987367275,6.103
BTN,1987,6.570304567985478,5.999
BTN,1988,6.586936763730419,5.88
BTN,1989,6.628545185328823,5.757
BTN,1990,6.700326754238634,5.604
BTN,1991,6.678583397323683,5.451
BTN,1992,6.760952085124035,5.267
BTN,1993,6.82142508014505,5.072
BTN,1994,6.870070622752487,4.866
BTN,1995,6.950227900691553,4.624
BTN,1996,7.002936521609248,4.369
BTN,1997,7.037378364404073,4.088
BTN,1998,7.075798560233976,3.853
BTN,1999,7.129791023647576,3.607
BTN,2000,7.138568355771268,3.378
BTN,2001,7.186219080154105,3.188
BTN,2002,7.263509652547161,3.012
BTN,2003,7.317488117478866,2.865
BTN,2004,7.347775845073363,2.781
BTN,2005,7.397574828944108,2.726
BTN,2006,7.439041420490369,2.66
BTN,2007,7.5767415953928134,2.589
BTN,2008,7.609743357942211,2.481
BTN,2009,7.672555365082885,2.364
BTN,2010,7.774321215251077,2.252
BTN,2011,7.844824127200809,2.155
BTN,2012,7.8841050099469205,2.068
BTN,2013,7.890236143087459,2.0
BTN,2014,7.936595406781572,1.923
BTN,2015,7.990929281246013,1.835
BTN,2016,8.062548679029446,1.738
BTN,2017,8.074589618989066,1.621
BTN,2018,8.101844419811647,1.517
BTN,2019,8.151156271992653,1.448
BTN,2020,8.036613604240262,1.502
BTN,2021,8.07284285890358,1.488
BTN,2022,8.116635948907158,1.478
BTN,2023,8.154935230036719,1.462
BTN,2024,8.220728808765113,1.449
BWA,1960,5.975999940322548,6.595
BWA,1961,6.014942193802323,6.564
BWA,1962,6.056553630373696,6.536
BWA,1963,6.0906944111971955,6.578
BWA,1964,6.133017133432928,6.613
BWA,1965,6.174807768852405,6.604
BWA,1966,6.230760399376746,6.606
BWA,1967,6.28302393145986,6.598
BWA,1968,6.378268598391716,6.582
BWA,1969,6.513808562354173,6.559
BWA,1970,6.6662884832096765,6.55
BWA,1971,6.878936888932949,6.544
BWA,1972,7.07705382036438,6.563
BWA,1973,7.223100786267372,6.587
BWA,1974,7.25801916390909,6.614
BWA,1975,7.289397428447155,6.613
BWA,1976,7.3390011053649715,6.599
BWA,1977,7.399711545761851,6.543
BWA,1978,7.473393298901997,6.479
BWA,1979,7.528059997994605,6.395
BWA,1980,7.6023994149062855,6.292
BWA,1981,7.655080766747426,6.163
BWA,1982,7.7301966863057014,5.97
BWA,1983,7.8178339381085,5.785
BWA,1984,7.864592251567335,5.625
BWA,1985,7.898701389147904,5.482
BWA,1986,7.943345894301998,5.332
BWA,1987,8.022972854403102,5.104
BWA,1988,8.170871115089367,4.878
BWA,1989,8.265838021169767,4.666
BWA,1990,8.3038676464955,4.509
BWA,1991,8.348561162104675,4.365
BWA,1992,8.34918628814334,4.255
BWA,1993,8.339535654810987,4.152
BWA,1994,8.347457888502898,4.021
BWA,1995,8.389164086682218,3.792
BWA,1996,8.421389207394682,3.573
BWA,1997,8.478336746950239,3.431
BWA,1998,8.460609445006444,3.362
BWA,1999,8.531283006234341,3.313
BWA,2000,8.529643936544536,3.294
BWA,2001,8.511570155327604,3.248
BWA,2002,8.551686701463298,3.175
BWA,2003,8.579311341155258,3.106
BWA,2004,8.58847613664489,3.063
BWA,2005,8.61508502255226,3.082
BWA,2006,8.676757806307286,3.114
BWA,2007,8.713686428500589,3.127
BWA,2008,8.725607403645729,3.131
BWA,2009,8.552447174548897,3.133
BWA,2010,8.6277507965719,3.135
BWA,2011,8.674210373598001,3.103
BWA,2012,8.655722939216826,3.07
BWA,2013,8.745917426510948,3.045
BWA,2014,8.786780925412547,3.027
BWA,2015,8.722776084536143,3.008
BWA,2016,8.778146404809219,2.99
BWA,2017,8.804261542787957,2.969
BWA,2018,8.83110515087232,2.941
BWA,2019,8.846746100394796,2.906
BWA,2020,8.741016201831568,2.861
BWA,2021,8.838684029406704,2.827
BWA,2022,8.876207445689456,2.785
BWA,2023,8.891381122768536,2.732
BWA,2024,8.846834680635059,2.703
CAF,1960,6.355924295741131,5.948
CAF,1961,6.38551400783732,5.958
CAF,1962,6.328520128108942,5.97
CAF,1963,6.301852030919565,5.985
CAF,1964,6.302389814248943,6.005
CAF,1965,6.291230267728898,6.028
CAF,1966,6.276461313624539,6.057
CAF,1967,6.300321600278883,6.076
CAF,1968,6.291742111874206,6.101
CAF,1969,6.3373713224557235,6.063
CAF,1970,6.338262175427426,6.027
CAF,1971,6.3287661820445,5.993
CAF,1972,6.3091883968809,5.959
CAF,1973,6.308744043340389,5.925
CAF,1974,6.350927965403424,5.899
CAF,1975,6.335516489460704,5.877
CAF,1976,6.373553819482296,5.936
CAF,1977,6.4005891196727855,5.986
CAF,1978,6.402115631032892,6.039
CAF,1979,6.366440032144234,6.09
CAF,1980,6.309647458648201,6.13
CAF,1981,6.282774661258307,6.167
CAF,1982,6.345478209003524,6.16
CAF,1983,6.248817354476507,6.151
CAF,1984,6.327179467996478,6.138
CAF,1985,6.35319517825885,6.119
CAF,1986,6.375618037966141,6.106
CAF,1987,6.311806375713757,6.12
CAF,1988,6.312114719106623,6.098
CAF,1989,6.306227181376423,6.073
CAF,1990,6.253418604301803,6.049
CAF,1991,6.216588438036461,6.03
CAF,1992,6.118425268095969,5.964
CAF,1993,6.089917300914467,5.926
CAF,1994,6.1065426899708815,5.919
CAF,1995,6.1487898844176625,5.943
CAF,1996,6.08204778788588,5.963
CAF,1997,6.106208889808752,5.924
CAF,1998,6.125009067432294,5.889
CAF,1999,6.1330246548927,5.875
CAF,2000,6.0803196842773435,5.851
CAF,2001,6.101794620963096,5.807
CAF,2002,6.115469745381494,5.785
CAF,2003,6.036056703125029,5.799
CAF,2004,6.07264175200434,5.784
CAF,2005,6.059048527269041,5.812
CAF,2006,6.085169646056144,5.84
CAF,2007,6.110941226410812,5.867
CAF,2008,6.10994426643731,5.902
CAF,2009,6.198916423357111,5.936
CAF,2010,6.252176401729686,5.963
CAF,2011,6.277363070491019,6.009
CAF,2012,6.316676441789753,6.047
CAF,2013,5.857422085878639,6.075
CAF,2014,5.8623848165778485,6.099
CAF,2015,5.903515059151974,6.126
CAF,2016,5.931869132982871,6.126
CAF,2017,5.959349204342171,6.127
CAF,2018,5.978936435657613,6.108
CAF,2019,5.996018715160014,6.09
CAF,2020,5.988545977529536,6.059
CAF,2021,5.981466288009475,6.052
CAF,2022,5.9887493592102805,6.023
CAF,2023,5.985113913832336,6.012
CAF,2024,5.965988541904067,5.954
CAN,1960,9.644230127848367,3.811
CAN,1961,9.655381185795813,3.753
CAN,1962,9.708431458252733,3.681
CAN,1963,9.741421921099104,3.607
CAN,1964,9.787003287638719,3.456
CAN,1965,9.830158513654274,3.115
CAN,1966,9.876940611839574,2.749
CAN,1967,9.889140800367757,2.528
CAN,1968,9.921875677641493,2.386
CAN,1969,9.957706207052539,2.334
CAN,1970,9.972497188024898,2.258
CAN,1971,9.982417141942177,2.141
CAN,1972,10.024535870645582,1.98
CAN,1973,10.077429071508789,1.89
CAN,1974,10.096495191022598,1.837
CAN,1975,10.097236777883039,1.824
CAN,1976,10.141302507569078,1.796
CAN,1977,10.164337797657922,1.782
CAN,1978,10.191062025021088,1.768
CAN,1979,10.217739940829635,1.754
CAN,1980,10.226382358400606,1.74
CAN,1981,10.247628849339847,1.7
CAN,1982,10.203559040139817,1.69
CAN,1983,10.218973945463816,1.68
CAN,1984,10.266845156474842,1.65
CAN,1985,10.303996173090452,1.67
CAN,1986,10.315048679273543,1.675
CAN,1987,10.341779933367578,1.68
CAN,1988,10.371976990996458,1.68
CAN,1989,10.377139381634805,1.77
CAN,1990,10.364090196779857,1.83
CAN,1991,10.33053031089972,1.72
CAN,1992,10.327558805217251,1.71
CAN,1993,10.34279952988324,1.69
CAN,1994,10.375806888481927,1.69
CAN,1995,10.391929038407067,1.67
CAN,1996,10.39822448918927,1.63
CAN,1997,10.430197605930754,1.57
CAN,1998,10.46008875811897,1.56
CAN,1999,10.50209248550898,1.55
CAN,2000,10.542888385329666,1.51
CAN,2001,10.550603739603536,1.54
CAN,2002,10.569307379261009,1.52
CAN,2003,10.57821774951798,1.55
CAN,2004,10.599351016313625,1.56
CAN,2005,10.621480118016743,1.58
CAN,2006,10.637382024637729,1.63
CAN,2007,10.647967251281502,1.67
CAN,2008,10.647033388135789,1.7
CAN,2009,10.606002120137163,1.69
CAN,2010,10.62532862861404,1.65
CAN,2011,10.646464456840944,1.63
CAN,2012,10.653031268031413,1.63
CAN,2013,10.665489245389708,1.61
CAN,2014,10.683804585865452,1.61
CAN,2015,10.682680262531703,1.6
CAN,2016,10.681696815432375,1.59
CAN,2017,10.699629700539841,1.55
CAN,2018,10.712357621426529,1.51
CAN,2019,10.716644993442019,1.47
CAN,2020,10.654105471199319,1.41
CAN,2021,10.706368529642504,1.44
CAN,2022,10.733850085535499,1.34
CAN,2023,10.725368920713002,1.27
CAN,2024,10.715780982681283,1.25
CEB,1990,8.817480873622896,1.93049087711298
CEB,1991,8.704855560626953,1.85424166322448
CEB,1992,8.657488570165693,1.74984681538824
CEB,1993,8.660207061855466,1.66998200520003
CEB,1994,8.696612692618741,1.58951955016506
CEB,1995,8.753589603347232,1.46845538491996
CEB,1996,8.799643364153576,1.42923712401979
CEB,1997,8.823613090737519,1.38166613931049
CEB,1998,8.851289920933082,1.33855595147394
CEB,1999,8.871747199001884,1.3079163778949
CEB,2000,8.91608792378345,1.31777162376956
CEB,2001,8.952989796373165,1.27547143482851
CEB,2002,8.994326233568025,1.2533647469042
CEB,2003,9.036659322464393,1.25106592539215
CEB,2004,9.09648590867358,1.2764470903797
CEB,2005,9.147146807956943,1.31266924216897
CEB,2006,9.213984700594716,1.34198925571287
CEB,2007,9.279174512299745,1.38121771530771
CEB,2008,9.321614687181869,1.46350338600242
CEB,2009,9.286639969716388,1.48761303763203
CEB,2010,9.305530760206238,1.46183448121757
CEB,2011,9.343275556446644,1.3933610504725
CEB,2012,9.353970590545241,1.41601351724116
CEB,2013,9.364091892227476,1.3924127729705
CEB,2014,9.398990393860798,1.44768720742133
CEB,2015,9.441207230709315,1.46783594171049
CEB,2016,9.47205628933591,1.53034571436164
CEB,2017,9.524895106745328,1.59101293219932
CEB,2018,9.575817272953792,1.58380338479332
CEB,2019,9.617407495563386,1.58112607943046
CEB,2020,9.590226032726695,1.56935545634579
CEB,2021,9.6639124986952,1.5700115985293
CEB,2022,9.704853465317798,1.49491038712396
CEB,2023,9.710913995792756,1.39667191135418
CEB,2024,9.732866839634498,1.30912544338199
CHE,1960,10.51719828448726,2.44
CHE,1961,10.552669840778822,2.52
CHE,1962,10.569028171091059,2.58
CHE,1963,10.59956001873117,2.65
CHE,1964,10.649003327149217,2.66
CHE,1965,10.674957866529315,2.59
CHE,1966,10.685199209206749,2.5
CHE,1967,10.705908723048248,2.39
CHE,1968,10.729054912362388,2.29
CHE,1969,10.766677298890823,2.19
CHE,1970,10.822180835449066,2.1
CHE,1971,10.826335040888592,2.04
CHE,1972,10.841339641750462,1.91
CHE,1973,10.872870177734697,1.81
CHE,1974,10.898966152493252,1.73
CHE,1975,10.924611744964507,1.61
CHE,1976,10.940853162438897,1.55
CHE,1977,10.928151912029701,1.53
CHE,1978,10.9454259755368,1.51
CHE,1979,10.981098980151081,1.52
CHE,1980,10.993985071937812,1.55
CHE,1981,10.993052414619228,1.55
CHE,1982,10.999618829035017,1.56
CHE,1983,11.014158972813737,1.52
CHE,1984,11.051993208444856,1.53
CHE,1985,11.068952465268188,1.52
CHE,1986,11.09030598856498,1.53
CHE,1987,11.117013113561091,1.52
CHE,1988,11.134932116622528,1.57
CHE,1989,11.153048539982821,1.56
CHE,1990,11.150298223528026,1.58
CHE,1991,11.126274046191007,1.58
CHE,1992,11.103595268944622,1.58
CHE,1993,11.073615627480555,1.51
CHE,1994,11.10501634050221,1.49
CHE,1995,11.13846181442593,1.48
CHE,1996,11.139631488603175,1.5
CHE,1997,11.157981773620984,1.48
CHE,1998,11.182393199348551,1.47
CHE,1999,11.194285185530886,1.48
CHE,2000,11.224353356657415,1.5
CHE,2001,11.233822197311252,1.38
CHE,2002,11.230054389899072,1.39
CHE,2003,11.219788923499603,1.39
CHE,2004,11.238455004433444,1.42
CHE,2005,11.261142487643408,1.42
CHE,2006,11.295378345354818,1.44
CHE,2007,11.32550053805686,1.46
CHE,2008,11.337795177570449,1.48
CHE,2009,11.305761592759621,1.5
CHE,2010,11.327432014684732,1.52
CHE,2011,11.330291676635238,1.52
CHE,2012,11.33085212634982,1.52
CHE,2013,11.337548035912526,1.52
CHE,2014,11.350463162732629,1.54
CHE,2015,11.353520060500577,1.54
CHE,2016,11.36153524473918,1.54
CHE,2017,11.36630722298666,1.52
CHE,2018,11.391673600179173,1.52
CHE,2019,11.395631943701853,1.48
CHE,2020,11.365514403488842,1.46
CHE,2021,11.41778945244471,1.52
CHE,2022,11.444222981093114,1.39
CHE,2023,11.439794856747044,1.33
CHE,2024,11.440552353374823,1.29
CHI,2009,11.121626844751168,1.57
CHI,2010,11.077871646143274,1.58
CHI,2011,11.08224234587822,1.59
CHI,2012,11.016362652770257,1.58
CHI,2013,11.015027073683946,1.56
CHI,2014,11.033159270090596,1.54
CHI,2015,11.032432150423855,1.5
CHI,2016,11.041868256015006,1.46
CHI,2017,11.057114937360158,1.41
CHI,2018,11.064448193948998,1.37
CHI,2019,11.075884877983384,1.35
CHI,2020,10.979116121036686,1.33
CHI,2021,11.070812342308164,1.36
CHI,2022,11.120015290725613,1.37
CHI,2023,11.153649323876945,1.37
CHL,1960,8.077969585613426,4.697
CHL,1961,8.110885852654942,4.655
CHL,1962,8.128959961564934,4.602
CHL,1963,8.164103270816208,4.536
CHL,1964,8.168729564021335,4.457
CHL,1965,8.156326918036097,4.364
CHL,1966,8.246299545907021,4.259
CHL,1967,8.263503829697042,4.144
CHL,1968,8.281040452808648,4.025
CHL,1969,8.304001406889958,3.902
CHL,1970,8.303896552250903,3.778
CHL,1971,8.37874371234744,3.654
CHL,1972,8.355247196870206,3.53
CHL,1973,8.287403597174274,3.409
CHL,1974,8.283947743513929,3.293
CHL,1975,8.1373455279612,3.182
CHL,1976,8.157258516911256,3.078
CHL,1977,8.247646486052567,2.981
CHL,1978,8.309779894183801,2.892
CHL,1979,8.375924247296819,2.812
CHL,1980,8.439705805756995,2.744
CHL,1981,8.490053560358316,2.689
CHL,1982,8.35328482505861,2.648
CHL,1983,8.287936569693631,2.619
CHL,1984,8.312013482052842,2.601
CHL,1985,8.331675379869957,2.592
CHL,1986,8.3688193071656,2.589
CHL,1987,8.418175490172533,2.59
CHL,1988,8.472877675025364,2.591
CHL,1989,8.554992471821757,2.589
CHL,1990,8.573675022225954,2.579
CHL,1991,8.631747120942471,2.558
CHL,1992,8.724494387010008,2.478
CHL,1993,8.773652699147158,2.43
CHL,1994,8.808114588144447,2.377
CHL,1995,8.881993376503107,2.353
CHL,1996,8.93659927498857,2.284
CHL,1997,8.994537597114522,2.202
CHL,1998,9.022497675015181,2.149
CHL,1999,9.007177335164926,2.074
CHL,2000,9.043736998669685,2.046
CHL,2001,9.063233224314345,2.007
CHL,2002,9.083721095781787,1.934
CHL,2003,9.119406869372144,1.885
CHL,2004,9.173922704414691,1.844
CHL,2005,9.22072831390893,1.825
CHL,2006,9.269704378495659,1.798
CHL,2007,9.310307425489734,1.826
CHL,2008,9.337509637549179,1.85
CHL,2009,9.3161776149694,1.855
CHL,2010,9.36300048795795,1.844
CHL,2011,9.41351336106279,1.823
CHL,2012,9.463651038951573,1.798
CHL,2013,9.48666314331262,1.786
CHL,2014,9.49446266864666,1.774
CHL,2015,9.505538153004625,1.737
CHL,2016,9.510822501382549,1.686
CHL,2017,9.508468631529055,1.563
CHL,2018,9.529739611195893,1.543
CHL,2019,9.520170003201258,1.43
CHL,2020,9.447842436877993,1.307
CHL,2021,9.550822529675072,1.176
CHL,2022,9.566293718149335,1.255
CHL,2023,9.567644864156994,1.167
CHL,2024,9.589935642412886,1.14
CHN,1960,5.486383481091963,4.451
CHN,1961,5.17812252708999,3.863
CHN,1962,5.112500700836379,6.085
CHN,1963,5.1859579670355815,7.513
CHN,1964,5.329789837042043,6.672
CHN,1965,5.462552463092035,6.605
CHN,1966,5.535881025204529,6.307
CHN,1967,5.450742465194722,5.806
CHN,1968,5.382769234972172,6.508
CHN,1969,5.511860010640966,6.175
CHN,1970,5.66071439806457,6.085
CHN,1971,5.701464481531861,5.523
CHN,1972,5.714283031455814,5.112
CHN,1973,5.766185423938018,4.726
CHN,1974,5.768363107736017,4.17
CHN,1975,5.834304773751389,3.571
CHN,1976,5.803006843658854,3.235
CHN,1977,5.862350661370475,2.844
CHN,1978,5.956270057177808,2.716
CHN,1979,6.016132927434559,2.745
CHN,1980,6.079082318476488,2.739
CHN,1981,6.116156295490321,2.792
CHN,1982,6.1878305538156315,2.972
CHN,1983,6.275683445971426,2.559
CHN,1984,6.403994044968017,2.607
CHN,1985,6.516379391590356,2.633
CHN,1986,6.587166877159477,2.721
CHN,1987,6.681376781280893,2.76
CHN,1988,6.771624302351636,2.539
CHN,1989,6.79750994534262,2.52
CHN,1990,6.82131234459171,2.514
CHN,1991,6.897285944931701,1.934
CHN,1992,7.018666167728319,1.776
CHN,1993,7.137549804861502,1.691
CHN,1994,7.249196530752756,1.628
CHN,1995,7.342830306783288,1.588
CHN,1996,7.427416203886311,1.554
CHN,1997,7.506085905331778,1.527
CHN,1998,7.572743278300028,1.522
CHN,1999,7.638646988767542,1.53
CHN,2000,7.713025274859904,1.628
CHN,2001,7.785718452051346,1.563
CHN,2002,7.867359395555581,1.566
CHN,2003,7.9574750847727005,1.57
CHN,2004,8.048121751202745,1.605
CHN,2005,8.150677895543058,1.624
CHN,2006,8.264434057003331,1.644
CHN,2007,8.391561280018372,1.666
CHN,2008,8.478731921413216,1.701
CHN,2009,8.563654569843813,1.714
CHN,2010,8.659499741124039,1.687
CHN,2011,8.744442915713616,1.668
CHN,2012,8.813303154830061,1.798
CHN,2013,8.881549780556604,1.714
CHN,2014,8.947204390187988,1.769
CHN,2015,9.008876710627593,1.67
CHN,2016,9.068687551142396,1.772
CHN,2017,9.129276776150117,1.795
CHN,2018,9.18999264451763,1.539
CHN,2019,9.245349583911969,1.496
CHN,2020,9.266094744551108,1.236
CHN,2021,9.347430701068673,1.117
CHN,2022,9.378419211755894,1.034
CHN,2023,9.432201430057397,0.999
CHN,2024,9.481825042650605,1.013
CIV,1960,7.309993497973894,7.691
CIV,1961,7.368211607460089,7.72
CIV,1962,7.342604961062264,7.75
CIV,1963,7.439471750165921,7.781
CIV,1964,7.56308732105746,7.811
CIV,1965,7.492846350285246,7.841
CIV,1966,7.5637263691711745,7.868
CIV,1967,7.569977030004126,7.893
CIV,1968,7.649311315501764,7.912
CIV,1969,7.700702351123829,7.927
CIV,1970,7.758038956829321,7.936
CIV,1971,7.805126776618337,7.941
CIV,1972,7.801831531388428,7.942
CIV,1973,7.814006491264646,7.939
CIV,1974,7.810685144763772,7.929
CIV,1975,7.844357161560249,7.91
CIV,1976,7.9251096877951,7.877
CIV,1977,7.958981985426664,7.828
CIV,1978,8.024842616323829,7.669
CIV,1979,8.009914851101453,7.625
CIV,1980,7.854348847287113,7.586
CIV,1981,7.848709713461449,7.539
CIV,1982,7.810475805840079,7.488
CIV,1983,7.730555654243885,7.417
CIV,1984,7.663239451958384,7.352
CIV,1985,7.667654207132767,7.273
CIV,1986,7.660620600666539,7.187
CIV,1987,7.618556166617979,7.09
CIV,1988,7.591553279093246,6.969
CIV,1989,7.581934550790826,6.85
CIV,1990,7.5315944865627085,6.719
CIV,1991,7.49227027874696,6.585
CIV,1992,7.449912470586521,6.426
CIV,1993,7.40820952253885,6.27
CIV,1994,7.3769413181910375,6.128
CIV,1995,7.406764020047959,6.038
CIV,1996,7.4424789559421205,5.954
CIV,1997,7.496170430357101,5.902
CIV,1998,7.500210413092973,5.854
CIV,1999,7.479223634834587,5.805
CIV,2000,7.448889243343164,5.773
CIV,2001,7.400359814635219,5.704
CIV,2002,7.3468351979224895,5.641
CIV,2003,7.273500574909408,5.572
CIV,2004,7.280604540554495,5.527
CIV,2005,7.266641018731671,5.499
CIV,2006,7.2708517373832695,5.448
CIV,2007,7.258534604945706,5.403
CIV,2008,7.282505007965388,5.357
CIV,2009,7.295679691251644,5.332
CIV,2010,7.33988131993503,5.292
CIV,2011,7.26295438145415,5.244
CIV,2012,7.315507323700701,5.19
CIV,2013,7.397761961436249,5.135
CIV,2014,7.463097336104087,5.071
CIV,2015,7.503685666289025,4.97
CIV,2016,7.543949907775461,4.873
CIV,2017,7.587216390032501,4.757
CIV,2018,7.607541907538331,4.596
CIV,2019,7.646401472551903,4.523
CIV,2020,7.628072410732317,4.461
CIV,2021,7.671575473933528,4.411
CIV,2022,7.708447477628731,4.349
CIV,2023,7.747322339494329,4.283
CIV,2024,7.781413699375004,4.23
CMR,1960,6.8412948639886215,5.725
CMR,1961,6.837633227647165,5.732
CMR,1962,6.848810990081959,5.729
CMR,1963,6.863690248857584,5.731
CMR,1964,6.876500959258344,5.739
CMR,1965,6.874147402162316,5.796
CMR,1966,6.896284174488979,5.854
CMR,1967,6.7570334297779615,5.951
CMR,1968,6.794016546258997,6.043
CMR,1969,6.816466521708603,6.144
CMR,1970,6.820791856238169,6.197
CMR,1971,6.828284231871239,6.259
CMR,1972,6.827499759224068,6.293
CMR,1973,6.852171432734997,6.326
CMR,1974,6.92637805777387,6.361
CMR,1975,7.005042019703149,6.401
CMR,1976,6.921733794251567,6.447
CMR,1977,7.0246826307058585,6.508
CMR,1978,7.196302605424017,6.545
CMR,1979,7.226876550395053,6.581
CMR,1980,7.174482061387256,6.613
CMR,1981,7.297083892496546,6.61
CMR,1982,7.345760323455872,6.594
CMR,1983,7.391703906349522,6.575
CMR,1984,7.435998694473371,6.563
CMR,1985,7.483739739261215,6.564
CMR,1986,7.519130596362856,6.572
CMR,1987,7.467042250410485,6.538
CMR,1988,7.35572720333776,6.481
CMR,1989,7.308061610647231,6.414
CMR,1990,7.215591132480248,6.362
CMR,1991,7.147595923612852,6.324
CMR,1992,7.087449068876316,6.256
CMR,1993,6.976331967401531,6.155
CMR,1994,6.966847683344793,6.043
CMR,1995,6.967924336809637,5.919
CMR,1996,6.982296034356327,5.795
CMR,1997,7.000058740727588,5.706
CMR,1998,7.019751111820425,5.656
CMR,1999,7.037346531722833,5.604
CMR,2000,7.048626947148554,5.514
CMR,2001,7.064696380231057,5.441
CMR,2002,7.081680920992034,5.435
CMR,2003,7.107502835094139,5.432
CMR,2004,7.1481438907788375,5.436
CMR,2005,7.142624575998407,5.421
CMR,2006,7.152527168104394,5.369
CMR,2007,7.166830042594613,5.343
CMR,2008,7.1662830494786025,5.294
CMR,2009,7.163094629118003,5.236
CMR,2010,7.163095993331912,5.154
CMR,2011,7.168045468094992,5.052
CMR,2012,7.185136693601378,4.982
CMR,2013,7.205793340346184,4.905
CMR,2014,7.231156304432972,4.844
CMR,2015,7.254884878703265,4.841
CMR,2016,7.269350911545437,4.842
CMR,2017,7.2758001203817315,4.804
CMR,2018,7.286889895570244,4.74
CMR,2019,7.293233882767849,4.651
CMR,2020,7.2685849760323915,4.557
CMR,2021,7.274878649172877,4.468
CMR,2022,7.2852747220074,4.397
CMR,2023,7.2917777072928365,4.322
CMR,2024,7.3002911463964475,4.261
COD,1960,7.1723044310240995,6.105
COD,1961,7.031730415828478,6.124
COD,1962,7.197959026039144,6.141
COD,1963,7.222274605227893,6.158
COD,1964,7.17080845963068,6.188
COD,1965,7.153247855145693,6.21
COD,1966,7.190289911241601,6.242
COD,1967,7.1512095638755415,6.267
COD,1968,7.164300816884713,6.286
COD,1969,7.2245506085350115,6.304
COD,1970,7.193536984921109,6.329
COD,1971,7.224514183144023,6.344
COD,1972,7.1995325346049714,6.369
COD,1973,7.25099712181317,6.385
COD,1974,7.255097775271786,6.404
COD,1975,7.177489961695472,6.419
COD,1976,7.09708548590793,6.437
COD,1977,7.079376303729293,6.45
COD,1978,6.993411178669245,6.463
COD,1979,6.962553690083673,6.479
COD,1980,6.952918723958246,6.495
COD,1981,6.947026410626962,6.519
COD,1982,6.9124334959034766,6.54
COD,1983,6.894749684085523,6.564
COD,1984,6.915258638996769,6.586
COD,1985,6.886766422153472,6.612
COD,1986,6.901363961390686,6.634
COD,1987,6.8962333348914395,6.651
COD,1988,6.8688955601408805,6.656
COD,1989,6.824546613737065,6.65
COD,1990,6.723427247492644,6.649
COD,1991,6.6021688294534515,6.645
COD,1992,6.457455265598657,6.639
COD,1993,6.277046510778808,6.641
COD,1994,6.189935418672441,6.643
COD,1995,6.155397686585987,6.676
COD,1996,6.125890070890715,6.672
COD,1997,6.05201060050339,6.69
COD,1998,6.008467395038816,6.7
COD,1999,5.931244404207842,6.692
COD,2000,5.827552948956542,6.702
COD,2001,5.774656881693548,6.663
COD,2002,5.773146360564405,6.606
COD,2003,5.798212074566487,6.549
COD,2004,5.833976839035763,6.53
COD,2005,5.862802668877996,6.526
COD,2006,5.88180140584998,6.547
COD,2007,5.933895893396675,6.559
COD,2008,5.9754381016955405,6.58
COD,2009,5.949929419569896,6.591
COD,2010,6.000727448365571,6.587
COD,2011,5.963886002120302,6.582
COD,2012,6.013632592283134,6.559
COD,2013,6.1410190710467045,6.527
COD,2014,6.177591856753407,6.483
COD,2015,6.206226335413076,6.437
COD,2016,6.174746846158917,6.392
COD,2017,6.1797157432252705,6.349
COD,2018,6.205188080464555,6.302
COD,2019,6.179031272111333,6.253
COD,2020,6.154545837203365,6.206
COD,2021,6.184480394602183,6.156
COD,2022,6.241274769806806,6.106
COD,2023,6.290567019787564,6.051
COD,2024,6.317376956567765,5.981
COG,1960,7.084105849276716,6.085
COG,1961,7.138473530670862,6.093
COG,1962,7.162988993493831,6.099
COG,1963,7.0951915779632,6.147
COG,1964,7.105424078371286,6.183
COG,1965,7.113773838266306,6.229
COG,1966,7.09898606342284,6.267
COG,1967,7.091243908013291,6.29
COG,1968,7.135631229784031,6.327
COG,1969,7.178720919930146,6.35
COG,1970,7.2102556467291965,6.376
COG,1971,7.254346652044765,6.416
COG,1972,7.305971015530733,6.444
COG,1973,7.353803167075294,6.42
COG,1974,7.398493613028231,6.39
COG,1975,7.445088966979246,6.356
COG,1976,7.429807038581055,6.317
COG,1977,7.312098440321877,6.271
COG,1978,7.350302386802753,6.21
COG,1979,7.421045659093799,6.143
COG,1980,7.561105261768252,6.065
COG,1981,7.701343427879286,5.984
COG,1982,7.891686375950339,5.85
COG,1983,7.927910998301214,5.758
COG,1984,7.970429369338166,5.658
COG,1985,7.929041602498226,5.587
COG,1986,7.8286302155012075,5.514
COG,1987,7.80130547322967,5.458
COG,1988,7.789844103639098,5.392
COG,1989,7.786610608255735,5.327
COG,1990,7.768011819585404,5.266
COG,1991,7.763245578429376,5.221
COG,1992,7.760756474934655,5.177
COG,1993,7.7213236158603245,5.134
COG,1994,7.635205526139932,5.103
COG,1995,7.6461355328787155,5.068
COG,1996,7.6604103135104875,5.033
COG,1997,7.632766178298456,4.997
COG,1998,7.647473036394757,4.909
COG,1999,7.594304688151498,4.805
COG,2000,7.62901323342822,4.724
COG,2001,7.6285979050774415,4.67
COG,2002,7.649772985789891,4.697
COG,2003,7.629920745221341,4.696
COG,2004,7.6299193817256485,4.69
COG,2005,7.668578333102363,4.669
COG,2006,7.7079720235763185,4.651
COG,2007,7.602950879905648,4.649
COG,2008,7.631217431546138,4.726
COG,2009,7.701342967506132,4.808
COG,2010,7.754603787237019,4.851
COG,2011,7.743917298549895,4.826
COG,2012,7.810782854394589,4.785
COG,2013,7.779323732351909,4.731
COG,2014,7.8195082047660645,4.665
COG,2015,7.799487665806785,4.607
COG,2016,7.684412887339258,4.546
COG,2017,7.602536728772284,4.496
COG,2018,7.5548355041327,4.442
COG,2019,7.541954049260771,4.38
COG,2020,7.4532781700479305,4.329
COG,2021,7.43943627252157,4.28
COG,2022,7.430115528782572,4.215
COG,2023,7.424812739688538,4.157
COG,2024,7.421612264618344,4.109
COL,1960,7.58132667004429,6.735
COL,1961,7.600113729606983,6.712
COL,1962,7.6219960556536845,6.663
COL,1963,7.623792259571984,6.584
COL,1964,7.653499075392334,6.475
COL,1965,7.659169003213088,6.333
COL,1966,7.681263596994993,6.159
COL,1967,7.6936838331183575,5.957
COL,1968,7.724081684130149,5.737
COL,1969,7.7570969681780575,5.506
COL,1970,7.7920288988013455,5.276
COL,1971,7.825843318953158,5.057
COL,1972,7.876532453653276,4.857
COL,1973,7.918681612005666,4.68
COL,1974,7.952045602949604,4.527
COL,1975,7.952872207836055,4.398
COL,1976,7.977286093226907,4.285
COL,1977,7.995866820790232,4.163
COL,1978,8.054598485942508,3.998
COL,1979,8.08458908468637,3.888
COL,1980,8.101832796633115,3.798
COL,1981,8.1012934884343,3.706
COL,1982,8.087603553598415,3.618
COL,1983,8.079728286951115,3.501
COL,1984,8.089569768657084,3.35
COL,1985,8.098555331466526,3.225
COL,1986,8.134514388189332,3.147
COL,1987,8.166262466352336,3.087
COL,1988,8.185620430741702,3.039
COL,1989,8.198660272462119,3.012
COL,1990,8.21991455026638,2.995
COL,1991,8.21964319754469,2.982
COL,1992,8.239486345038191,2.983
COL,1993,8.271972494361634,2.978
COL,1994,8.308771110830051,2.937
COL,1995,8.340391024919066,2.85
COL,1996,8.342528151552576,2.768
COL,1997,8.358360053638616,2.743
COL,1998,8.346126778320091,2.717
COL,1999,8.285794005781797,2.637
COL,2000,8.298243214136546,2.574
COL,2001,8.299163516306239,2.522
COL,2002,8.308515733738236,2.489
COL,2003,8.331869200280558,2.45
COL,2004,8.369137611599138,2.384
COL,2005,8.402292955782052,2.309
COL,2006,8.4540477111501,2.241
COL,2007,8.506587672816924,2.195
COL,2008,8.526860684740482,2.155
COL,2009,8.526543583446504,2.096
COL,2010,8.559149673592595,2.01
COL,2011,8.615607839856338,1.938
COL,2012,8.643959081011802,1.899
COL,2013,8.684537467094968,1.86
COL,2014,8.719617954543367,1.822
COL,2015,8.740099099350715,1.771
COL,2016,8.750852565595604,1.719
COL,2017,8.749839837418161,1.717
COL,2018,8.75676842867108,1.715
COL,2019,8.77027816661759,1.71
COL,2020,8.681343179480681,1.694
COL,2021,8.772946299201278,1.68
COL,2022,8.832985333472989,1.663
COL,2023,8.830159007195745,1.645
COL,2024,8.834236887367172,1.634
COM,1980,7.066016781250235,7.154
COM,1981,7.090992219412691,7.143
COM,1982,7.103069538601192,7.134
COM,1983,7.105659998636586,7.11
COM,1984,7.118543930008759,7.072
COM,1985,7.117977385490711,7.021
COM,1986,7.110630245121917,6.953
COM,1987,7.103725551936214,6.87
COM,1988,7.1251996256927015,6.764
COM,1989,7.089274476453057,6.646
COM,1990,7.133904150204903,6.505
COM,1991,7.045898196673481,6.354
COM,1992,7.096135461428246,6.186
COM,1993,7.103034054294604,6.022
COM,1994,7.044650026326286,5.864
COM,1995,7.082129254401234,5.73
COM,1996,7.059792591120147,5.627
COM,1997,7.0857300647122665,5.513
COM,1998,7.06875974273599,5.392
COM,1999,7.077557760535587,5.28
COM,2000,7.048237580026304,5.227
COM,2001,7.080448456754356,5.195
COM,2002,7.1042388652436435,5.155
COM,2003,7.104128229916015,5.115
COM,2004,7.115702183533342,5.065
COM,2005,7.150399223281719,5.012
COM,2006,7.112528479392811,4.934
COM,2007,7.100601768313676,4.859
COM,2008,7.119613635067539,4.805
COM,2009,7.131620467020026,4.778
COM,2010,7.148822958694272,4.755
COM,2011,7.169435412942694,4.722
COM,2012,7.18051294109739,4.652
COM,2013,7.203068286254512,4.572
COM,2014,7.202161880398047,4.489
COM,2015,7.192460787629863,4.42
COM,2016,7.2046147340973326,4.348
COM,2017,7.222136585577547,4.278
COM,2018,7.238385990233898,4.208
COM,2019,7.2366020009482295,4.138
COM,2020,7.215024579932339,4.071
COM,2021,7.2154801216689295,3.999
COM,2022,7.220338246882811,3.935
COM,2023,7.232474444913376,3.878
COM,2024,7.246030277494867,3.822
CPV,1980,6.366049510057376,6.375
CPV,1981,6.433222759842035,6.273
CPV,1982,6.446312049008127,6.17
CPV,1983,6.5225475047182035,6.068
CPV,1984,6.545417554126942,5.97
CPV,1985,6.6142163942803505,5.921
CPV,1986,6.62838536517524,5.81
CPV,1987,6.65650922210722,5.681
CPV,1988,6.700777182861965,5.552
CPV,1989,6.741197659168695,5.452
CPV,1990,6.7275762930536676,5.36
CPV,1991,6.717419372077533,5.262
CPV,1992,6.7985198874116275,5.123
CPV,1993,6.86051797018,4.953
CPV,1994,7.015656821782467,4.723
CPV,1995,7.12952271869502,4.494
CPV,1996,7.219274627134962,4.257
CPV,1997,7.307885162875432,4.052
CPV,1998,7.409809247340852,3.898
CPV,1999,7.500974840185456,3.727
CPV,2000,7.619389127778705,3.545
CPV,2001,7.626188719733243,3.366
CPV,2002,7.662800962786934,3.192
CPV,2003,7.690238010483442,3.033
CPV,2004,7.77477020092141,2.9
CPV,2005,7.8296971301820175,2.726
CPV,2006,7.89500367460655,2.555
CPV,2007,8.025179844747967,2.409
CPV,2008,8.082847503220249,2.298
CPV,2009,8.05819659770341,2.246
CPV,2010,8.069222383821266,2.329
CPV,2011,8.104462114909028,2.329
CPV,2012,8.114247538458907,2.153
CPV,2013,8.120021758612051,2.067
CPV,2014,8.12676711236428,2.031
CPV,2015,8.13595112243954,1.968
CPV,2016,8.177555169407254,1.966
CPV,2017,8.221401810012392,1.93
CPV,2018,8.25678365930564,1.804
CPV,2019,8.322613489944018,1.698
CPV,2020,8.088235159928717,1.591
CPV,2021,8.152386803047163,1.554
CPV,2022,8.293491392437424,1.533
CPV,2023,8.335354114388423,1.522
CPV,2024,8.398046395606697,1.511
CRI,1960,8.193207756091962,6.712
CRI,1961,8.174545464444142,6.651
CRI,1962,8.190828887620922,6.543
CRI,1963,8.221703421270258,6.389
CRI,1964,8.222913024866077,6.193
CRI,1965,8.268143020949624,5.96
CRI,1966,8.30331435143823,5.697
CRI,1967,8.327377661794594,5.416
CRI,1968,8.37942731262949,5.028
CRI,1969,8.40480978568844,4.835
CRI,1970,8.449776459510174,4.585
CRI,1971,8.48875361824706,4.362
CRI,1972,8.541380910050812,4.158
CRI,1973,8.590125932262195,3.991
CRI,1974,8.6186190370043,3.893
CRI,1975,8.61371288720649,3.804
CRI,1976,8.641452347953624,3.747
CRI,1977,8.700446388841609,3.701
CRI,1978,8.734617907747065,3.662
CRI,1979,8.755825837925595,3.651
CRI,1980,8.736119175082342,3.583
CRI,1981,8.686007785879898,3.556
CRI,1982,8.58299084960348,3.54
CRI,1983,8.583737352123514,3.525
CRI,1984,8.633389746700482,3.519
CRI,1985,8.613108248065933,3.511
CRI,1986,8.639892325069328,3.454
CRI,1987,8.659996617721234,3.384
CRI,1988,8.668009196708152,3.314
CRI,1989,8.697929378296358,3.238
CRI,1990,8.707579321171922,3.167
CRI,1991,8.70453209170455,3.075
CRI,1992,8.767242902523453,3.001
CRI,1993,8.810799186080569,2.928
CRI,1994,8.830449779507749,2.857
CRI,1995,8.84708602783741,2.779
CRI,1996,8.83706199787323,2.681
CRI,1997,8.867783015882976,2.589
CRI,1998,8.91458939715245,2.527
CRI,1999,8.934493445319093,2.481
CRI,2000,8.95241382755004,2.413
CRI,2001,8.968808025328064,2.312
CRI,2002,8.98589087591986,2.162
CRI,2003,9.012798468523023,2.084
CRI,2004,9.041392488708512,2.028
CRI,2005,9.065931713134097,2.038
CRI,2006,9.122633593956799,1.937
CRI,2007,9.188044813132949,1.954
CRI,2008,9.220776647630187,1.98
CRI,2009,9.198639754584931,1.953
CRI,2010,9.238450132413732,1.827
CRI,2011,9.269784956273197,1.877
CRI,2012,9.305788661192018,1.851
CRI,2013,9.319297354028341,1.779
CRI,2014,9.343355571154657,1.8
CRI,2015,9.368600648303643,1.797
CRI,2016,9.399673551623106,1.746
CRI,2017,9.430965994761966,1.714
CRI,2018,9.450050282876473,1.706
CRI,2019,9.468388678338293,1.6
CRI,2020,9.419160709731832,1.448
CRI,2021,9.493054244646686,1.353
CRI,2022,9.541932589325903,1.335
CRI,2023,9.584074021276846,1.33
CRI,2024,9.619326938629671,1.318
CSS,1960,8.405620011329022,5.85023592610682
CSS,1961,8.476171171183005,5.7863097441655
CSS,1962,8.507543416608653,5.76346643526514
CSS,1963,8.506960037328513,5.69391359145485
CSS,1964,8.56420279696046,5.58664901101963
CSS,1965,8.613406359215166,5.45815615583225
CSS,1966,8.660811851242434,5.30150391761963
CSS,1967,8.706998709367593,5.08500616746279
CSS,1968,8.748679871605,4.92155149126909
CSS,1969,8.788927438803706,4.72948942058355
CSS,1970,8.794756937590908,4.5640614327613
CSS,1971,8.803991220108276,4.45438780626372
CSS,1972,8.802527397869751,4.33156351542142
CSS,1973,8.817589567606523,4.17478776104427
CSS,1974,8.779239331194,3.9955944801909
CSS,1975,8.753677054234721,3.83958162524921
CSS,1976,8.797622007895946,3.70574532032616
CSS,1977,8.85450561197235,3.60914250721294
CSS,1978,8.923216897116633,3.50000298182478
CSS,1979,8.987803200431447,3.43467741335494
CSS,1980,9.030761610226202,3.36833475735703
CSS,1981,9.026592794887257,3.32911046406523
CSS,1982,9.023874854343168,3.30555137277819
CSS,1983,8.980155225158432,3.27399248414827
CSS,1984,8.991944675257379,3.19246479464954
CSS,1985,8.994705624991072,3.15352473513669
CSS,1986,9.00006696530373,3.07491146625372
CSS,1987,8.994336576992646,2.98846436626045
CSS,1988,9.004708485069619,2.90166769592373
CSS,1989,9.029505054898792,2.84743931545297
CSS,1990,9.02043547313401,2.79027693496039
CSS,1991,9.013476141138067,2.72599508297289
CSS,1992,9.025643850773312,2.69224325298193
CSS,1993,9.022582376513641,2.62627686670642
CSS,1994,9.04770729541065,2.57484667360856
CSS,1995,9.069530252672195,2.52831385271779
CSS,1996,9.108746251144595,2.47629221092829
CSS,1997,9.145413298066291,2.4432196949285
CSS,1998,9.185151529820956,2.39071342332084
CSS,1999,9.226260690249378,2.37857977361191
CSS,2000,9.264232381543625,2.35137780439936
CSS,2001,9.277098635707938,2.31066997900525
CSS,2002,9.308134721865168,2.23982429264919
CSS,2003,9.359227843785357,2.1852528394754
CSS,2004,9.397393545941945,2.13970507724018
CSS,2005,9.448043458850282,2.12845381394826
CSS,2006,9.517614621475389,2.12013424579263
CSS,2007,9.548956776754112,2.11877694697564
CSS,2008,9.559425039767145,2.11485071339737
CSS,2009,9.51955375413565,2.10828447010003
CSS,2010,9.52496324278722,2.07173708976326
CSS,2011,9.527434770593963,2.05288830372261
CSS,2012,9.561266612514187,2.04752911622727
CSS,2013,9.569941289030576,2.04020986752551
CSS,2014,9.588826790510554,2.02565875580618
CSS,2015,9.581757701341092,1.99918301132213
CSS,2016,9.544125453448487,1.96956231728783
CSS,2017,9.530892700230748,1.9372641969766
CSS,2018,9.534445071053542,1.92045221448125
CSS,2019,9.535042256027356,1.89179306364999
CSS,2020,9.434091840343411,1.87036153838502
CSS,2021,9.499512601052505,1.8396718940957
CSS,2022,9.632980580352063,1.83848523008097
CSS,2023,9.712357716276426,1.83168008600287
CSS,2024,9.833246070052084,1.82976813968826
CUB,1970,7.870963072717996,3.981
CUB,1971,7.9359362433098015,3.799
CUB,1972,7.96707605889304,3.612
CUB,1973,7.986541296335545,3.402
CUB,1974,7.983578033328346,3.164
CUB,1975,8.062921094876259,2.824
CUB,1976,8.106171224596388,2.506
CUB,1977,8.181646985100082,2.209
CUB,1978,8.238958842455055,1.884
CUB,1979,8.244505978024172,1.771
CUB,1980,8.190560677828161,1.637
CUB,1981,8.365750878577979,1.591
CUB,1982,8.44476572608904,1.776
CUB,1983,8.489594557161196,1.801
CUB,1984,8.557703643702412,1.774
CUB,1985,8.565246951542486,1.772
CUB,1986,8.557668822107319,1.779
CUB,1987,8.524500865380576,1.8
CUB,1988,8.551521418617671,1.853
CUB,1989,8.548697054733655,1.832
CUB,1990,8.509454804908563,1.806
CUB,1991,8.388326316647266,1.663
CUB,1992,8.25890793364091,1.562
CUB,1993,8.092713591147147,1.489
CUB,1994,8.095715930069066,1.467
CUB,1995,8.116383519573382,1.481
CUB,1996,8.188501602851954,1.457
CUB,1997,8.212683743771962,1.59
CUB,1998,8.210935435648924,1.617
CUB,1999,8.267589239408926,1.64
CUB,2000,8.321728444095221,1.608
CUB,2001,8.349934362636903,1.595
CUB,2002,8.361099611879945,1.645
CUB,2003,8.39546975163608,1.627
CUB,2004,8.448954611389995,1.546
CUB,2005,8.553014447576277,1.486
CUB,2006,8.665511749438265,1.402
CUB,2007,8.734844252548541,1.436
CUB,2008,8.774789967677503,1.576
CUB,2009,8.7889368775586,1.678
CUB,2010,8.812321047837221,1.673
CUB,2011,8.8395902610853,1.734
CUB,2012,8.86915179876374,1.668
CUB,2013,8.896700292688333,1.678
CUB,2014,8.90821898541771,1.655
CUB,2015,8.952595020259022,1.685
CUB,2016,8.95854909596948,1.6
CUB,2017,8.978064963675275,1.585
CUB,2018,9.002138539575917,1.607
CUB,2019,9.00267058465408,1.54
CUB,2020,8.889072299684374,1.489
CUB,2021,8.906399200893967,1.427
CUB,2022,8.929611605456687,1.412
CUB,2023,8.913742519010999,1.439
CUB,2024,8.906718295391586,1.445
CUW,2000,9.976907418948718,2.342
CUW,2001,10.00654336397421,2.405
CUW,2002,10.009282542708544,2.3
CUW,2003,9.99153924023669,2.191
CUW,2004,9.976371385900896,2.099
CUW,2005,9.957612126362358,2.037
CUW,2006,9.948157958306481,2.1
CUW,2007,9.952808864297943,2.0
CUW,2008,9.961871100860245,2.2
CUW,2009,9.950032333202806,2.1
CUW,2010,9.938199919204488,2.2
CUW,2011,9.929062634597232,2.1
CUW,2012,9.917267727869245,2.2
CUW,2013,9.899553678159029,2.1
CUW,2014,9.879682889964425,2.0
CUW,2015,9.871058003185025,1.9
CUW,2016,9.849720344836463,1.7
CUW,2017,9.83368076853245,1.5
CUW,2018,9.817666923429613,1.7
CUW,2019,9.797044774649942,1.6
CUW,2020,9.605753113756846,1.4
CUW,2021,9.656653798917013,1.4
CUW,2022,9.727514682052218,1.4
CUW,2023,9.760019211461175,1.3
CUW,2024,9.800611452011243,1.4
CYM,2006,11.47279728265698,1.665
CYM,2007,11.474213097179659,1.681
CYM,2008,11.44159397005145,1.703
CYM,2009,11.338589001084165,1.723
CYM,2010,11.283299665224039,1.694
CYM,2011,11.267447072138475,1.637
CYM,2012,11.25252632651147,1.531
CYM,2013,11.23900006153898,1.445
CYM,2014,11.239864272265185,1.334
CYM,2015,11.243465811300291,1.269
CYM,2016,11.25197443844711,1.231
CYM,2017,11.260831557049615,1.222
CYM,2018,11.28106616251717,1.277
CYM,2019,11.298674405768027,1.508
CYM,2020,11.22790178387129,1.554
CYM,2021,11.254926887433509,1.551
CYM,2022,11.289058147163038,1.541
CYM,2023,11.325469294513065,1.531
CYM,2024,11.34310314397642,1.525
CYP,1975,8.727991319369243,2.107
CYP,1976,8.920633399234365,2.327
CYP,1977,9.072048671507703,2.089
CYP,1978,9.143237106358129,2.079
CYP,1979,9.229913289220686,2.136
CYP,1980,9.274988323161224,2.298
CYP,1981,9.28324244154031,2.154
CYP,1982,9.32988279649989,2.487
CYP,1983,9.375955440983555,2.493
CYP,1984,9.44695196135922,2.512
CYP,1985,9.482466182103705,2.432
CYP,1986,9.507367606900463,2.452
CYP,1987,9.564761332288786,2.388
CYP,1988,9.637089342326531,2.47
CYP,1989,9.699308060872676,2.369
CYP,1990,9.749430423020403,2.402
CYP,1991,9.730912600708493,2.34
CYP,1992,9.794148647460295,2.459
CYP,1993,9.776975772715524,2.247
CYP,1994,9.813618189141287,2.163
CYP,1995,9.875799650436148,2.032
CYP,1996,9.872269157134486,1.953
CYP,1997,9.884160776848361,1.86
CYP,1998,9.931213954110666,1.761
CYP,1999,9.968794851574556,1.672
CYP,2000,10.016099690028918,1.638
CYP,2001,10.044085677142808,1.566
CYP,2002,10.06917899799005,1.497
CYP,2003,10.082920501211705,1.505
CYP,2004,10.118584283608284,1.512
CYP,2005,10.15157170398194,1.479
CYP,2006,10.180948450086756,1.509
CYP,2007,10.209382998936231,1.449
CYP,2008,10.22009277223239,1.479
CYP,2009,10.172891359187945,1.475
CYP,2010,10.169308800489862,1.434
CYP,2011,10.147952950322953,1.36
CYP,2012,10.097634100020509,1.382
CYP,2013,10.03063588477268,1.304
CYP,2014,10.015635469861357,1.312
CYP,2015,10.047086891698926,1.323
CYP,2016,10.105528996658267,1.357
CYP,2017,10.152922057315555,1.323
CYP,2018,10.202198306568011,1.319
CYP,2019,10.245911559480287,1.33
CYP,2020,10.199720655804496,1.361
CYP,2021,10.292723632616772,1.392
CYP,2022,10.357908237719556,1.393
CYP,2023,10.374179055494048,1.389
CYP,2024,10.396888474576713,1.38
CZE,1990,9.38434279202315,1.9
CZE,1991,9.263276178534525,1.86
CZE,1992,9.25717547070601,1.71
CZE,1993,9.256754851177128,1.67
CZE,1994,9.285071557458073,1.44
CZE,1995,9.346040163575502,1.28
CZE,1996,9.388044379902533,1.18
CZE,1997,9.383145801253525,1.17
CZE,1998,9.380153998162905,1.16
CZE,1999,9.394865233681944,1.13
CZE,2000,9.436992675153617,1.15
CZE,2001,9.469504657410187,1.15
CZE,2002,9.486454883114803,1.17
CZE,2003,9.519216380120033,1.18
CZE,2004,9.56518798732511,1.23
CZE,2005,9.625605399742563,1.29
CZE,2006,9.687028128231754,1.34
CZE,2007,9.734627552346243,1.45
CZE,2008,9.7521207377691,1.51
CZE,2009,9.697250802198612,1.51
CZE,2010,9.721121901720869,1.51
CZE,2011,9.73662299844166,1.43
CZE,2012,9.727487210043492,1.45
CZE,2013,9.72673729898426,1.46
CZE,2014,9.74788830654419,1.53
CZE,2015,9.794319729778335,1.57
CZE,2016,9.817880524099502,1.63
CZE,2017,9.86566589978201,1.69
CZE,2018,9.890231555051948,1.71
CZE,2019,9.921330413792809,1.71
CZE,2020,9.864390473398958,1.74
CZE,2021,9.922008884046004,1.83
CZE,2022,9.934373078708143,1.64
CZE,2023,9.917024878154018,1.46
CZE,2024,9.925694815354555,1.36
DEU,1960,9.442003072213211,2.37
DEU,1961,9.476390743121556,2.45
DEU,1962,9.512794154920872,2.44
DEU,1963,9.530520961055279,2.51
DEU,1964,9.586753071129069,2.54
DEU,1965,9.629334003098126,2.5
DEU,1966,9.648722050298058,2.53
DEU,1967,9.64084193500096,2.48
DEU,1968,9.691533995496268,2.38
DEU,1969,9.755162694295647,2.21
DEU,1970,9.801608091665287,2.03
DEU,1971,9.83061965884345,1.92
DEU,1972,9.867939296619488,1.71
DEU,1973,9.911458615363054,1.54
DEU,1974,9.919930232495858,1.51
DEU,1975,9.914953526442282,1.45
DEU,1976,9.9675479895528,1.45
DEU,1977,10.002735938493684,1.4
DEU,1978,10.033247506716945,1.38
DEU,1979,10.073470902968449,1.38
DEU,1980,10.085386567784639,1.44
DEU,1981,10.089141932750506,1.43
DEU,1982,10.086136844219903,1.41
DEU,1983,10.10436012850061,1.33
DEU,1984,10.135655162620145,1.29
DEU,1985,10.16090258269361,1.37
DEU,1986,10.183060620450647,1.43
DEU,1987,10.195448568461778,1.43
DEU,1988,10.227943480792334,1.46
DEU,1989,10.258435633862934,1.42
DEU,1990,10.301031788724497,1.45
DEU,1991,10.343566428172002,1.33
DEU,1992,10.355899041892014,1.29
DEU,1993,10.339547149873038,1.28
DEU,1994,10.361715683436984,1.24
DEU,1995,10.373714450697191,1.25
DEU,1996,10.381144967876951,1.3
DEU,1997,10.398055229569003,1.35
DEU,1998,10.418643356899596,1.36
DEU,1999,10.439069127989208,1.36
DEU,2000,10.46607409047185,1.38
DEU,2001,10.480620848221173,1.35
DEU,2002,10.476654398864689,1.34
DEU,2003,10.470788667642328,1.34
DEU,2004,10.482559629672282,1.36
DEU,2005,10.491943290911498,1.34
DEU,2006,10.53100925685123,1.33
DEU,2007,10.56082813498111,1.37
DEU,2008,10.571569399997207,1.38
DEU,2009,10.517061295036783,1.36
DEU,2010,10.559107749483772,1.39
DEU,2011,10.614535674088017,1.39
DEU,2012,10.617282807358228,1.41
DEU,2013,10.618515901568854,1.42
DEU,2014,10.635914726419337,1.47
DEU,2015,10.643750994955075,1.5
DEU,2016,10.657657715704788,1.6
DEU,2017,10.681515274290929,1.57
DEU,2018,10.689802961609656,1.57
DEU,2019,10.697277620874173,1.54
DEU,2020,10.65426364114353,1.53
DEU,2021,10.692195323889663,1.58
DEU,2022,10.710345747831287,1.455
DEU,2023,10.700296126230926,1.39
DEU,2024,10.69257569472132,1.36
DMA,1977,8.077768257667346,3.02
DMA,1978,8.173554746126673,2.955
DMA,1979,7.9674864653527075,2.96
DMA,1980,8.091391212038493,3.035
DMA,1981,8.195540626181042,3.114
DMA,1982,8.240079645442956,3.166
DMA,1983,8.269775102013828,3.178
DMA,1984,8.315164027676232,3.151
DMA,1985,8.333612720013468,3.116
DMA,1986,8.406679037315,3.084
DMA,1987,8.473223394421996,3.063
DMA,1988,8.55434537312407,3.056
DMA,1989,8.55889706149698,3.059
DMA,1990,8.619186266600366,3.092
DMA,1991,8.637339180695367,3.145
DMA,1992,8.657011725880617,3.177
DMA,1993,8.67683899756622,3.201
DMA,1994,8.67655020968499,2.964
DMA,1995,8.706523788254263,2.708
DMA,1996,8.73794334868895,2.546
DMA,1997,8.761164671996386,2.406
DMA,1998,8.800740647132516,2.315
DMA,1999,8.807956493568108,2.458
DMA,2000,8.836315407810757,2.346
DMA,2001,8.838937030134108,2.399
DMA,2002,8.806419977385474,2.16
DMA,2003,8.860451194836433,2.075
DMA,2004,8.89889183470651,2.023
DMA,2005,8.906765649096409,1.998
DMA,2006,8.948785591716899,2.074
DMA,2007,9.000383186977029,2.022
DMA,2008,9.069073282341723,1.968
DMA,2009,9.05750555436405,1.918
DMA,2010,9.056521497224809,1.887
DMA,2011,9.054135404695808,1.861
DMA,2012,9.051619383651605,1.827
DMA,2013,9.043064108855313,1.778
DMA,2014,9.056753628667709,1.713
DMA,2015,9.021912056472,1.648
DMA,2016,9.047765313730453,1.581
DMA,2017,8.985399470171473,1.54
DMA,2018,9.0193208887177,1.517
DMA,2019,9.062364235686067,1.504
DMA,2020,8.896032908754442,1.495
DMA,2021,8.953939539938476,1.484
DMA,2022,9.05846135388528,1.482
DMA,2023,9.09907224356153,1.484
DMA,2024,9.1239881045895,1.48
DNK,1960,9.771140972246672,2.57
DNK,1961,9.825995979381291,2.55
DNK,1962,9.87333220024497,2.55
DNK,1963,9.871804933883354,2.67
DNK,1964,9.952463937090192,2.6
DNK,1965,9.989217040047423,2.61
DNK,1966,10.008227176722222,2.62
DNK,1967,10.057538019929565,2.35
DNK,1968,10.108330824670348,2.12
DNK,1969,10.168580396665034,2.0
DNK,1970,10.179456051553872,1.95
DNK,1971,10.203790831628865,2.04
DNK,1972,10.23534356292093,2.03
DNK,1973,10.275413772362372,1.92
DNK,1974,10.261068366794355,1.9
DNK,1975,10.243986348473053,1.92
DNK,1976,10.299679501001767,1.75
DNK,1977,10.316224822297196,1.66
DNK,1978,10.337001326784895,1.67
DNK,1979,10.374278101760483,1.6
DNK,1980,10.365519390951189,1.55
DNK,1981,10.358365989761541,1.44
DNK,1982,10.397283594241953,1.43
DNK,1983,10.42417201200271,1.38
DNK,1984,10.46717411379851,1.4
DNK,1985,10.507460435720581,1.45
DNK,1986,10.552371104036345,1.48
DNK,1987,10.555723335488533,1.5
DNK,1988,10.55796319446478,1.56
DNK,1989,10.564310859759129,1.62
DNK,1990,10.579152656281439,1.67
DNK,1991,10.591033982569158,1.68
DNK,1992,10.60775351046787,1.76
DNK,1993,10.603632530955617,1.75
DNK,1994,10.651848320145453,1.81
DNK,1995,10.676566573281972,1.8
DNK,1996,10.69945347035461,1.75
DNK,1997,10.72649102864881,1.75
DNK,1998,10.74585597116987,1.72
DNK,1999,10.771788436895628,1.73
DNK,2000,10.805009526732166,1.77
DNK,2001,10.810881848138775,1.74
DNK,2002,10.812241887698672,1.72
DNK,2003,10.813922993772907,1.76
DNK,2004,10.83872377073826,1.78
DNK,2005,10.859290957187323,1.8
DNK,2006,10.893459118759536,1.85
DNK,2007,10.898847789083996,1.84
DNK,2008,10.888791802611369,1.89
DNK,2009,10.832416323033874,1.84
DNK,2010,10.843679350166735,1.87
DNK,2011,10.852584842339224,1.75
DNK,2012,10.848767795421312,1.73
DNK,2013,10.858429430246288,1.67
DNK,2014,10.866057920734086,1.69
DNK,2015,10.879819458138824,1.71
DNK,2016,10.9022832621249,1.79
DNK,2017,10.925956727766048,1.75
DNK,2018,10.939427547508824,1.73
DNK,2019,10.952815452764716,1.7
DNK,2020,10.93193763621599,1.68
DNK,2021,10.990580679753318,1.72
DNK,2022,10.987134160931975,1.55
DNK,2023,10.985749980450018,1.5
DNK,2024,11.014898626662925,1.47
DOM,1960,7.226723222899305,7.555
DOM,1961,7.171728335540993,7.487
DOM,1962,7.297993500371906,7.404
DOM,1963,7.330334526904322,7.303
DOM,1964,7.365524880523944,7.186
DOM,1965,7.2027873894557715,7.053
DOM,1966,7.299891292520971,6.949
DOM,1967,7.303208477468523,6.755
DOM,1968,7.2767344196443755,6.548
DOM,1969,7.3516951031594315,6.366
DOM,1970,7.490945588399772,6.184
DOM,1971,7.5661418526299205,6.009
DOM,1972,7.637205134650982,5.841
DOM,1973,7.7308656430302864,5.667
DOM,1974,7.761930477663264,5.44
DOM,1975,7.785938197600336,5.235
DOM,1976,7.824919280659209,5.046
DOM,1977,7.847802631771372,4.842
DOM,1978,7.843639057461004,4.644
DOM,1979,7.862993409428438,4.473
DOM,1980,7.9150413260812496,4.302
DOM,1981,7.932905856453936,4.149
DOM,1982,7.9263968977305765,4.014
DOM,1983,7.948577332744599,3.947
DOM,1984,7.938224520693577,3.822
DOM,1985,7.894541743222184,3.686
DOM,1986,7.907495327147015,3.603
DOM,1987,7.982595901336602,3.528
DOM,1988,7.982814725147686,3.5
DOM,1989,8.004726805602205,3.475
DOM,1990,7.927602336131184,3.411
DOM,1991,7.9164206430407535,3.349
DOM,1992,8.002896986243554,3.287
DOM,1993,8.054417967228826,3.226
DOM,1994,8.060838373075482,3.163
DOM,1995,8.097536302435133,3.101
DOM,1996,8.137251376347463,3.04
DOM,1997,8.205084043170112,2.922
DOM,1998,8.253454651750511,2.835
DOM,1999,8.295098781667118,2.846
DOM,2000,8.324361976722292,2.869
DOM,2001,8.333026165468969,2.827
DOM,2002,8.36189561307953,2.764
DOM,2003,8.333911220254402,2.703
DOM,2004,8.345695352172381,2.641
DOM,2005,8.422717568691741,2.574
DOM,2006,8.497952706400847,2.508
DOM,2007,8.557333675012996,2.51
DOM,2008,8.577144956264481,2.546
DOM,2009,8.574452067694693,2.574
DOM,2010,8.642319216205266,2.556
DOM,2011,8.661046584483083,2.527
DOM,2012,8.675955893763161,2.497
DOM,2013,8.711942864856029,2.474
DOM,2014,8.76877306832018,2.451
DOM,2015,8.824818042218277,2.43
DOM,2016,8.87874176696129,2.41
DOM,2017,8.906447583754677,2.398
DOM,2018,8.964274338056054,2.397
DOM,2019,9.00172162213943,2.366
DOM,2020,8.908677478547647,2.329
DOM,2021,9.029406464326538,2.294
DOM,2022,9.070864019724837,2.267
DOM,2023,9.083638559314252,2.243
DOM,2024,9.123523978409294,2.222
DZA,1960,7.778387371380563,7.503
DZA,1961,7.614447073342742,7.564
DZA,1962,7.380559818479932,7.607
DZA,1963,7.660317452121095,7.649
DZA,1964,7.700705702482625,7.672
DZA,1965,7.7457556568964625,7.711
DZA,1966,7.678553697299326,7.71
DZA,1967,7.746412453491556,7.712
DZA,1968,7.826169393600003,7.711
DZA,1969,7.884366883331953,7.709
DZA,1970,7.946703002796042,7.704
DZA,1971,7.80382382114398,7.671
DZA,1972,8.023166396035771,7.634
DZA,1973,8.037019802644256,7.592
DZA,1974,8.085057975189367,7.545
DZA,1975,8.098894362626476,7.485
DZA,1976,8.133886230716685,7.405
DZA,1977,8.148822690651373,7.312
DZA,1978,8.208523826270165,7.211
DZA,1979,8.250831441610229,7.119
DZA,1980,8.227565292989,6.994
DZA,1981,8.224683231151886,6.845
DZA,1982,8.253377474452913,6.675
DZA,1983,8.272043417438272,6.496
DZA,1984,8.292397126736214,6.283
DZA,1985,8.294688484535756,6.035
DZA,1986,8.265743977725398,5.645
DZA,1987,8.22848810710273,5.298
DZA,1988,8.190428829173479,5.023
DZA,1989,8.207089101491729,4.761
DZA,1990,8.190267603580839,4.509
DZA,1991,8.154359251940686,4.366
DZA,1992,8.147846690751416,4.274
DZA,1993,8.102562055032175,4.076
DZA,1994,8.071396326109882,3.914
DZA,1995,8.08800508561311,3.487
DZA,1996,8.10860984106455,3.139
DZA,1997,8.100909583890244,2.886
DZA,1998,8.134726347353892,2.691
DZA,1999,8.152339740985397,2.62
DZA,2000,8.175638840160971,2.59
DZA,2001,8.191464728976442,2.519
DZA,2002,8.230753231325924,2.429
DZA,2003,8.280431878074173,2.451
DZA,2004,8.31048435923574,2.5
DZA,2005,8.348443720896721,2.562
DZA,2006,8.361618441364065,2.628
DZA,2007,8.375456929632021,2.704
DZA,2008,8.381961011598607,2.785
DZA,2009,8.374730730242145,2.825
DZA,2010,8.402143727831959,2.875
DZA,2011,8.41213358633255,2.899
DZA,2012,8.415922033938331,2.996
DZA,2013,8.421394469109343,2.997
DZA,2014,8.441197606306115,3.084
DZA,2015,8.452133793801268,3.091
DZA,2016,8.46983559480189,3.091
DZA,2017,8.4644042012069,3.09
DZA,2018,8.458929044050583,3.019
DZA,2019,8.449484656270382,2.997
DZA,2020,8.381072240246514,2.94
DZA,2021,8.402174378957262,2.87
DZA,2022,8.42166570173465,2.817
DZA,2023,8.44685773124866,2.766
DZA,2024,8.469205795295908,2.723
EAP,1960,5.784866305971799,4.83110181718473
EAP,1961,5.641075220342427,4.37755549899838
EAP,1962,5.621090720983283,6.01855126399584
EAP,1963,5.658324774646741,7.05774484680061
EAP,1964,5.73678432376265,6.44237102606128
EAP,1965,5.815125011623302,6.38663039137525
EAP,1966,5.865125309422345,6.16077792401454
EAP,1967,5.824743731558289,5.79181914146062
EAP,1968,5.815845119482109,6.29098438446004
EAP,1969,5.896973185737654,6.03424111073792
EAP,1970,5.99645264701046,5.9476045252183
EAP,1971,6.035276262569005,5.51474525695755
EAP,1972,6.0584987927884075,5.19567741087837
EAP,1973,6.114727175510822,4.88069511487259
EAP,1974,6.131818307524126,4.42622678163375
EAP,1975,6.177942481168088,3.96321575761353
EAP,1976,6.18791220146549,3.68569866750667
EAP,1977,6.244093253038511,3.36925698255625
EAP,1978,6.316304328498415,3.24869961120539
EAP,1979,6.368395328516087,3.2403015276764
EAP,1980,6.425141853015491,3.20575487978323
EAP,1981,6.463847155377128,3.21219642516331
EAP,1982,6.50913262658884,3.31795736755402
EAP,1983,6.566449423882458,2.99040694227051
EAP,1984,6.64580973794424,2.99012490784225
EAP,1985,6.706020916074619,2.96074344490655
EAP,1986,6.758371650501131,2.97929902376099
EAP,1987,6.828916970583498,2.97354174585678
EAP,1988,6.904818898016781,2.79113587321177
EAP,1989,6.943444969859159,2.75716688432265
EAP,1990,6.977444331234123,2.73172329262826
EAP,1991,7.040013128144258,2.30075145434288
EAP,1992,7.132343346184848,2.1631063276742
EAP,1993,7.225822003650288,2.08513769819031
EAP,1994,7.316327468564528,2.02347592700793
EAP,1995,7.397847765820174,1.97817529270266
EAP,1996,7.472229754651537,1.93759258629366
EAP,1997,7.531141351953142,1.89965881124218
EAP,1998,7.548876214910589,1.87396113255707
EAP,1999,7.600598323521716,1.86012063742824
EAP,2000,7.664970130694761,1.91730006429306
EAP,2001,7.723084504359218,1.86452654876186
EAP,2002,7.792538845719157,1.8570246904893
EAP,2003,7.8704402015156925,1.85142686166263
EAP,2004,7.949909529134222,1.86905650640618
EAP,2005,8.037610327855063,1.87644275680172
EAP,2006,8.134661064877625,1.89055580188736
EAP,2007,8.24411820768296,1.90758413464005
EAP,2008,8.319250453065791,1.92881250264633
EAP,2009,8.38884646263782,1.93477952791717
EAP,2010,8.475776492848574,1.91349993221803
EAP,2011,8.550317420291634,1.90530229321258
EAP,2012,8.61464667837573,1.99107765870115
EAP,2013,8.676689058034825,1.9221824900928
EAP,2014,8.736419253993343,1.95215689037872
EAP,2015,8.793281046305752,1.87853330070305
EAP,2016,8.848856734815405,1.92845332128009
EAP,2017,8.905819624310233,1.92583111307555
EAP,2018,8.962723050909126,1.74043475080494
EAP,2019,9.014402901086266,1.70480430061126
EAP,2020,9.023224136172509,1.52789689503569
EAP,2021,9.094444630155753,1.4404934680796
EAP,2022,9.1269717058772,1.38552648865081
EAP,2023,9.17637857639476,1.36140449889156
EAP,2024,9.223051056698399,1.36829193691809
EAR,1960,6.9735535041497645,6.1536669226445
EAR,1961,6.994158896552255,6.16668872661336
EAR,1962,7.009271814719307,6.1761483396803
EAR,1963,7.034968223292174,6.17952516431696
EAR,1964,7.090334119894894,6.17664133094049
EAR,1965,7.124350209029865,6.14852762636846
EAR,1966,7.14148849349706,6.10967451899681
EAR,1967,7.170897572258613,6.07156034491763
EAR,1968,7.21585076352836,6.02422498695676
EAR,1969,7.254717675667132,5.9711919511593
EAR,1970,7.31073381563394,5.91828377905487
EAR,1971,7.338705321652836,5.85755303284479
EAR,1972,7.379182048608286,5.78287864872121
EAR,1973,7.422621742500549,5.70809333742973
EAR,1974,7.463577419715062,5.62751269873822
EAR,1975,7.467362089766214,5.53317157247861
EAR,1976,7.510484879803207,5.46486626873774
EAR,1977,7.5254940699298,5.36983904471833
EAR,1978,7.522844357441651,5.28843833146727
EAR,1979,7.538060724021525,5.21752492346736
EAR,1980,7.544371629061585,5.15926051703508
EAR,1981,7.553912793540545,5.07837937050919
EAR,1982,7.532902744920337,5.00374602735477
EAR,1983,7.510430792098674,4.92909518921829
EAR,1984,7.5061634280728375,4.85216499402132
EAR,1985,7.491429876072984,4.74552926759923
EAR,1986,7.481913290030767,4.65814508835805
EAR,1987,7.486237666513011,4.55387237304121
EAR,1988,7.493956630074067,4.45133843034322
EAR,1989,7.489799695337559,4.34844574645711
EAR,1990,7.5148719662012144,4.24500380356312
EAR,1991,7.534843380541295,4.14767285929029
EAR,1992,7.553153956462361,4.04087463298077
EAR,1993,7.566533175854622,3.94692179414883
EAR,1994,7.579501760885271,3.85788428839654
EAR,1995,7.584482304578041,3.76582479874717
EAR,1996,7.619225355631944,3.67727392583173
EAR,1997,7.647360274796871,3.59890907324413
EAR,1998,7.651362556708532,3.52117022719808
EAR,1999,7.654278704053037,3.45184570442009
EAR,2000,7.678207637787298,3.3912390510628
EAR,2001,7.67175271543999,3.33078739753371
EAR,2002,7.671473147503521,3.25305216479698
EAR,2003,7.702562782185337,3.17868414584789
EAR,2004,7.747021014421776,3.11500627722658
EAR,2005,7.788194548005005,3.0577445556333
EAR,2006,7.831195581399889,3.00610536836879
EAR,2007,7.8709810479675975,2.95367185736481
EAR,2008,7.889373563269172,2.91176570123054
EAR,2009,7.880172657232127,2.87307156290405
EAR,2010,7.926558064505383,2.82072261952737
EAR,2011,7.959442050519753,2.77693436477876
EAR,2012,7.985952569630834,2.73636596542955
EAR,2013,8.011000996158076,2.68692961890405
EAR,2014,8.03636773809348,2.62682355328164
EAR,2015,8.064280173703114,2.606063609279
EAR,2016,8.091614261819469,2.57543828929898
EAR,2017,8.122925498389876,2.51536902880117
EAR,2018,8.1462173028219,2.48215945277498
EAR,2019,8.156463008242856,2.42779561788204
EAR,2020,8.10052712277621,2.37325097006909
EAR,2021,8.16237448448107,2.34167487073807
EAR,2022,8.209682910566615,2.3189517975754
EAR,2023,8.238355531561957,2.29816654586579
EAR,2024,8.264721060667206,2.28020089221422
EAS,1960,7.052162092127073,4.552018956377
EAS,1961,7.088002626610282,4.15886057355196
EAS,1962,7.127432900081095,5.52664149337645
EAS,1963,7.178138255553756,6.38844597578321
EAS,1964,7.253919816406474,5.86395908828366
EAS,1965,7.297983666491658,5.81903943331369
EAS,1966,7.355229404759751,5.56715731929579
EAS,1967,7.402197620825198,5.32208660399267
EAS,1968,7.4668963879009045,5.73717146674616
EAS,1969,7.5500502917366665,5.52322867424715
EAS,1970,7.562554129146284,5.45763094223015
EAS,1971,7.587869348954349,5.0969417468987
EAS,1972,7.633684883047376,4.81468234128564
EAS,1973,7.685416669248419,4.54617826928571
EAS,1974,7.674761673039696,4.14161342578447
EAS,1975,7.691309053809844,3.72018111972918
EAS,1976,7.715658533035251,3.46987253844866
EAS,1977,7.750983313261629,3.19150913246053
EAS,1978,7.792210918922171,3.08116103403719
EAS,1979,7.834561431354299,3.08182116702355
EAS,1980,7.856543100770253,3.0495518622526
EAS,1981,7.886547060281729,3.05051268188116
EAS,1982,7.911156352779212,3.14116074293095
EAS,1983,7.9378392764310295,2.85000702153672
EAS,1984,7.983003449118877,2.84219181900126
EAS,1985,8.023776912791389,2.81189279363787
EAS,1986,8.056442457354809,2.8221145123497
EAS,1987,8.101544763454084,2.81596977422875
EAS,1988,8.159405959156649,2.65818562808847
EAS,1989,8.193690655767456,2.62121065417664
EAS,1990,8.228465167534186,2.60053980517291
EAS,1991,8.261227041043913,2.22199667109091
EAS,1992,8.289212483704135,2.10106663908457
EAS,1993,8.317286562782924,2.02771962689827
EAS,1994,8.35533941839764,1.97572387066931
EAS,1995,8.397128807584163,1.93039834584814
EAS,1996,8.439674418484039,1.89315545591712
EAS,1997,8.469670885303179,1.85668620609859
EAS,1998,8.461168658210587,1.82784812254818
EAS,1999,8.488248585519257,1.81413030959731
EAS,2000,8.532669793763583,1.87030131869665
EAS,2001,8.55579593419336,1.81392801583052
EAS,2002,8.59086245034693,1.80360842119829
EAS,2003,8.630972595728968,1.79659548903585
EAS,2004,8.680364103589369,1.81225270397003
EAS,2005,8.730801647930779,1.81620168162304
EAS,2006,8.786461978975348,1.83449759597526
EAS,2007,8.85158325252023,1.85473440682623
EAS,2008,8.887363415321852,1.87387155443301
EAS,2009,8.905175639345844,1.87816877219437
EAS,2010,8.971651445756914,1.86033578165821
EAS,2011,9.016779786999418,1.85575287492533
EAS,2012,9.059938722157677,1.93847005657334
EAS,2013,9.103313109353051,1.87079702863895
EAS,2014,9.14372305152479,1.89901337242406
EAS,2015,9.18303536572224,1.83427086836941
EAS,2016,9.221276516465228,1.87658988593015
EAS,2017,9.263363135113403,1.87010279533446
EAS,2018,9.304336598650272,1.69915751133178
EAS,2019,9.338773158959832,1.662105630106
EAS,2020,9.333781371260615,1.49674712292815
EAS,2021,9.394170465021652,1.41680399643096
EAS,2022,9.42233711361986,1.36274892222911
EAS,2023,9.460216845809866,1.33559055994181
EAS,2024,9.495168072160375,1.34088497482886
ECA,1987,8.14677897888849,3.01242417898412
ECA,1988,8.16559271338122,2.94233309088917
ECA,1989,8.164634480182919,2.85069056714788
ECA,1990,8.17993404811481,2.74773273220308
ECA,1991,8.12286783871116,2.69437459933243
ECA,1992,8.065531905481414,2.60726526636366
ECA,1993,8.038638286320884,2.52025636273288
ECA,1994,7.929274526881469,2.43106773646375
ECA,1995,7.935051099476528,2.36790852205595
ECA,1996,7.968345607558259,2.26413154200845
ECA,1997,8.018500031825,2.20215224389354
ECA,1998,8.036902398672403,2.15188658473363
ECA,1999,8.023550367183063,2.08070189736967
ECA,2000,8.085143425971562,2.00474150351362
ECA,2001,8.081679255516669,1.95682096363437
ECA,2002,8.139194862083208,1.92607198972957
ECA,2003,8.198643141997815,1.92721327064399
ECA,2004,8.285718898354174,1.95922809070334
ECA,2005,8.363311460676787,1.95166240174491
ECA,2006,8.437788027112136,1.98577274774906
ECA,2007,8.504545385405434,2.01844199305995
ECA,2008,8.528588542059946,2.06586049973884
ECA,2009,8.485952696247894,2.05914876383274
ECA,2010,8.54671423170042,2.04838130370044
ECA,2011,8.618842205088733,2.03687878091443
ECA,2012,8.650833325296595,2.08613304557465
ECA,2013,8.705703112929811,2.10560009634719
ECA,2014,8.728902783105575,2.15899424495663
ECA,2015,8.754445924089323,2.14347872262226
ECA,2016,8.773747479070162,2.1245480206035
ECA,2017,8.82353227203758,2.07755730873508
ECA,2018,8.852182134047835,2.07164815334434
ECA,2019,8.869244101252152,2.05853927210627
ECA,2020,8.865034306848372,2.04948188927785
ECA,2021,8.947737167814127,2.0541221932564
ECA,2022,8.983769463589823,1.99842365385872
ECA,2023,9.040234358037404,1.98425254275538
ECA,2024,9.073288473845544,1.96181371551687
ECS,1960,8.888762928476655,2.83848368529264
ECS,1961,8.926707992364642,2.83207926574286
ECS,1962,8.96087342654808,2.81083794946942
ECS,1963,8.997105732434752,2.80931620543911
ECS,1964,9.04343071315732,2.80041411849248
ECS,1965,9.077110220516683,2.74843557312999
ECS,1966,9.104722577077892,2.72189747284275
ECS,1967,9.129442736624858,2.72667143391915
ECS,1968,9.173332314825316,2.67004911946736
ECS,1969,9.222017261721808,2.61310963153686
ECS,1970,9.263047931263255,2.56598360836375
ECS,1971,9.287974334148156,2.55153281110075
ECS,1972,9.32375890657419,2.49136129914704
ECS,1973,9.37449628657991,2.42285706646759
ECS,1974,9.390724576447928,2.40865360780192
ECS,1975,9.38147061777098,2.35401265642158
ECS,1976,9.418287953464363,2.31747440331331
ECS,1977,9.437756441182325,2.2612638822947
ECS,1978,9.46080960735143,2.22357674262737
ECS,1979,9.48966338563391,2.20084675190752
ECS,1980,9.496108125173635,2.17563068727892
ECS,1981,9.493536164899878,2.13963702625444
ECS,1982,9.49837555577239,2.14518035515243
ECS,1983,9.51152671723753,2.13891784249318
ECS,1984,9.532956447224361,2.11676482346068
ECS,1985,9.552657298356117,2.10368714096043
ECS,1986,9.575146321422684,2.11613561829941
ECS,1987,9.598736714244003,2.10610489651948
ECS,1988,9.632268641478634,2.07558849076164
ECS,1989,9.65948518461942,2.01533087553928
ECS,1990,9.675963879880324,1.96637283330227
ECS,1991,9.672882821409926,1.90056211567784
ECS,1992,9.66245149228321,1.82774490283179
ECS,1993,9.652042361221456,1.75427002287587
ECS,1994,9.664355543300328,1.71174940609854
ECS,1995,9.68647124886166,1.66266037155812
ECS,1996,9.70258921029502,1.62662735662408
ECS,1997,9.731466043629032,1.60334909446128
ECS,1998,9.755691971493892,1.58833655561538
ECS,1999,9.78317176170576,1.55741598336316
ECS,2000,9.82497301293268,1.55972097669511
ECS,2001,9.845658327925124,1.54277622977566
ECS,2002,9.859430536886038,1.5461514958065
ECS,2003,9.874828472386925,1.56349486047452
ECS,2004,9.903235155105657,1.59242846488562
ECS,2005,9.927384984557586,1.58832212836368
ECS,2006,9.962635415137493,1.6183726917497
ECS,2007,9.996173562415079,1.66017814115426
ECS,2008,10.002329970243332,1.71661872769343
ECS,2009,9.953278941320246,1.71823082724026
ECS,2010,9.975666689404344,1.72570974739647
ECS,2011,9.99637289723244,1.7095186716843
ECS,2012,9.995653061328085,1.74423724874011
ECS,2013,10.000601533106073,1.73604903622765
ECS,2014,10.015799499203345,1.77206211269916
ECS,2015,10.03198955584318,1.77310285735
ECS,2016,10.046437876458553,1.7792609843918
ECS,2017,10.071808002044058,1.73655531425901
ECS,2018,10.089742953744075,1.7164095058454
ECS,2019,10.104074093587414,1.68818758958723
ECS,2020,10.046940492264879,1.67075064355705
ECS,2021,10.112184256975493,1.68384155571303
ECS,2022,10.146008265174808,1.61697776919436
ECS,2023,10.155841806951983,1.57800237204399
ECS,2024,10.167763250017387,1.55340850837664
ECU,1960,7.779751344632783,6.721
ECU,1961,7.801497300224461,6.7
ECU,1962,7.820931657210495,6.676
ECU,1963,7.8128835286166645,6.646
ECU,1964,7.855141245210543,6.61
ECU,1965,7.857893706471796,6.564
ECU,1966,7.824811948961736,6.507
ECU,1967,7.840179834629789,6.436
ECU,1968,7.829233397643218,6.351
ECU,1969,7.845047623972394,6.252
ECU,1970,7.88180459494025,6.138
ECU,1971,7.91327079894516,6.011
ECU,1972,7.932856926306793,5.873
ECU,1973,8.034320843397232,5.727
ECU,1974,8.111738665802433,5.577
ECU,1975,8.18739527012126,5.426
ECU,1976,8.230686218623628,5.276
ECU,1977,8.21886962657843,5.13
ECU,1978,8.246935064098702,4.989
ECU,1979,8.256471965975493,4.855
ECU,1980,8.265953147387465,4.73
ECU,1981,8.293855117850777,4.612
ECU,1982,8.273581841790712,4.501
ECU,1983,8.24394848181799,4.395
ECU,1984,8.24369721604042,4.305
ECU,1985,8.256579068867586,4.145
ECU,1986,8.265731199407753,4.0
ECU,1987,8.238991974700127,3.87
ECU,1988,8.272828596052943,3.787
ECU,1989,8.260018979362053,3.736
ECU,1990,8.273774884441877,3.68
ECU,1991,8.294191679483152,3.633
ECU,1992,8.29405750555031,3.575
ECU,1993,8.29329780124654,3.491
ECU,1994,8.315649839551714,3.42
ECU,1995,8.318909885814428,3.381
ECU,1996,8.317239061213131,3.351
ECU,1997,8.341137220480002,3.288
ECU,1998,8.355154966713103,3.228
ECU,1999,8.288834297845295,3.166
ECU,2000,8.282330942924474,3.102
ECU,2001,8.306225262709143,3.037
ECU,2002,8.336845190471081,2.972
ECU,2003,8.347640876056564,2.911
ECU,2004,8.396208401073688,2.853
ECU,2005,8.431488994320295,2.8
ECU,2006,8.456801913123694,2.753
ECU,2007,8.458568582904595,2.704
ECU,2008,8.505100802337594,2.688
ECU,2009,8.498894143856889,2.678
ECU,2010,8.521624109159822,2.615
ECU,2011,8.586617988892254,2.605
ECU,2012,8.626918292108286,2.509
ECU,2013,8.681575078092347,2.362
ECU,2014,8.708646547394471,2.274
ECU,2015,8.695533446764424,2.209
ECU,2016,8.674049216381379,2.122
ECU,2017,8.716744220594295,2.128
ECU,2018,8.709975776667743,2.111
ECU,2019,8.694734906925728,2.035
ECU,2020,8.585914703255183,1.967
ECU,2021,8.66821236299871,1.909
ECU,2022,8.717271976290036,1.861
ECU,2023,8.726709881444197,1.823
ECU,2024,8.69847203437044,1.806
EGY,1960,6.626274110999807,6.793
EGY,1961,6.650744596984313,6.758
EGY,1962,6.662448079773482,6.709
EGY,1963,6.736167246086022,6.648
EGY,1964,6.819064637772428,6.541
EGY,1965,6.841566558028987,6.387
EGY,1966,6.865735334823635,6.308
EGY,1967,6.848918507231706,6.252
EGY,1968,6.808116876883685,6.193
EGY,1969,6.835217813837519,6.12
EGY,1970,6.86594952499234,6.059
EGY,1971,6.882614312527059,5.99
EGY,1972,6.8896984394932845,5.929
EGY,1973,6.901162913304516,5.843
EGY,1974,6.893516464213809,5.784
EGY,1975,6.955563543695143,5.749
EGY,1976,7.056857755296886,5.727
EGY,1977,7.119390543852767,5.678
EGY,1978,7.177611524739649,5.629
EGY,1979,7.197084634818923,5.569
EGY,1980,7.266409020991266,5.494
EGY,1981,7.310453115412181,5.368
EGY,1982,7.377384358228672,5.329
EGY,1983,7.397795585119257,5.308
EGY,1984,7.460677729657298,5.207
EGY,1985,7.487217631515715,5.116
EGY,1986,7.504984036401743,4.998
EGY,1987,7.514861571240864,4.911
EGY,1988,7.540232699875922,4.833
EGY,1989,7.561046822948377,4.676
EGY,1990,7.586873458191159,4.512
EGY,1991,7.570494896901921,4.315
EGY,1992,7.590357102859379,4.149
EGY,1993,7.5958794655070845,3.993
EGY,1994,7.613302133873521,3.865
EGY,1995,7.6376392785571525,3.764
EGY,1996,7.665588489380541,3.7
EGY,1997,7.6983311933636225,3.682
EGY,1998,7.730739244151649,3.681
EGY,1999,7.767206523053944,3.599
EGY,2000,7.807350757482065,3.505
EGY,2001,7.820854688756066,3.46
EGY,2002,7.823438311021506,3.412
EGY,2003,7.833919020683645,3.352
EGY,2004,7.853380872645033,3.283
EGY,2005,7.876905238391506,3.254
EGY,2006,7.923574230458158,3.223
EGY,2007,7.973178037610638,3.237
EGY,2008,8.02362217321319,3.238
EGY,2009,8.05041527015425,3.259
EGY,2010,8.081427176435344,3.296
EGY,2011,8.077874410142257,3.311
EGY,2012,8.077444647624214,3.4
EGY,2013,8.076011282035749,3.49
EGY,2014,8.08198896567844,3.49
EGY,2015,8.103791147239486,3.5
EGY,2016,8.125992598554863,3.35
EGY,2017,8.146972520522551,3.31
EGY,2018,8.179939755339994,3.02
EGY,2019,8.216424429768118,2.87
EGY,2020,8.235060884801872,2.85
EGY,2021,8.252529465257624,2.75
EGY,2022,8.301467796066554,2.75
EGY,2023,8.321497440966105,2.75
EGY,2024,8.327873434401413,2.735
EMU,1960,9.181596985083322,2.59122244303921
EMU,1961,9.22884123781145,2.62004392532619
EMU,1962,9.27628180586186,2.62339634741126
EMU,1963,9.315236521664133,2.65876269064486
EMU,1964,9.363585553502118,2.70911907356148
EMU,1965,9.404266157058464,2.65735769860925
EMU,1966,9.439237985742269,2.63825710007052
EMU,1967,9.466082965525786,2.59388941208311
EMU,1968,9.514661695988782,2.53425737300083
EMU,1969,9.576693603982205,2.47300024426382
EMU,1970,9.625558738809419,2.37756338828184
EMU,1971,9.656707970711954,2.3311998543233
EMU,1972,9.697708979162922,2.22645709662931
EMU,1973,9.750763892109429,2.13003373757932
EMU,1974,9.77699141071512,2.10227102421107
EMU,1975,9.764429948572813,2.02701392971968
EMU,1976,9.80918646406219,1.98890299047899
EMU,1977,9.835673719977455,1.91623450607105
EMU,1978,9.862277085730971,1.86161346524876
EMU,1979,9.896487142608803,1.81273118719661
EMU,1980,9.913664506840075,1.78407172523577
EMU,1981,9.915323958195353,1.73559130880483
EMU,1982,9.919750703938494,1.70968802738685
EMU,1983,9.931623918572177,1.65311760418271
EMU,1984,9.953792277758042,1.61736345024579
EMU,1985,9.974809372220756,1.60485451713489
EMU,1986,9.997426461741476,1.5946837022479
EMU,1987,10.019930621841164,1.57044243472631
EMU,1988,10.059270266589374,1.57719858025595
EMU,1989,10.095241481355705,1.54120561593689
EMU,1990,10.125851344091496,1.54346075541676
EMU,1991,10.144913095032663,1.49415737894026
EMU,1992,10.151913470342524,1.47065204099481
EMU,1993,10.141243130899149,1.43725934958027
EMU,1994,10.163194733149645,1.3986907138893
EMU,1995,10.18534125301999,1.38254428761125
EMU,1996,10.200581840214449,1.39625419238045
EMU,1997,10.225115057660116,1.41280180745379
EMU,1998,10.252851729224968,1.41087609787939
EMU,1999,10.279851167373074,1.42592793528338
EMU,2000,10.315242863705045,1.46495831392222
EMU,2001,10.334184077552319,1.45128452779998
EMU,2002,10.339475959427583,1.45395081025134
EMU,2003,10.341918146281813,1.46839876894829
EMU,2004,10.35961465981315,1.49199159261066
EMU,2005,10.372368579986968,1.49576379443308
EMU,2006,10.400686834244715,1.52129254728042
EMU,2007,10.425465645808561,1.53726214927422
EMU,2008,10.425033447400734,1.57771642509046
EMU,2009,10.376019989530752,1.56387655841203
EMU,2010,10.394609843283357,1.57501071714333
EMU,2011,10.414203408307083,1.55508558583431
EMU,2012,10.403037945434528,1.55072914409533
EMU,2013,10.400225981380409,1.52964173135847
EMU,2014,10.413218578371518,1.55349832929428
EMU,2015,10.432014012196154,1.55155183956971
EMU,2016,10.447461027724577,1.57202366958561
EMU,2017,10.47168494295048,1.54882549087469
EMU,2018,10.487389472697803,1.53029831462397
EMU,2019,10.501283981635279,1.50869527476383
EMU,2020,10.437744408836371,1.48241672006156
EMU,2021,10.499683538906446,1.51073884610119
EMU,2022,10.532990542692328,1.44660768405439
EMU,2023,10.533239160440706,1.38484353050167
EMU,2024,10.538676547442162,1.3534453467622
ERI,1992,6.464700810643073,6.156
ERI,1993,6.559598814069479,6.069
ERI,1994,6.721323330764587,6.005
ERI,1995,6.692955565000317,5.939
ERI,1996,6.731806062792611,5.841
ERI,1997,6.796861453263499,5.743
ERI,1998,6.801375326318383,5.633
ERI,1999,6.786777534795088,5.516
ERI,2000,6.739493337042711,5.397
ERI,2001,6.794887471146691,5.306
ERI,2002,6.790107486972024,5.233
ERI,2003,6.721883032683531,5.143
ERI,2004,6.695293746446187,5.036
ERI,2005,6.696780874173698,4.934
ERI,2006,6.671276244067787,4.881
ERI,2007,6.670858460762138,4.812
ERI,2008,6.541605409673738,4.737
ERI,2009,6.554547085315661,4.656
ERI,2010,6.556604156869258,4.571
ERI,2011,6.621904727996706,4.486
ESP,1960,8.745897563241188,2.86
ESP,1961,8.848494648126184,2.77
ESP,1962,8.934181126652007,2.8
ESP,1963,9.017045938896532,2.88
ESP,1964,9.058833025469665,3.01
ESP,1965,9.10862870541484,2.94
ESP,1966,9.168344063310261,2.91
ESP,1967,9.198525259172095,2.94
ESP,1968,9.24933407348455,2.87
ESP,1969,9.324804030386856,2.86
ESP,1970,9.355271148531147,2.84
ESP,1971,9.388666533430197,2.9
ESP,1972,9.455971784090842,2.87
ESP,1973,9.519922874275684,2.84
ESP,1974,9.563662862020943,2.88
ESP,1975,9.558257313117798,2.77
ESP,1976,9.580192688225146,2.77
ESP,1977,9.597891703763745,2.65
ESP,1978,9.602786985126912,2.54
ESP,1979,9.594386518998467,2.37
ESP,1980,9.608203773692113,2.22
ESP,1981,9.599769429443164,2.04
ESP,1982,9.606153102196773,1.94
ESP,1983,9.61882758726932,1.8
ESP,1984,9.632364519709487,1.73
ESP,1985,9.65168986735926,1.64
ESP,1986,9.680717260375822,1.56
ESP,1987,9.732111297951283,1.49
ESP,1988,9.779678733913478,1.45
ESP,1989,9.825252447413714,1.4
ESP,1990,9.861350674786204,1.36
ESP,1991,9.883946697788506,1.33
ESP,1992,9.888298367083596,1.31
ESP,1993,9.872744446053932,1.26
ESP,1994,9.891535846026347,1.19
ESP,1995,9.914323787594775,1.16
ESP,1996,9.93589860738898,1.14
ESP,1997,9.966951958998637,1.15
ESP,1998,10.004933619310549,1.13
ESP,1999,10.044024793043178,1.17
ESP,2000,10.090252632779737,1.22
ESP,2001,10.12175437006674,1.23
ESP,2002,10.134810182879763,1.25
ESP,2003,10.145694845257607,1.3
ESP,2004,10.159110322815067,1.31
ESP,2005,10.177113069806827,1.33
ESP,2006,10.199847815939053,1.36
ESP,2007,10.216062049970796,1.38
ESP,2008,10.207751124941538,1.45
ESP,2009,10.160484139040701,1.38
ESP,2010,10.156820836433829,1.37
ESP,2011,10.146847683412647,1.34
ESP,2012,10.11712883089339,1.32
ESP,2013,10.106369454011844,1.27
ESP,2014,10.124542975250144,1.32
ESP,2015,10.165176266554539,1.33
ESP,2016,10.193139342327708,1.33
ESP,2017,10.219256993809829,1.31
ESP,2018,10.238412970115375,1.26
ESP,2019,10.250667944350491,1.23
ESP,2020,10.129707163242017,1.18
ESP,2021,10.192619682417382,1.18
ESP,2022,10.247187511200723,1.16
ESP,2023,10.259714515507623,1.12
ESP,2024,10.283471394692004,1.1
EST,1990,9.142192741143495,2.05
EST,1991,9.063834404081254,1.8
EST,1992,8.844216725974682,1.71
EST,1993,8.81084146234178,1.49
EST,1994,8.815666682673223,1.42
EST,1995,8.877792874291018,1.38
EST,1996,8.94079379713045,1.37
EST,1997,9.074863185415811,1.32
EST,1998,9.126951734890294,1.28
EST,1999,9.119747600406946,1.3
EST,2000,9.21101710574961,1.36
EST,2001,9.274529973063835,1.32
EST,2002,9.347896602878398,1.36
EST,2003,9.427388918715423,1.37
EST,2004,9.499161429013615,1.47
EST,2005,9.59584886294519,1.52
EST,2006,9.69489482293567,1.58
EST,2007,9.772436862056837,1.69
EST,2008,9.722504965252952,1.72
EST,2009,9.566254604254663,1.7
EST,2010,9.592737434433703,1.72
EST,2011,9.669088541910629,1.61
EST,2012,9.70873004978842,1.56
EST,2013,9.729701425205867,1.52
EST,2014,9.765011771172404,1.54
EST,2015,9.782570874036644,1.58
EST,2016,9.81274124557614,1.6
EST,2017,9.866347008624501,1.59
EST,2018,9.899195630013553,1.67
EST,2019,9.932068968224876,1.66
EST,2020,9.90083131269748,1.58
EST,2021,9.979089607962248,1.61
EST,2022,9.95338660136682,1.41
EST,2023,9.90978632598162,1.31
EST,2024,9.907386928184476,1.18
ETH,1961,5.442505636234063,6.533
ETH,1962,5.459658014508867,6.561
ETH,1963,5.47808056389873,6.586
ETH,1964,5.491845164898293,6.612
ETH,1965,5.521109781722627,6.63
ETH,1966,5.565095042703698,6.661
ETH,1967,5.578505294431946,6.684
ETH,1968,5.59146622835322,6.7
ETH,1969,5.577746297804478,6.719
ETH,1970,5.5844186716772635,6.782
ETH,1971,5.620314860258938,6.838
ETH,1972,5.63499721470172,6.895
ETH,1973,5.658222351075314,6.962
ETH,1974,5.664568028228955,7.018
ETH,1975,5.652510392079173,7.079
ETH,1976,5.628748758332311,7.129
ETH,1977,5.636375660307185,7.189
ETH,1978,5.646446887829376,7.229
ETH,1979,5.620546816959332,7.248
ETH,1980,5.677279372646841,7.287
ETH,1981,5.695050608905171,7.313
ETH,1982,5.665353755424788,7.337
ETH,1983,5.716558127910257,7.351
ETH,1984,5.661644447885709,7.356
ETH,1985,5.5153245489295335,7.338
ETH,1986,5.577988697600412,7.318
ETH,1987,5.673708963602865,7.293
ETH,1988,5.6396848320226765,7.262
ETH,1989,5.597656934540359,7.229
ETH,1990,5.5875412541989045,7.196
ETH,1991,5.470177958865092,7.161
ETH,1992,5.33738364893026,7.125
ETH,1993,5.4257131430296965,7.088
ETH,1994,5.422302960474391,7.051
ETH,1995,5.447730200346377,6.998
ETH,1996,5.531858614000982,6.928
ETH,1997,5.530665095885217,6.869
ETH,1998,5.464067008388046,6.792
ETH,1999,5.48315538475389,6.721
ETH,2000,5.511432455142027,6.654
ETH,2001,5.560844371931545,6.579
ETH,2002,5.545437707029065,6.499
ETH,2003,5.493376891606241,6.4
ETH,2004,5.5907015419850365,6.301
ETH,2005,5.672750530766828,6.194
ETH,2006,5.746247588025826,6.047
ETH,2007,5.825407202013486,5.887
ETH,2008,5.898916621193537,5.695
ETH,2009,5.954884635217175,5.488
ETH,2010,6.04476505384559,5.282
ETH,2011,6.122294607085325,5.08
ETH,2012,6.177196946836758,4.887
ETH,2013,6.250601806946336,4.708
ETH,2014,6.321420118177035,4.605
ETH,2015,6.39344377528803,4.529
ETH,2016,6.456511664605292,4.473
ETH,2017,6.5205996533333845,4.401
ETH,2018,6.55957106098399,4.371
ETH,2019,6.612985198835596,4.347
ETH,2020,6.644707833029646,4.274
ETH,2021,6.672864270197742,4.177
ETH,2022,6.698487178487321,4.082
ETH,2023,6.736310283223052,3.989
ETH,2024,6.7838444186917854,3.909
EUU,1960,9.059141153108847,2.57148406298234
EUU,1961,9.106779976610586,2.57127117139189
EUU,1962,9.153801777231235,2.55482184429641
EUU,1963,9.191924882387415,2.58790101222227
EUU,1964,9.241398810926354,2.61602359254131
EUU,1965,9.284267503699825,2.56288433357445
EUU,1966,9.318282369492511,2.5290730551769
EUU,1967,9.34559168374158,2.58684682161097
EUU,1968,9.39293420977634,2.52373931220099
EUU,1969,9.453965822611194,2.44429422036683
EUU,1970,9.50213300379987,2.35310353605946
EUU,1971,9.532451267828142,2.31232561159444
EUU,1972,9.572279993411438,2.22577061085602
EUU,1973,9.624116653024238,2.15121217250223
EUU,1974,9.64906975509371,2.1583055980113
EUU,1975,9.637528083793251,2.0943481561713
EUU,1976,9.679893087138554,2.05668031073776
EUU,1977,9.70405781782579,1.99026878483879
EUU,1978,9.729575403470319,1.93973162441373
EUU,1979,9.763291572443839,1.90358956455868
EUU,1980,9.779146274540036,1.86985136397673
EUU,1981,9.780462531772564,1.8191442782873
EUU,1982,9.785543712304804,1.79530089701993
EUU,1983,9.797266640927994,1.74981352501638
EUU,1984,9.819973332850134,1.72948024443597
EUU,1985,9.84054169214926,1.72306773399727
EUU,1986,9.863296134544802,1.71015963890362
EUU,1987,9.885506525271904,1.68481652827393
EUU,1988,9.922723292028849,1.68758639688002
EUU,1989,9.957453305246887,1.65132732815289
EUU,1990,9.986506924938976,1.63540106735697
EUU,1991,9.998116636853549,1.58421221520796
EUU,1992,10.00418595981773,1.54549261505656
EUU,1993,9.994960544838905,1.50294229778096
EUU,1994,10.019122195046386,1.45810584322542
EUU,1995,10.044112382907926,1.41557612024209
EUU,1996,10.061462443317813,1.41348799206282
EUU,1997,10.086449384798891,1.41591693630542
EUU,1998,10.114489678581595,1.40566053953101
EUU,1999,10.142437480104634,1.40794645144903
EUU,2000,10.179823318555359,1.44135977576762
EUU,2001,10.199877455513212,1.42305392851186
EUU,2002,10.20843683675483,1.421192523437
EUU,2003,10.214082753971667,1.43252409175518
EUU,2004,10.235872043841029,1.45605849043865
EUU,2005,10.251844941902048,1.46660715604414
EUU,2006,10.283520536819491,1.49455545268576
EUU,2007,10.310957554051228,1.5151566756709
EUU,2008,10.313763056130064,1.56501549943226
EUU,2009,10.2671490833286,1.55740674486307
EUU,2010,10.287148445419295,1.5634616186116
EUU,2011,10.308090953945607,1.52959407141605
EUU,2012,10.298932969354686,1.53161547008715
EUU,2013,10.29779778517729,1.50825013871459
EUU,2014,10.312874668347698,1.53815734404476
EUU,2015,10.334349529972618,1.54031619030692
EUU,2016,10.351378665445562,1.57060182280831
EUU,2017,10.377721856440067,1.56466473200747
EUU,2018,10.396324976305438,1.54734162624575
EUU,2019,10.412995623118183,1.52767031959044
EUU,2020,10.355678576219388,1.50409489252504
EUU,2021,10.418943916857064,1.5243237978758
EUU,2022,10.451785568903215,1.45486807707711
EUU,2023,10.452375379585597,1.3837480486422
EUU,2024,10.460222697800642,1.34087000671597
FIN,1960,9.31953360109149,2.72
FIN,1961,9.385770350979119,2.72
FIN,1962,9.408353904207399,2.68
FIN,1963,9.433607065042144,2.68
FIN,1964,9.47910469785864,2.59
FIN,1965,9.527441327755197,2.48
FIN,1966,9.547144404331103,2.41
FIN,1967,9.563185347330352,2.32
FIN,1968,9.58146727031639,2.14
FIN,1969,9.673653528863559,1.93
FIN,1970,9.749486290073724,1.83
FIN,1971,9.771520000020102,1.68
FIN,1972,9.840076869624784,1.58
FIN,1973,9.901905277833688,1.49
FIN,1974,9.928522458449178,1.61
FIN,1975,9.941971858139585,1.68
FIN,1976,9.942395287213962,1.7
FIN,1977,9.941990146689122,1.68
FIN,1978,9.967897883027115,1.64
FIN,1979,10.034139587235654,1.64
FIN,1980,10.083517333998747,1.63
FIN,1981,10.09206360234873,1.64
FIN,1982,10.116861089202194,1.71
FIN,1983,10.141467711141,1.74
FIN,1984,10.167880017746775,1.69
FIN,1985,10.198497679464424,1.64
FIN,1986,10.222428025000145,1.6
FIN,1987,10.254582701150582,1.59
FIN,1988,10.302664630348694,1.69
FIN,1989,10.348643616306669,1.71
FIN,1990,10.35110248548658,1.78
FIN,1991,10.285034808846994,1.79
FIN,1992,10.2457413023434,1.85
FIN,1993,10.233074046260876,1.81
FIN,1994,10.267641642823316,1.85
FIN,1995,10.305296797077705,1.81
FIN,1996,10.337988177898541,1.78
FIN,1997,10.397028185167853,1.75
FIN,1998,10.447480670849028,1.7
FIN,1999,10.488116317295356,1.73
FIN,2000,10.54198322818293,1.73
FIN,2001,10.565766442246437,1.73
FIN,2002,10.58007512397124,1.72
FIN,2003,10.597608857738258,1.76
FIN,2004,10.633977792119145,1.8
FIN,2005,10.657949721074669,1.8
FIN,2006,10.693520849629339,1.84
FIN,2007,10.741031351305585,1.83
FIN,2008,10.744189564154127,1.85
FIN,2009,10.65519872389004,1.86
FIN,2010,10.681815110699374,1.87
FIN,2011,10.700802242658,1.83
FIN,2012,10.680698603596396,1.8
FIN,2013,10.666245645191548,1.75
FIN,2014,10.657317894845738,1.71
FIN,2015,10.658678246085698,1.65
FIN,2016,10.68119819509062,1.57
FIN,2017,10.711351303153466,1.49
FIN,2018,10.721884069873319,1.41
FIN,2019,10.734189259287104,1.35
FIN,2020,10.70752697299843,1.37
FIN,2021,10.731865674190225,1.46
FIN,2022,10.736747683651803,1.32
FIN,2023,10.718774518542816,1.26
FIN,2024,10.716086786147034,1.25
FJI,1960,7.666222420286907,6.364
FJI,1961,7.670342353482338,6.284
FJI,1962,7.674796822104294,6.198
FJI,1963,7.7050296093126605,6.088
FJI,1964,7.721519968472372,5.96
FJI,1965,7.663525921291602,5.763
FJI,1966,7.634512205998753,5.546
FJI,1967,7.73469715192111,5.333
FJI,1968,7.788819072981092,5.113
FJI,1969,7.793506150588926,4.905
FJI,1970,7.893333764490199,4.708
FJI,1971,7.941427460191924,4.51
FJI,1972,7.9964289255242464,4.316
FJI,1973,8.090573699444978,4.158
FJI,1974,8.10157782003553,4.068
FJI,1975,8.092142838141585,4.104
FJI,1976,8.10255703383542,4.123
FJI,1977,8.139179620434604,4.108
FJI,1978,8.13402579833291,4.098
FJI,1979,8.225514334723378,4.078
FJI,1980,8.185526879251823,4.038
FJI,1981,8.223052775467625,3.991
FJI,1982,8.137446575873179,3.941
FJI,1983,8.072947738361858,3.877
FJI,1984,8.129364840126556,3.796
FJI,1985,8.058299637237466,3.663
FJI,1986,8.111691645186978,3.535
FJI,1987,8.028170938589795,3.478
FJI,1988,8.026873562083479,3.432
FJI,1989,8.088624545846155,3.398
FJI,1990,8.135918285091352,3.386
FJI,1991,8.100382018566348,3.365
FJI,1992,8.15232230485014,3.331
FJI,1993,8.167023413501319,3.293
FJI,1994,8.211211390927506,3.258
FJI,1995,8.230915018720152,3.251
FJI,1996,8.271504816929108,3.248
FJI,1997,8.238924501419651,3.188
FJI,1998,8.23945801631337,3.118
FJI,1999,8.31222767971811,3.051
FJI,2000,8.284223782733651,2.992
FJI,2001,8.293748919910334,2.973
FJI,2002,8.315347308535024,2.968
FJI,2003,8.315743728770713,2.957
FJI,2004,8.358103025929811,2.941
FJI,2005,8.355956018999155,2.917
FJI,2006,8.365301537907776,2.905
FJI,2007,8.348407139923859,2.872
FJI,2008,8.352500760158872,2.819
FJI,2009,8.334301827870611,2.76
FJI,2010,8.359921450632225,2.696
FJI,2011,8.383794552297468,2.631
FJI,2012,8.395698419208589,2.612
FJI,2013,8.440388013284181,2.604
FJI,2014,8.493564825962569,2.591
FJI,2015,8.536511597309282,2.567
FJI,2016,8.56003393008174,2.518
FJI,2017,8.612626709577842,2.461
FJI,2018,8.651761576246027,2.419
FJI,2019,8.64841517985015,2.385
FJI,2020,8.459801934372832,2.357
FJI,2021,8.413461022644697,2.332
FJI,2022,8.573860236940176,2.305
FJI,2023,8.658965195551744,2.281
FJI,2024,8.68865751407072,2.27
FRA,1960,9.28508816574754,2.85
FRA,1961,9.323023277606332,2.87
FRA,1962,9.37929490504753,2.89
FRA,1963,9.428502873181206,2.89
FRA,1964,9.48159281187096,2.87
FRA,1965,9.519252198267779,2.84
FRA,1966,9.560936808709645,2.8
FRA,1967,9.599698357515068,2.75
FRA,1968,9.636473240670538,2.69
FRA,1969,9.696764324247663,2.62
FRA,1970,9.747819178900341,2.55
FRA,1971,9.789977090256293,2.47
FRA,1972,9.82535222574932,2.38
FRA,1973,9.877372609383741,2.28
FRA,1974,9.913957093164639,2.18
FRA,1975,9.899698995378332,2.09
FRA,1976,9.93791886398471,2.01
FRA,1977,9.968169240684041,1.94
FRA,1978,10.00236965524604,1.89
FRA,1979,10.034175228434984,1.87
FRA,1980,10.045461203597055,1.85
FRA,1981,10.051336759718543,1.85
FRA,1982,10.071816339678055,1.86
FRA,1983,10.078969182469933,1.86
FRA,1984,10.090050834547268,1.86
FRA,1985,10.100621293405823,1.86
FRA,1986,10.1191242077973,1.85
FRA,1987,10.13890036466416,1.83
FRA,1988,10.180138587991937,1.81
FRA,1989,10.217277825757316,1.79
FRA,1990,10.239708870077546,1.77
FRA,1991,10.24697923630889,1.75
FRA,1992,10.257045826063687,1.74
FRA,1993,10.249099899677633,1.73
FRA,1994,10.268911633641826,1.73
FRA,1995,10.288056374162641,1.74
FRA,1996,10.298356000726578,1.75
FRA,1997,10.319744975933151,1.77
FRA,1998,10.349982869744483,1.78
FRA,1999,10.378252352768595,1.81
FRA,2000,10.41196455938631,1.89
FRA,2001,10.423491143620433,1.9
FRA,2002,10.426841714324294,1.88
FRA,2003,10.429417063317526,1.89
FRA,2004,10.450369670643694,1.92
FRA,2005,10.46156035781355,1.94
FRA,2006,10.481375840933726,2.0
FRA,2007,10.500183536717612,1.98
FRA,2008,10.498397836691959,2.01
FRA,2009,10.46461223230059,2.0
FRA,2010,10.479488279806773,2.03
FRA,2011,10.498745023373234,2.01
FRA,2012,10.495744539126457,2.01
FRA,2013,10.498362554628631,1.99
FRA,2014,10.503542950822526,2.0
FRA,2015,10.510598309049092,1.96
FRA,2016,10.516523159928422,1.92
FRA,2017,10.534243183775834,1.89
FRA,2018,10.546983342576375,1.87
FRA,2019,10.563729425368221,1.86
FRA,2020,10.483163766260127,1.82
FRA,2021,10.546153139940396,1.83
FRA,2022,10.567935067766882,1.78
FRA,2023,10.579473701890324,1.66
FRA,2024,10.588688126006776,1.61
FRO,2008,10.70600540801825,2.5294
FRO,2009,10.654410243991455,2.3435
FRO,2010,10.653355075570099,2.5033
FRO,2011,10.690743215300568,2.2832
FRO,2012,10.764368004177273,2.5311
FRO,2013,10.822211161931463,2.5099
FRO,2014,10.871343204823827,2.5485
FRO,2015,10.871198640340236,2.411
FRO,2016,10.873479467781884,2.6078
FRO,2017,10.893625264763804,2.4684
FRO,2018,10.90471715427972,2.5015
FRO,2019,10.93367221832935,2.4187
FRO,2020,10.902386164733468,2.3301
FRO,2021,10.93801509552012,2.3109
FRO,2022,10.964479700868994,2.0788
FRO,2023,10.986437215919842,1.8676
FRO,2024,10.990400163688708,1.9129
FSM,1970,7.437704196307363,6.928
FSM,1971,7.4317848337577,6.938
FSM,1972,7.415678017300789,6.961
FSM,1973,7.680769089240281,6.971
FSM,1974,7.796192728192787,6.928
FSM,1975,7.771719433217765,6.879
FSM,1976,7.751520296185889,6.818
FSM,1977,7.751114248401171,6.742
FSM,1978,7.7780941810968836,6.65
FSM,1979,7.767941018608961,6.545
FSM,1980,7.662386782883949,6.423
FSM,1981,7.724811113522014,6.291
FSM,1982,7.6683127454700015,6.164
FSM,1983,7.657935804270683,6.032
FSM,1984,7.588558877420921,5.888
FSM,1985,7.713095117339594,5.749
FSM,1986,7.761738005805944,5.612
FSM,1987,7.746106478612163,5.466
FSM,1988,7.747799041326284,5.323
FSM,1989,7.763012082025869,5.183
FSM,1990,7.7808777613911335,5.049
FSM,1991,7.834195300001076,4.92
FSM,1992,7.853720273639961,4.802
FSM,1993,7.9106482986301625,4.678
FSM,1994,7.886698575858363,4.575
FSM,1995,7.943959010859783,4.494
FSM,1996,7.905653204785781,4.427
FSM,1997,7.838274091740387,4.355
FSM,1998,7.863496140232297,4.301
FSM,1999,7.872004264366412,4.27
FSM,2000,7.913958250479542,4.217
FSM,2001,7.92913536911539,4.084
FSM,2002,7.932819383879342,3.934
FSM,2003,7.95174399392398,3.785
FSM,2004,7.922531472803548,3.681
FSM,2005,7.954190477656835,3.595
FSM,2006,7.956198951917812,3.514
FSM,2007,7.947159073028202,3.439
FSM,2008,7.930144949819663,3.368
FSM,2009,7.952075908783794,3.313
FSM,2010,7.972895595410089,3.271
FSM,2011,8.00854511586034,3.223
FSM,2012,7.990437046897446,3.18
FSM,2013,7.950557938129758,3.133
FSM,2014,7.922042234118877,3.091
FSM,2015,7.96201948938421,3.049
FSM,2016,7.971249007601128,3.001
FSM,2017,7.9880683108333255,2.957
FSM,2018,7.9882233790619,2.922
FSM,2019,8.020624515953862,2.883
FSM,2020,7.994107251281418,2.852
FSM,2021,8.018270617041075,2.818
FSM,2022,7.98225404019804,2.785
FSM,2023,7.988908443520114,2.748
FSM,2024,8.006966287538413,2.743
GAB,1960,8.105095215839636,4.422
GAB,1961,8.231280647793021,4.504
GAB,1962,8.29088790387188,4.587
GAB,1963,8.337145047287095,4.649
GAB,1964,8.368216762949805,4.713
GAB,1965,8.43415557754845,4.785
GAB,1966,8.463431900235856,4.861
GAB,1967,8.488287878390995,4.919
GAB,1968,8.496949597598956,4.984
GAB,1969,8.555605736883422,5.049
GAB,1970,8.617515525868164,5.097
GAB,1971,8.694410200782732,5.163
GAB,1972,8.781281808401832,5.237
GAB,1973,8.857474701526439,5.287
GAB,1974,9.16890394204251,5.327
GAB,1975,9.322304214660443,5.391
GAB,1976,9.60399487485839,5.457
GAB,1977,9.445674416395848,5.516
GAB,1978,9.146021862666503,5.568
GAB,1979,9.125583650407084,5.608
GAB,1980,9.125057696523859,5.664
GAB,1981,9.148387333346493,5.726
GAB,1982,9.090084425517226,5.74
GAB,1983,9.117505164488941,5.759
GAB,1984,9.162547952185298,5.733
GAB,1985,9.111458772712636,5.713
GAB,1986,9.075785757304521,5.688
GAB,1987,8.85995372218785,5.667
GAB,1988,8.95298518838255,5.623
GAB,1989,9.007315869435168,5.55
GAB,1990,9.030527237260394,5.459
GAB,1991,9.062697288432139,5.373
GAB,1992,9.004406409901417,5.289
GAB,1993,9.01648172464911,5.186
GAB,1994,9.026731199572637,5.044
GAB,1995,9.049577558309386,4.884
GAB,1996,9.059867204105455,4.742
GAB,1997,9.090444224993844,4.657
GAB,1998,9.09931060542301,4.576
GAB,1999,8.98025341835928,4.502
GAB,2000,8.935390198031547,4.469
GAB,2001,8.930199122999735,4.417
GAB,2002,8.900924653044678,4.36
GAB,2003,8.895858579613689,4.299
GAB,2004,8.874725966139406,4.252
GAB,2005,8.872098077807452,4.21
GAB,2006,8.813450613695512,4.17
GAB,2007,8.840533001332654,4.142
GAB,2008,8.774681778845467,4.118
GAB,2009,8.742707708137507,4.138
GAB,2010,8.776706645526552,4.153
GAB,2011,8.80974846243396,4.151
GAB,2012,8.82515229050023,4.086
GAB,2013,8.844805946849753,4.019
GAB,2014,8.853466187389746,3.953
GAB,2015,8.860375230643234,3.921
GAB,2016,8.852425394466891,3.921
GAB,2017,8.830551723075429,3.913
GAB,2018,8.813527149568015,3.908
GAB,2019,8.82725820556544,3.884
GAB,2020,8.784817392789964,3.831
GAB,2021,8.776329020385727,3.776
GAB,2022,8.783776555110856,3.712
GAB,2023,8.7858841212147,3.647
GAB,2024,8.797697594713325,3.592
GBR,1960,9.637151271720123,2.69
GBR,1961,9.656201399823429,2.78
GBR,1962,9.658641830117807,2.86
GBR,1963,9.698609769589343,2.88
GBR,1964,9.746546238477258,2.93
GBR,1965,9.761201137678313,2.86
GBR,1966,9.771241025102714,2.78
GBR,1967,9.793234712101219,2.68
GBR,1968,9.84164892955919,2.6
GBR,1969,9.85669665738178,2.51
GBR,1970,9.879434919055969,2.44
GBR,1971,9.895105365475754,2.41
GBR,1972,9.927336448650737,2.2
GBR,1973,9.995988963892128,2.04
GBR,1974,9.978418723406538,1.92
GBR,1975,9.97170124353255,1.81
GBR,1976,9.999607739649743,1.74
GBR,1977,10.023295039751096,1.69
GBR,1978,10.056708845131288,1.75
GBR,1979,10.082908811273999,1.86
GBR,1980,10.059681685874784,1.9
GBR,1981,10.046010529294433,1.82
GBR,1982,10.067083608355079,1.78
GBR,1983,10.102344714891201,1.77
GBR,1984,10.127120880115712,1.77
GBR,1985,10.160212541006658,1.79
GBR,1986,10.197235701286083,1.78
GBR,1987,10.239720112590565,1.81
GBR,1988,10.28659532256088,1.82
GBR,1989,10.306550317089005,1.79
GBR,1990,10.311323466784343,1.83
GBR,1991,10.295222343281756,1.82
GBR,1992,10.305382216834882,1.79
GBR,1993,10.337294276206352,1.76
GBR,1994,10.383094771593255,1.74
GBR,1995,10.41517329011568,1.71
GBR,1996,10.43844014324964,1.73
GBR,1997,10.483511123360252,1.72
GBR,1998,10.51254441599142,1.71
GBR,1999,10.53822977803471,1.68
GBR,2000,10.578906935959393,1.64
GBR,2001,10.598686026147227,1.63
GBR,2002,10.611398533105135,1.63
GBR,2003,10.638420192766988,1.7
GBR,2004,10.655724551877935,1.75
GBR,2005,10.676382694300225,1.76
GBR,2006,10.690694098683508,1.82
GBR,2007,10.711795251008132,1.86
GBR,2008,10.703430685941642,1.91
GBR,2009,10.648907150700913,1.89
GBR,2010,10.663421993615653,1.92
GBR,2011,10.664085262516195,1.91
GBR,2012,10.672129437639674,1.92
GBR,2013,10.68248836713804,1.83
GBR,2014,10.706129570954941,1.81
GBR,2015,10.720091425900469,1.8
GBR,2016,10.733974395454329,1.79
GBR,2017,10.758316647036539,1.74
GBR,2018,10.768826194480233,1.68
GBR,2019,10.776179814785435,1.632
GBR,2020,10.668607408899039,1.571
GBR,2021,10.747024927230289,1.583
GBR,2022,10.787463648853766,1.56
GBR,2023,10.777103616697978,1.56
GBR,2024,10.776890992264004,1.551
GEO,1960,7.271158523170617,2.942
GEO,1961,7.302886757736534,2.943
GEO,1962,7.337559268785751,2.937
GEO,1963,7.363989028271705,2.949
GEO,1964,7.40275909201335,2.891
GEO,1965,7.489967223966082,2.774
GEO,1966,7.551184799767984,2.728
GEO,1967,7.602029633600013,2.743
GEO,1968,7.636550863430773,2.689
GEO,1969,7.67385354791936,2.687
GEO,1970,7.77798871177928,2.695
GEO,1971,7.79199451844653,2.707
GEO,1972,7.809854628800829,2.674
GEO,1973,7.86385843994892,2.617
GEO,1974,7.939605650030222,2.565
GEO,1975,8.003433291123946,2.552
GEO,1976,8.055429840180647,2.51
GEO,1977,8.115283898610782,2.441
GEO,1978,8.181110859565953,2.417
GEO,1979,8.24486440085122,2.382
GEO,1980,8.281183563666872,2.347
GEO,1981,8.324306400478697,2.33
GEO,1982,8.335666337354157,2.312
GEO,1983,8.368994463896867,2.339
GEO,1984,8.41331338713032,2.378
GEO,1985,8.452776660757653,2.399
GEO,1986,8.358601820452616,2.38
GEO,1987,8.363079449810996,2.319
GEO,1988,8.407244428679931,2.318
GEO,1989,8.329961232220988,2.322
GEO,1990,8.170194786207436,2.306
GEO,1991,7.926172962096592,2.208
GEO,1992,7.322411468760094,2.045
GEO,1993,6.96799891604681,1.912
GEO,1994,6.8735981045261685,1.835
GEO,1995,6.93680963001293,1.807
GEO,1996,7.079288185532387,1.759
GEO,1997,7.211396958204062,1.728
GEO,1998,7.2666830359156025,1.703
GEO,1999,7.315526384744354,1.643
GEO,2000,7.3532091874893375,1.609
GEO,2001,7.415674798754026,1.579
GEO,2002,7.47794186249235,1.571
GEO,2003,7.589569196739825,1.552
GEO,2004,7.65207299240279,1.566
GEO,2005,7.750012245177596,1.583
GEO,2006,7.845734128141321,1.617
GEO,2007,7.969405137405952,1.697
GEO,2008,7.996370625261619,1.832
GEO,2009,7.968061876581072,1.993
GEO,2010,8.035947449482942,1.973
GEO,2011,8.120321950975983,1.915
GEO,2012,8.19140232888114,1.929
GEO,2013,8.244466988701284,1.993
GEO,2014,8.28408788641567,2.18
GEO,2015,8.315474075721646,2.214
GEO,2016,8.34879620797026,2.228
GEO,2017,8.398974235046817,2.136
GEO,2018,8.45821858661897,2.093
GEO,2019,8.51234374824076,2.021
GEO,2020,8.446686872355555,1.976
GEO,2021,8.551633004229327,1.98
GEO,2022,8.65457046590989,1.82
GEO,2023,8.72917396650096,1.81
GEO,2024,8.79578775566817,1.802
GHA,1960,7.003758902101262,6.89
GHA,1961,7.008952250175267,6.912
GHA,1962,7.025123263281164,6.942
GHA,1963,7.044358159209035,6.936
GHA,1964,7.042407080162253,6.902
GHA,1965,7.032012446727959,6.88
GHA,1966,6.96444131294941,6.862
GHA,1967,6.970579285604254,6.893
GHA,1968,6.949920235712723,6.892
GHA,1969,6.983237051850899,6.954
GHA,1970,7.04929977696728,6.952
GHA,1971,7.072473420629204,6.946
GHA,1972,7.019138459382059,6.916
GHA,1973,7.018708339696461,6.872
GHA,1974,7.055981956867233,6.822
GHA,1975,6.894277912235683,6.762
GHA,1976,6.829555051332443,6.703
GHA,1977,6.822564101205771,6.637
GHA,1978,6.873543209718409,6.564
GHA,1979,6.817534053864004,6.513
GHA,1980,6.7929929818377515,6.474
GHA,1981,6.7292380688164,6.415
GHA,1982,6.62843085002472,6.312
GHA,1983,6.551645954724565,6.227
GHA,1984,6.608769390726805,6.153
GHA,1985,6.6369274178709645,6.119
GHA,1986,6.665604636514685,6.084
GHA,1987,6.689511715817729,6.022
GHA,1988,6.720241129084021,5.922
GHA,1989,6.744867551084775,5.818
GHA,1990,6.752098056484593,5.737
GHA,1991,6.778370368168698,5.63
GHA,1992,6.791573282627406,5.517
GHA,1993,6.814238677281984,5.414
GHA,1994,6.822664299746003,5.254
GHA,1995,6.8393643459342695,5.106
GHA,1996,6.861004690804822,4.959
GHA,1997,6.878322080395633,4.884
GHA,1998,6.89993106750372,4.829
GHA,1999,6.91857844579669,4.822
GHA,2000,6.929786017434901,4.827
GHA,2001,6.942375677407058,4.768
GHA,2002,6.958891181606044,4.687
GHA,2003,6.982584334854198,4.597
GHA,2004,7.010586877806363,4.504
GHA,2005,7.041684408174118,4.496
GHA,2006,7.077722254076571,4.399
GHA,2007,7.094497930022228,4.288
GHA,2008,7.156671186674488,4.217
GHA,2009,7.17902632740855,4.179
GHA,2010,7.2307282015915675,4.181
GHA,2011,7.338120028780592,4.177
GHA,2012,7.402781174330231,4.154
GHA,2013,7.449263567025663,4.114
GHA,2014,7.453775812456562,4.029
GHA,2015,7.4516903812515745,3.982
GHA,2016,7.462106386506756,3.873
GHA,2017,7.518306607865188,3.715
GHA,2018,7.5577095484827375,3.65
GHA,2019,7.600679295743949,3.593
GHA,2020,7.585887352209717,3.541
GHA,2021,7.615815044659655,3.492
GHA,2022,7.6339546472453055,3.434
GHA,2023,7.645786603214523,3.397
GHA,2024,7.6838654979736445,3.344
GIN,1970,6.118145419013093,6.243
GIN,1971,6.152419888627142,6.262
GIN,1972,6.157987091204242,6.283
GIN,1973,6.156747854093513,6.308
GIN,1974,6.191589640072807,6.336
GIN,1975,6.204062706773579,6.367
GIN,1976,6.264718958281408,6.4
GIN,1977,6.215057730568784,6.434
GIN,1978,6.264956014927771,6.44
GIN,1979,6.236248063548375,6.45
GIN,1980,6.244313488445076,6.459
GIN,1981,6.23157680610463,6.459
GIN,1982,6.229324784995534,6.487
GIN,1983,6.221096403789645,6.487
GIN,1984,6.212806056180632,6.512
GIN,1985,6.238100972559922,6.527
GIN,1986,6.244067530888174,6.548
GIN,1987,6.250864241294681,6.571
GIN,1988,6.285877310288806,6.561
GIN,1989,6.299179532538323,6.548
GIN,1990,6.306953040468329,6.515
GIN,1991,6.292721711139453,6.484
GIN,1992,6.292990791527753,6.453
GIN,1993,6.31174704620104,6.409
GIN,1994,6.320701353675846,6.358
GIN,1995,6.337804649636086,6.288
GIN,1996,6.3531568978464685,6.205
GIN,1997,6.383124011279517,6.123
GIN,1998,6.400104598221943,6.051
GIN,1999,6.415109538216811,5.985
GIN,2000,6.42021841308073,5.918
GIN,2001,6.443050473922217,5.834
GIN,2002,6.477825789345846,5.781
GIN,2003,6.467809306805135,5.744
GIN,2004,6.469533754748539,5.733
GIN,2005,6.479061881204382,5.727
GIN,2006,6.469981835099149,5.704
GIN,2007,6.5127834197966274,5.664
GIN,2008,6.529091456762496,5.596
GIN,2009,6.493385695438696,5.528
GIN,2010,6.515803824743778,5.435
GIN,2011,6.545636963018205,5.337
GIN,2012,6.578564749774563,5.232
GIN,2013,6.592815937106983,5.151
GIN,2014,6.604312692171993,5.07
GIN,2015,6.616542938138529,5.002
GIN,2016,6.693616588244367,4.915
GIN,2017,6.766085145131337,4.793
GIN,2018,6.802291789183961,4.669
GIN,2019,6.831330091363277,4.576
GIN,2020,6.851788875651407,4.489
GIN,2021,6.881048702074966,4.399
GIN,2022,6.895179029901524,4.303
GIN,2023,6.924495327252559,4.217
GIN,2024,6.952654143530342,4.131
GMB,1966,6.293567491103051,6.183
GMB,1967,6.266048767005213,6.206
GMB,1968,6.3294861902247135,6.221
GMB,1969,6.325338525910113,6.246
GMB,1970,6.356677801845991,6.257
GMB,1971,6.327275696776968,6.33
GMB,1972,6.300490433492826,6.366
GMB,1973,6.359473396536815,6.405
GMB,1974,6.38715096526583,6.415
GMB,1975,6.4743228859606425,6.428
GMB,1976,6.514674216297685,6.434
GMB,1977,6.516866543794974,6.433
GMB,1978,6.5456152936301,6.421
GMB,1979,6.4988147704962715,6.411
GMB,1980,6.5252414087120805,6.414
GMB,1981,6.523214574319215,6.399
GMB,1982,6.480146759477459,6.396
GMB,1983,6.54656943058523,6.393
GMB,1984,6.542907958893158,6.385
GMB,1985,6.4952778572964265,6.357
GMB,1986,6.495269068760056,6.344
GMB,1987,6.478886057311622,6.3
GMB,1988,6.481577176696145,6.258
GMB,1989,6.497274578628008,6.254
GMB,1990,6.490285146060383,6.246
GMB,1991,6.478862291819818,6.191
GMB,1992,6.471451043702028,6.111
GMB,1993,6.4644617201147385,6.034
GMB,1994,6.433826064765986,6.035
GMB,1995,6.41283333764244,5.994
GMB,1996,6.405905790310624,5.925
GMB,1997,6.4253512377342945,5.851
GMB,1998,6.431695038610479,5.818
GMB,1999,6.465948289846352,5.772
GMB,2000,6.492105337553578,5.716
GMB,2001,6.521415739529363,5.67
GMB,2002,6.461529005966263,5.656
GMB,2003,6.501040724129667,5.656
GMB,2004,6.5418425326274106,5.683
GMB,2005,6.490232192938562,5.708
GMB,2006,6.4561352737177184,5.736
GMB,2007,6.45709818241037,5.685
GMB,2008,6.48871192105011,5.625
GMB,2009,6.5241986221400285,5.574
GMB,2010,6.552528606636002,5.558
GMB,2011,6.438494350299619,5.542
GMB,2012,6.460123337915383,5.519
GMB,2013,6.459156707798993,5.392
GMB,2014,6.416535323496578,5.197
GMB,2015,6.428971398775769,5.003
GMB,2016,6.421936633826368,4.809
GMB,2017,6.44377713879812,4.614
GMB,2018,6.489399187925223,4.42
GMB,2019,6.526198538864571,4.33
GMB,2020,6.508409374636435,4.248
GMB,2021,6.535956892337384,4.165
GMB,2022,6.566232078596093,4.078
GMB,2023,6.600703327910118,4.006
GMB,2024,6.6319568341287205,3.907
GNB,1970,6.2729490942157735,6.041
GNB,1971,6.229948053962049,6.06
GNB,1972,6.291066748009591,6.078
GNB,1973,6.291611216375758,6.098
GNB,1974,6.3021492397136605,6.12
GNB,1975,6.318138240030904,6.15
GNB,1976,6.302100012962328,6.192
GNB,1977,6.161381239262261,6.249
GNB,1978,6.219603561132616,6.32
GNB,1979,6.204381600109852,6.401
GNB,1980,6.019148269818821,6.487
GNB,1981,6.17037407369765,6.569
GNB,1982,6.195666720486999,6.64
GNB,1983,6.145211899491652,6.694
GNB,1984,6.21650247899412,6.727
GNB,1985,6.241403007345555,6.739
GNB,1986,6.21748731007797,6.734
GNB,1987,6.230048218259394,6.717
GNB,1988,6.258756242643217,6.693
GNB,1989,6.301410627604298,6.663
GNB,1990,6.34417858014074,6.501
GNB,1991,6.372612225265042,6.474
GNB,1992,6.354112620808807,6.435
GNB,1993,6.341875037910797,6.369
GNB,1994,6.34241868438018,6.299
GNB,1995,6.360234290541346,6.223
GNB,1996,6.4491439613002965,6.141
GNB,1997,6.493054313406448,6.06
GNB,1998,6.2202233835715255,5.97
GNB,1999,6.356681793240114,5.871
GNB,2000,6.34755384615281,5.786
GNB,2001,6.373043267881404,5.688
GNB,2002,6.386947558030213,5.634
GNB,2003,6.36146223479703,5.577
GNB,2004,6.350058960783207,5.5
GNB,2005,6.39014427920185,5.46
GNB,2006,6.392347760553726,5.406
GNB,2007,6.392724192869169,5.365
GNB,2008,6.411750318762545,5.266
GNB,2009,6.41050728046547,5.176
GNB,2010,6.439197048309351,5.111
GNB,2011,6.49065292583089,5.067
GNB,2012,6.446780562992153,5.003
GNB,2013,6.452199504759086,4.93
GNB,2014,6.435525428108276,4.79
GNB,2015,6.469353935004025,4.661
GNB,2016,6.497140847885263,4.519
GNB,2017,6.518359560819951,4.347
GNB,2018,6.5315433242342085,4.241
GNB,2019,6.56003804168958,4.153
GNB,2020,6.565653388613085,4.075
GNB,2021,6.5922180046582115,3.998
GNB,2022,6.6229347819382625,3.911
GNB,2023,6.64574699934486,3.836
GNB,2024,6.6668425614326265,3.757
GNQ,1980,6.126014796396328,5.835
GNQ,1981,6.132736008742977,5.856
GNQ,1982,6.093855913996278,5.88
GNQ,1983,6.078952888449562,5.903
GNQ,1984,6.028352399565587,5.926
GNQ,1985,6.094688052774702,5.946
GNQ,1986,6.022554488547708,5.962
GNQ,1987,6.02293952664724,5.974
GNQ,1988,6.009406032245864,5.982
GNQ,1989,5.95875614173908,5.986
GNQ,1990,5.903491994010259,5.987
GNQ,1991,5.856082535389409,5.985
GNQ,1992,6.117299112953656,5.984
GNQ,1993,6.184957289276768,5.981
GNQ,1994,6.30187780527586,5.978
GNQ,1995,6.425346747911225,5.971
GNQ,1996,6.897479934718797,5.96
GNQ,1997,7.774990660202406,5.941
GNQ,1998,7.949208628972547,5.914
GNQ,1999,8.13830806344438,5.878
GNQ,2000,8.25298970773808,5.834
GNQ,2001,8.679796702858056,5.785
GNQ,2002,8.79543163228197,5.731
GNQ,2003,8.865404101125852,5.675
GNQ,2004,9.127893724419232,5.618
GNQ,2005,9.231363284338242,5.559
GNQ,2006,9.261223551639041,5.498
GNQ,2007,9.358322109245476,5.433
GNQ,2008,9.476395532469718,5.363
GNQ,2009,9.443660951736412,5.288
GNQ,2010,9.304224480263949,5.209
GNQ,2011,9.324017868576194,5.126
GNQ,2012,9.363123227651652,5.04
GNQ,2013,9.280952185741047,4.952
GNQ,2014,9.246044066061625,4.863
GNQ,2015,9.112607363052838,4.774
GNQ,2016,8.983669860624934,4.686
GNQ,2017,8.890012423233896,4.599
GNQ,2018,8.791622897536392,4.513
GNQ,2019,8.70253030737427,4.429
GNQ,2020,8.626094665196334,4.346
GNQ,2021,8.610305465233816,4.266
GNQ,2022,8.616901525904222,4.17
GNQ,2023,8.515644145893624,4.081
GNQ,2024,8.495551307140532,4.116
GRC,1960,8.514341227462525,2.23
GRC,1961,8.630432098139318,2.13
GRC,1962,8.628115811744454,2.16
GRC,1963,8.73634949777825,2.14
GRC,1964,8.82265253056716,2.24
GRC,1965,8.920242490605844,2.25
GRC,1966,8.97578761739278,2.32
GRC,1967,9.022789486576427,2.45
GRC,1968,9.085844899580389,2.42
GRC,1969,9.191615951013492,2.36
GRC,1970,9.274874600381828,2.4
GRC,1971,9.346025524020765,2.32
GRC,1972,9.436290196669242,2.32
GRC,1973,9.509564902842785,2.27
GRC,1974,9.439334630614145,2.38
GRC,1975,9.49167141393475,2.33
GRC,1976,9.542412843655095,2.35
GRC,1977,9.558387580155376,2.27
GRC,1978,9.61538466767433,2.28
GRC,1979,9.635211382797284,2.26
GRC,1980,9.632137674323634,2.23
GRC,1981,9.607512333509247,2.09
GRC,1982,9.589956606191192,2.03
GRC,1983,9.573294536411142,1.94
GRC,1984,9.588219327242173,1.83
GRC,1985,9.60912227888884,1.67
GRC,1986,9.610977935683731,1.6
GRC,1987,9.584786687140703,1.5
GRC,1988,9.623139498071962,1.5
GRC,1989,9.655216772560832,1.4
GRC,1990,9.644638692441006,1.39
GRC,1991,9.66316436926025,1.37
GRC,1992,9.662501159119884,1.36
GRC,1993,9.640489157775415,1.32
GRC,1994,9.655284749195323,1.33
GRC,1995,9.67139256849239,1.28
GRC,1996,9.680715879377358,1.26
GRC,1997,9.711178182123922,1.27
GRC,1998,9.739427988128861,1.24
GRC,1999,9.761833816973311,1.23
GRC,2000,9.798288493921106,1.25
GRC,2001,9.838544873901602,1.25
GRC,2002,9.88064707061025,1.28
GRC,2003,9.93461094105719,1.29
GRC,2004,9.984519236978075,1.31
GRC,2005,9.993352323137543,1.34
GRC,2006,10.05279218530422,1.4
GRC,2007,10.08471240855404,1.41
GRC,2008,10.08263240532506,1.5
GRC,2009,10.037936915266377,1.5
GRC,2010,9.97802548337689,1.48
GRC,2011,9.875512669062738,1.4
GRC,2012,9.793932811716232,1.34
GRC,2013,9.77820074620124,1.29
GRC,2014,9.792752913444167,1.3
GRC,2015,9.797055898070218,1.33
GRC,2016,9.800897030118499,1.38
GRC,2017,9.81749865878462,1.35
GRC,2018,9.83996392753441,1.35
GRC,2019,9.863533720531763,1.34
GRC,2020,9.769210243689429,1.39
GRC,2021,9.864293860796053,1.43
GRC,2022,9.930640789735907,1.32
GRC,2023,9.954696921932085,1.26
GRC,2024,9.975561002447975,1.24
GRD,1977,8.019626466744192,3.457
GRD,1978,8.079028788108246,3.351
GRD,1979,8.142035411751962,3.344
GRD,1980,8.146692880872441,3.298
GRD,1981,8.167072308315278,2.989
GRD,1982,8.203973979656233,3.154
GRD,1983,8.233687102448023,3.306
GRD,1984,8.262973879776286,3.224
GRD,1985,8.314652868277047,3.478
GRD,1986,8.37708560353504,3.584
GRD,1987,8.456581382927977,3.581
GRD,1988,8.477831324111342,3.193
GRD,1989,8.506580262876486,3.233
GRD,1990,8.537523469640087,3.058
GRD,1991,8.542955002899502,3.106
GRD,1992,8.52641277455624,2.97
GRD,1993,8.498982532213708,2.805
GRD,1994,8.508419303463445,2.794
GRD,1995,8.522427897551195,2.822
GRD,1996,8.558993466391865,2.848
GRD,1997,8.601174823444964,2.803
GRD,1998,8.70552316117204,2.494
GRD,1999,8.765481298371057,2.392
GRD,2000,8.806443012771073,2.441
GRD,2001,8.781020477934666,2.421
GRD,2002,8.810962012272697,2.378
GRD,2003,8.896969204973345,2.332
GRD,2004,8.886449943613586,2.285
GRD,2005,9.007356286397378,2.242
GRD,2006,8.962935324229575,2.195
GRD,2007,9.018860476148145,2.154
GRD,2008,9.024913063113436,2.116
GRD,2009,8.953268963381756,2.078
GRD,2010,8.945164674708524,2.038
GRD,2011,8.948374928791383,2.006
GRD,2012,8.930568643215393,1.967
GRD,2013,8.947513887713324,1.913
GRD,2014,9.012697475128231,1.799
GRD,2015,9.070402717871168,1.715
GRD,2016,9.10316531919438,1.616
GRD,2017,9.143923532044312,1.438
GRD,2018,9.18442435389704,1.53
GRD,2019,9.188663149769775,1.542
GRD,2020,9.037567087597413,1.532
GRD,2021,9.08049610887162,1.517
GRD,2022,9.14912362113188,1.502
GRD,2023,9.191958845693058,1.487
GRD,2024,9.214596333928869,1.472
GRL,1970,9.640510233337924,3.541
GRL,1971,9.74617179538095,3.202
GRL,1972,9.78307403057663,3.012
GRL,1973,9.834529295958271,2.739
GRL,1974,9.879870797018695,2.45
GRL,1975,9.88429424250491,2.345
GRL,1976,9.940164151778271,2.255
GRL,1977,10.030764891921894,2.349
GRL,1978,10.093248297656514,2.197
GRL,1979,10.13261272629689,2.187
GRL,1980,10.203789383566884,2.435
GRL,1981,10.194609541077101,2.332
GRL,1982,10.13965032170722,2.236
GRL,1983,10.162055156282637,2.054
GRL,1984,10.097418876152062,2.107
GRL,1985,10.123887216732154,2.241
GRL,1986,10.186831752514774,2.044
GRL,1987,10.22937042264959,2.083
GRL,1988,10.271036791555684,2.317
GRL,1989,10.326425830524796,2.299
GRL,1990,10.196364223324048,2.444
GRL,1991,10.197029113687783,2.421
GRL,1992,10.148169449927282,2.607
GRL,1993,10.098392039872202,2.578
GRL,1994,10.150527133431217,2.524
GRL,1995,10.181744718620061,2.545
GRL,1996,10.195134771425812,2.521
GRL,1997,10.20792988244396,2.78
GRL,1998,10.280863377420795,2.491
GRL,1999,10.294548156684112,2.475
GRL,2000,10.361641853401716,2.406
GRL,2001,10.370805425128156,2.506
GRL,2002,10.357222291836427,2.613
GRL,2003,10.397816898888992,2.328
GRL,2004,10.462015194647726,2.442
GRL,2005,10.510036150596761,2.326
GRL,2006,10.566918870249955,2.28
GRL,2007,10.594053288134592,2.223
GRL,2008,10.657910127748668,2.249
GRL,2009,10.666621142161413,2.344
GRL,2010,10.68009120973442,2.184
GRL,2011,10.668836296594826,2.097
GRL,2012,10.684089147618998,2.006
GRL,2013,10.676793986086187,2.069
GRL,2014,10.726459265641253,1.987
GRL,2015,10.704061100249618,2.116
GRL,2016,10.748535379425444,2.066
GRL,2017,10.749311725730324,2.125
GRL,2018,10.758179141146371,2.024
GRL,2019,10.782508093418706,2.115
GRL,2020,10.782490468478375,2.109
GRL,2021,10.793638271346776,1.82
GRL,2022,10.813344361878281,1.818
GRL,2023,10.81837280804815,1.769
GTM,1960,7.541450456323349,6.999
GTM,1961,7.5538266014414885,6.979
GTM,1962,7.558962237626866,6.934
GTM,1963,7.620789564580246,6.899
GTM,1964,7.637036284794122,6.871
GTM,1965,7.650867023819745,6.839
GTM,1966,7.676028213020055,6.802
GTM,1967,7.688238240750746,6.755
GTM,1968,7.744683087841879,6.699
GTM,1969,7.764173975166231,6.646
GTM,1970,7.793422249854373,6.6
GTM,1971,7.821896002352458,6.546
GTM,1972,7.866910097847471,6.511
GTM,1973,7.906690253186218,6.487
GTM,1974,7.9431669411435335,6.458
GTM,1975,7.938112163467399,6.41
GTM,1976,7.98780715980587,6.368
GTM,1977,8.041029619587274,6.319
GTM,1978,8.065098521751034,6.261
GTM,1979,8.086132633118257,6.216
GTM,1980,8.097738390688543,6.171
GTM,1981,8.07907925160287,6.121
GTM,1982,8.020144758435992,6.057
GTM,1983,7.969610962631556,5.976
GTM,1984,7.946519228144643,5.855
GTM,1985,7.912110000692723,5.729
GTM,1986,7.885759056994575,5.663
GTM,1987,7.893008262015806,5.639
GTM,1988,7.903190226893167,5.621
GTM,1989,7.91372517805622,5.559
GTM,1990,7.916274881935203,5.48
GTM,1991,7.9251153765552695,5.377
GTM,1992,7.945793967943076,5.314
GTM,1993,7.957631580718298,5.254
GTM,1994,7.970544360401332,5.191
GTM,1995,7.9923868976441375,5.105
GTM,1996,7.9956419180908895,5.008
GTM,1997,8.012776544463264,4.906
GTM,1998,8.035919064777675,4.8
GTM,1999,8.048507818077956,4.687
GTM,2000,8.06020335773018,4.583
GTM,2001,8.060288996538507,4.502
GTM,2002,8.075044360452877,4.371
GTM,2003,8.077806048320397,4.25
GTM,2004,8.08647353853656,4.134
GTM,2005,8.097064481541459,3.974
GTM,2006,8.128039815933025,3.845
GTM,2007,8.168424044493321,3.716
GTM,2008,8.180301355090869,3.571
GTM,2009,8.165134421048453,3.465
GTM,2010,8.173752433555334,3.375
GTM,2011,8.194609295168963,3.292
GTM,2012,8.204008652015611,3.219
GTM,2013,8.220754109259989,3.151
GTM,2014,8.24528363451438,3.088
GTM,2015,8.267065144732472,3.029
GTM,2016,8.275065313803355,2.973
GTM,2017,8.287211461114792,2.857
GTM,2018,8.30405248040512,2.743
GTM,2019,8.328238982347058,2.593
GTM,2020,8.29550836654481,2.47
GTM,2021,8.35904789412786,2.388
GTM,2022,8.38569476214461,2.343
GTM,2023,8.404932288649032,2.311
GTM,2024,8.426001551477633,2.287
GUM,2002,10.294725995899137,2.582
GUM,2003,10.298429255825981,2.657
GUM,2004,10.357228857674471,2.772
GUM,2005,10.389622032124127,2.638
GUM,2006,10.34953343890455,2.807
GUM,2007,10.354086864728862,2.905
GUM,2008,10.371654201897845,2.905
GUM,2009,10.37313871141603,2.891
GUM,2010,10.393420896762493,2.973
GUM,2011,10.394071042136083,2.876
GUM,2012,10.41645882566003,3.117
GUM,2013,10.435418456000052,2.883
GUM,2014,10.45608646858416,2.946
GUM,2015,10.467826496345793,2.933
GUM,2016,10.473728077930526,3.171
GUM,2017,10.487124021500279,3.088
GUM,2018,10.4837801058864,2.995
GUM,2019,10.514071442533877,2.938
GUM,2020,10.400768416742856,2.895
GUM,2021,10.411493744420413,2.856
GUM,2022,10.452417486071976,2.819
GUY,1960,7.913400371297678,6.331
GUY,1961,7.935915047679562,6.339
GUY,1962,7.925013730039958,6.333
GUY,1963,7.772286954218343,6.307
GUY,1964,7.858384616871518,6.232
GUY,1965,7.937335139610881,6.135
GUY,1966,7.967283935723206,6.021
GUY,1967,7.988667584807367,5.888
GUY,1968,7.978169202522771,5.751
GUY,1969,8.025190389120654,5.581
GUY,1970,8.048941966937383,5.411
GUY,1971,8.065525727531528,5.257
GUY,1972,8.019298915033579,5.077
GUY,1973,8.019930248983936,4.866
GUY,1974,8.083348515867351,4.638
GUY,1975,8.154881468190819,4.45
GUY,1976,8.160972584723526,4.28
GUY,1977,8.12575830179041,4.116
GUY,1978,8.099742606670722,3.967
GUY,1979,8.074078544031023,3.86
GUY,1980,8.085693947579305,3.77
GUY,1981,8.097854593845884,3.719
GUY,1982,7.956071168492034,3.678
GUY,1983,7.886787967628995,3.637
GUY,1984,7.837488895889466,3.541
GUY,1985,7.864610589877508,3.47
GUY,1986,7.859953298271305,3.381
GUY,1987,7.8740995436655865,3.305
GUY,1988,7.842314758913281,3.228
GUY,1989,7.7982342615891485,3.186
GUY,1990,7.77368615589941,3.181
GUY,1991,7.835215553858066,3.183
GUY,1992,7.907194879039629,3.188
GUY,1993,7.981711741215527,3.199
GUY,1994,8.059803361850589,3.226
GUY,1995,8.105503742901881,3.238
GUY,1996,8.179237653457996,3.23
GUY,1997,8.236951776132331,3.221
GUY,1998,8.218260432299608,3.182
GUY,1999,8.246258253098803,3.125
GUY,2000,8.232069948233324,3.057
GUY,2001,8.255073497852399,2.958
GUY,2002,8.26741585741093,2.844
GUY,2003,8.261795326719266,2.75
GUY,2004,8.278203336253496,2.681
GUY,2005,8.260475555902968,2.648
GUY,2006,8.313062695267439,2.659
GUY,2007,8.38528436666892,2.681
GUY,2008,8.405668198550513,2.697
GUY,2009,8.444480864450162,2.694
GUY,2010,8.488812463592412,2.684
GUY,2011,8.543619986883122,2.694
GUY,2012,8.594857502660926,2.701
GUY,2013,8.625750185118779,2.711
GUY,2014,8.63687966614777,2.695
GUY,2015,8.637713030730161,2.667
GUY,2016,8.668817853037813,2.634
GUY,2017,8.69904509031623,2.593
GUY,2018,8.71290899696895,2.553
GUY,2019,8.74490716892993,2.521
GUY,2020,9.10615805138486,2.491
GUY,2021,9.279119638809998,2.462
GUY,2022,9.762231178518745,2.437
GUY,2023,10.047646502077137,2.412
GUY,2024,10.405321336799007,2.395
HKG,1961,8.282988667096703,5.169
HKG,1962,8.374200097316443,5.177
HKG,1963,8.486171342535041,5.152
HKG,1964,8.544756682149913,5.085
HKG,1965,8.655130122822547,4.923
HKG,1966,8.664063913621431,4.464
HKG,1967,8.654700820624301,4.123
HKG,1968,8.66687577058884,3.783
HKG,1969,8.758359659180478,3.599
HKG,1970,8.822117133010089,3.386
HKG,1971,8.870944264656332,3.459
HKG,1972,8.952632244810054,3.315
HKG,1973,9.0402405249032,3.177
HKG,1974,9.032501044064857,2.967
HKG,1975,9.018448129869284,2.666
HKG,1976,9.155721555013077,2.48
HKG,1977,9.252162034627913,2.376
HKG,1978,9.313418715126105,2.272
HKG,1979,9.368127751182596,2.12
HKG,1980,9.437720049701861,2.047
HKG,1981,9.50280602371628,1.933
HKG,1982,9.516353143645018,1.86
HKG,1983,9.5592116205709,1.722
HKG,1984,9.644454438119899,1.559
HKG,1985,9.641253963422614,1.491
HKG,1986,9.733661023536392,1.367
HKG,1987,9.84933109577969,1.311
HKG,1988,9.922612663474856,1.4
HKG,1989,9.93476914082742,1.296
HKG,1990,9.969146056010699,1.272
HKG,1991,10.016306793183944,1.281
HKG,1992,10.06839395295924,1.347
HKG,1993,10.111381327572744,1.342
HKG,1994,10.147469782821615,1.355
HKG,1995,10.151129370477623,1.295
HKG,1996,10.148446265871645,1.191
HKG,1997,10.189860374283834,1.127
HKG,1998,10.120884640764427,1.016
HKG,1999,10.136091515488857,0.981
HKG,2000,10.201115490811441,1.032
HKG,2001,10.199338865476035,0.931
HKG,2002,10.211341678025693,0.941
HKG,2003,10.243421545349632,0.901
HKG,2004,10.319044570978237,0.922
HKG,2005,10.385955548517714,0.959
HKG,2006,10.447496563969208,0.984
HKG,2007,10.50154472319604,1.028
HKG,2008,10.516618459525374,1.064
HKG,2009,10.489566604511879,1.055
HKG,2010,10.54770746488115,1.127
HKG,2011,10.588005570004386,1.204
HKG,2012,10.593826274692525,1.285
HKG,2013,10.620350713690899,1.125
HKG,2014,10.64057647968543,1.235
HKG,2015,10.655661890799847,1.196
HKG,2016,10.67098945742284,1.205
HKG,2017,10.700562620726833,1.128
HKG,2018,10.720631693143805,1.08
HKG,2019,10.696373141858224,1.064
HKG,2020,10.63227449803691,0.883
HKG,2021,10.703939089396906,0.772
HKG,2022,10.67546917413164,0.701
HKG,2023,10.680951321921984,0.751
HKG,2024,10.708498876164882,0.841
HND,1960,5.336649417321932,7.458
HND,1961,5.324851923774692,7.448
HND,1962,5.318199496794013,7.443
HND,1963,5.302422575884581,7.441
HND,1964,5.28924209690966,7.443
HND,1965,5.28602692773184,7.442
HND,1966,5.245914743688003,7.41
HND,1967,5.253905986012012,7.359
HND,1968,5.212939245257257,7.295
HND,1969,5.192365091444616,7.228
HND,1970,5.21092747261376,7.172
HND,1971,5.226380312056245,7.113
HND,1972,5.234307035368317,7.058
HND,1973,5.247627465473353,6.985
HND,1974,5.308645795617159,6.913
HND,1975,5.330794157317622,6.866
HND,1976,5.448869224707254,6.814
HND,1977,5.500952306513034,6.732
HND,1978,5.5916810392877005,6.634
HND,1979,5.670042819326368,6.531
HND,1980,5.762105552115039,6.418
HND,1981,5.8018530601029115,6.301
HND,1982,5.8148417882276275,6.179
HND,1983,5.852735233231779,6.059
HND,1984,5.846646569207681,5.935
HND,1985,5.863292074801673,5.816
HND,1986,5.888542695542675,5.7
HND,1987,5.877426526987131,5.581
HND,1988,5.922268755824991,5.468
HND,1989,5.9630256461466695,5.354
HND,1990,6.126827786079542,5.271
HND,1991,6.329944752694043,5.191
HND,1992,6.388038581740054,5.113
HND,1993,6.487485867726333,5.028
HND,1994,6.713917677025086,4.935
HND,1995,6.906110491243271,4.835
HND,1996,7.08455185871165,4.713
HND,1997,7.258926875145865,4.59
HND,1998,7.341974948869521,4.473
HND,1999,7.4252264669323385,4.366
HND,2000,7.4896792278819415,4.289
HND,2001,7.48951725423363,4.153
HND,2002,7.499961637894678,4.0
HND,2003,7.518768713105256,3.844
HND,2004,7.554287415846978,3.71
HND,2005,7.588757243651944,3.577
HND,2006,7.628777765251771,3.449
HND,2007,7.6658449958021375,3.351
HND,2008,7.6848515706753915,3.26
HND,2009,7.638346883988053,3.173
HND,2010,7.653719336371345,3.078
HND,2011,7.670690920319553,2.998
HND,2012,7.6909231236638504,2.927
HND,2013,7.698664751950635,2.855
HND,2014,7.709419463290649,2.793
HND,2015,7.728064776258591,2.746
HND,2016,7.747480178426329,2.704
HND,2017,7.776272403264893,2.663
HND,2018,7.7957021053986795,2.645
HND,2019,7.802869969930534,2.611
HND,2020,7.691397285335537,2.577
HND,2021,7.793077951936529,2.548
HND,2022,7.81691015067728,2.522
HND,2023,7.834896397263408,2.5
HND,2024,7.85372939247482,2.476
HPC,1960,6.602950999412428,6.64868091231156
HPC,1961,6.5765839729431566,6.66549292107063
HPC,1962,6.622760630886889,6.68731814322377
HPC,1963,6.631058995830714,6.70819006022745
HPC,1964,6.6384735895577265,6.7274809107166
HPC,1965,6.650219695252471,6.7469237645696
HPC,1966,6.662002740396679,6.77268864166515
HPC,1967,6.658470434695729,6.7974387709918
HPC,1968,6.675382976834364,6.81740850488273
HPC,1969,6.6939076488194384,6.83501213781895
HPC,1970,6.666963688202444,6.85526712127607
HPC,1971,6.684259187477158,6.87378934769587
HPC,1972,6.678065607038267,6.88813456344983
HPC,1973,6.681059639422795,6.89810451667015
HPC,1974,6.70534364811834,6.91017939676124
HPC,1975,6.698574069521819,6.91632415964732
HPC,1976,6.708072572450709,6.92037966417167
HPC,1977,6.715113623261237,6.92333083386974
HPC,1978,6.710694333551421,6.91887446499366
HPC,1979,6.687498015521273,6.91109478790329
HPC,1980,6.669978651009037,6.90137608734857
HPC,1981,6.677642552269187,6.8812460675956
HPC,1982,6.658619726398134,6.85559246612987
HPC,1983,6.634176138918495,6.82865858410255
HPC,1984,6.617564691260789,6.79953464376111
HPC,1985,6.6043670594218895,6.76796591144189
HPC,1986,6.6065436318885,6.73600640106148
HPC,1987,6.609856831067157,6.70017865485069
HPC,1988,6.596152450775579,6.65840335006939
HPC,1989,6.583176690281602,6.61337811600547
HPC,1990,6.545011653594678,6.56798640024293
HPC,1991,6.527404845648774,6.52164522944446
HPC,1992,6.483796922626405,6.47650234772576
HPC,1993,6.455229801861433,6.43047359779561
HPC,1994,6.428629277292312,6.3770135727562
HPC,1995,6.45047551302086,6.32792381734759
HPC,1996,6.476123808360646,6.27614330535368
HPC,1997,6.50610765435007,6.2341120112263
HPC,1998,6.514612642063428,6.18825894567335
HPC,1999,6.52036526770154,6.13851577997795
HPC,2000,6.52159549264855,6.08408223844032
HPC,2001,6.530596855477249,6.01839638351252
HPC,2002,6.540143690626556,5.95747285377129
HPC,2003,6.550419331264435,5.90048007183814
HPC,2004,6.5782591561763635,5.85019477139169
HPC,2005,6.603693786338916,5.80120957288784
HPC,2006,6.630783658619397,5.73936215215103
HPC,2007,6.6565370504986126,5.6681582580263
HPC,2008,6.68337458531491,5.60157921715864
HPC,2009,6.68918796891619,5.53622220961369
HPC,2010,6.72166113859413,5.46370816620654
HPC,2011,6.734585845060782,5.37956060699321
HPC,2012,6.746300926443596,5.29803570706507
HPC,2013,6.778090389108968,5.21610354037329
HPC,2014,6.802653921748543,5.13503485575756
HPC,2015,6.8221147519970575,5.05974685729467
HPC,2016,6.835510550053597,4.99025635036601
HPC,2017,6.855692696862935,4.91510474664161
HPC,2018,6.868105366744609,4.84019521162151
HPC,2019,6.8814831345805585,4.76755579198106
HPC,2020,6.853911536700031,4.69282767861828
HPC,2021,6.8696156024916055,4.61810687115618
HPC,2022,6.891470519219584,4.54654565139968
HPC,2023,6.899899419383557,4.47760931802155
HPC,2024,6.923898264634539,4.40964811260255
HRV,1990,9.185510984029307,1.63
HRV,1991,8.967331342034319,1.53
HRV,1992,8.867189288291708,1.48
HRV,1993,8.778158106684547,1.52
HRV,1994,8.824058887246858,1.47
HRV,1995,8.896276941184732,1.58
HRV,1996,8.969311936015679,1.67
HRV,1997,9.034017637805015,1.69
HRV,1998,9.056916327025583,1.45
HRV,1999,9.05269579320283,1.38
HRV,2000,9.09161065112197,1.39
HRV,2001,9.160722215315799,1.46
HRV,2002,9.216527219075166,1.42
HRV,2003,9.270431692789243,1.41
HRV,2004,9.311011376440927,1.43
HRV,2005,9.352095509637103,1.5
HRV,2006,9.401315604307257,1.47
HRV,2007,9.450789337095587,1.48
HRV,2008,9.47043393506152,1.47
HRV,2009,9.400936311686397,1.5
HRV,2010,9.389752826070092,1.46
HRV,2011,9.392089574727283,1.41
HRV,2012,9.374208146049614,1.52
HRV,2013,9.379108447129262,1.46
HRV,2014,9.381161178832615,1.46
HRV,2015,9.416042708105977,1.41
HRV,2016,9.460980308816126,1.43
HRV,2017,9.509360757335081,1.42
HRV,2018,9.551164535233514,1.47
HRV,2019,9.591640754590063,1.47
HRV,2020,9.513827402634133,1.48
HRV,2021,9.641816648072357,1.62
HRV,2022,9.718261785319784,1.53
HRV,2023,9.754143246574452,1.46
HRV,2024,9.790001125619488,1.46
HTI,1960,7.45877800709083,6.178
HTI,1961,7.410890946115546,6.179
HTI,1962,7.468515023583775,6.175
HTI,1963,7.4316971816839015,6.173
HTI,1964,7.397280069480705,6.164
HTI,1965,7.400130625876932,6.129
HTI,1966,7.375867493917657,6.093
HTI,1967,7.335958547461414,6.051
HTI,1968,7.34866959333024,6.009
HTI,1969,7.3674422552567504,5.957
HTI,1970,7.355250580858679,5.911
HTI,1971,7.399208242372295,5.877
HTI,1972,7.389926824382042,5.849
HTI,1973,7.417274540846618,5.811
HTI,1974,7.454278106221881,5.781
HTI,1975,7.446178830040004,5.748
HTI,1976,7.507913623178891,5.71
HTI,1977,7.525058773448795,5.674
HTI,1978,7.566027484078661,5.642
HTI,1979,7.619659523647443,5.594
HTI,1980,7.671589662160128,5.557
HTI,1981,7.623379232616183,5.533
HTI,1982,7.567676246102639,5.526
HTI,1983,7.55717650029796,5.513
HTI,1984,7.5405248127971225,5.505
HTI,1985,7.526700389969204,5.495
HTI,1986,7.50168184697246,5.479
HTI,1987,7.473495389884217,5.471
HTI,1988,7.455068582463956,5.472
HTI,1989,7.404950678907839,5.444
HTI,1990,7.394685249334054,5.414
HTI,1991,7.392952885823108,5.317
HTI,1992,7.318419335041637,5.208
HTI,1993,7.242980056694031,5.099
HTI,1994,7.096440332796757,4.991
HTI,1995,7.171760436206547,4.884
HTI,1996,7.1933404536190775,4.777
HTI,1997,7.20116866177889,4.669
HTI,1998,7.204103967272506,4.561
HTI,1999,7.212378126918717,4.452
HTI,2000,7.202582939183647,4.39
HTI,2001,7.180918103137151,4.248
HTI,2002,7.173597627158334,4.125
HTI,2003,7.190277771480788,4.047
HTI,2004,7.159993696806028,3.943
HTI,2005,7.173447106590304,3.835
HTI,2006,7.17398754397046,3.761
HTI,2007,7.203116129675107,3.687
HTI,2008,7.212688197321512,3.621
HTI,2009,7.253397156531718,3.565
HTI,2010,7.18355495459128,3.497
HTI,2011,7.221959420687856,3.431
HTI,2012,7.2114721992944,3.321
HTI,2013,7.238771262553812,3.221
HTI,2014,7.25259834511913,3.164
HTI,2015,7.252143846797231,3.11
HTI,2016,7.256119961308058,3.054
HTI,2017,7.267296710882687,2.985
HTI,2018,7.270558172127199,2.924
HTI,2019,7.240234655243435,2.862
HTI,2020,7.194209937271243,2.804
HTI,2021,7.1645034562787515,2.748
HTI,2022,7.136261573788014,2.699
HTI,2023,7.105883513138402,2.656
HTI,2024,7.051585819855272,2.625
HUN,1960,7.641917010711946,2.02
HUN,1961,7.683403882764446,1.94
HUN,1962,7.73934356513436,1.79
HUN,1963,7.792086096353255,1.82
HUN,1964,7.834859013702672,1.82
HUN,1965,8.185629080827784,1.82
HUN,1966,8.253996629331263,1.89
HUN,1967,8.322595735095913,2.01
HUN,1968,8.366602442611967,2.06
HUN,1969,8.429151029477696,2.04
HUN,1970,8.471282147362311,1.98
HUN,1971,8.528574309202554,1.93
HUN,1972,8.58480514369665,1.93
HUN,1973,8.648306005438698,1.93
HUN,1974,8.70116781544926,2.27
HUN,1975,8.755440920179666,2.35
HUN,1976,8.785306234143102,2.23
HUN,1977,8.853910885440275,2.15
HUN,1978,8.89352113755832,2.06
HUN,1979,8.918355594684936,2.01
HUN,1980,8.919702660057311,1.91
HUN,1981,8.947899108734637,1.88
HUN,1982,8.976503411068954,1.8
HUN,1983,8.985209468620258,1.75
HUN,1984,9.013443800772762,1.75
HUN,1985,9.012728389994221,1.85
HUN,1986,9.02966705807808,1.84
HUN,1987,9.071058230130761,1.82
HUN,1988,9.071938114984802,1.81
HUN,1989,9.090165218440077,1.82
HUN,1990,9.064903827042096,1.87
HUN,1991,8.938353193850011,1.87
HUN,1992,8.907623480161726,1.77
HUN,1993,8.902986091856473,1.68
HUN,1994,8.933400530910587,1.64
HUN,1995,8.949578140833673,1.57
HUN,1996,8.952307687123419,1.46
HUN,1997,8.983666289307687,1.37
HUN,1998,9.023752229651365,1.32
HUN,1999,9.056978804837003,1.28
HUN,2000,9.102725738372246,1.32
HUN,2001,9.144836471082037,1.31
HUN,2002,9.19390003223576,1.3
HUN,2003,9.235396227928526,1.27
HUN,2004,9.286049537171168,1.28
HUN,2005,9.330142216715485,1.31
HUN,2006,9.370284620027851,1.34
HUN,2007,9.375151804223755,1.32
HUN,2008,9.386788127288737,1.35
HUN,2009,9.318556539942156,1.32
HUN,2010,9.331439562362826,1.25
HUN,2011,9.353258883634082,1.23
HUN,2012,9.344937894871526,1.34
HUN,2013,9.369868460150887,1.36
HUN,2014,9.416327831067596,1.45
HUN,2015,9.455866846819694,1.46
HUN,2016,9.48384663995505,1.55
HUN,2017,9.527647575569224,1.56
HUN,2018,9.584230758165745,1.57
HUN,2019,9.635007178272721,1.58
HUN,2020,9.593171051148595,1.61
HUN,2021,9.667002494211667,1.63
HUN,2022,9.710375834381889,1.57
HUN,2023,9.703513886296053,1.55
HUN,2024,9.713724672212992,1.41
IBD,1960,6.902025672340965,4.96376496065839
IBD,1961,6.902344279956357,4.76035280865593
IBD,1962,6.916298086111927,5.51006816456136
IBD,1963,6.938780178418141,5.97915706768226
IBD,1964,6.995349901846004,5.68188267642417
IBD,1965,7.03244862746839,5.6306717358001
IBD,1966,7.0628194906983754,5.50177626140858
IBD,1967,7.080001167315679,5.3185769637732
IBD,1968,7.118849744925529,5.51982231049228
IBD,1969,7.170203609370597,5.36694587708867
IBD,1970,7.221306791087057,5.30153149994851
IBD,1971,7.2565169578779996,5.07760747186436
IBD,1972,7.297838398964763,4.89545426307131
IBD,1973,7.344328707359748,4.71830345915494
IBD,1974,7.378566713327004,4.48038001498743
IBD,1975,7.403925726208791,4.22316101899096
IBD,1976,7.445730549938084,4.07333183250893
IBD,1977,7.472936869074668,3.88636198836221
IBD,1978,7.494314571430102,3.7872822500754
IBD,1979,7.522283932431754,3.75134316976067
IBD,1980,7.551548137463906,3.71211481228168
IBD,1981,7.553956537508477,3.68436303044374
IBD,1982,7.563013639757209,3.71284060136329
IBD,1983,7.559186887989877,3.53418824310795
IBD,1984,7.588707252348905,3.50491072017774
IBD,1985,7.613200471839349,3.4529950069015
IBD,1986,7.632665045127999,3.44316827472877
IBD,1987,7.661505726868738,3.4032865626689
IBD,1988,7.682942092186546,3.26959424125468
IBD,1989,7.6937788646698,3.20535044966198
IBD,1990,7.696147089025855,3.14301214811517
IBD,1991,7.691973804359943,2.88495598542947
IBD,1992,7.692616139311036,2.76797616730671
IBD,1993,7.713824120587836,2.68386939109179
IBD,1994,7.734516527080976,2.61589095857714
IBD,1995,7.760049217276567,2.55204959351904
IBD,1996,7.799167190771025,2.4938102334254
IBD,1997,7.838004015389506,2.44223354430076
IBD,1998,7.8509301432153435,2.40305067775411
IBD,1999,7.874327868170607,2.3659913299641
IBD,2000,7.919420504031282,2.37429108795755
IBD,2001,7.943375973576189,2.32751809168946
IBD,2002,7.976138162693969,2.29512284359469
IBD,2003,8.022270375107535,2.26645286014176
IBD,2004,8.085671049211323,2.25798241316032
IBD,2005,8.144836868521551,2.23842034148353
IBD,2006,8.21429477953799,2.22297119521154
IBD,2007,8.289980840026496,2.21215246260748
IBD,2008,8.33745366063454,2.21436756794014
IBD,2009,8.354632077352864,2.20879190176549
IBD,2010,8.419141267407545,2.18129172233643
IBD,2011,8.470275205786558,2.1625441912965
IBD,2012,8.512600843923114,2.19435364188766
IBD,2013,8.552490088254178,2.14693656542141
IBD,2014,8.588621342473859,2.13677152240968
IBD,2015,8.620979950816906,2.09966906889064
IBD,2016,8.654957631613916,2.11008918101404
IBD,2017,8.695968396430384,2.07380386463913
IBD,2018,8.73482982846683,1.97849347116974
IBD,2019,8.76604214711527,1.93033557941541
IBD,2020,8.746255744618953,1.82434933384285
IBD,2021,8.814231367608983,1.77293577739936
IBD,2022,8.846558206975983,1.7360484586157
IBD,2023,8.887044646039076,1.71695529254296
IBD,2024,8.924820107390358,1.7140664225305
IBT,1960,6.862632424565237,5.24414738775745
IBT,1961,6.860587036406119,5.08171863939848
IBT,1962,6.877271448074942,5.705339626652
IBT,1963,6.899629303100687,6.09384153083272
IBT,1964,6.950749777763925,5.85113644586113
IBT,1965,6.984785046950568,5.8100399415932
IBT,1966,7.009262787683929,5.70471521505859
IBT,1967,7.01696313824344,5.55506962842702
IBT,1968,7.052060172030375,5.72037331661485
IBT,1969,7.104365822724263,5.59442600360068
IBT,1970,7.155551268945965,5.5413252261178
IBT,1971,7.190906683137524,5.35698913619038
IBT,1972,7.225525743007456,5.20604036996541
IBT,1973,7.2674250891520495,5.05790602939965
IBT,1974,7.3026582858735996,4.86104073257186
IBT,1975,7.320483451525797,4.64858771801744
IBT,1976,7.3600391688932225,4.52381164584354
IBT,1977,7.385045068504631,4.36760104023102
IBT,1978,7.401429531488868,4.28429620248384
IBT,1979,7.426171347932406,4.25178159996617
IBT,1980,7.452147677954261,4.21558146614619
IBT,1981,7.450019863420253,4.18671986194559
IBT,1982,7.454107441608504,4.20300599322553
IBT,1983,7.445886435502552,4.04737996249074
IBT,1984,7.470191475347716,4.01344260385227
IBT,1985,7.492689798955035,3.95926219259162
IBT,1986,7.509493985704454,3.93874741878571
IBT,1987,7.535369666093325,3.89343972994187
IBT,1988,7.5559365218472285,3.77134442859312
IBT,1989,7.564370371902051,3.70906268898999
IBT,1990,7.566597565063633,3.64808749700749
IBT,1991,7.561234837438122,3.42690268757859
IBT,1992,7.559958606593198,3.31999666130678
IBT,1993,7.576195623072136,3.2409375080419
IBT,1994,7.5922369677689,3.17649061755597
IBT,1995,7.614864872181578,3.11443739916148
IBT,1996,7.65098743547378,3.05472297281246
IBT,1997,7.686040118069012,3.00342350895027
IBT,1998,7.6971251765262005,2.96200390757979
IBT,1999,7.717407163067828,2.92737708342132
IBT,2000,7.758260313063174,2.92800692971415
IBT,2001,7.779828917024042,2.88239391709287
IBT,2002,7.810504881905821,2.84828444594709
IBT,2003,7.8528113268845585,2.81779006588947
IBT,2004,7.9124997103510575,2.80216477508471
IBT,2005,7.967852861063488,2.78045056843573
IBT,2006,8.032425581803238,2.76569053141792
IBT,2007,8.102533520781181,2.75469501422215
IBT,2008,8.146077449647041,2.75412648907061
IBT,2009,8.161795654642233,2.74547507697377
IBT,2010,8.221917343116715,2.71677280741036
IBT,2011,8.268252036723096,2.6931828109664
IBT,2012,8.306231147688148,2.70931206127196
IBT,2013,8.343818242234287,2.66709748098952
IBT,2014,8.37781655352524,2.65487997004157
IBT,2015,8.406762979099456,2.62193014501327
IBT,2016,8.436869262922306,2.62337996720981
IBT,2017,8.473889952396043,2.59116468799207
IBT,2018,8.508971155558783,2.51547761941004
IBT,2019,8.536433913557948,2.47522571167135
IBT,2020,8.512219252112626,2.39262662484282
IBT,2021,8.57328757031727,2.3536405824296
IBT,2022,8.60167729169786,2.32428407879578
IBT,2023,8.636604203763287,2.30769844385431
IBT,2024,8.670001041996413,2.29986633914999
IDA,1960,6.594690454989961,6.59326447286409
IDA,1961,6.581366176256339,6.607958367449
IDA,1962,6.613939813553204,6.62482998516019
IDA,1963,6.635872808215978,6.63054400189917
IDA,1964,6.6575650616578415,6.63915260569955
IDA,1965,6.67499846283107,6.64336653927239
IDA,1966,6.665965294030232,6.64808014425096
IDA,1967,6.61643956391142,6.65701548603741
IDA,1968,6.628926939991819,6.6569374586397
IDA,1969,6.688447066870104,6.65831235773985
IDA,1970,6.741096413142473,6.66639153932102
IDA,1971,6.777847728624861,6.67122081532885
IDA,1972,6.770690004191456,6.66942558137076
IDA,1973,6.784167151481464,6.65786754643076
IDA,1974,6.828393289628397,6.64686891214852
IDA,1975,6.797912874738775,6.63243040764249
IDA,1976,6.824918450789438,6.61100239606295
IDA,1977,6.837911366349544,6.58946194176691
IDA,1978,6.8230447179479095,6.57978535810499
IDA,1979,6.82942123516932,6.56094421017026
IDA,1980,6.836444558025623,6.53245002179748
IDA,1981,6.805291532380317,6.4939544711671
IDA,1982,6.776560997943887,6.44773314578327
IDA,1983,6.739935478905847,6.39122038113637
IDA,1984,6.728521464690521,6.33277636006229
IDA,1985,6.741497523855723,6.26201734509782
IDA,1986,6.743312049538597,6.18367911683857
IDA,1987,6.751580647435524,6.1016365998522
IDA,1988,6.771718731753981,6.0180165917037
IDA,1989,6.767588671554137,5.94897634039591
IDA,1990,6.778771451642597,5.87568457238052
IDA,1991,6.773104587633466,5.79514747587304
IDA,1992,6.766322669802728,5.70762476439778
IDA,1993,6.747999081906809,5.62419383535399
IDA,1994,6.73231182202279,5.54875597528927
IDA,1995,6.741645648247453,5.46948483673045
IDA,1996,6.763985897271693,5.38061165016209
IDA,1997,6.776577755674203,5.30821850404138
IDA,1998,6.786012331755417,5.23315686059567
IDA,1999,6.791209932498048,5.18148985228495
IDA,2000,6.805421155265215,5.12355495958193
IDA,2001,6.821349543825462,5.05516502653573
IDA,2002,6.850935309426845,4.98675496678605
IDA,2003,6.873900024597588,4.92084450884378
IDA,2004,6.91514864466335,4.84994202741586
IDA,2005,6.951441048763558,4.7916124204359
IDA,2006,6.986183819547219,4.7480897116113
IDA,2007,7.01974253888446,4.70004618615389
IDA,2008,7.045119805410745,4.6539722656609
IDA,2009,7.070621723068302,4.60229892191592
IDA,2010,7.10738553778706,4.53856638979884
IDA,2011,7.124732695923629,4.46944508581877
IDA,2012,7.136398340003816,4.40484209644692
IDA,2013,7.168489658858821,4.35044215293458
IDA,2014,7.200349229550958,4.30091090321163
IDA,2015,7.213698492178104,4.25009074811376
IDA,2016,7.22455647757306,4.19173767230725
IDA,2017,7.242356984831652,4.13940181869486
IDA,2018,7.263433910666109,4.08713796414971
IDA,2019,7.28013440263033,4.03271488594196
IDA,2020,7.24023060990671,3.97796486220669
IDA,2021,7.257688180901063,3.93487643224588
IDA,2022,7.28115869665138,3.88830300560101
IDA,2023,7.290568885396017,3.84199268487146
IDA,2024,7.312138517922013,3.78848195005015
IDB,1960,6.895783801682678,6.64284008053129
IDB,1961,6.888308091999685,6.6552468100513
IDB,1962,6.903392256588266,6.67088078223743
IDB,1963,6.956452498167308,6.66893197849251
IDB,1964,6.987092228400461,6.68083047957673
IDB,1965,7.011363362050363,6.68973370728734
IDB,1966,6.990636961790444,6.69229781749584
IDB,1967,6.893062339956205,6.69560014158541
IDB,1968,6.8966270020615665,6.69407670739822
IDB,1969,7.009912872792157,6.69930336406827
IDB,1970,7.140957925101179,6.7086818197288
IDB,1971,7.213122363007056,6.73067972654794
IDB,1972,7.225297487335514,6.74489859370542
IDB,1973,7.251999957947947,6.75705385853369
IDB,1974,7.301842433503159,6.77021579763946
IDB,1975,7.259443512342704,6.78164659203856
IDB,1976,7.295697879820367,6.77413799051221
IDB,1977,7.318375310588997,6.76868769631839
IDB,1978,7.292502623008109,6.75143537745542
IDB,1979,7.3151400243764675,6.71325831718206
IDB,1980,7.319837622290422,6.67192719949488
IDB,1981,7.248648356499526,6.6321515589012
IDB,1982,7.205928418056427,6.5925872815283
IDB,1983,7.145281602006364,6.54826820587207
IDB,1984,7.129104096790822,6.49466262800632
IDB,1985,7.1565134535225114,6.4338391581642
IDB,1986,7.154628945586618,6.38214635690927
IDB,1987,7.158245789810798,6.3169895037278
IDB,1988,7.186983963023613,6.25148615267296
IDB,1989,7.18774316656348,6.19017703719669
IDB,1990,7.215060693756,6.12738457165969
IDB,1991,7.204025519351391,6.06536100057243
IDB,1992,7.203292658384437,5.98169970612131
IDB,1993,7.17372512377379,5.88964112431633
IDB,1994,7.155563250017888,5.79954216594475
IDB,1995,7.151012756395351,5.71533407958458
IDB,1996,7.1702226812163685,5.62186959054476
IDB,1997,7.167937722301089,5.52149249332774
IDB,1998,7.169110384602422,5.42597036532387
IDB,1999,7.163605746718356,5.39096234418901
IDB,2000,7.172264727093846,5.34185583852571
IDB,2001,7.184844246980103,5.26094445396664
IDB,2002,7.221634431363779,5.1783190330599
IDB,2003,7.241185615496766,5.10930198484563
IDB,2004,7.287243114331326,5.01279081108595
IDB,2005,7.320385002858018,4.95461118139386
IDB,2006,7.351286270194076,4.93870079020795
IDB,2007,7.378306569245965,4.91737092931541
IDB,2008,7.393302237161309,4.89890182146653
IDB,2009,7.4247685286339395,4.85818069447705
IDB,2010,7.457088108035509,4.79809212619671
IDB,2011,7.474449441722547,4.72216946157877
IDB,2012,7.496090018152251,4.6340378211409
IDB,2013,7.530587791751368,4.56049734113323
IDB,2014,7.566433495229293,4.502077481935
IDB,2015,7.584719272598322,4.42949529173026
IDB,2016,7.588579121089002,4.33403379404732
IDB,2017,7.596646325057092,4.26901886821274
IDB,2018,7.614874849674842,4.19320589255923
IDB,2019,7.625254705325175,4.1181258293125
IDB,2020,7.572437364602468,4.04750419996975
IDB,2021,7.594956400459274,4.0110912729871
IDB,2022,7.622381978574968,3.95818893362032
IDB,2023,7.631734026326003,3.90689986940718
IDB,2024,7.653335441003634,3.84144000700748
IDN,1960,6.393146686634786,5.505
IDN,1961,6.421098554030476,5.522
IDN,1962,6.411280899624365,5.534
IDN,1963,6.3604056210421165,5.551
IDN,1964,6.366538524469116,5.568
IDN,1965,6.352006334792871,5.593
IDN,1966,6.355870308867273,5.593
IDN,1967,6.343583314075965,5.583
IDN,1968,6.420103777523865,5.568
IDN,1969,6.458458159696842,5.553
IDN,1970,6.503763726487465,5.488
IDN,1971,6.544554763309826,5.397
IDN,1972,6.585942652165088,5.315
IDN,1973,6.637594325915507,5.246
IDN,1974,6.685428993959472,5.089
IDN,1975,6.708741878279382,5.032
IDN,1976,6.750397791447104,4.921
IDN,1977,6.80983122902377,4.807
IDN,1978,6.850925891779306,4.732
IDN,1979,6.897379941185825,4.625
IDN,1980,6.96771312740259,4.495
IDN,1981,7.020547311573863,4.356
IDN,1982,7.019639356518234,4.247
IDN,1983,7.037911495681642,4.109
IDN,1984,7.083044321947273,3.956
IDN,1985,7.086004484563878,3.725
IDN,1986,7.122918880214074,3.53
IDN,1987,7.15158915755573,3.42
IDN,1988,7.188696479866229,3.353
IDN,1989,7.241867382016436,3.247
IDN,1990,7.293642125980137,3.114
IDN,1991,7.342776476671383,3.058
IDN,1992,7.388395605409814,2.95
IDN,1993,7.434320833173176,2.9
IDN,1994,7.4901537310722315,2.851
IDN,1995,7.55252195103631,2.809
IDN,1996,7.611343502315614,2.782
IDN,1997,7.641008198923033,2.742
IDN,1998,7.484481274835612,2.66
IDN,1999,7.477329696065892,2.568
IDN,2000,7.511033910001544,2.503
IDN,2001,7.532940336868642,2.466
IDN,2002,7.56339494454081,2.436
IDN,2003,7.596853375586996,2.41
IDN,2004,7.633227420160034,2.415
IDN,2005,7.6757537775135924,2.452
IDN,2006,7.716051015834325,2.457
IDN,2007,7.7643609115767465,2.476
IDN,2008,7.809785586289368,2.44
IDN,2009,7.842365066469774,2.442
IDN,2010,7.890138165690505,2.462
IDN,2011,7.937240647144549,2.515
IDN,2012,7.982934630154651,2.514
IDN,2013,8.024614233453086,2.441
IDN,2014,8.061714295302249,2.393
IDN,2015,8.09810248419129,2.346
IDN,2016,8.136462661371946,2.311
IDN,2017,8.175693938429035,2.253
IDN,2018,8.21644521178391,2.219
IDN,2019,8.25606300168653,2.205
IDN,2020,8.226693570902942,2.189
IDN,2021,8.256007313238973,2.166
IDN,2022,8.300258389089292,2.149
IDN,2023,8.341086842622474,2.127
IDN,2024,8.382048479458371,2.115
IDX,1961,6.425054098405905,6.58654339860522
IDX,1962,6.472265600303306,6.6039758253657
IDX,1963,6.46689012723504,6.61316555463226
IDX,1964,6.480134201260919,6.6202948160256
IDX,1965,6.490904800510379,6.62239255818079
IDX,1966,6.492111137987307,6.62807289225032
IDX,1967,6.483752613526222,6.63954910407997
IDX,1968,6.503201300496238,6.64011178166653
IDX,1969,6.51727928604996,6.63971237038734
IDX,1970,6.494409490072056,6.64714849606587
IDX,1971,6.492297042573858,6.64409493574515
IDX,1972,6.461827360762936,6.63489569819378
IDX,1973,6.458758185489397,6.61233723017116
IDX,1974,6.494924657169763,6.59005098700408
IDX,1975,6.476470950667142,6.56335333250993
IDX,1976,6.490019149561652,6.53503809967258
IDX,1977,6.4881765926305714,6.50543809093468
IDX,1978,6.483904436803623,6.49885389056641
IDX,1979,6.467221328578876,6.48867666324633
IDX,1980,6.470788911690611,6.46522488111977
IDX,1981,6.481711729012526,6.42617830018404
IDX,1982,6.465604209012383,6.37610144035639
IDX,1983,6.45386061844778,6.31340363431347
IDX,1984,6.446189747096056,6.25252270743879
IDX,1985,6.441420341859792,6.17665234368972
IDX,1986,6.445019100557535,6.0847939535684
IDX,1987,6.456136634514678,5.99403191176262
IDX,1988,6.463442619693773,5.90097217175341
IDX,1989,6.450824035251612,5.82762219394087
IDX,1990,6.438761511567151,5.74837991328311
IDX,1991,6.436863623762182,5.65780757898367
IDX,1992,6.421768544834432,5.5683229049056
IDX,1993,6.416782555092635,5.48943666987957
IDX,1994,6.403722531383382,5.42145959411624
IDX,1995,6.42860677249042,5.34456802089655
IDX,1996,6.453859805583026,5.25754260061225
IDX,1997,6.482402742569836,5.19889093688364
IDX,1998,6.500150552969056,5.13384734591552
IDX,1999,6.516272123784269,5.07317809907741
IDX,2000,6.535503631701785,5.01016264224346
IDX,2001,6.553862935506429,4.94770287474218
IDX,2002,6.575531171664279,4.88640416110175
IDX,2003,6.601835080530901,4.8218807967436
IDX,2004,6.637295629389561,4.76410988315842
IDX,2005,6.676318122462202,4.70541824660607
IDX,2006,6.714652048580747,4.64705628367845
IDX,2007,6.754131245429707,4.5844359580444
IDX,2008,6.789097820195434,4.52312054998848
IDX,2009,6.807592404928026,4.4651363128505
IDX,2010,6.847870564085712,4.39914842939186
IDX,2011,6.864596442950291,4.33365727698078
IDX,2012,6.865884156187656,4.28190834169479
IDX,2013,6.895236754621885,4.23795421011443
IDX,2014,6.923011780997125,4.19346214305566
IDX,2015,6.931509818046375,4.15462173297116
IDX,2016,6.95044796677675,4.11641146080703
IDX,2017,6.979002557185889,4.0710935432491
IDX,2018,7.003736668594687,4.03144246831176
IDX,2019,7.027673551340415,3.98803836267761
IDX,2020,7.001161239078821,3.94168646654184
IDX,2021,7.01441248276723,3.89515165178282
IDX,2022,7.034691598705698,3.85188953635255
IDX,2023,7.045047363227748,3.8082007790831
IDX,2024,7.067560116764531,3.76091745047495
IMN,1984,9.814844062460974,1.865
IMN,1985,9.820994620152787,1.88
IMN,1986,9.991279652857932,1.892
IMN,1987,10.071801041765871,1.909
IMN,1988,10.167229868285945,1.921
IMN,1989,10.216931229344052,1.926
IMN,1990,10.24147450284592,1.959
IMN,1991,10.244536748234996,1.978
IMN,1992,10.244728132391126,1.974
IMN,1993,10.264457821634464,1.946
IMN,1994,10.298098709424565,1.915
IMN,1995,10.33536389607612,1.923
IMN,1996,10.402103919413799,1.931
IMN,1997,10.472711684386018,1.926
IMN,1998,10.586371527549078,1.901
IMN,1999,10.7022654783375,1.858
IMN,2000,10.74235651008635,1.866
IMN,2001,10.784208386988302,1.87
IMN,2002,10.833968770912916,1.863
IMN,2003,10.882271329533314,1.84
IMN,2004,10.923489839066924,1.826
IMN,2005,10.971668109009052,1.863
IMN,2006,11.036110856141088,1.905
IMN,2007,11.097864093518979,1.927
IMN,2008,11.134890913895937,1.941
IMN,2009,11.144640901182155,1.937
IMN,2010,11.166877309863064,1.928
IMN,2011,11.180629572386826,1.903
IMN,2012,11.251681444990123,1.864
IMN,2013,11.294568282058139,1.824
IMN,2014,11.347798203364444,1.79
IMN,2015,11.347502543463673,1.748
IMN,2016,11.416235746009116,1.713
IMN,2017,11.442506335522046,1.674
IMN,2018,11.462057408313074,1.636
IMN,2019,11.462790852725645,1.606
IMN,2020,11.368998136923016,1.585
IMN,2021,11.40615887246458,1.569
IMN,2022,11.363271279147934,1.556
IMN,2023,11.342316700738824,1.548
IND,1960,5.7454931872051525,5.921
IND,1961,5.758080126212581,5.937
IND,1962,5.763251749556426,5.953
IND,1963,5.798005684688899,5.969
IND,1964,5.846473119360649,5.979
IND,1965,5.797250274860954,5.941
IND,1966,5.77530069892695,5.881
IND,1967,5.829180959753901,5.825
IND,1968,5.8410145183115105,5.76
IND,1969,5.883229903458417,5.684
IND,1970,5.911318135788494,5.624
IND,1971,5.9054526062577075,5.565
IND,1972,5.877954046895835,5.482
IND,1973,5.887874252723615,5.402
IND,1974,5.876656963805792,5.325
IND,1975,5.940592062547445,5.195
IND,1976,5.933560039934916,5.13
IND,1977,5.980007431343878,5.007
IND,1978,6.012533393009033,4.888
IND,1979,5.935474960253333,4.808
IND,1980,5.9768133402308585,4.775
IND,1981,6.011643451135807,4.698
IND,1982,6.0224706924726314,4.62
IND,1983,6.069418695377619,4.565
IND,1984,6.083454916783151,4.516
IND,1985,6.111393509406721,4.432
IND,1986,6.134970800091388,4.399
IND,1987,6.15105033628222,4.311
IND,1988,6.220465594123904,4.222
IND,1989,6.255890883733178,4.132
IND,1990,6.287617396392882,4.045
IND,1991,6.276452489586095,3.959
IND,1992,6.308526528309732,3.877
IND,1993,6.3339417043660005,3.799
IND,1994,6.3779640941892985,3.723
IND,1995,6.430847799851643,3.651
IND,1996,6.483651436495677,3.582
IND,1997,6.503686829731863,3.514
IND,1998,6.544334359655849,3.446
IND,1999,6.6100756752060645,3.383
IND,2000,6.628972304547612,3.35
IND,2001,6.657378467815533,3.303
IND,2002,6.676599607308194,3.217
IND,2003,6.7349232275457975,3.122
IND,2004,6.794134759426066,3.046
IND,2005,6.854072358705506,2.958
IND,2006,6.915954328175172,2.867
IND,2007,6.974709911584962,2.775
IND,2008,6.990722370329887,2.711
IND,2009,7.051943612797376,2.674
IND,2010,7.118955302539494,2.598
IND,2011,7.155872803144619,2.532
IND,2012,7.195259534807846,2.47
IND,2013,7.243837295211632,2.399
IND,2014,7.302709613150179,2.293
IND,2015,7.3677074101766316,2.289
IND,2016,7.43512254217345,2.284
IND,2017,7.489243093928834,2.193
IND,2018,7.540811487804716,2.184
IND,2019,7.568395113480933,2.12
IND,2020,7.499147162731792,2.047
IND,2021,7.58340498487003,2.014
IND,2022,7.64884047252486,1.994
IND,2023,7.709629014232512,1.975
IND,2024,7.76930800754234,1.962
IRL,1960,9.05061309417476,3.78
IRL,1961,9.101043175515407,3.78
IRL,1962,9.128584883758172,3.92
IRL,1963,9.169103880328201,4.01
IRL,1964,9.201403595191806,4.07
IRL,1965,9.216810407489216,4.04
IRL,1966,9.221712852794504,3.94
IRL,1967,9.273244035590052,3.84
IRL,1968,9.347957849573522,3.77
IRL,1969,9.39909357846679,3.83
IRL,1970,9.416997774473884,3.85
IRL,1971,9.439409239341728,3.93
IRL,1972,9.487426309258096,3.84
IRL,1973,9.517521123902677,3.71
IRL,1974,9.54267417331676,3.59
IRL,1975,9.581245103655705,3.37
IRL,1976,9.580005335619084,3.29
IRL,1977,9.645378319037201,3.24
IRL,1978,9.700592496463727,3.21
IRL,1979,9.717537250452262,3.21
IRL,1980,9.736357759114885,3.21
IRL,1981,9.757358687081018,3.05
IRL,1982,9.770482407397498,2.94
IRL,1983,9.76094701630084,2.74
IRL,1984,9.797372292208408,2.58
IRL,1985,9.826161224809075,2.48
IRL,1986,9.821414342865046,2.44
IRL,1987,9.866887011152564,2.32
IRL,1988,9.922022499243276,2.17
IRL,1989,9.982496900027881,2.08
IRL,1990,10.062924209346573,2.11
IRL,1991,10.07628751859306,2.08
IRL,1992,10.102350970228867,1.99
IRL,1993,10.123922521120674,1.9
IRL,1994,10.175943385987138,1.85
IRL,1995,10.262797638206795,1.84
IRL,1996,10.326085188278505,1.88
IRL,1997,10.420613118851946,1.93
IRL,1998,10.494212077801306,1.94
IRL,1999,10.583054838943854,1.9
IRL,2000,10.659597334815277,1.89
IRL,2001,10.69537433486981,1.94
IRL,2002,10.735841917249259,1.97
IRL,2003,10.749245557098549,1.96
IRL,2004,10.796639103723713,1.93
IRL,2005,10.830663076992838,1.86
IRL,2006,10.852377498467067,1.91
IRL,2007,10.875207217259875,2.01
IRL,2008,10.80894298253408,2.06
IRL,2009,10.746484306991263,2.06
IRL,2010,10.757725130159226,2.05
IRL,2011,10.76932501970944,2.03
IRL,2012,10.76102906285345,1.98
IRL,2013,10.777455886695826,1.93
IRL,2014,10.859856708820013,1.89
IRL,2015,11.070539158679278,1.85
IRL,2016,11.06985162828991,1.81
IRL,2017,11.15265294469854,1.76
IRL,2018,11.212212931086379,1.74
IRL,2019,11.244858235578402,1.69
IRL,2020,11.301314364517266,1.6
IRL,2021,11.437999659259562,1.72
IRL,2022,11.490613766591297,1.51
IRL,2023,11.446165431356981,1.5
IRL,2024,11.45609040088989,1.47
IRN,1960,7.760087959988569,7.519
IRN,1961,7.828881465206466,7.459
IRN,1962,7.87463577131803,7.401
IRN,1963,7.911986025310643,7.317
IRN,1964,7.962199747996513,7.237
IRN,1965,8.088101569737853,7.222
IRN,1966,8.165823071465834,7.214
IRN,1967,8.241986830442938,7.19
IRN,1968,8.34662708354933,7.119
IRN,1969,8.460854034697,7.007
IRN,1970,8.53419913059755,6.798
IRN,1971,8.632727124645026,6.549
IRN,1972,8.738847758539627,6.257
IRN,1973,8.78134885691166,6.061
IRN,1974,8.808136721511447,5.968
IRN,1975,8.774641143660755,5.947
IRN,1976,8.91222116949678,6.066
IRN,1977,8.853120181427357,6.179
IRN,1978,8.683014864109287,6.344
IRN,1979,8.520570455613822,6.549
IRN,1980,8.241005945415779,6.63
IRN,1981,8.129865672762673,6.618
IRN,1982,8.285330615817571,6.586
IRN,1983,8.351543911218926,6.528
IRN,1984,8.239851506694498,6.433
IRN,1985,8.22162211517186,6.242
IRN,1986,8.08174879095022,6.011
IRN,1987,8.04418281660453,5.719
IRN,1988,7.949157709398403,5.434
IRN,1989,7.979465363745482,5.172
IRN,1990,8.077819953797071,4.934
IRN,1991,8.170370685044954,4.568
IRN,1992,8.183043277117365,4.099
IRN,1993,8.164658142203267,3.674
IRN,1994,8.145624909929019,3.244
IRN,1995,8.158279185417838,2.852
IRN,1996,8.209045162313505,2.542
IRN,1997,8.21047109577509,2.323
IRN,1998,8.2173212921071,2.19
IRN,1999,8.222907350883728,2.089
IRN,2000,8.26495595183188,1.999
IRN,2001,8.273157755277195,1.918
IRN,2002,8.342590621039152,1.836
IRN,2003,8.414369752510055,1.801
IRN,2004,8.435430204601783,1.78
IRN,2005,8.44469957408565,1.756
IRN,2006,8.471943379078233,1.755
IRN,2007,8.533994841936796,1.748
IRN,2008,8.524355497821062,1.743
IRN,2009,8.521960438739798,1.74
IRN,2010,8.56580454601878,1.749
IRN,2011,8.57955911181092,1.792
IRN,2012,8.528854212287344,1.851
IRN,2013,8.500448359868757,1.913
IRN,2014,8.535662223403056,1.975
IRN,2015,8.507694936536325,2.017
IRN,2016,8.57783988349113,2.054
IRN,2017,8.593272332655868,2.023
IRN,2018,8.542319847097776,1.919
IRN,2019,8.507639033619936,1.766
IRN,2020,8.543411333963832,1.7
IRN,2021,8.575579586906029,1.709
IRN,2022,8.606176942485563,1.704
IRN,2023,8.646086538386578,1.695
IRN,2024,8.671534076478812,1.684
IRQ,1960,6.905678705902316,5.3
IRQ,1961,6.952108561528985,5.8
IRQ,1962,6.967084880167923,6.991
IRQ,1963,6.957573950704128,7.005
IRQ,1964,7.0622743126915815,7.01
IRQ,1965,7.130708066020295,7.02
IRQ,1966,7.14522755188976,7.022
IRQ,1967,7.01845366381481,7.029
IRQ,1968,7.162422222322495,7.056
IRQ,1969,7.159908777279659,7.083
IRQ,1970,7.169626288902379,7.071
IRQ,1971,7.187431794977286,7.055
IRQ,1972,7.189737992963806,7.024
IRQ,1973,7.198515549098288,6.986
IRQ,1974,7.314044797264676,6.952
IRQ,1975,7.3986414448473665,6.913
IRQ,1976,7.524415919141233,6.856
IRQ,1977,7.509976445728803,6.795
IRQ,1978,7.633792726600032,6.726
IRQ,1979,7.791157112769524,6.662
IRQ,1980,7.980816969572883,6.593
IRQ,1981,7.943470796881691,6.526
IRQ,1982,7.9490965901860395,6.46
IRQ,1983,7.779278408278107,6.387
IRQ,1984,7.7331241399621184,6.321
IRQ,1985,7.72350776998165,6.246
IRQ,1986,7.74432866943352,6.182
IRQ,1987,7.805880013261434,6.114
IRQ,1988,7.782489570496703,6.052
IRQ,1989,7.7242126124068715,5.988
IRQ,1990,8.168083629462082,5.929
IRQ,1991,7.134596444771078,5.833
IRQ,1992,7.387114405908147,5.718
IRQ,1993,7.6036803634124865,5.609
IRQ,1994,7.5937755833377505,5.488
IRQ,1995,7.5812570208424725,5.36
IRQ,1996,7.653885385304301,5.249
IRQ,1997,7.815547240174896,5.194
IRQ,1998,8.084240951402158,5.112
IRQ,1999,8.213853309680882,5.035
IRQ,2000,8.336337819500319,4.92
IRQ,2001,8.322659947325228,4.799
IRQ,2002,8.205471201841664,4.668
IRQ,2003,7.718716561930863,4.581
IRQ,2004,8.117988214007669,4.527
IRQ,2005,8.104964293791246,4.446
IRQ,2006,8.15248246027419,4.459
IRQ,2007,8.179082164132152,4.404
IRQ,2008,8.237950081775155,4.373
IRQ,2009,8.234345506005615,4.378
IRQ,2010,8.264091150137638,4.457
IRQ,2011,8.301525840691239,4.588
IRQ,2012,8.386607100691377,4.544
IRQ,2013,8.412904739864173,4.441
IRQ,2014,8.399979016206505,4.31
IRQ,2015,8.398441612691233,4.08
IRQ,2016,8.503687861847576,3.843
IRQ,2017,8.463017242611702,3.64
IRQ,2018,8.465691289665148,3.547
IRQ,2019,8.496612652869452,3.48
IRQ,2020,8.346167223614328,3.419
IRQ,2021,8.338664585989061,3.358
IRQ,2022,8.392309404570774,3.294
IRQ,2023,8.37495821585947,3.249
IRQ,2024,8.338137383001932,3.221
ISL,1960,9.562485210378142,4.29
ISL,1961,9.542255896893352,3.88
ISL,1962,9.60359361633831,3.98
ISL,1963,9.683657330062323,3.99
ISL,1964,9.760115702219403,3.88
ISL,1965,9.813213646709526,3.73
ISL,1966,9.880166664628256,3.59
ISL,1967,9.85134915447302,3.28
ISL,1968,9.7811199437785,3.06
ISL,1969,9.795442766876421,2.99
ISL,1970,9.862131298436944,2.81
ISL,1971,9.976800139184121,2.92
ISL,1972,10.02210286109211,3.09
ISL,1973,10.072855969380596,2.94
ISL,1974,10.114820994296817,2.66
ISL,1975,10.10847267959034,2.65
ISL,1976,10.15642961579009,2.52
ISL,1977,10.233531232655245,2.31
ISL,1978,10.284152430505266,2.35
ISL,1979,10.321829129515539,2.49
ISL,1980,10.367128135015578,2.48
ISL,1981,10.397487919222828,2.33
ISL,1982,10.405438650767453,2.27
ISL,1983,10.370451841751878,2.24
ISL,1984,10.400277051648125,2.08
ISL,1985,10.424798264433708,1.93
ISL,1986,10.478290314373682,1.92
ISL,1987,10.549337328430402,2.06
ISL,1988,10.532777490061873,2.26
ISL,1989,10.522974593654896,2.19
ISL,1990,10.526823832292155,2.3
ISL,1991,10.512994581191352,2.18
ISL,1992,10.466107025840216,2.21
ISL,1993,10.468987892010935,2.22
ISL,1994,10.49577217397337,2.14
ISL,1995,10.491512651497155,2.08
ISL,1996,10.530107950686517,2.12
ISL,1997,10.562490299975094,2.04
ISL,1998,10.619538327333515,2.05
ISL,1999,10.64568528302146,1.99
ISL,2000,10.679880083640375,2.08
ISL,2001,10.704277244182164,1.95
ISL,2002,10.700759496888027,1.93
ISL,2003,10.71639187687901,1.99
ISL,2004,10.781073040524634,2.04
ISL,2005,10.833176942954799,2.05
ISL,2006,10.86486882264863,2.08
ISL,2007,10.92336971907279,2.09
ISL,2008,10.92162728673776,2.15
ISL,2009,10.831332963583085,2.23
ISL,2010,10.81030326733911,2.2
ISL,2011,10.820954198083005,2.02
ISL,2012,10.827258472027884,2.04
ISL,2013,10.853137383566025,1.93
ISL,2014,10.860969666254384,1.93
ISL,2015,10.8875434021307,1.8
ISL,2016,10.933986812313744,1.74
ISL,2017,10.944788122065628,1.71
ISL,2018,10.963560869920638,1.71
ISL,2019,10.952889381082931,1.74
ISL,2020,10.867888356875653,1.72
ISL,2021,10.902003610045343,1.82
ISL,2022,10.96173353054846,1.589
ISL,2023,11.001295413972212,1.55
ISL,2024,10.986200189609338,1.56
ISR,1960,9.081513145487671,3.866
ISR,1961,9.154683841389645,3.858
ISR,1962,9.20316708348329,3.85
ISR,1963,9.267962875193534,3.838
ISR,1964,9.304781980096246,3.826
ISR,1965,9.356002798101022,3.814
ISR,1966,9.329780910962215,3.802
ISR,1967,9.316113896146462,3.79
ISR,1968,9.445708322408095,3.786
ISR,1969,9.546861866923006,3.782
ISR,1970,9.584228930328324,3.778
ISR,1971,9.656704117830417,3.774
ISR,1972,9.745924913963316,3.77
ISR,1973,9.759828229764281,3.698
ISR,1974,9.792824906582391,3.626
ISR,1975,9.801903687253242,3.554
ISR,1976,9.782798623341948,3.482
ISR,1977,9.770707306481206,3.41
ISR,1978,9.80368208436407,3.354
ISR,1979,9.838226004970824,3.298
ISR,1980,9.830782935284194,3.242
ISR,1981,9.862891410635395,3.186
ISR,1982,9.86472146831329,3.13
ISR,1983,9.879569369426028,3.106
ISR,1984,9.87578931628147,3.082
ISR,1985,9.897728859885605,3.058
ISR,1986,9.923304738525722,3.034
ISR,1987,9.976116536860793,3.01
ISR,1988,9.988230753729296,2.948
ISR,1989,9.976997075884361,2.886
ISR,1990,10.016651150198728,2.824
ISR,1991,10.030902910951882,2.762
ISR,1992,10.071077778875997,2.7
ISR,1993,10.084839602454164,2.8
ISR,1994,10.130596204123886,2.9
ISR,1995,10.16785409529863,2.9
ISR,1996,10.19843718954528,2.9
ISR,1997,10.208919470437998,2.94
ISR,1998,10.226251055260361,2.98
ISR,1999,10.233141198273962,2.965
ISR,2000,10.289141031365471,2.95
ISR,2001,10.268270921364092,2.92
ISR,2002,10.246600363683719,2.89
ISR,2003,10.24278883351691,2.95
ISR,2004,10.27055855276798,2.9
ISR,2005,10.295534597203016,2.84
ISR,2006,10.332260113175682,2.88
ISR,2007,10.37571716308418,2.9
ISR,2008,10.38960325878136,2.96
ISR,2009,10.37782909221301,2.96
ISR,2010,10.413525999508337,3.03
ISR,2011,10.448713180591845,2.98
ISR,2012,10.45406523667223,3.05
ISR,2013,10.475491751594292,3.03
ISR,2014,10.492803195240448,3.08
ISR,2015,10.49510397493118,3.09
ISR,2016,10.51986199451407,3.11
ISR,2017,10.542997159561487,3.11
ISR,2018,10.563465930341833,3.09
ISR,2019,10.579540405100516,3.01
ISR,2020,10.543718568236718,2.9
ISR,2021,10.616149063410235,3.0
ISR,2022,10.658183042926506,2.89
ISR,2023,10.64855669206267,2.85
ISR,2024,10.642612552753754,2.87
ITA,1960,9.183092114984875,2.4
ITA,1961,9.255286432776723,2.44
ITA,1962,9.308708497852754,2.46
ITA,1963,9.355993266776471,2.51
ITA,1964,9.375359845400322,2.66
ITA,1965,9.399096353058248,2.6
ITA,1966,9.449448756015894,2.58
ITA,1967,9.511537506134973,2.5
ITA,1968,9.568613198216548,2.46
ITA,1969,9.622146187350925,2.47
ITA,1970,9.668600383829645,2.38
ITA,1971,9.68195363508093,2.4
ITA,1972,9.71251668762716,2.35
ITA,1973,9.774569051813934,2.3
ITA,1974,9.821567266796057,2.28
ITA,1975,9.794471634298821,2.17
ITA,1976,9.85831290951339,2.04
ITA,1977,9.879348379361527,1.93
ITA,1978,9.907672792657602,1.84
ITA,1979,9.962664866980612,1.73
ITA,1980,9.994329896904684,1.64
ITA,1981,10.001536193275344,1.58
ITA,1982,10.00492270247099,1.56
ITA,1983,10.016183966698364,1.51
ITA,1984,10.047709600912873,1.46
ITA,1985,10.075017147318167,1.42
ITA,1986,10.103161035368542,1.35
ITA,1987,10.134479747242512,1.33
ITA,1988,10.175084522020061,1.36
ITA,1989,10.207656856537419,1.33
ITA,1990,10.226482926786023,1.33
ITA,1991,10.241057949676414,1.3
ITA,1992,10.24868685109907,1.3
ITA,1993,10.239510863295493,1.25
ITA,1994,10.260589299031958,1.21
ITA,1995,10.289032939038652,1.19
ITA,1996,10.302118016755056,1.2
ITA,1997,10.32066308599159,1.22
ITA,1998,10.338258222585209,1.22
ITA,1999,10.35473070247277,1.23
ITA,2000,10.39236407133272,1.26
ITA,2001,10.411617526620265,1.25
ITA,2002,10.412334643742938,1.27
ITA,2003,10.407595760382595,1.29
ITA,2004,10.414782300707424,1.34
ITA,2005,10.41654095710411,1.33
ITA,2006,10.430374973291826,1.37
ITA,2007,10.438808040299792,1.39
ITA,2008,10.420811041774327,1.44
ITA,2009,10.36050294365907,1.44
ITA,2010,10.371256009460247,1.44
ITA,2011,10.374724896986937,1.42
ITA,2012,10.34023860303618,1.42
ITA,2013,10.319893331311004,1.39
ITA,2014,10.319728682843698,1.38
ITA,2015,10.330057804498121,1.36
ITA,2016,10.344245132051489,1.36
ITA,2017,10.362035906529954,1.34
ITA,2018,10.372354339411459,1.31
ITA,2019,10.379113910254729,1.27
ITA,2020,10.291121252629488,1.24
ITA,2021,10.381822291048463,1.25
ITA,2022,10.430930932943047,1.24
ITA,2023,10.440615759301478,1.21
ITA,2024,10.448950039624505,1.18
JAM,1966,8.327261728376785,5.692
JAM,1967,8.333317336750664,5.668
JAM,1968,8.377706716208996,5.576
JAM,1969,8.420373115032191,5.468
JAM,1970,8.521918131389446,5.349
JAM,1971,8.532699293471309,5.212
JAM,1972,8.68378165317027,5.06
JAM,1973,8.612117061828293,4.995
JAM,1974,8.553880479695058,4.665
JAM,1975,8.537313155178829,4.436
JAM,1976,8.454937295406914,4.213
JAM,1977,8.416432929048579,4.004
JAM,1978,8.404286461199371,3.838
JAM,1979,8.381931125640902,3.719
JAM,1980,8.310819308159887,3.588
JAM,1981,8.323832661089137,3.51
JAM,1982,8.3305753410538,3.458
JAM,1983,8.335543652206264,3.411
JAM,1984,8.306784710067324,3.324
JAM,1985,8.265449533695884,3.212
JAM,1986,8.274771626083881,3.106
JAM,1987,8.34272511117581,3.024
JAM,1988,8.37487001433641,2.982
JAM,1989,8.437290555585525,2.93
JAM,1990,8.470861982746346,2.955
JAM,1991,8.509328426231923,2.997
JAM,1992,8.518817638005519,3.026
JAM,1993,8.598469139934071,2.987
JAM,1994,8.60193268036915,2.93
JAM,1995,8.615138537638924,2.851
JAM,1996,8.604323341558661,2.77
JAM,1997,8.58363249721581,2.677
JAM,1998,8.551456049324598,2.574
JAM,1999,8.554102735193771,2.465
JAM,2000,8.555913187328995,2.345
JAM,2001,8.562936326480635,2.296
JAM,2002,8.576570275281398,2.271
JAM,2003,8.606517138498294,2.244
JAM,2004,8.61381185135065,2.198
JAM,2005,8.617171690068984,2.148
JAM,2006,8.640590311599004,2.089
JAM,2007,8.65006865624898,2.023
JAM,2008,8.637566602260277,1.953
JAM,2009,8.588982054256928,1.879
JAM,2010,8.570083930018189,1.799
JAM,2011,8.582910087101729,1.717
JAM,2012,8.572440279110992,1.648
JAM,2013,8.573551669313158,1.591
JAM,2014,8.576818095574732,1.544
JAM,2015,8.582851182445014,1.508
JAM,2016,8.607451201426887,1.464
JAM,2017,8.628043195241927,1.428
JAM,2018,8.651352723657938,1.4
JAM,2019,8.668160424268962,1.39
JAM,2020,8.578822757582605,1.383
JAM,2021,8.63185202428082,1.378
JAM,2022,8.693741661743152,1.372
JAM,2023,8.72060865135832,1.358
JAM,2024,8.715459076326468,1.351
JOR,1976,8.06942452320793,7.832
JOR,1977,8.118555407564429,7.723
JOR,1978,8.224035641015066,7.594
JOR,1979,8.37984879531562,7.448
JOR,1980,8.449267548555733,7.287
JOR,1981,8.56773220740864,7.121
JOR,1982,8.592949819959447,6.959
JOR,1983,8.526024930576552,6.812
JOR,1984,8.522822556673345,6.671
JOR,1985,8.449684313059327,6.534
JOR,1986,8.457177535177271,6.387
JOR,1987,8.433893204226308,6.196
JOR,1988,8.401801460077122,6.011
JOR,1989,8.240429636362231,5.798
JOR,1990,8.15951482166956,5.544
JOR,1991,8.097619705891182,5.33
JOR,1992,8.178846214202164,5.137
JOR,1993,8.170736678348156,4.972
JOR,1994,8.17134481486408,4.819
JOR,1995,8.190552097041618,4.676
JOR,1996,8.178007055223922,4.508
JOR,1997,8.183690193481418,4.318
JOR,1998,8.19025303160613,4.112
JOR,1999,8.20210063461462,3.971
JOR,2000,8.222955127900047,3.864
JOR,2001,8.25374446993928,3.803
JOR,2002,8.288887309809377,3.805
JOR,2003,8.307515103970857,3.816
JOR,2004,8.3655848010961,3.729
JOR,2005,8.419130974397747,3.653
JOR,2006,8.433065454961849,3.711
JOR,2007,8.45130337212254,3.797
JOR,2008,8.497476790473112,3.876
JOR,2009,8.525880623622372,3.841
JOR,2010,8.530404970293183,3.78
JOR,2011,8.534243023491843,3.69
JOR,2012,8.543841508702323,3.568
JOR,2013,8.518744311940884,3.449
JOR,2014,8.456040813458008,3.302
JOR,2015,8.398774219626274,3.141
JOR,2016,8.372438507639053,3.072
JOR,2017,8.374690275187968,2.994
JOR,2018,8.371017576451653,2.923
JOR,2019,8.369576299825674,2.855
JOR,2020,8.34002928726532,2.791
JOR,2021,8.358520744099787,2.735
JOR,2022,8.368603696163108,2.679
JOR,2023,8.383291646825054,2.639
JOR,2024,8.398643805763983,2.604
JPN,1960,8.776687869130587,2.0
JPN,1961,8.881444859611976,1.96
JPN,1962,8.95749543511191,1.98
JPN,1963,9.028697863477147,2.0
JPN,1964,9.12873134495535,2.05
JPN,1965,9.174530850928349,2.14
JPN,1966,9.266493248260296,1.58
JPN,1967,9.361247223475846,2.23
JPN,1968,9.471154241776972,2.13
JPN,1969,9.57685261649718,2.13
JPN,1970,9.569318776934745,2.13
JPN,1971,9.59329554660564,2.16
JPN,1972,9.660070624678498,2.14
JPN,1973,9.723261584477667,2.14
JPN,1974,9.6976376865777,2.05
JPN,1975,9.71535810485492,1.91
JPN,1976,9.743622653386945,1.85
JPN,1977,9.776909262931316,1.8
JPN,1978,9.819185688357491,1.79
JPN,1979,9.864109036563212,1.77
JPN,1980,9.884013774892239,1.75
JPN,1981,9.917960707243084,1.74
JPN,1982,9.943611916587155,1.77
JPN,1983,9.97128014235034,1.8
JPN,1984,10.008832949368063,1.81
JPN,1985,10.053583963096337,1.76
JPN,1986,10.080984328952225,1.72
JPN,1987,10.122385755635676,1.69
JPN,1988,10.183872121767749,1.66
JPN,1989,10.22731173744906,1.57
JPN,1990,10.271761770065243,1.54
JPN,1991,10.301437547842584,1.53
JPN,1992,10.306170560714337,1.5
JPN,1993,10.297736227713578,1.46
JPN,1994,10.304825982701454,1.5
JPN,1995,10.325630582793613,1.42
JPN,1996,10.353652961792374,1.43
JPN,1997,10.364807911505208,1.39
JPN,1998,10.34420521177245,1.38
JPN,1999,10.338897288706109,1.34
JPN,2000,10.366572894459264,1.36
JPN,2001,10.367005411714585,1.33
JPN,2002,10.365529666943539,1.32
JPN,2003,10.377096583208331,1.29
JPN,2004,10.397669310937012,1.29
JPN,2005,10.415889472065903,1.26
JPN,2006,10.430600485316745,1.32
JPN,2007,10.446587522458808,1.34
JPN,2008,10.43436846328704,1.37
JPN,2009,10.373299251032167,1.37
JPN,2010,10.413651574637631,1.39
JPN,2011,10.41349825111993,1.39
JPN,2012,10.43145023015675,1.41
JPN,2013,10.452668875283202,1.43
JPN,2014,10.463014184373353,1.42
JPN,2015,10.481915130021003,1.45
JPN,2016,10.489451635006422,1.44
JPN,2017,10.506374513703035,1.43
JPN,2018,10.515950155308118,1.42
JPN,2019,10.514265067548665,1.36
JPN,2020,10.473429829569152,1.33
JPN,2021,10.51305083275929,1.3
JPN,2022,10.530717942113768,1.26
JPN,2023,10.54277365056161,1.2
JPN,2024,10.544726438551262,1.15
KAZ,1990,8.622828457653226,2.745
KAZ,1991,8.49906043032015,2.677
KAZ,1992,8.441482422416863,2.584
KAZ,1993,8.34833141258714,2.483
KAZ,1994,8.227102382665759,2.378
KAZ,1995,8.160093741285296,2.253
KAZ,1996,8.18405872183327,2.084
KAZ,1997,8.223885689919184,1.97
KAZ,1998,8.22966175978465,1.938
KAZ,1999,8.268643938870055,1.902
KAZ,2000,8.35921222455624,1.898
KAZ,2001,8.481053681107872,1.906
KAZ,2002,8.569348929876957,1.956
KAZ,2003,8.652498608213037,2.075
KAZ,2004,8.737660267160361,2.201
KAZ,2005,8.822824933568548,2.274
KAZ,2006,8.91602258117973,2.38
KAZ,2007,8.99179572921663,2.49
KAZ,2008,9.013902261750278,2.616
KAZ,2009,9.014130715501834,2.58
KAZ,2010,9.071619141679536,2.61
KAZ,2011,9.129488401414495,2.605
KAZ,2012,9.162400897365673,2.64
KAZ,2013,9.20630482703776,2.67
KAZ,2014,9.232758209369432,2.76
KAZ,2015,9.22976279225756,2.755
KAZ,2016,9.225369202550446,2.795
KAZ,2017,9.249971757006811,2.745
KAZ,2018,9.275211214279073,2.845
KAZ,2019,9.304712300109017,2.89
KAZ,2020,9.265305335782502,3.13
KAZ,2021,9.294073939503082,3.32
KAZ,2022,9.310940918655643,3.05
KAZ,2023,9.346041495378465,3.012
KAZ,2024,9.382004023082937,2.984
KEN,1960,6.675770282285726,7.651
KEN,1961,6.557534339110814,7.715
KEN,1962,6.609638692759923,7.769
KEN,1963,6.654943512941025,7.817
KEN,1964,6.664124890579816,7.869
KEN,1965,6.644195912813805,7.923
KEN,1966,6.741734320761126,7.955
KEN,1967,6.735125418905672,7.953
KEN,1968,6.772389427731251,7.948
KEN,1969,6.809741247933655,7.947
KEN,1970,6.723594214468142,7.943
KEN,1971,6.887582621589937,7.922
KEN,1972,7.010516847064664,7.894
KEN,1973,7.033284488463333,7.86
KEN,1974,7.0392681250156475,7.822
KEN,1975,7.0148231350124215,7.795
KEN,1976,7.003662099991149,7.767
KEN,1977,7.060792721297346,7.729
KEN,1978,7.093211814204807,7.666
KEN,1979,7.131953580492866,7.598
KEN,1980,7.150923156383024,7.531
KEN,1981,7.152212306130483,7.454
KEN,1982,7.131389885141723,7.345
KEN,1983,7.107863428078844,7.218
KEN,1984,7.088487550548152,7.083
KEN,1985,7.094167892378321,6.96
KEN,1986,7.127684477999858,6.84
KEN,1987,7.150090195999348,6.686
KEN,1988,7.17500324247396,6.515
KEN,1989,7.185771597073239,6.332
KEN,1990,7.192432687696195,6.135
KEN,1991,7.174313932392281,5.94
KEN,1992,7.135638545059951,5.74
KEN,1993,7.109475923538286,5.569
KEN,1994,7.106429164142582,5.438
KEN,1995,7.121157541371207,5.372
KEN,1996,7.134261372598504,5.307
KEN,1997,7.1116715011292895,5.268
KEN,1998,7.116448185706527,5.244
KEN,1999,7.110397340714268,5.177
KEN,2000,7.086246985015062,5.136
KEN,2001,7.091986251347937,5.094
KEN,2002,7.065977303968766,5.027
KEN,2003,7.064027424115863,4.937
KEN,2004,7.082762178819241,4.861
KEN,2005,7.1094278780513624,4.801
KEN,2006,7.141673887632175,4.754
KEN,2007,7.177714421121875,4.718
KEN,2008,7.149738061150247,4.66
KEN,2009,7.152061344182959,4.567
KEN,2010,7.200547776505329,4.446
KEN,2011,7.222989293276212,4.284
KEN,2012,7.24158243982813,4.116
KEN,2013,7.254136420722833,3.955
KEN,2014,7.279727980684498,3.843
KEN,2015,7.305940350326721,3.766
KEN,2016,7.325134439126475,3.689
KEN,2017,7.341054557205019,3.609
KEN,2018,7.375688302972038,3.536
KEN,2019,7.405926948771305,3.433
KEN,2020,7.383575795278356,3.364
KEN,2021,7.4377337794223415,3.312
KEN,2022,7.465959778972922,3.262
KEN,2023,7.5017540080999225,3.208
KEN,2024,7.52772755210972,3.167
KGZ,1986,6.930364361057313,4.221
KGZ,1987,6.943807641521099,4.163
KGZ,1988,7.050144259699963,4.031
KGZ,1989,7.056757942537597,3.875
KGZ,1990,7.092966060273132,3.63
KGZ,1991,6.993841277909055,3.58
KGZ,1992,6.833371675592782,3.52
KGZ,1993,6.665129321077302,3.2
KGZ,1994,6.44129893456379,2.9
KGZ,1995,6.375532664732475,3.1
KGZ,1996,6.429183477343847,2.8
KGZ,1997,6.509141657984058,2.6
KGZ,1998,6.514798980701419,2.7
KGZ,1999,6.53584236492931,2.6
KGZ,2000,6.576946937537752,2.4
KGZ,2001,6.619304617323415,2.4
KGZ,2002,6.609946101559569,2.4
KGZ,2003,6.667402589947659,2.5
KGZ,2004,6.723209775784868,2.6
KGZ,2005,6.710169233736901,2.5
KGZ,2006,6.729988963282616,2.7
KGZ,2007,6.802425834949683,2.7
KGZ,2008,6.8735881449924054,2.8
KGZ,2009,6.8887976173607335,2.9
KGZ,2010,6.8698091346426935,3.1
KGZ,2011,6.913223479268187,3.1
KGZ,2012,6.893501460859957,3.2
KGZ,2013,6.975212079410454,3.1
KGZ,2014,6.992631341580301,3.2
KGZ,2015,7.008190429517273,3.2
KGZ,2016,7.028481677609842,3.1
KGZ,2017,7.05374367287057,3.0
KGZ,2018,7.069084086759415,3.3
KGZ,2019,7.091639792303957,3.3
KGZ,2020,6.996982051067232,3.1
KGZ,2021,7.032231137099607,2.89
KGZ,2022,7.100174125481829,2.8
KGZ,2023,7.168778063161089,2.7
KGZ,2024,7.260934492522644,2.6
KHM,1975,6.653653701339492,4.103
KHM,1976,6.723888172466546,3.409
KHM,1977,6.644244069203329,2.716
KHM,1978,6.728280518811006,3.338
KHM,1979,6.6148405053106565,4.556
KHM,1980,6.5348960967867695,5.774
KHM,1981,6.5191638821434,6.042
KHM,1982,6.490817980116926,6.193
KHM,1983,6.498109753702534,6.296
KHM,1984,6.50985684438878,6.338
KHM,1985,6.522077431996114,6.313
KHM,1986,6.520135139220968,6.226
KHM,1987,6.672733594849934,6.097
KHM,1988,6.747849374071667,5.944
KHM,1989,6.744387812811979,5.681
KHM,1990,6.714233217053192,5.642
KHM,1991,6.745953999174678,5.588
KHM,1992,6.759809677146138,5.486
KHM,1993,6.739788601286619,5.433
KHM,1994,6.24215934895316,5.281
KHM,1995,6.255609692530873,5.076
KHM,1996,6.237680569238105,4.867
KHM,1997,6.20812825211302,4.395
KHM,1998,6.212639460026254,4.13
KHM,1999,6.315179852259838,3.933
KHM,2000,6.394529970361067,3.794
KHM,2001,6.45020747127365,3.687
KHM,2002,6.495550018922903,3.57
KHM,2003,6.578325080839253,3.429
KHM,2004,6.6539555149941485,3.307
KHM,2005,6.764277776094901,3.238
KHM,2006,6.853367960984321,3.175
KHM,2007,6.937538498960448,3.13
KHM,2008,6.994460137222709,3.048
KHM,2009,7.01863305428391,2.971
KHM,2010,7.0525933322247685,2.859
KHM,2011,7.107743522237734,2.782
KHM,2012,7.166461101642464,2.751
KHM,2013,7.227150803535258,2.742
KHM,2014,7.289290442019109,2.734
KHM,2015,7.344279748653593,2.729
KHM,2016,7.405779340759346,2.725
KHM,2017,7.4696172880139295,2.719
KHM,2018,7.541303053228362,2.724
KHM,2019,7.60505429875074,2.725
KHM,2020,7.554143226107224,2.699
KHM,2021,7.569806125123396,2.664
KHM,2022,7.606523796745585,2.616
KHM,2023,7.642551704414577,2.579
KHM,2024,7.688710396867581,2.548
KIR,1970,7.295461764197308,5.706
KIR,1971,7.252632042481383,5.554
KIR,1972,7.3476518370981605,5.374
KIR,1973,7.520180402080494,5.199
KIR,1974,7.887356584741577,5.094
KIR,1975,7.943218441249612,5.019
KIR,1976,7.637037305518042,4.964
KIR,1977,7.59632960038012,4.957
KIR,1978,7.613579159564817,4.969
KIR,1979,7.485318873086255,4.965
KIR,1980,7.458376514478032,4.964
KIR,1981,7.5020105939167,4.961
KIR,1982,7.474873861881926,4.952
KIR,1983,7.355716844898324,4.914
KIR,1984,7.469661232790366,4.91
KIR,1985,7.30838234819726,4.911
KIR,1986,7.260182850422388,4.871
KIR,1987,7.248728657647856,4.806
KIR,1988,7.423949416310982,4.733
KIR,1989,7.324434069751375,4.693
KIR,1990,7.235369145524365,4.668
KIR,1991,7.157226422811893,4.642
KIR,1992,7.355464011329636,4.568
KIR,1993,7.339085995474372,4.487
KIR,1994,7.344476282048007,4.442
KIR,1995,7.356581662633665,4.419
KIR,1996,7.339106846031924,4.425
KIR,1997,7.3325322565625894,4.368
KIR,1998,7.358210907345113,4.29
KIR,1999,7.301277534240078,4.185
KIR,2000,7.349605062051061,4.071
KIR,2001,7.2984124732438955,3.957
KIR,2002,7.291651258492282,3.814
KIR,2003,7.255270445034322,3.702
KIR,2004,7.2290836885574805,3.734
KIR,2005,7.221833844028582,3.76
KIR,2006,7.257980529512165,3.815
KIR,2007,7.267774858027147,3.865
KIR,2008,7.216589066651676,3.899
KIR,2009,7.200630883669358,3.905
KIR,2010,7.192022350240474,3.898
KIR,2011,7.206421976666213,3.878
KIR,2012,7.248150478211144,3.768
KIR,2013,7.308871937448435,3.643
KIR,2014,7.308442872954196,3.521
KIR,2015,7.402361728620289,3.438
KIR,2016,7.456706990103825,3.375
KIR,2017,7.478101149368208,3.339
KIR,2018,7.4968458196612024,3.318
KIR,2019,7.51448705669647,3.29
KIR,2020,7.484160604933704,3.254
KIR,2021,7.547297880177428,3.219
KIR,2022,7.580778707500248,3.182
KIR,2023,7.595963311618627,3.147
KIR,2024,7.626966320683992,3.124
KNA,1977,8.406136845607563,3.478
KNA,1978,8.447748171608106,3.286
KNA,1979,8.525243698710938,3.23
KNA,1980,8.610533271698824,3.261
KNA,1981,8.6294374440761,3.296
KNA,1982,8.63879522516938,3.175
KNA,1983,8.655258754858734,3.098
KNA,1984,8.74543863247579,2.884
KNA,1985,8.833171344072525,2.82
KNA,1986,8.942374528338597,2.683
KNA,1987,9.012330654234077,2.622
KNA,1988,9.10751480923026,2.622
KNA,1989,9.168295012649306,2.689
KNA,1990,9.223946048577238,2.725
KNA,1991,9.206955022514443,2.597
KNA,1992,9.239951749090926,2.433
KNA,1993,9.292897162762314,2.375
KNA,1994,9.33169186367455,2.31
KNA,1995,9.371044821680513,2.304
KNA,1996,9.414895972252697,2.26
KNA,1997,9.468139252889527,2.3
KNA,1998,9.450220126473834,2.31
KNA,1999,9.468299370895547,2.256
KNA,2000,9.549596452429759,2.126
KNA,2001,9.589523786244692,2.082
KNA,2002,9.597464364299077,2.038
KNA,2003,9.55395183476241,2.004
KNA,2004,9.590131718926978,1.964
KNA,2005,9.680379368907888,1.931
KNA,2006,9.708558589563527,1.902
KNA,2007,9.711609096197526,1.871
KNA,2008,9.81606306843104,1.833
KNA,2009,9.779694570544565,1.8
KNA,2010,9.780645624064096,1.762
KNA,2011,9.795828920324889,1.74
KNA,2012,9.785294853457382,1.713
KNA,2013,9.840222496988394,1.682
KNA,2014,9.912834047530385,1.665
KNA,2015,9.9197938961755,1.643
KNA,2016,9.958622195083098,1.633
KNA,2017,9.96136037790753,1.61
KNA,2018,9.982090634352296,1.587
KNA,2019,10.01224170576713,1.568
KNA,2020,9.847912808211433,1.55
KNA,2021,9.853867656765281,1.531
KNA,2022,9.954691879018279,1.512
KNA,2023,9.983408717368407,1.505
KNA,2024,9.984709901357247,1.526
KOR,1960,6.94478994323622,5.994
KOR,1961,6.982031831569327,5.803
KOR,1962,6.991906724025599,5.562
KOR,1963,7.050326202184437,5.334
KOR,1964,7.114257113146437,5.068
KOR,1965,7.159421176440584,4.887
KOR,1966,7.247677351796915,4.782
KOR,1967,7.31189317102554,4.615
KOR,1968,7.412877794932227,4.51
KOR,1969,7.526439756375067,4.447
KOR,1970,7.601425604861564,4.53
KOR,1971,7.6829269084900655,4.54
KOR,1972,7.7349685016009895,4.12
KOR,1973,7.856827414785874,4.07
KOR,1974,7.9318136974555955,3.77
KOR,1975,7.991320387943722,3.43
KOR,1976,8.099898884698433,3.0
KOR,1977,8.201000212364653,2.99
KOR,1978,8.290793790206239,2.64
KOR,1979,8.359386199557783,2.9
KOR,1980,8.328441570508764,2.82
KOR,1981,8.384265106461191,2.57
KOR,1982,8.450097919136908,2.39
KOR,1983,8.561695878701718,2.06
KOR,1984,8.650436515878706,1.74
KOR,1985,8.716985031863077,1.66
KOR,1986,8.815918969468035,1.58
KOR,1987,8.92733091308637,1.53
KOR,1988,9.032056241623657,1.55
KOR,1989,9.091364987912774,1.56
KOR,1990,9.177050197353761,1.57
KOR,1991,9.270385357027417,1.71
KOR,1992,9.32157406842132,1.76
KOR,1993,9.379025136044673,1.654
KOR,1994,9.458546791815053,1.656
KOR,1995,9.541391110228904,1.634
KOR,1996,9.608735740491174,1.574
KOR,1997,9.660286168009058,1.537
KOR,1998,9.602416861685054,1.464
KOR,1999,9.705214453736211,1.425
KOR,2000,9.784880540476703,1.48
KOR,2001,9.823384737439417,1.309
KOR,2002,9.892193011946176,1.178
KOR,2003,9.917293837757375,1.191
KOR,2004,9.963868082449396,1.164
KOR,2005,10.004407482170322,1.085
KOR,2006,10.050276314587203,1.132
KOR,2007,10.102000858470229,1.259
KOR,2008,10.12400925527797,1.192
KOR,2009,10.127027618476019,1.149
KOR,2010,10.18953261252483,1.226
KOR,2011,10.21805940827161,1.244
KOR,2012,10.237959805487082,1.297
KOR,2013,10.265791514107688,1.187
KOR,2014,10.29115092240545,1.205
KOR,2015,10.31466268254703,1.239
KOR,2016,10.341916896889888,1.172
KOR,2017,10.372862944802542,1.052
KOR,2018,10.399794957607943,0.977
KOR,2019,10.41919060373782,0.918
KOR,2020,10.410784855878186,0.837
KOR,2021,10.45716976361207,0.808
KOR,2022,10.485954923113521,0.778
KOR,2023,10.500886307355545,0.721
KOR,2024,10.519981157491612,0.748
KWT,1970,11.135926926042591,7.025
KWT,1971,11.137116181931697,6.839
KWT,1972,11.113443525081044,6.637
KWT,1973,10.985085413458348,6.43
KWT,1974,10.78569459840215,6.233
KWT,1975,10.592645791431151,6.059
KWT,1976,10.59191700840106,5.896
KWT,1977,10.487561939211977,5.712
KWT,1978,10.495164547158367,5.521
KWT,1979,10.56508748197912,5.333
KWT,1980,10.293763046436386,5.184
KWT,1981,10.033028011499091,5.021
KWT,1982,9.8593220782191,4.848
KWT,1983,9.887673258028412,4.658
KWT,1984,9.895897792169746,4.452
KWT,1985,9.812711524751839,4.218
KWT,1986,9.854422241437032,4.003
KWT,1987,9.892748320406815,3.827
KWT,1988,9.7477728151125,3.702
KWT,1989,9.939997230509535,3.593
KWT,1990,9.910502066696429,3.487
KWT,1991,9.603255058148148,3.398
KWT,1992,10.016049965246966,3.353
KWT,1993,10.286156568301067,3.313
KWT,1994,10.371817602689537,3.272
KWT,1995,10.409004530819574,3.248
KWT,1996,10.386467955419901,3.223
KWT,1997,10.37824351972098,3.135
KWT,1998,10.383028949939465,3.039
KWT,1999,10.33520810703148,2.952
KWT,2000,10.352713630763853,2.887
KWT,2001,10.327886558495795,2.839
KWT,2002,10.332090120116751,2.795
KWT,2003,10.46793830669855,2.771
KWT,2004,10.543195468891083,2.762
KWT,2005,10.60785295205954,2.731
KWT,2006,10.624686816526902,2.589
KWT,2007,10.624100798407747,2.412
KWT,2008,10.592940741491688,2.266
KWT,2009,10.466642367694975,2.155
KWT,2010,10.39110078653629,2.044
KWT,2011,10.420653422550329,1.956
KWT,2012,10.421636226156155,1.99
KWT,2013,10.383168579378946,1.968
KWT,2014,10.34409950126109,2.06
KWT,2015,10.30501868769552,2.03
KWT,2016,10.290600031314794,2.061
KWT,2017,10.205382049321752,2.16
KWT,2018,10.19264425591333,2.118
KWT,2019,10.1879228527035,2.082
KWT,2020,10.14806134307479,2.033
KWT,2021,10.173639175351129,2.148
KWT,2022,10.187908017901462,1.546
KWT,2023,10.115481755017822,1.524
KWT,2024,10.091638990685487,1.56
LAC,1960,8.082617929200008,5.97271899331834
LAC,1961,8.113235486989902,5.96526983791836
LAC,1962,8.129474865507694,5.95709898442673
LAC,1963,8.11946065485005,5.93553465543244
LAC,1964,8.16698006229069,5.88045391432576
LAC,1965,8.195209180090634,5.79884156496829
LAC,1966,8.211462920037595,5.70336484541628
LAC,1967,8.227255054995615,5.59922825801228
LAC,1968,8.272640413787727,5.49380321462243
LAC,1969,8.310771872405777,5.39838193720655
LAC,1970,8.351751884532344,5.30252242572601
LAC,1971,8.391747210030001,5.20592423119209
LAC,1972,8.438655515948911,5.10223828786877
LAC,1973,8.496867197327546,4.99884831808957
LAC,1974,8.535406612587881,4.87779142318386
LAC,1975,8.552679675469335,4.7685880968884
LAC,1976,8.583399149907828,4.66793195235306
LAC,1977,8.606583314233124,4.56909380458966
LAC,1978,8.62443493290746,4.46601854724441
LAC,1979,8.670074793233859,4.35699288213868
LAC,1980,8.708143152547285,4.24672523280159
LAC,1981,8.69585107461042,4.1463529430482
LAC,1982,8.677906341952772,4.05223518159466
LAC,1983,8.632005801551555,3.95138264461306
LAC,1984,8.648870607304403,3.84733177820528
LAC,1985,8.658024860800998,3.74640303956388
LAC,1986,8.671219773003044,3.65305910036864
LAC,1987,8.682520401427318,3.54921461363936
LAC,1988,8.66805564774397,3.45525318108558
LAC,1989,8.656785386543955,3.37323230719212
LAC,1990,8.6348899145262,3.29541646360648
LAC,1991,8.646524047466997,3.21976245077846
LAC,1992,8.650197316583236,3.14402524554353
LAC,1993,8.673515340323522,3.08478986921221
LAC,1994,8.705674221113243,3.02100033405787
LAC,1995,8.693902440268435,2.95858356125579
LAC,1996,8.714742456132601,2.88881291527077
LAC,1997,8.750799173333803,2.83117155686555
LAC,1998,8.76146301830049,2.7741181855777
LAC,1999,8.74923364888418,2.70737722199664
LAC,2000,8.769967169666709,2.63762117167228
LAC,2001,8.75816599760936,2.56975223323721
LAC,2002,8.745155757926442,2.50927269830331
LAC,2003,8.752874440133438,2.44870432835319
LAC,2004,8.794673029420187,2.40543174101601
LAC,2005,8.823029590549968,2.36470067463186
LAC,2006,8.863199322032385,2.31899201605485
LAC,2007,8.903991238581881,2.27785708105853
LAC,2008,8.929364249807463,2.24946371734628
LAC,2009,8.893218658334137,2.22296529185597
LAC,2010,8.944423599309632,2.19510385557288
LAC,2011,8.97675143365388,2.17532834898955
LAC,2012,8.990082147525545,2.14407325644016
LAC,2013,9.006429589829414,2.12254304382893
LAC,2014,9.007261205933846,2.10453419130194
LAC,2015,8.998054218131331,2.073206872506
LAC,2016,8.978723028968552,2.0203959369113
LAC,2017,8.985459819020502,1.99982866453159
LAC,2018,8.988520095285242,1.98242036995389
LAC,2019,8.982459761438712,1.94013713547924
LAC,2020,8.904984797401209,1.88328723572849
LAC,2021,8.96538719592595,1.86190946512761
LAC,2022,8.998265870284644,1.83683710959786
LAC,2023,9.012284349332848,1.82170358786028
LAC,2024,9.024938851968516,1.81258696338799
LAO,1984,6.362800117180852,6.37
LAO,1985,6.384565705624102,6.328
LAO,1986,6.40412336544558,6.255
LAO,1987,6.361341545069455,6.205
LAO,1988,6.312393691345707,6.158
LAO,1989,6.416441504753389,6.102
LAO,1990,6.452877155562815,6.057
LAO,1991,6.466782559778435,5.986
LAO,1992,6.493199771034531,5.9
LAO,1993,6.523509667038163,5.798
LAO,1994,6.575785832719706,5.598
LAO,1995,6.619052341262733,5.355
LAO,1996,6.66272796088529,5.148
LAO,1997,6.708335396976584,4.961
LAO,1998,6.728733988521888,4.792
LAO,1999,6.781777150908924,4.639
LAO,2000,6.821356120313198,4.429
LAO,2001,6.8607931236713275,4.29
LAO,2002,6.902232297322216,4.132
LAO,2003,6.945736693442917,4.024
LAO,2004,6.992795031945487,3.898
LAO,2005,7.046370075394029,3.685
LAO,2006,7.113214806552508,3.559
LAO,2007,7.170954560494024,3.438
LAO,2008,7.231097074743313,3.331
LAO,2009,7.288475383695365,3.229
LAO,2010,7.3555840298545405,3.137
LAO,2011,7.41842140716861,3.049
LAO,2012,7.481350527080471,2.953
LAO,2013,7.5444795114478715,2.872
LAO,2014,7.604053467121512,2.802
LAO,2015,7.6596492680636725,2.796
LAO,2016,7.711889560576732,2.744
LAO,2017,7.762840347695303,2.691
LAO,2018,7.807907989198822,2.633
LAO,2019,7.845790430160349,2.589
LAO,2020,7.835874271152135,2.535
LAO,2021,7.846429276577748,2.494
LAO,2022,7.859046350717368,2.455
LAO,2023,7.881894931205427,2.421
LAO,2024,7.908783443491152,2.397
LBN,1988,8.277419466281787,3.392
LBN,1989,7.704643561041211,3.363
LBN,1990,7.920346399344892,3.268
LBN,1991,8.30181807389244,3.162
LBN,1992,8.432850432298064,3.052
LBN,1993,8.51573188068651,2.937
LBN,1994,8.575729204755472,2.823
LBN,1995,8.620151596177905,2.725
LBN,1996,8.708561885698888,2.698
LBN,1997,8.700973442773885,2.667
LBN,1998,8.719392001344383,2.648
LBN,1999,8.696580093577682,2.631
LBN,2000,8.692654330517703,2.6
LBN,2001,8.713706962971784,2.576
LBN,2002,8.733471847394117,2.523
LBN,2003,8.751437331859906,2.457
LBN,2004,8.799925923065931,2.378
LBN,2005,8.810933910101705,2.291
LBN,2006,8.80932150696409,2.244
LBN,2007,8.878963460240485,2.201
LBN,2008,8.949144194965205,2.172
LBN,2009,9.033064684846263,2.191
LBN,2010,9.100027989577221,2.256
LBN,2011,9.097865752609279,2.32
LBN,2012,9.096141546435284,2.345
LBN,2013,9.041156761014575,2.361
LBN,2014,8.965770803075566,2.375
LBN,2015,8.950806398438399,2.382
LBN,2016,8.9895866741038,2.39
LBN,2017,9.02468214118266,2.372
LBN,2018,9.034643643950968,2.347
LBN,2019,8.9951710337158,2.327
LBN,2020,8.770412449168244,2.308
LBN,2021,8.695074796015508,2.283
LBN,2022,8.684238070976315,2.263
LBN,2023,8.671566844793436,2.239
LBN,2024,8.592528679110611,2.227
LBR,1960,7.801520074386761,6.391
LBR,1961,7.801185323134984,6.446
LBR,1962,7.7897413408713625,6.504
LBR,1963,7.787172635386446,6.556
LBR,1964,7.81220332807806,6.585
LBR,1965,7.833604872705875,6.617
LBR,1966,7.882400182200256,6.628
LBR,1967,7.9222936063215075,6.65
LBR,1968,7.943373327925781,6.657
LBR,1969,7.9881662718746025,6.644
LBR,1970,8.027071790576624,6.578
LBR,1971,8.04977436028823,6.542
LBR,1972,8.065009820909877,6.599
LBR,1973,8.016013227588394,6.651
LBR,1974,8.035797692038246,6.691
LBR,1975,7.973471393901823,6.744
LBR,1976,7.997973217563742,6.793
LBR,1977,7.985613962491611,6.841
LBR,1978,8.003507324295583,6.884
LBR,1979,8.006118560510062,6.919
LBR,1980,7.9345267151896035,6.872
LBR,1981,7.883501479060866,6.834
LBR,1982,7.829996798395923,6.788
LBR,1983,7.7809607813343815,6.76
LBR,1984,7.728728908734096,6.728
LBR,1985,7.689795776006375,6.693
LBR,1986,7.6429810476710065,6.638
LBR,1987,7.603581746816705,6.572
LBR,1988,7.554048266441549,6.507
LBR,1989,7.21529916170967,6.434
LBR,1990,6.6255700835980775,6.37
LBR,1991,6.600116263103148,6.323
LBR,1992,6.110443928394821,6.277
LBR,1993,5.671221128757417,6.246
LBR,1994,5.428216816742559,6.21
LBR,1995,5.375711437128718,6.173
LBR,1996,5.461435114274559,6.129
LBR,1997,6.107659786475992,6.079
LBR,1998,6.270365065255432,6.017
LBR,1999,6.41188543008287,5.953
LBR,2000,6.626520269302072,5.875
LBR,2001,6.625952364711056,5.774
LBR,2002,6.636886263533476,5.653
LBR,2003,6.270170319494906,5.547
LBR,2004,6.28412647832901,5.506
LBR,2005,6.29094927867302,5.519
LBR,2006,6.3124195957072144,5.53
LBR,2007,6.353690495782481,5.462
LBR,2008,6.382129636821215,5.328
LBR,2009,6.402342000478006,5.174
LBR,2010,6.432591631827256,5.058
LBR,2011,6.472205213477721,4.97
LBR,2012,6.513764109885485,4.881
LBR,2013,6.575085994465748,4.749
LBR,2014,6.561253689016782,4.622
LBR,2015,6.540438312419157,4.523
LBR,2016,6.504335347836498,4.461
LBR,2017,6.509157883807223,4.396
LBR,2018,6.501102625476685,4.336
LBR,2019,6.456297620829438,4.257
LBR,2020,6.40527056529541,4.174
LBR,2021,6.432824303179599,4.089
LBR,2022,6.458346408481513,4.016
LBR,2023,6.482081119163617,3.95
LBR,2024,6.499939416450873,3.864
LBY,1960,7.943786436176157,7.509
LBY,1961,7.996937806337473,7.556
LBY,1962,8.236825886140632,7.61
LBY,1963,8.49571779380888,7.685
LBY,1964,8.831051865042342,7.752
LBY,1965,9.050782357199331,7.823
LBY,1966,9.19663829469316,7.891
LBY,1967,9.275763075414874,7.932
LBY,1968,9.539067646398323,7.974
LBY,1969,9.63104901675822,8.011
LBY,1970,9.646026447074714,8.048
LBY,1971,9.558309178880638,8.096
LBY,1972,9.612503790685432,8.073
LBY,1973,9.592870951365462,8.047
LBY,1974,9.743566413792445,8.02
LBY,1975,9.727348460012859,7.977
LBY,1976,9.876818900726457,7.932
LBY,1977,9.904408604480698,7.872
LBY,1978,9.879276409881559,7.789
LBY,1979,9.907367023656995,7.68
LBY,1980,9.856948746769012,7.543
LBY,1981,9.587912454201227,7.371
LBY,1982,9.587467213811587,7.162
LBY,1983,9.56399364807101,6.91
LBY,1984,9.497666582709607,6.622
LBY,1985,9.545032273154265,6.328
LBY,1986,9.394548879762395,6.022
LBY,1987,9.207950543125321,5.718
LBY,1988,9.255186596634529,5.41
LBY,1989,9.300193937149858,5.091
LBY,1990,9.313433278097207,4.776
LBY,1991,9.436813782370816,4.461
LBY,1992,9.388421911143482,4.162
LBY,1993,9.330285089344176,3.883
LBY,1994,9.330820472201681,3.649
LBY,1995,9.290931872806441,3.442
LBY,1996,9.29576600280622,3.256
LBY,1997,9.331210023476183,3.132
LBY,1998,9.280134129525615,3.043
LBY,1999,9.272671328197115,2.972
LBY,2000,9.292271076414208,2.906
LBY,2001,9.256066572198543,2.866
LBY,2002,9.227227928857953,2.831
LBY,2003,9.329638948607052,2.797
LBY,2004,9.352630304517888,2.773
LBY,2005,9.443742812685448,2.765
LBY,2006,9.48621115682609,2.699
LBY,2007,9.526096668898754,2.648
LBY,2008,9.503233876141714,2.599
LBY,2009,9.437403068163642,2.556
LBY,2010,9.466062123253575,2.603
LBY,2011,8.790207431614478,2.646
LBY,2012,9.441393272331576,2.68
LBY,2013,9.222892752955376,2.716
LBY,2014,8.941708806071418,2.754
LBY,2015,8.917108149572451,2.711
LBY,2016,8.886846524427611,2.673
LBY,2017,9.152245112416871,2.626
LBY,2018,9.212429845019795,2.581
LBY,2019,9.07891082463603,2.539
LBY,2020,8.716502738443767,2.507
LBY,2021,8.953039350232288,2.462
LBY,2022,8.85404848222905,2.402
LBY,2023,8.939908213809117,2.355
LBY,2024,8.948466488903227,2.298
LCA,1977,8.35053834091039,4.966
LCA,1978,8.433904159035697,4.825
LCA,1979,8.456611473858983,4.583
LCA,1980,8.419275043776755,4.412
LCA,1981,8.4648625904522,4.276
LCA,1982,8.469781434732594,4.169
LCA,1983,8.50246761526395,4.082
LCA,1984,8.556556354376934,4.018
LCA,1985,8.619848646472754,3.97
LCA,1986,8.738421305391793,3.801
LCA,1987,8.76187404556954,3.613
LCA,1988,8.878801440418723,3.435
LCA,1989,8.953667103804456,3.314
LCA,1990,9.038178773927976,3.238
LCA,1991,9.0299374710565,3.19
LCA,1992,9.091545659982412,3.11
LCA,1993,9.08257823863221,2.999
LCA,1994,9.083493212187975,3.028
LCA,1995,9.08506063472686,3.026
LCA,1996,9.09894652910299,2.712
LCA,1997,9.077901816625207,2.743
LCA,1998,9.125147519101041,2.403
LCA,1999,9.138496331721136,2.501
LCA,2000,9.126843424159993,2.207
LCA,2001,9.082000715610585,2.125
LCA,2002,9.077432715477123,2.032
LCA,2003,9.110969414575475,1.939
LCA,2004,9.173404360349483,1.863
LCA,2005,9.161946522165909,1.807
LCA,2006,9.214895024108541,1.765
LCA,2007,9.224977055792126,1.7
LCA,2008,9.267044945587436,1.7
LCA,2009,9.232082529045938,1.735
LCA,2010,9.229291134849598,1.673
LCA,2011,9.266427465291136,1.5
LCA,2012,9.260774685082486,1.5
LCA,2013,9.237898680349941,1.5
LCA,2014,9.246666347170294,1.485
LCA,2015,9.243290125466853,1.473
LCA,2016,9.272766785246647,1.461
LCA,2017,9.302051752157631,1.448
LCA,2018,9.326690235162072,1.436
LCA,2019,9.312711743003463,1.424
LCA,2020,9.049328353427613,1.411
LCA,2021,9.153484328088627,1.399
LCA,2022,9.328888544090454,1.387
LCA,2023,9.364406700084375,1.379
LCA,2024,9.408436609100125,1.385
LCN,1960,8.112557289358245,5.86928989560833
LCN,1961,8.143409417578683,5.85790066538361
LCN,1962,8.159759419502254,5.84711321175065
LCN,1963,8.153457362864675,5.82617902975298
LCN,1964,8.19806427291524,5.76646914975825
LCN,1965,8.225480738830926,5.6852276563667
LCN,1966,8.24566448166118,5.5884958779241
LCN,1967,8.261447769010127,5.48242939711392
LCN,1968,8.30467877589408,5.37568188514187
LCN,1969,8.343175804106666,5.28016644972607
LCN,1970,8.382236545073994,5.18421280645098
LCN,1971,8.42218899495726,5.0888963409094
LCN,1972,8.465073172918258,4.98427914238296
LCN,1973,8.517604939897593,4.8812131264486
LCN,1974,8.552795401170014,4.76341527426996
LCN,1975,8.564737150095995,4.65608481882113
LCN,1976,8.59533267244012,4.55876653025938
LCN,1977,8.620528944985665,4.46277606872744
LCN,1978,8.64130056017091,4.36265418283056
LCN,1979,8.687845700585225,4.25733441418835
LCN,1980,8.726400108695097,4.15116683299825
LCN,1981,8.716106087387455,4.05486716705831
LCN,1982,8.693812224671687,3.96524124760971
LCN,1983,8.647014936513042,3.86913011286621
LCN,1984,8.664369039496428,3.7705280177527
LCN,1985,8.673633401976184,3.67629165923195
LCN,1986,8.688363979356845,3.58858275681957
LCN,1987,8.701477982595131,3.49082169119499
LCN,1988,8.689894009227,3.40229742708928
LCN,1989,8.682808225660478,3.32572208267085
LCN,1990,8.662218081568676,3.25200121318004
LCN,1991,8.675130538341492,3.17899149947232
LCN,1992,8.68361821619436,3.10502220855846
LCN,1993,8.707888304166106,3.04737913400792
LCN,1994,8.74000514174037,2.98532233515391
LCN,1995,8.732717865375234,2.92500245572653
LCN,1996,8.754605347148669,2.85409605427237
LCN,1997,8.79185584154606,2.79637863695787
LCN,1998,8.80506826921286,2.74035048666449
LCN,1999,8.795121649854586,2.67578612952241
LCN,2000,8.816109174513425,2.60902991651964
LCN,2001,8.807478604057277,2.54222979263084
LCN,2002,8.796254753491977,2.48121253853417
LCN,2003,8.805203004728714,2.42142506827502
LCN,2004,8.8483295183981,2.37917519310069
LCN,2005,8.876361508722532,2.34035064164282
LCN,2006,8.915769816166403,2.29532888990533
LCN,2007,8.955628394837488,2.25735285699401
LCN,2008,8.980370222816623,2.23167123797086
LCN,2009,8.94586832025922,2.2066595265301
LCN,2010,8.994676789094298,2.17888507325984
LCN,2011,9.026976105891977,2.15996794046018
LCN,2012,9.0424860175327,2.12951008238359
LCN,2013,9.058919698410117,2.10800936827715
LCN,2014,9.060703868902047,2.09061835099534
LCN,2015,9.053326017688763,2.05950841692013
LCN,2016,9.036550150921778,2.00688079738414
LCN,2017,9.042919699930799,1.98217325038003
LCN,2018,9.046603443445422,1.96388556455325
LCN,2019,9.041650887728721,1.91833263036506
LCN,2020,8.963538826706362,1.85875827927085
LCN,2021,9.026134236525966,1.83369054632292
LCN,2022,9.06027931727582,1.81210662375359
LCN,2023,9.075227936316661,1.79509415879954
LCN,2024,9.090603230175573,1.78557435495839
LDC,1961,6.452286373039552,6.62006345484779
LDC,1962,6.500666460465031,6.64146627531149
LDC,1963,6.496232160094785,6.65468788981068
LDC,1964,6.506682180284483,6.66778113886466
LDC,1965,6.517791148660193,6.67771102548314
LDC,1966,6.525240488277595,6.69090991599287
LDC,1967,6.509988339571124,6.70712078411261
LDC,1968,6.534021533113134,6.71587203388373
LDC,1969,6.540722388842694,6.72242578663941
LDC,1970,6.509373042362485,6.73673932391954
LDC,1971,6.503357326231274,6.74103297037596
LDC,1972,6.465373271210647,6.73921926383332
LDC,1973,6.461466860722187,6.72586291748616
LDC,1974,6.489852143927187,6.71282239908259
LDC,1975,6.470166205079855,6.69081483478694
LDC,1976,6.484120185167609,6.66647467076705
LDC,1977,6.479851024063711,6.64186943158595
LDC,1978,6.470378423401092,6.63944460555583
LDC,1979,6.462602681065985,6.63547721809419
LDC,1980,6.458910461494321,6.62190248815687
LDC,1981,6.460095230041946,6.59109437590618
LDC,1982,6.444842683596654,6.55678916979847
LDC,1983,6.434250315109017,6.50107064831072
LDC,1984,6.430872267359999,6.44165092477545
LDC,1985,6.421260763266174,6.36587154627918
LDC,1986,6.427991937647445,6.27497183899236
LDC,1987,6.4433582468621395,6.18564441766558
LDC,1988,6.446582623156502,6.09584645950026
LDC,1989,6.438721775395757,6.02684583719625
LDC,1990,6.412819927278686,5.95080624471159
LDC,1991,6.406435752183314,5.86252083040306
LDC,1992,6.382519999813276,5.77802155578152
LDC,1993,6.348967126734479,5.70362834030781
LDC,1994,6.3284960239274195,5.64174039999092
LDC,1995,6.3582722203595745,5.56689173095015
LDC,1996,6.386768556565437,5.49258535543842
LDC,1997,6.413088692453268,5.43923139179217
LDC,1998,6.427212543017361,5.37330320920784
LDC,1999,6.441670974369501,5.30999521487313
LDC,2000,6.459461737779383,5.24458052062557
LDC,2001,6.4834734877605795,5.17840355145414
LDC,2002,6.511381038406318,5.11596995947457
LDC,2003,6.536732166999865,5.05035222218116
LDC,2004,6.576150095308807,4.99046162126159
LDC,2005,6.623616845935246,4.9292390921157
LDC,2006,6.665947985996841,4.86718773523442
LDC,2007,6.71279868552276,4.80229332238785
LDC,2008,6.75208916715838,4.73800240592664
LDC,2009,6.769940022974305,4.67492850389409
LDC,2010,6.808370204803223,4.60128674172344
LDC,2011,6.814889358693468,4.52860111438592
LDC,2012,6.823621315039288,4.46919785866449
LDC,2013,6.8587944925732325,4.41646106497764
LDC,2014,6.88721518952627,4.36552691554673
LDC,2015,6.8910311413248975,4.32168259410509
LDC,2016,6.90483972597335,4.28311169474681
LDC,2017,6.925294646953016,4.23863246941022
LDC,2018,6.947199747661927,4.19429284373892
LDC,2019,6.970520912780605,4.14860123810594
LDC,2020,6.944796804403207,4.1009908354428
LDC,2021,6.948723161034538,4.05299598462052
LDC,2022,6.972196235388703,4.00757222184042
LDC,2023,6.9794167935424705,3.96112424917373
LDC,2024,6.994458456598316,3.91090237141104
LKA,1961,6.491179913922093,5.24
LKA,1962,6.504262456597628,5.177
LKA,1963,6.5046478340655725,5.118
LKA,1964,6.518418428496469,5.057
LKA,1965,6.51903230556232,4.934
LKA,1966,6.543889263730287,4.828
LKA,1967,6.582139580688954,4.787
LKA,1968,6.61449124208758,4.658
LKA,1969,6.665434521782064,4.499
LKA,1970,6.6806895049764865,4.387
LKA,1971,6.672351795867609,4.266
LKA,1972,6.647947341083601,4.156
LKA,1973,6.696682078246182,4.001
LKA,1974,6.715851566218113,3.855
LKA,1975,6.757191070473717,3.816
LKA,1976,6.771875110851333,3.783
LKA,1977,6.803479699644381,3.741
LKA,1978,6.840087661516023,3.81
LKA,1979,6.883499768346573,3.822
LKA,1980,6.922075867059851,3.725
LKA,1981,6.960713567723239,3.649
LKA,1982,6.988975358008978,3.32
LKA,1983,7.029327323305475,3.114
LKA,1984,7.075618873425712,3.006
LKA,1985,7.117800768224551,2.895
LKA,1986,7.1484694292678865,2.743
LKA,1987,7.153866819921034,2.644
LKA,1988,7.168163490100685,2.565
LKA,1989,7.180382544763597,2.578
LKA,1990,7.236043774009545,2.541
LKA,1991,7.273529672878338,2.514
LKA,1992,7.300696353460816,2.487
LKA,1993,7.3504420982477665,2.438
LKA,1994,7.3903611697731595,2.405
LKA,1995,7.427352635756623,2.353
LKA,1996,7.445422320054478,2.285
LKA,1997,7.48852302243453,2.215
LKA,1998,7.5155566724570475,2.136
LKA,1999,7.539083850391866,2.142
LKA,2000,7.579133781942966,2.213
LKA,2001,7.547756140866521,2.283
LKA,2002,7.5762127743406955,2.31
LKA,2003,7.626585043906718,2.301
LKA,2004,7.672807351877305,2.271
LKA,2005,7.726956973575146,2.263
LKA,2006,7.794142825368151,2.292
LKA,2007,7.853039067538307,2.295
LKA,2008,7.904181983316694,2.232
LKA,2009,7.932819158525343,2.179
LKA,2010,8.004036222042396,2.134
LKA,2011,8.08097197542219,2.144
LKA,2012,8.156163201997577,2.173
LKA,2013,8.223878179607409,2.178
LKA,2014,8.27637450442495,2.134
LKA,2015,8.308375490128181,2.09
LKA,2016,8.346343462186052,2.062
LKA,2017,8.397510127393447,2.044
LKA,2018,8.410283865008985,2.033
LKA,2019,8.401957832447152,2.022
LKA,2020,8.349302955256215,2.007
LKA,2021,8.37976214783532,1.995
LKA,2022,8.302301897139461,1.984
LKA,2023,8.288317153238237,1.974
LKA,2024,8.34254098279043,1.952
LMY,1960,6.700546456800059,5.50086903750178
LMY,1961,6.696686113450827,5.32486030379359
LMY,1962,6.712969674982311,6.01310961706817
LMY,1963,6.734644232715722,6.44133555256665
LMY,1964,6.7862954518258,6.18058642575765
LMY,1965,6.820426434688093,6.13726480903827
LMY,1966,6.842534779911876,6.02490332561426
LMY,1967,6.849181887459285,5.85020645208451
LMY,1968,6.883647060363247,6.02941829102539
LMY,1969,6.935551582634661,5.89499798004855
LMY,1970,6.986805623840267,5.83648332073292
LMY,1971,7.021031481579545,5.63158520108622
LMY,1972,7.055907565604348,5.46556807450738
LMY,1973,7.098584219131494,5.2988783105715
LMY,1974,7.133355232898614,5.07812862763184
LMY,1975,7.152688958466942,4.84601195728296
LMY,1976,7.191905409704373,4.70655500783197
LMY,1977,7.215928937206656,4.53524631605954
LMY,1978,7.230908527097681,4.44249420448699
LMY,1979,7.254033991262232,4.4031406927935
LMY,1980,7.27784575527146,4.36076571254437
LMY,1981,7.275507598250927,4.32637298165185
LMY,1982,7.28213943142179,4.3344414645566
LMY,1983,7.274962477706951,4.1622378482219
LMY,1984,7.29940723896769,4.12445884143009
LMY,1985,7.3214484166123555,4.06468384460396
LMY,1986,7.3367935590875355,4.03652956431305
LMY,1987,7.361109735189115,3.98400014801102
LMY,1988,7.380718673537132,3.85685345071192
LMY,1989,7.387902573586717,3.79401989866624
LMY,1990,7.398443502954022,3.73575438380851
LMY,1991,7.408049398434823,3.50870015830648
LMY,1992,7.430918147626136,3.40297318455105
LMY,1993,7.4609439499078505,3.32612817585112
LMY,1994,7.492555001820027,3.25870955261677
LMY,1995,7.520120270056633,3.19761274521267
LMY,1996,7.562879931946283,3.13667110833512
LMY,1997,7.601095972263068,3.08453061375989
LMY,1998,7.6167578899047905,3.04045037349834
LMY,1999,7.63584708998874,3.00610645850084
LMY,2000,7.674045917809136,3.00390473252466
LMY,2001,7.694560388477513,2.95486573007225
LMY,2002,7.725211224461312,2.91682449692498
LMY,2003,7.7668225975456595,2.8829693736023
LMY,2004,7.826914684098406,2.86423859710275
LMY,2005,7.88375544493188,2.84096668790463
LMY,2006,7.9485721923856465,2.82381710174622
LMY,2007,8.0192925100212,2.80750005696422
LMY,2008,8.06300534815674,2.80244694819699
LMY,2009,8.087922008505945,2.79074892719024
LMY,2010,8.151853935052964,2.75958492045206
LMY,2011,8.199341427251682,2.73472379534533
LMY,2012,8.238735369360658,2.74750531663815
LMY,2013,8.27956510289994,2.70329855119878
LMY,2014,8.31610446879735,2.68849691803633
LMY,2015,8.348485131978416,2.65333574998965
LMY,2016,8.381021590249796,2.65412068752
LMY,2017,8.419480543965545,2.62319141928886
LMY,2018,8.455111072434411,2.54597740927616
LMY,2019,8.483229247799903,2.50621692104039
LMY,2020,8.460292083171598,2.42139462693079
LMY,2021,8.521032593062579,2.38138507325308
LMY,2022,8.550761542945791,2.35291654300483
LMY,2023,8.586529573580334,2.33674419294898
LMY,2024,8.619628645046438,2.3289808274605
LSO,1960,5.571166588457832,5.784
LSO,1961,5.55978216824391,5.785
LSO,1962,5.672578303924245,5.787
LSO,1963,5.743775790607828,5.776
LSO,1964,5.793617667634135,5.765
LSO,1965,5.7856405762284355,5.772
LSO,1966,5.749569039508858,5.756
LSO,1967,5.817370277608465,5.745
LSO,1968,5.7770379438464285,5.725
LSO,1969,5.756045451602124,5.704
LSO,1970,5.741552251012882,5.698
LSO,1971,5.75579337022113,5.696
LSO,1972,5.718587052924662,5.694
LSO,1973,5.918203738515429,5.688
LSO,1974,5.987915884862333,5.753
LSO,1975,5.808177468097273,5.825
LSO,1976,5.8808951192874055,5.871
LSO,1977,6.049274279378586,5.848
LSO,1978,6.188985537519961,5.823
LSO,1979,6.188605019965079,5.789
LSO,1980,6.131664691898257,5.746
LSO,1981,6.109475393011338,5.694
LSO,1982,6.124046332712706,5.632
LSO,1983,6.1148326941286175,5.56
LSO,1984,6.140069220011393,5.478
LSO,1985,6.137494137749842,5.401
LSO,1986,6.157895633041731,5.317
LSO,1987,6.143054409368669,5.222
LSO,1988,6.2043999551350835,5.104
LSO,1989,6.240483041813125,4.964
LSO,1990,6.280068002819558,4.813
LSO,1991,6.329515725327792,4.681
LSO,1992,6.380136455603721,4.541
LSO,1993,6.399522813625291,4.365
LSO,1994,6.444067743121018,4.21
LSO,1995,6.464212394953176,4.125
LSO,1996,6.507978335211145,4.058
LSO,1997,6.536410715328742,3.982
LSO,1998,6.546693547054458,3.815
LSO,1999,6.548850833238916,3.67
LSO,2000,6.586535269715017,3.605
LSO,2001,6.6230596925302265,3.63
LSO,2002,6.633362436496834,3.682
LSO,2003,6.682785687163368,3.619
LSO,2004,6.706609979454297,3.508
LSO,2005,6.749884940528971,3.428
LSO,2006,6.795426862262083,3.414
LSO,2007,6.832243311366954,3.442
LSO,2008,6.879233746416341,3.392
LSO,2009,6.8593503668274725,3.309
LSO,2010,6.902977315122107,3.25
LSO,2011,6.9392512480179365,3.343
LSO,2012,6.99061587252604,3.296
LSO,2013,6.997553235169458,3.283
LSO,2014,7.0031108548852705,3.239
LSO,2015,7.022153493411392,3.217
LSO,2016,7.045417181308762,3.18
LSO,2017,7.001083193694294,3.105
LSO,2018,6.973959252296863,3.016
LSO,2019,6.947930834341136,2.924
LSO,2020,6.851009386558688,2.846
LSO,2021,6.861942974700147,2.769
LSO,2022,6.874735358538077,2.716
LSO,2023,6.880503871476462,2.694
LSO,2024,6.920270431958137,2.664
LTE,1960,6.789539585463064,4.37563343473696
LTE,1961,6.749832983025625,3.9956223556304
LTE,1962,6.766222320043169,5.28894284909649
LTE,1963,6.783868398543181,6.10855562254805
LTE,1964,6.831256761564378,5.58847747349865
LTE,1965,6.8736295721805005,5.52155377043073
LTE,1966,6.9239149437142915,5.32344908774124
LTE,1967,6.91874022753336,5.04102355437441
LTE,1968,6.946460101064039,5.42574037570493
LTE,1969,7.0180715404283776,5.20314087268166
LTE,1970,7.097545877259942,5.13224251042026
LTE,1971,7.155823923013712,4.79034212036841
LTE,1972,7.2100378861391805,4.53620262908961
LTE,1973,7.283142002273662,4.28030015699989
LTE,1974,7.312387119423841,3.92059054247947
LTE,1975,7.337628635513119,3.53856551075262
LTE,1976,7.385476611959899,3.31567003339691
LTE,1977,7.431821495719022,3.05732758799255
LTE,1978,7.481546413773182,2.95270078734387
LTE,1979,7.541810196787833,2.95000302174204
LTE,1980,7.598155715399463,2.92449289402577
LTE,1981,7.585432996561416,2.93876698197449
LTE,1982,7.589374044978819,3.03878613373019
LTE,1983,7.591959975428863,2.76780715634888
LTE,1984,7.653058222922234,2.76931693471843
LTE,1985,7.708532581985995,2.75644641853604
LTE,1986,7.749829073980091,2.79150807368511
LTE,1987,7.796789856190672,2.79232108957679
LTE,1988,7.8314631706751925,2.62195813888099
LTE,1989,7.862877417915616,2.5839007985547
LTE,1990,7.851766432219433,2.54996016312967
LTE,1991,7.844188656502104,2.15513493930988
LTE,1992,7.84042536081032,2.01902599522572
LTE,1993,7.871785717198615,1.93096187876647
LTE,1994,7.904754807762819,1.86979697468654
LTE,1995,7.949725674244283,1.81535439220564
LTE,1996,7.989645325420202,1.76590664452794
LTE,1997,8.0349366698506,1.72631004980651
LTE,1998,8.053977090269864,1.70576179324584
LTE,1999,8.090922434352484,1.68664455057034
LTE,2000,8.150978984655252,1.73923096965661
LTE,2001,8.194340217196386,1.68691314726879
LTE,2002,8.246297420086629,1.68047820202294
LTE,2003,8.306306022352667,1.67801560941288
LTE,2004,8.378838234475536,1.69694749162792
LTE,2005,8.447629913951525,1.69650821775942
LTE,2006,8.530142193814152,1.70521610506857
LTE,2007,8.620860307548694,1.72559590180346
LTE,2008,8.681629296106106,1.75364403334795
LTE,2009,8.71222030477791,1.76120613125096
LTE,2010,8.783688362793443,1.74154413297884
LTE,2011,8.846683326399619,1.7278444665002
LTE,2012,8.896537229088961,1.81568916274948
LTE,2013,8.944232292040473,1.76087460678168
LTE,2014,8.988467458974732,1.80369952932348
LTE,2015,9.027814741101588,1.74181792108644
LTE,2016,9.06485025589002,1.79032427587527
LTE,2017,9.109538757000898,1.79210884553839
LTE,2018,9.157057771261345,1.62886710640177
LTE,2019,9.198886657714887,1.59442648548205
LTE,2020,9.198092314288834,1.43183708398957
LTE,2021,9.269571875459338,1.35456143894792
LTE,2022,9.300358462128425,1.29478138713046
LTE,2023,9.34265661193453,1.26864948775251
LTE,2024,9.385808540550627,1.27231640042738
LTU,1990,9.028020887752218,2.03
LTU,1991,8.967888756508767,2.01
LTU,1992,8.729968807556235,1.97
LTU,1993,8.557652100471223,1.74
LTU,1994,8.461827660469092,1.57
LTU,1995,8.501896120602078,1.55
LTU,1996,8.55854629325402,1.49
LTU,1997,8.645665385459752,1.47
LTU,1998,8.724885578954783,1.46
LTU,1999,8.720949774436969,1.46
LTU,2000,8.761598486059869,1.39
LTU,2001,8.832664315821049,1.29
LTU,2002,8.905728864712287,1.23
LTU,2003,9.014166517130162,1.26
LTU,2004,9.088390340225851,1.27
LTU,2005,9.179145691791812,1.29
LTU,2006,9.266457395918302,1.33
LTU,2007,9.383398700866026,1.36
LTU,2008,9.419346031266365,1.45
LTU,2009,9.269827443918208,1.5
LTU,2010,9.29505977471369,1.5
LTU,2011,9.378961846276315,1.55
LTU,2012,9.43481251284963,1.6
LTU,2013,9.483858122194823,1.59
LTU,2014,9.529026046974057,1.57
LTU,2015,9.565900974414994,1.63
LTU,2016,9.603942536356517,1.63
LTU,2017,9.66116113904556,1.57
LTU,2018,9.717453240633645,1.53
LTU,2019,9.766047038279611,1.43
LTU,2020,9.766731266286294,1.36
LTU,2021,9.829425937275333,1.36
LTU,2022,9.845532261123843,1.27
LTU,2023,9.838891977222683,1.18
LTU,2024,9.862947561442585,1.11
LUX,1960,10.235043288479666,2.29
LUX,1962,10.264758596405132,2.37
LUX,1964,10.352700352675951,2.34
LUX,1965,10.333947229025926,2.42
LUX,1966,10.33774675696992,2.34
LUX,1967,10.3366226831023,2.24
LUX,1968,10.375060860054688,2.12
LUX,1969,10.465223374242262,2.02
LUX,1970,10.477730763397822,1.97
LUX,1971,10.494517023725283,1.95
LUX,1972,10.54628304466533,1.75
LUX,1973,10.615088337169375,1.58
LUX,1974,10.643309400035406,1.58
LUX,1975,10.56441255636441,1.55
LUX,1976,10.58449062015271,1.48
LUX,1977,10.59832977659104,1.5
LUX,1978,10.636476754871088,1.48
LUX,1979,10.657319476203034,1.48
LUX,1980,10.662133327423101,1.5
LUX,1981,10.653660829551686,1.55
LUX,1982,10.664089205572976,1.49
LUX,1983,10.693276667488842,1.43
LUX,1984,10.752279746193448,1.42
LUX,1985,10.777881617201334,1.38
LUX,1986,10.868559063728112,1.43
LUX,1987,10.90082746244883,1.4
LUX,1988,10.97481283557337,1.51
LUX,1989,11.058559247052292,1.52
LUX,1990,11.097874274297443,1.6
LUX,1991,11.167385497067487,1.6
LUX,1992,11.172134993588744,1.64
LUX,1993,11.199859263441622,1.7
LUX,1994,11.223738181740028,1.72
LUX,1995,11.223911168497406,1.7
LUX,1996,11.22418366269885,1.77
LUX,1997,11.26442822854804,1.71
LUX,1998,11.31659861764709,1.68
LUX,1999,11.381683022732027,1.74
LUX,2000,11.435322122859983,1.76
LUX,2001,11.453697220234687,1.66
LUX,2002,11.474964292429998,1.63
LUX,2003,11.488667636688167,1.62
LUX,2004,11.51589063447312,1.66
LUX,2005,11.525112002873286,1.63
LUX,2006,11.567587241751982,1.65
LUX,2007,11.630016229895714,1.61
LUX,2008,11.609113956065205,1.61
LUX,2009,11.557670527263427,1.59
LUX,2010,11.576330734059738,1.63
LUX,2011,11.564492839082202,1.52
LUX,2012,11.556839934456814,1.57
LUX,2013,11.564952432522976,1.55
LUX,2014,11.567275399860009,1.5
LUX,2015,11.566106096767557,1.47
LUX,2016,11.593135409684555,1.41
LUX,2017,11.581910853760451,1.39
LUX,2018,11.578607031358436,1.38
LUX,2019,11.586100640467407,1.34
LUX,2020,11.564323485350888,1.36
LUX,2021,11.61614172076635,1.38
LUX,2022,11.584940256197747,1.31
LUX,2023,11.565733875261605,1.25
LUX,2024,11.553559710265946,1.25
LVA,1990,8.93888573282922,2.02
LVA,1991,8.808996640498242,1.86
LVA,1992,8.435356907323829,1.73
LVA,1993,8.403962089410827,1.51
LVA,1994,8.44236312146891,1.39
LVA,1995,8.44712868899316,1.25
LVA,1996,8.481131546060839,1.16
LVA,1997,8.578848806479929,1.11
LVA,1998,8.651722193255763,1.09
LVA,1999,8.687655988982494,1.16
LVA,2000,8.75406337470425,1.25
LVA,2001,8.829582817661262,1.22
LVA,2002,8.915060099049965,1.26
LVA,2003,9.005650724624015,1.32
LVA,2004,9.100216745757315,1.29
LVA,2005,9.22091057163862,1.39
LVA,2006,9.350751219120642,1.46
LVA,2007,9.457984591626825,1.54
LVA,2008,9.43401934025724,1.58
LVA,2009,9.275699666271167,1.46
LVA,2010,9.259213068197027,1.36
LVA,2011,9.30733234061311,1.33
LVA,2012,9.390243234974816,1.44
LVA,2013,9.421697828426328,1.52
LVA,2014,9.451848434321084,1.65
LVA,2015,9.49717022995096,1.7
LVA,2016,9.531505822621467,1.74
LVA,2017,9.573792587331301,1.69
LVA,2018,9.62377826726125,1.6
LVA,2019,9.637461682130624,1.61
LVA,2020,9.609165455290974,1.55
LVA,2021,9.684719913140645,1.57
LVA,2022,9.706339110292909,1.47
LVA,2023,9.694578733235156,1.36
LVA,2024,9.703587791885003,1.24
MAC,1982,10.044550008925476,1.992
MAC,1983,10.084138547274579,2.098
MAC,1984,10.116250227768155,2.145
MAC,1985,10.09961698315833,2.235
MAC,1986,10.14273861210152,2.189
MAC,1987,10.240504984932024,2.06
MAC,1988,10.286329681454013,1.863
MAC,1989,10.30696656883465,1.81
MAC,1990,10.353888754028155,1.709
MAC,1991,10.341173896978598,1.615
MAC,1992,10.412737529838635,1.547
MAC,1993,10.42858975739893,1.471
MAC,1994,10.437455900571885,1.431
MAC,1995,10.438869562626856,1.367
MAC,1996,10.420591038071711,1.288
MAC,1997,10.412511344689621,1.205
MAC,1998,10.353812016122228,1.113
MAC,1999,10.317939113572258,1.025
MAC,2000,10.366360514304533,0.933
MAC,2001,10.38719917207225,0.818
MAC,2002,10.462185532448345,0.813
MAC,2003,10.560533288055975,0.837
MAC,2004,10.771972229658243,0.855
MAC,2005,10.809140711434445,0.912
MAC,2006,10.882569115007819,0.954
MAC,2007,10.974662140050928,1.008
MAC,2008,10.970718018974592,0.979
MAC,2009,10.99421609625914,1.004
MAC,2010,11.214452820147848,1.07
MAC,2011,11.387010381572154,1.15
MAC,2012,11.442426665720985,1.357
MAC,2013,11.503425462796491,1.15
MAC,2014,11.433707388353238,1.224
MAC,2015,11.154863281747343,1.142
MAC,2016,11.13300151005989,1.138
MAC,2017,11.233874387213065,1.021
MAC,2018,11.2794619786995,0.915
MAC,2019,11.234858456985046,0.899
MAC,2020,10.42980582765803,0.841
MAC,2021,10.63667815134023,0.756
MAC,2022,10.434136786108482,0.68
MAC,2023,10.993301186740704,0.586
MAC,2024,11.056860925058102,0.582
MAR,1966,6.738442586457039,6.889
MAR,1967,6.806885195198671,6.845
MAR,1968,6.874112146230219,6.786
MAR,1969,6.927568736967978,6.726
MAR,1970,6.946603373518002,6.682
MAR,1971,6.9747830699207265,6.616
MAR,1972,6.973742563997111,6.545
MAR,1973,6.983969377814852,6.481
MAR,1974,7.013947199415489,6.397
MAR,1975,7.062865877404373,6.299
MAR,1976,7.1413805213450035,6.175
MAR,1977,7.174823381905032,6.036
MAR,1978,7.170927697874569,5.91
MAR,1979,7.191584755380759,5.849
MAR,1980,7.200608983537721,5.784
MAR,1981,7.156061035354821,5.71
MAR,1982,7.215231361965032,5.604
MAR,1983,7.202887950730422,5.41
MAR,1984,7.240007109229694,5.199
MAR,1985,7.2744507961244365,4.988
MAR,1986,7.34123651666034,4.772
MAR,1987,7.318008871425522,4.583
MAR,1988,7.410956008548191,4.394
MAR,1989,7.420418739258726,4.217
MAR,1990,7.435813450576074,4.06
MAR,1991,7.488160779648059,3.947
MAR,1992,7.450325170663488,3.757
MAR,1993,7.426971869445767,3.548
MAR,1994,7.51255234060141,3.413
MAR,1995,7.44158325380952,3.295
MAR,1996,7.542569837230199,3.229
MAR,1997,7.5115074956629435,3.147
MAR,1998,7.566176677859204,3.037
MAR,1999,7.568109995927847,2.882
MAR,2000,7.579240196479818,2.774
MAR,2001,7.639625964710423,2.686
MAR,2002,7.662706188328304,2.617
MAR,2003,7.709566788935801,2.606
MAR,2004,7.741134633562479,2.611
MAR,2005,7.758826632988372,2.613
MAR,2006,7.820035146049843,2.611
MAR,2007,7.84016154894035,2.618
MAR,2008,7.881781075892298,2.612
MAR,2009,7.904949826035702,2.624
MAR,2010,7.925534243974052,2.629
MAR,2011,7.965385597362547,2.595
MAR,2012,7.981887166021355,2.543
MAR,2013,8.009092367633745,2.478
MAR,2014,8.02337511075871,2.425
MAR,2015,8.05396584807324,2.406
MAR,2016,8.047005560868302,2.396
MAR,2017,8.084144413923577,2.375
MAR,2018,8.103104581788365,2.354
MAR,2019,8.121105825100972,2.342
MAR,2020,8.036215741323845,2.32
MAR,2021,8.104440853641634,2.288
MAR,2022,8.112201457576917,2.256
MAR,2023,8.13775162669961,2.23
MAR,2024,8.1651230726161,2.208
MCO,1970,11.19598881182336,2.5
MCO,1971,11.232728526689973,2.47
MCO,1972,11.266593460373429,2.44
MCO,1973,11.32166174525113,2.408
MCO,1974,11.358955410522137,2.377
MCO,1975,11.33873489305005,2.351
MCO,1976,11.366534315422118,2.326
MCO,1977,11.386958072153487,2.306
MCO,1978,11.413174691294508,2.284
MCO,1979,11.437176869265919,2.264
MCO,1980,11.445374619297061,2.244
MCO,1981,11.448271071258496,2.224
MCO,1982,11.462532380429606,2.203
MCO,1983,11.46003809218901,2.184
MCO,1984,11.460710407057242,2.165
MCO,1985,11.464515031861323,2.141
MCO,1986,11.476221885427732,2.106
MCO,1987,11.488703508763226,2.062
MCO,1988,11.522350975267583,2.011
MCO,1989,11.553021236062362,1.934
MCO,1990,11.570045817834234,1.848
MCO,1991,11.571389336006936,1.786
MCO,1992,11.576444473753766,1.755
MCO,1993,11.559233935270084,1.749
MCO,1994,11.57350160284807,1.756
MCO,1995,11.587021637376381,1.783
MCO,1996,11.590880476837794,1.824
MCO,1997,11.605932794633732,1.884
MCO,1998,11.634023457586009,1.954
MCO,1999,11.66207388446852,2.007
MCO,2000,11.699043553767568,2.082
MCO,2001,11.720931541279025,2.176
MCO,2002,11.731914974168522,2.006
MCO,2003,11.744213201352817,1.914
MCO,2004,11.770689504382059,1.994
MCO,2005,11.79247321544059,2.006
MCO,2006,11.853781740040965,2.101
MCO,2007,11.99552693547203,2.206
MCO,2008,12.002999305380305,2.384
MCO,2009,11.866222967671867,2.397
MCO,2010,11.86227669606151,2.385
MCO,2011,11.90680803601376,2.22
MCO,2012,11.894593721068855,2.294
MCO,2013,11.965069947295072,2.313
MCO,2014,12.015445428259158,2.485
MCO,2015,12.046121129924316,2.503
MCO,2016,12.061740901171527,2.578
MCO,2017,12.018427149179026,2.418
MCO,2018,12.061287768015925,2.485
MCO,2019,12.131255714136044,2.403
MCO,2020,11.990790922237403,2.38
MCO,2021,12.179085168343011,2.122
MCO,2022,12.275409815034443,2.114
MCO,2023,12.327777213912185,2.11
MCO,2024,12.41783205796018,2.102
MDA,1990,8.226868028582812,2.392
MDA,1991,8.051288356152858,2.278
MDA,1992,7.707590197108443,2.217
MDA,1993,7.697195997978144,2.112
MDA,1994,7.330683839449591,1.993
MDA,1995,7.321160988668041,1.825
MDA,1996,7.262594805976198,1.709
MDA,1997,7.282629635255891,1.79
MDA,1998,7.215373507281999,1.65
MDA,1999,7.182680742652346,1.556
MDA,2000,7.205572569970748,1.496
MDA,2001,7.267020689738975,1.471
MDA,2002,7.344443959671323,1.448
MDA,2003,7.411173309972095,1.479
MDA,2004,7.485037775118744,1.543
MDA,2005,7.559791625206144,1.528
MDA,2006,7.609454437228825,1.537
MDA,2007,7.641330424911858,1.575
MDA,2008,7.718341390309488,1.638
MDA,2009,7.6577286177050174,1.719
MDA,2010,7.727319739910406,1.703
MDA,2011,7.784450123967318,1.65
MDA,2012,7.778666421877294,1.661
MDA,2013,7.865514311622449,1.622
MDA,2014,7.914910633093125,1.82
MDA,2015,7.9191930393679435,1.87
MDA,2016,7.976236439923537,1.89
MDA,2017,8.03441489110945,1.81
MDA,2018,8.091932263900603,1.81
MDA,2019,8.14284217837886,1.78
MDA,2020,8.06743661337088,1.77
MDA,2021,8.212884945475608,1.751
MDA,2022,8.191502705235212,1.694
MDA,2023,8.231740317629335,1.731
MDA,2024,8.257273980363555,1.726
MDG,1960,6.699808620089837,7.343
MDG,1961,6.6939926800596705,7.299
MDG,1962,6.6904858753086796,7.256
MDG,1963,6.655291121505957,7.212
MDG,1964,6.668303149810385,7.188
MDG,1965,6.637786948577631,7.171
MDG,1966,6.631907181534365,7.156
MDG,1967,6.658929831343509,7.144
MDG,1968,6.697659596363619,7.131
MDG,1969,6.706327868455682,7.118
MDG,1970,6.729275391574624,7.096
MDG,1971,6.738737488003276,7.068
MDG,1972,6.696446567465478,7.042
MDG,1973,6.640159463682087,7.011
MDG,1974,6.630066299283746,6.993
MDG,1975,6.61245774351744,6.971
MDG,1976,6.551063084638563,6.954
MDG,1977,6.544126527211248,6.927
MDG,1978,6.486767875356444,6.904
MDG,1979,6.550345037503577,6.872
MDG,1980,6.529565819812493,6.838
MDG,1981,6.39656466810037,6.774
MDG,1982,6.347792738389918,6.699
MDG,1983,6.3273315450729255,6.626
MDG,1984,6.315594881129149,6.547
MDG,1985,6.298054885168948,6.456
MDG,1986,6.288772552393156,6.343
MDG,1987,6.271950362245971,6.242
MDG,1988,6.27670640012257,6.178
MDG,1989,6.287561919576363,6.149
MDG,1990,6.288854857478194,6.14
MDG,1991,6.193825831600693,6.118
MDG,1992,6.175474120992834,6.082
MDG,1993,6.1657533721540725,6.062
MDG,1994,6.134260286579617,6.042
MDG,1995,6.119281401073571,6.036
MDG,1996,6.1084207678929126,6.031
MDG,1997,6.112139396040779,6.023
MDG,1998,6.117846450238622,5.992
MDG,1999,6.131301247550797,5.839
MDG,2000,6.143175488536005,5.665
MDG,2001,6.1704589395028915,5.528
MDG,2002,6.00807881791572,5.412
MDG,2003,6.072124849341225,5.329
MDG,2004,6.094198590323231,5.264
MDG,2005,6.111368068303234,5.195
MDG,2006,6.134569456185471,5.133
MDG,2007,6.16075460811433,5.083
MDG,2008,6.1963706737516615,5.043
MDG,2009,6.1264100282074745,5.003
MDG,2010,6.103491365332874,4.896
MDG,2011,6.090755788356576,4.737
MDG,2012,6.092760187621575,4.613
MDG,2013,6.088306868274125,4.527
MDG,2014,6.094345698975503,4.421
MDG,2015,6.098793280884405,4.335
MDG,2016,6.111814495049767,4.285
MDG,2017,6.124359179862155,4.259
MDG,2018,6.129769706715298,4.246
MDG,2019,6.146923114484069,4.221
MDG,2020,6.047193097816728,4.17
MDG,2021,6.067497155248701,4.104
MDG,2022,6.08321866639517,4.036
MDG,2023,6.10003662977687,3.972
MDG,2024,6.118004263445512,3.912
MDV,1970,7.330046605570354,7.391
MDV,1971,7.350309030178551,7.384
MDV,1972,7.343771891625477,7.374
MDV,1973,7.329461647752016,7.399
MDV,1974,7.355766201658595,7.377
MDV,1975,7.242871092441491,7.321
MDV,1976,7.2187925218077815,7.292
MDV,1977,7.296001180941798,7.266
MDV,1978,7.405562987447521,7.229
MDV,1979,7.4803466833159415,7.233
MDV,1980,7.62318041533598,7.226
MDV,1981,7.706309324509247,7.191
MDV,1982,7.64779865187399,7.146
MDV,1983,7.771292292604454,7.092
MDV,1984,7.982047911737165,7.025
MDV,1985,8.093519211549701,6.939
MDV,1986,8.148039030155372,6.846
MDV,1987,8.197676396542589,6.731
MDV,1988,8.247909584110996,6.583
MDV,1989,8.305101492232462,6.386
MDV,1990,8.429947884399692,6.13
MDV,1991,8.413430272154926,5.796
MDV,1992,8.449341752491073,5.435
MDV,1993,8.477185428779007,5.063
MDV,1994,8.527865308449982,4.688
MDV,1995,8.626991262234979,4.292
MDV,1996,8.680683959705803,3.859
MDV,1997,8.74109782422269,3.477
MDV,1998,8.794805494110259,3.171
MDV,1999,8.837683024400802,2.899
MDV,2000,8.858949366421173,2.691
MDV,2001,8.802018745201105,2.532
MDV,2002,8.855414709827501,2.425
MDV,2003,8.96766902254367,2.342
MDV,2004,9.008764564836648,2.262
MDV,2005,8.873731853938926,2.199
MDV,2006,9.061924831874634,2.204
MDV,2007,9.097526780313189,2.293
MDV,2008,9.148092274997957,2.371
MDV,2009,9.025625133046304,2.39
MDV,2010,9.055967577850883,2.349
MDV,2011,9.105625638173144,2.307
MDV,2012,9.094667011116872,2.254
MDV,2013,9.128406401053926,2.174
MDV,2014,9.170775775980983,2.089
MDV,2015,9.174185236364064,2.004
MDV,2016,9.201206454187805,1.903
MDV,2017,9.23632961818517,1.798
MDV,2018,9.286735895138706,1.71
MDV,2019,9.323215863071058,1.64
MDV,2020,8.895027008552418,1.613
MDV,2021,9.185967956564479,1.599
MDV,2022,9.3001807402514,1.583
MDV,2023,9.344830742634372,1.575
MDV,2024,9.375752378864261,1.56
MEA,1960,7.349354786218664,6.94826640195092
MEA,1961,7.383091202797936,6.96875002549603
MEA,1962,7.409753129385894,7.01817813588353
MEA,1963,7.483456602403314,6.99843464160891
MEA,1964,7.54786689005419,6.96907744572822
MEA,1965,7.632393480320961,6.93812912731797
MEA,1966,7.6693529848619315,6.9202447080572
MEA,1967,7.715792609878544,6.90211800165666
MEA,1968,7.803478824276133,6.87586782177814
MEA,1969,7.874168908188634,6.84023748918043
MEA,1970,8.006294730395908,6.79108519868015
MEA,1971,8.064165400708555,6.73201154877179
MEA,1972,8.163486862764588,6.66641660109879
MEA,1973,8.24056430850472,6.60911906658928
MEA,1974,8.295134122663038,6.57146435826421
MEA,1975,8.266594161596055,6.54610279692197
MEA,1976,8.365768208468612,6.53719629290543
MEA,1977,8.372432898715543,6.51739817371074
MEA,1978,8.339395884836092,6.49802821594846
MEA,1979,8.362963934582494,6.49102179546382
MEA,1980,8.345800391597821,6.45434567192073
MEA,1981,8.31940371958425,6.39057076110944
MEA,1982,8.274972599765439,6.33034843540435
MEA,1983,8.239088940468479,6.26413955456868
MEA,1984,8.208114199473675,6.17869345991629
MEA,1985,8.182069627253542,6.07464236988343
MEA,1986,8.135291674696951,5.94915916674306
MEA,1987,8.113980968547,5.81680320244568
MEA,1988,8.10631144684691,5.68782610172542
MEA,1989,8.114116170846145,5.54802204321721
MEA,1990,8.162856724588494,5.41879839675048
MEA,1991,8.156535706671377,5.26102343635967
MEA,1992,8.18850829404706,5.0911533544334
MEA,1993,8.185351246095095,4.93021141090709
MEA,1994,8.189803185502543,4.77490719421969
MEA,1995,8.196361472062382,4.596419719181
MEA,1996,8.22156539790425,4.43429034696536
MEA,1997,8.238038814694361,4.30860036436787
MEA,1998,8.254943302321669,4.19855610384828
MEA,1999,8.258623965544142,4.11443713697081
MEA,2000,8.296988812664281,4.01482607048311
MEA,2001,8.293519533394578,3.90085522373292
MEA,2002,8.291773000108869,3.79395138243059
MEA,2003,8.31381041434139,3.72630163365794
MEA,2004,8.366575454350226,3.63070073112687
MEA,2005,8.394249470252298,3.57811114316293
MEA,2006,8.428305794092838,3.56377930573561
MEA,2007,8.455478442814137,3.54500927423124
MEA,2008,8.474722112271971,3.52422252680883
MEA,2009,8.462360718149812,3.50913344979088
MEA,2010,8.48809947781318,3.49627868102769
MEA,2011,8.503253783116811,3.47744099649193
MEA,2012,8.522762467158831,3.47103841927052
MEA,2013,8.524727411744843,3.45458378198777
MEA,2014,8.53524846677939,3.43769825413249
MEA,2015,8.542911577442746,3.40467709971311
MEA,2016,8.568707315500406,3.34433522982973
MEA,2017,8.572621512784359,3.31820651237254
MEA,2018,8.580529896281863,3.23367617917511
MEA,2019,8.579445003720778,3.16206943875318
MEA,2020,8.524962363814753,3.11688086418962
MEA,2021,8.559378764653118,3.07299085938902
MEA,2022,8.60281898271349,3.03344296601144
MEA,2023,8.605909519897002,3.00810110726487
MEA,2024,8.609842978743698,2.97597018598226
MEX,1960,8.329849369368857,6.763
MEX,1961,8.347396432924345,6.777
MEX,1962,8.360806776039507,6.8
MEX,1963,8.406200736923555,6.817
MEX,1964,8.48588298848689,6.833
MEX,1965,8.521453701112309,6.819
MEX,1966,8.547492436132163,6.79
MEX,1967,8.571323020866744,6.753
MEX,1968,8.628564818640118,6.707
MEX,1969,8.629878254980653,6.626
MEX,1970,8.661253787278214,6.529
MEX,1971,8.667232366201501,6.419
MEX,1972,8.715913414392608,6.281
MEX,1973,8.761737644525812,6.121
MEX,1974,8.78863934079262,5.947
MEX,1975,8.815907928609745,5.739
MEX,1976,8.831327953558478,5.543
MEX,1977,8.837620094026718,5.361
MEX,1978,8.896944804949134,5.202
MEX,1979,8.963742617045886,4.964
MEX,1980,9.022840107498673,4.739
MEX,1981,9.091001671980976,4.574
MEX,1982,9.068381719207286,4.425
MEX,1983,8.99943616606714,4.296
MEX,1984,9.01285523199945,4.184
MEX,1985,9.011177288739285,4.087
MEX,1986,8.950741859256393,3.971
MEX,1987,8.951115824684036,3.803
MEX,1988,8.943470544487651,3.64
MEX,1989,8.959800676235025,3.532
MEX,1990,8.99179388097735,3.444
MEX,1991,9.011524951578567,3.363
MEX,1992,9.027650459502315,3.285
MEX,1993,9.037390310817463,3.211
MEX,1994,9.062244044349661,3.132
MEX,1995,8.983520117978733,3.044
MEX,1996,9.026496011129996,2.964
MEX,1997,9.079188410882171,2.886
MEX,1998,9.12280834431784,2.815
MEX,1999,9.13399668782849,2.763
MEX,2000,9.167638455470653,2.714
MEX,2001,9.148289500043115,2.671
MEX,2002,9.131543764230113,2.633
MEX,2003,9.129346851332476,2.579
MEX,2004,9.150727275536402,2.536
MEX,2005,9.15815376319475,2.495
MEX,2006,9.191547694779059,2.456
MEX,2007,9.198034496968853,2.421
MEX,2008,9.192822036515162,2.391
MEX,2009,9.11318155408587,2.364
MEX,2010,9.147301229756302,2.34
MEX,2011,9.167008394389159,2.317
MEX,2012,9.188352169827196,2.294
MEX,2013,9.183864005595144,2.269
MEX,2014,9.196493064363933,2.211
MEX,2015,9.21246198090763,2.137
MEX,2016,9.2203404164037,2.086
MEX,2017,9.229532295068868,2.041
MEX,2018,9.239595156557186,2.03
MEX,2019,9.226159077589305,2.02
MEX,2020,9.130717301987913,1.99
MEX,2021,9.182769443029882,1.97
MEX,2022,9.21166428748381,1.94
MEX,2023,9.233537625763944,1.91
MEX,2024,9.23834784459323,1.892
MHL,1970,7.620053890982905,8.075
MHL,1971,7.606456041743978,8.036
MHL,1972,7.5907778958553696,7.995
MHL,1973,7.8586175792638615,7.952
MHL,1974,7.9725130169856415,7.899
MHL,1975,7.939759575526785,7.832
MHL,1976,7.910754203590379,7.757
MHL,1977,7.902538643265361,7.67
MHL,1978,7.92540704909682,7.58
MHL,1979,7.914797696244272,7.473
MHL,1980,7.805881140164061,7.37
MHL,1981,7.828662803706585,7.269
MHL,1982,7.833645267356075,7.179
MHL,1983,7.936347553682639,7.083
MHL,1984,7.933387130778698,6.988
MHL,1985,7.828319517816601,6.866
MHL,1986,8.008204947682453,6.731
MHL,1987,8.05921438103364,6.568
MHL,1988,8.09830494323472,6.384
MHL,1989,8.051791564413687,6.183
MHL,1990,8.054554304769155,5.97
MHL,1991,8.034610068826993,5.757
MHL,1992,8.085749408688624,5.546
MHL,1993,8.128993710300007,5.382
MHL,1994,8.173049586166488,5.232
MHL,1995,8.240439186599756,5.091
MHL,1996,8.121216295028209,5.021
MHL,1997,8.044714181162231,4.959
MHL,1998,8.028695563532933,4.868
MHL,1999,8.005550533438818,4.783
MHL,2000,8.019809082225791,4.695
MHL,2001,8.078623479808217,4.583
MHL,2002,8.10844608701371,4.488
MHL,2003,8.088553344481568,4.418
MHL,2004,8.081522241251008,4.34
MHL,2005,8.097056185279417,4.276
MHL,2006,8.09715869974456,4.197
MHL,2007,8.132553254681103,4.09
MHL,2008,8.053970288057013,3.967
MHL,2009,8.090178414762207,3.83
MHL,2010,8.143610073407572,3.673
MHL,2011,8.141208138182634,3.527
MHL,2012,8.137663176762741,3.382
MHL,2013,8.189502160235167,3.247
MHL,2014,8.194442749671868,3.18
MHL,2015,8.233328958344115,3.131
MHL,2016,8.280671655303356,3.091
MHL,2017,8.340679063431127,3.064
MHL,2018,8.421198223814137,3.038
MHL,2019,8.549237253655399,3.012
MHL,2020,8.551125963822487,2.989
MHL,2021,8.604346015763062,2.964
MHL,2022,8.628996415929873,2.936
MHL,2023,8.605225672745899,2.919
MHL,2024,8.671206894323893,2.864
MIC,1960,6.721463938034274,5.43438358945589
MIC,1961,6.719669302649252,5.24659788583293
MIC,1962,6.733498138879462,5.98186679644841
MIC,1963,6.756330003374259,6.43823163490897
MIC,1964,6.8107315997698095,6.15745494625767
MIC,1965,6.845840222706424,6.10956524594623
MIC,1966,6.868544262589684,5.98583063086504
MIC,1967,6.875613244011143,5.79412152393875
MIC,1968,6.911077289888309,5.98622421251866
MIC,1969,6.963814146353499,5.84125678414818
MIC,1970,7.0167195737972685,5.77725244071002
MIC,1971,7.051445670149157,5.55748589958412
MIC,1972,7.087737697832335,5.37776848727841
MIC,1973,7.132104802157393,5.2025113656318
MIC,1974,7.16717866369743,4.96658220321182
MIC,1975,7.187223945536994,4.71736257806966
MIC,1976,7.227530279322898,4.56813196407656
MIC,1977,7.252335918201613,4.38415599980926
MIC,1978,7.2687775300592925,4.28421989935102
MIC,1979,7.293328883499233,4.24153601074552
MIC,1980,7.317722362142266,4.19739962492666
MIC,1981,7.315012304659785,4.1623924199394
MIC,1982,7.322205195539068,4.17293492505069
MIC,1983,7.315379575443686,3.99013284434297
MIC,1984,7.341579846989081,3.95104976026819
MIC,1985,7.36488236932331,3.88839959307722
MIC,1986,7.38085320713041,3.85964386313185
MIC,1987,7.405468713533105,3.80513157990835
MIC,1988,7.425604840333354,3.67122690189617
MIC,1989,7.433888578943368,3.60597278327789
MIC,1990,7.446087025947649,3.54543572780411
MIC,1991,7.456528364879497,3.30412021502389
MIC,1992,7.481173682942226,3.1914233615282
MIC,1993,7.513038612222619,3.10925952028972
MIC,1994,7.546279700653776,3.037439362949
MIC,1995,7.574675582386303,2.97282106626419
MIC,1996,7.618507558125355,2.91071179775077
MIC,1997,7.657599723681039,2.85709394073165
MIC,1998,7.674036278961771,2.81155370042001
MIC,1999,7.6943399371474985,2.77602581950463
MIC,2000,7.733934763930406,2.77542593520512
MIC,2001,7.755231660508166,2.72495523519381
MIC,2002,7.786983716414245,2.68564956893289
MIC,2003,7.830183672368819,2.65053601951535
MIC,2004,7.8917755402180685,2.63139768034736
MIC,2005,7.95005716820103,2.60749791085604
MIC,2006,8.016754752261974,2.58971129169206
MIC,2007,8.089381888655726,2.5732766508616
MIC,2008,8.13456037355976,2.56880037836948
MIC,2009,8.160917644985666,2.5577435930723
MIC,2010,8.22643534262711,2.52686339727836
MIC,2011,8.276441547621847,2.50354304996341
MIC,2012,8.318678504665291,2.5203286761446
MIC,2013,8.360937282819721,2.47456155116053
MIC,2014,8.398849465291335,2.45995452894726
MIC,2015,8.433290740249987,2.42245316265027
MIC,2016,8.467682152600476,2.42391884220825
MIC,2017,8.508002402394128,2.39029375367272
MIC,2018,8.545548948360384,2.30528428131855
MIC,2019,8.57554790594852,2.26136124257505
MIC,2020,8.554326536862263,2.1681220437839
MIC,2021,8.617775981235953,2.12509036265843
MIC,2022,8.649548614627523,2.09468065706992
MIC,2023,8.687889603997997,2.07783594445476
MIC,2024,8.723219546230757,2.07123959541259
MKD,1990,8.170276947794042,2.269
MKD,1991,8.110318943480662,2.31
MKD,1992,8.053894189311878,2.281
MKD,1993,7.988974351348517,2.26
MKD,1994,7.978331177450115,2.232
MKD,1995,7.964180832844667,2.13
MKD,1996,7.968972044516914,2.059
MKD,1997,7.991092776716138,1.916
MKD,1998,8.019000710347171,1.89
MKD,1999,8.056695971106913,1.77
MKD,2000,8.096628457873,1.863
MKD,2001,8.061273955781283,1.729
MKD,2002,8.083362757975165,1.786
MKD,2003,8.104074995499568,1.745
MKD,2004,8.15299442814708,1.524
MKD,2005,8.204552378676441,1.5
MKD,2006,8.260168736376048,1.46
MKD,2007,8.328604086051813,1.46
MKD,2008,8.387665366133492,1.47
MKD,2009,8.390541044147287,1.5
MKD,2010,8.429970557594938,1.6
MKD,2011,8.457683132467706,1.46
MKD,2012,8.457029446518554,1.5
MKD,2013,8.48955081431236,1.5
MKD,2014,8.527885823401416,1.5
MKD,2015,8.568396958460816,1.49
MKD,2016,8.599684612434945,1.5
MKD,2017,8.614468462655624,1.43
MKD,2018,8.647939544764558,1.42
MKD,2019,8.693091623035492,1.34
MKD,2020,8.655863493690106,1.31
MKD,2021,8.710277150432288,1.6
MKD,2022,8.74043709121867,1.6
MKD,2023,8.767795043598106,1.5
MKD,2024,8.79918614134707,1.4
MLI,1967,6.242108251738098,7.136
MLI,1968,6.263269388604783,7.159
MLI,1969,6.250124580550782,7.175
MLI,1970,6.2938233239531725,7.181
MLI,1971,6.303151092842746,7.203
MLI,1972,6.343497817332034,7.219
MLI,1973,6.311504029964181,7.223
MLI,1974,6.278320009428983,7.228
MLI,1975,6.370316847127806,7.253
MLI,1976,6.480103558731925,7.272
MLI,1977,6.523152906545945,7.299
MLI,1978,6.489042647571111,7.319
MLI,1979,6.568002233499134,7.348
MLI,1980,6.502948837235177,7.365
MLI,1981,6.503877211180282,7.365
MLI,1982,6.394507479595534,7.32
MLI,1983,6.349304034204999,7.276
MLI,1984,6.2993456158938095,7.256
MLI,1985,6.403230205591168,7.261
MLI,1986,6.377046163264035,7.311
MLI,1987,6.351883829743817,7.312
MLI,1988,6.437040007427378,7.324
MLI,1989,6.453748277935849,7.331
MLI,1990,6.379741796433529,7.311
MLI,1991,6.479067215686789,7.28
MLI,1992,6.406992790464933,7.237
MLI,1993,6.428709983741052,7.18
MLI,1994,6.4615947447833255,7.119
MLI,1995,6.447186120809662,7.052
MLI,1996,6.487345568521409,7.01
MLI,1997,6.505006967036806,6.971
MLI,1998,6.54409365929548,6.936
MLI,1999,6.5622770547511236,6.911
MLI,2000,6.525758747493748,6.886
MLI,2001,6.6424350963160546,6.852
MLI,2002,6.641278338796881,6.819
MLI,2003,6.70295307521519,6.783
MLI,2004,6.6852388018973326,6.741
MLI,2005,6.677553537409113,6.708
MLI,2006,6.680980809962873,6.677
MLI,2007,6.665548568540009,6.647
MLI,2008,6.66842710917962,6.624
MLI,2009,6.688960680909535,6.592
MLI,2010,6.7107438969977755,6.579
MLI,2011,6.707350030615608,6.545
MLI,2012,6.667368248910837,6.523
MLI,2013,6.670537458421474,6.491
MLI,2014,6.701930465416038,6.441
MLI,2015,6.731161132497182,6.385
MLI,2016,6.757807675312093,6.319
MLI,2017,6.778285738288648,6.251
MLI,2018,6.794562305987584,6.118
MLI,2019,6.813171012316802,5.892
MLI,2020,6.771235914601654,5.85
MLI,2021,6.771170669370656,5.779
MLI,2022,6.777439103357243,5.692
MLI,2023,6.7942385018632985,5.614
MLI,2024,6.813774628892051,5.51
MLT,1970,8.04982395750914,2.03
MLT,1971,8.073902432842411,2.06
MLT,1972,8.13147120138311,2.01
MLT,1973,8.172923029579792,1.65
MLT,1974,8.269239377306713,1.64
MLT,1975,8.440544279288499,2.27
MLT,1976,8.592605513150374,2.21
MLT,1977,8.703673465229137,2.14
MLT,1978,8.799075104155309,2.05
MLT,1979,8.888700911084632,2.1
MLT,1980,8.946338015718078,1.99
MLT,1981,8.971565660302925,1.87
MLT,1982,8.972703380236826,1.9
MLT,1983,8.95246582614968,1.92
MLT,1984,8.961636671722951,1.95
MLT,1985,8.969593452643787,1.95
MLT,1986,8.991000632140295,1.93
MLT,1987,9.0243973475705,1.97
MLT,1988,9.096976180212833,2.06
MLT,1989,9.165861286935293,2.1
MLT,1990,9.21709225785995,2.02
MLT,1991,9.250827067510246,1.99
MLT,1992,9.28635298302211,2.07
MLT,1993,9.320198074030937,1.96
MLT,1994,9.36581745365013,1.84
MLT,1995,9.420340770546892,1.77
MLT,1996,9.450852943117319,1.99
MLT,1997,9.494519624910696,1.93
MLT,1998,9.538005925750825,1.84
MLT,1999,9.578197014040992,1.73
MLT,2000,9.751406276139328,1.68
MLT,2001,9.73629436122793,1.48
MLT,2002,9.755881678639488,1.45
MLT,2003,9.785571775838141,1.48
MLT,2004,9.782920761111287,1.4
MLT,2005,9.804951485451275,1.38
MLT,2006,9.824401291158187,1.36
MLT,2007,9.870050528040338,1.35
MLT,2008,9.906704960601118,1.43
MLT,2009,9.885115144640713,1.42
MLT,2010,9.940332284113836,1.36
MLT,2011,9.945968392916484,1.45
MLT,2012,9.977174176781398,1.42
MLT,2013,10.026876520412557,1.36
MLT,2014,10.080212459903496,1.38
MLT,2015,10.147596557588672,1.37
MLT,2016,10.164678050753091,1.37
MLT,2017,10.259294747390365,1.26
MLT,2018,10.293391930920295,1.23
MLT,2019,10.292912977147441,1.14
MLT,2020,10.23501211678321,1.14
MLT,2021,10.355184099191574,1.13
MLT,2022,10.356071324875137,1.08
MLT,2023,10.417203511533016,1.06
MLT,2024,10.448766464651698,1.01
MMR,1960,4.865779374527208,5.901
MMR,1961,4.848620403751214,5.9
MMR,1962,4.86667208962482,5.904
MMR,1963,4.969818805812543,5.905
MMR,1964,4.8867519863791,5.907
MMR,1965,4.965757989353842,5.912
MMR,1966,4.893339049925214,5.876
MMR,1967,4.809570380617326,5.842
MMR,1968,4.900732157352737,5.797
MMR,1969,4.910466877581913,5.747
MMR,1970,4.936451355141034,5.682
MMR,1971,4.954585439415896,5.615
MMR,1972,4.9565616093315485,5.527
MMR,1973,4.926013819027061,5.435
MMR,1974,4.95855231297463,5.341
MMR,1975,4.9798871106992255,5.249
MMR,1976,5.019803326305485,5.159
MMR,1977,5.058393944567041,5.069
MMR,1978,5.102049531723148,4.985
MMR,1979,5.1334393807750756,4.897
MMR,1980,5.1906686846345504,4.789
MMR,1981,5.233458652812644,4.688
MMR,1982,5.269716545965138,4.662
MMR,1983,5.293169858339467,4.633
MMR,1984,5.320587261162256,4.517
MMR,1985,5.3287448407458005,4.316
MMR,1986,5.2993946700748324,4.081
MMR,1987,5.2410677766373714,3.861
MMR,1988,5.10412816686895,3.67
MMR,1989,5.124641453466938,3.593
MMR,1990,5.1371706523464695,3.504
MMR,1991,5.116258414955474,3.432
MMR,1992,5.194806402843188,3.354
MMR,1993,5.240055242727788,3.281
MMR,1994,5.298941114683701,3.204
MMR,1995,5.3531162798035705,3.127
MMR,1996,5.402737559232298,3.058
MMR,1997,5.444959732757413,2.985
MMR,1998,5.48948364377532,2.912
MMR,1999,5.581446597320012,2.851
MMR,2000,5.699072950589988,2.813
MMR,2001,5.7959783333535215,2.793
MMR,2002,5.8995022075567665,2.765
MMR,2003,6.0198060167636935,2.68
MMR,2004,6.138439836098998,2.588
MMR,2005,6.25785826852312,2.515
MMR,2006,6.37346581974586,2.471
MMR,2007,6.479629952813736,2.447
MMR,2008,6.57175151923277,2.404
MMR,2009,6.666492121073843,2.369
MMR,2010,6.751022492737562,2.335
MMR,2011,6.797396223357358,2.306
MMR,2012,6.859744047385542,2.276
MMR,2013,6.932145996965493,2.264
MMR,2014,7.002377838339691,2.252
MMR,2015,7.0619628618732735,2.266
MMR,2016,7.111005576897016,2.27
MMR,2017,7.162834681045915,2.252
MMR,2018,7.216392485398779,2.228
MMR,2019,7.273085574716955,2.206
MMR,2020,7.17112969730828,2.179
MMR,2021,7.036144677156973,2.158
MMR,2022,7.068825091555892,2.131
MMR,2023,7.071375124236996,2.115
MMR,2024,7.054863459359703,2.098
MNA,1960,6.932821467228121,6.98920934561558
MNA,1961,6.944182125651641,7.01138731304419
MNA,1962,6.944355463668356,7.06367689348168
MNA,1963,7.024558069490763,7.04398523958933
MNA,1964,7.095029729831749,7.01396352530694
MNA,1965,7.183789059119159,6.98298978711875
MNA,1966,7.225843486157036,6.96478623017655
MNA,1967,7.271251130235493,6.94697621907675
MNA,1968,7.360650339567105,6.92019826888453
MNA,1969,7.437518131236177,6.88396561905607
MNA,1970,7.49324340416283,6.83363638756391
MNA,1971,7.520169559887295,6.77310892950621
MNA,1972,7.6054200025654675,6.7053273011662
MNA,1973,7.630957550788009,6.64914643820049
MNA,1974,7.6742736250132895,6.61225276870865
MNA,1975,7.675994481516681,6.58676597045661
MNA,1976,7.787526566642567,6.57939571136647
MNA,1977,7.774772294745837,6.56061527808659
MNA,1978,7.726588293509153,6.54208188900593
MNA,1979,7.691572310585461,6.53680999551613
MNA,1980,7.627493928702388,6.50131487633698
MNA,1981,7.582326856759791,6.4372880866228
MNA,1982,7.6552670173757775,6.37756585529525
MNA,1983,7.6705518305837215,6.31181739373735
MNA,1984,7.640692799552892,6.22571829032749
MNA,1985,7.65198332039324,6.12138665338542
MNA,1986,7.603214550099682,5.99437112849732
MNA,1987,7.583080548911095,5.86095660731806
MNA,1988,7.571486376748623,5.73215617303728
MNA,1989,7.56994298415358,5.59166350669767
MNA,1990,7.629657808960673,5.45989807226346
MNA,1991,7.613643875575696,5.3006982006967
MNA,1992,7.634666525845464,5.12980162518385
MNA,1993,7.623186238444582,4.96525939653562
MNA,1994,7.620642109936641,4.80567707895635
MNA,1995,7.625389173100771,4.62503840917937
MNA,1996,7.659449552704899,4.46042195357475
MNA,1997,7.670149792085997,4.33412527967481
MNA,1998,7.699705691888196,4.22281381517427
MNA,1999,7.7179219058298365,4.14044222495555
MNA,2000,7.751550256606149,4.04137890905639
MNA,2001,7.758186614527166,3.93057640432268
MNA,2002,7.768810717930306,3.8271235820188
MNA,2003,7.773221248314797,3.76354726128922
MNA,2004,7.824761133226595,3.67100530727594
MNA,2005,7.850408287965471,3.62182195458792
MNA,2006,7.880269415905706,3.6100312048631
MNA,2007,7.915022733369414,3.59441353508586
MNA,2008,7.927472553879118,3.58130406581268
MNA,2009,7.933336901249297,3.57177972392374
MNA,2010,7.95889902206928,3.56282894271289
MNA,2011,7.934242586377849,3.54610406035721
MNA,2012,7.949141702865526,3.54106246026335
MNA,2013,7.941236992167149,3.53015929601993
MNA,2014,7.946481734029876,3.51235230424941
MNA,2015,7.940449729182832,3.48219949137543
MNA,2016,7.978210671792446,3.41866135030369
MNA,2017,7.994887676654596,3.38993507836557
MNA,2018,7.998026160255648,3.2999810388616
MNA,2019,7.99402746837204,3.23197870200249
MNA,2020,7.94993988430568,3.19426320279169
MNA,2021,7.975273600729978,3.1492781508572
MNA,2022,8.000612155513394,3.11585080940198
MNA,2023,8.011770313235557,3.08429933241737
MNA,2024,8.016979475820118,3.04961747732347
MNE,1997,8.400219389930575,1.886
MNE,1998,8.45110971644071,1.893
MNE,1999,8.35513097022366,1.884
MNE,2000,8.387395969135417,1.903
MNE,2001,8.394310703294577,1.855
MNE,2002,8.409163576406511,1.813
MNE,2003,8.429695481664485,1.804
MNE,2004,8.471232310406615,1.734
MNE,2005,8.510708783202205,1.69
MNE,2006,8.591657749908888,1.73
MNE,2007,8.659219984894689,1.8
MNE,2008,8.724155764719773,1.89
MNE,2009,8.66019412347567,1.98
MNE,2010,8.685739488027894,1.7
MNE,2011,8.717789619015496,1.65
MNE,2012,8.69087357481033,1.72
MNE,2013,8.722294744745602,1.73
MNE,2014,8.743864627239612,1.75
MNE,2015,8.767329156720102,1.7
MNE,2016,8.80002079578283,1.8
MNE,2017,8.830675800193273,1.8
MNE,2018,8.876190925394813,1.8
MNE,2019,8.91868941734561,1.8
MNE,2020,8.756517427251728,1.75
MNE,2021,8.881600336407983,1.75
MNE,2022,8.958488603513848,1.8
MNE,2023,9.021359645252147,1.74
MNE,2024,9.052516787675057,1.8
MNG,1981,7.262261259659126,5.982
MNG,1982,7.318288625183851,5.801
MNG,1983,7.350793273832574,5.628
MNG,1984,7.38399213595678,5.451
MNG,1985,7.41469659868005,5.262
MNG,1986,7.478898853641603,5.029
MNG,1987,7.486941249152821,4.829
MNG,1988,7.510643823680742,4.647
MNG,1989,7.528786351063148,4.42
MNG,1990,7.508489010955879,4.5
MNG,1991,7.386284867616498,4.0
MNG,1992,7.288022006039152,3.5
MNG,1993,7.257048973289618,2.5
MNG,1994,7.267023366759415,2.7
MNG,1995,7.312730235057171,2.77
MNG,1996,7.319420600198685,2.5
MNG,1997,7.343478611280729,2.4
MNG,1998,7.362440402770404,2.3
MNG,1999,7.378579533082161,2.3
MNG,2000,7.3767038646188245,2.2
MNG,2001,7.3935470683440405,2.2
MNG,2002,7.426937897613762,2.1
MNG,2003,7.4819213064828745,2.0
MNG,2004,7.571660365167494,2.0
MNG,2005,7.630588283925541,2.0
MNG,2006,7.700631596754892,2.1
MNG,2007,7.784774548051303,2.3
MNG,2008,7.854269818490425,2.6
MNG,2009,7.823537751687497,2.8
MNG,2010,7.86774639284731,2.4
MNG,2011,8.00996655907954,2.6
MNG,2012,8.107167188010816,2.7
MNG,2013,8.196686802227164,3.0
MNG,2014,8.25071379070713,3.1
MNG,2015,8.252946686819639,3.0
MNG,2016,8.247460953034002,3.0
MNG,2017,8.283040497192792,2.8
MNG,2018,8.338988508131704,2.9
MNG,2019,8.375126437968385,3.0
MNG,2020,8.310423382945018,2.9
MNG,2021,8.309808981404466,2.8
MNG,2022,8.344240143608863,2.7
MNG,2023,8.40212712345176,2.7
MNG,2024,8.439619919736796,2.5
MNP,2002,10.088577613373083,1.678
MNP,2003,10.112533824629358,1.893
MNP,2004,10.104199868030912,2.066
MNP,2005,9.993433040513047,2.256
MNP,2006,9.949424219687963,2.613
MNP,2007,9.909355489147977,2.786
MNP,2008,9.822895014968932,2.815
MNP,2009,9.66208969607912,2.736
MNP,2010,9.698509624506514,2.982
MNP,2011,9.630768367685697,3.208
MNP,2012,9.645844802406147,3.328
MNP,2013,9.681283242274025,3.535
MNP,2014,9.73326413949578,3.372
MNP,2015,9.779346263106214,3.134
MNP,2016,10.050120379656798,2.923
MNP,2017,10.274683697416904,2.762
MNP,2018,10.075615984748445,2.643
MNP,2019,9.973547062598895,2.559
MNP,2020,9.642779630581344,2.494
MNP,2021,9.702901209568122,2.441
MNP,2022,9.87621198903823,2.388
MOZ,1980,5.527711538856367,6.53
MOZ,1981,5.556251084854777,6.48
MOZ,1982,5.462846077056647,6.43
MOZ,1983,5.271180750069649,6.434
MOZ,1984,5.184116144433763,6.438
MOZ,1985,5.1753250208436015,6.43
MOZ,1986,5.134549420268712,6.413
MOZ,1987,5.267635982089733,6.393
MOZ,1988,5.348165565613514,6.367
MOZ,1989,5.4028716128996495,6.348
MOZ,1990,5.398384310835689,6.319
MOZ,1991,5.426986428212213,6.276
MOZ,1992,5.32882041987613,6.218
MOZ,1993,5.400984869141129,6.153
MOZ,1994,5.395800562239206,6.082
MOZ,1995,5.356993030911438,6.019
MOZ,1996,5.425824026152221,5.973
MOZ,1997,5.5101368241708135,5.933
MOZ,1998,5.586022083984013,5.905
MOZ,1999,5.675245880533787,5.875
MOZ,2000,5.66084237166771,5.83
MOZ,2001,5.75948741806728,5.755
MOZ,2002,5.829343686083938,5.667
MOZ,2003,5.876393585650507,5.6
MOZ,2004,5.932417475218029,5.551
MOZ,2005,5.970495623270462,5.5
MOZ,2006,6.041507409096922,5.452
MOZ,2007,6.091422034290103,5.466
MOZ,2008,6.133283708601263,5.598
MOZ,2009,6.164972751093582,5.681
MOZ,2010,6.202865137097766,5.66
MOZ,2011,6.243914358470833,5.599
MOZ,2012,6.292114394176851,5.518
MOZ,2013,6.326853972138992,5.43
MOZ,2014,6.372067668344984,5.304
MOZ,2015,6.414382751168728,5.245
MOZ,2016,6.430976292682047,5.188
MOZ,2017,6.427131768870941,5.128
MOZ,2018,6.431578610385618,5.07
MOZ,2019,6.425094800688096,5.016
MOZ,2020,6.383175600344625,4.959
MOZ,2021,6.3770939803561095,4.905
MOZ,2022,6.390386010393377,4.84
MOZ,2023,6.414427408741362,4.763
MOZ,2024,6.406489615193047,4.69
MRT,1961,7.140010184333467,6.199
MRT,1962,7.12041189648465,6.244
MRT,1963,7.072869499986118,6.312
MRT,1964,7.289134704891239,6.37
MRT,1965,7.40991235172805,6.444
MRT,1966,7.382718133735685,6.516
MRT,1967,7.387749545304971,6.568
MRT,1968,7.454530387968462,6.603
MRT,1969,7.43646723819408,6.643
MRT,1970,7.519156893053467,6.677
MRT,1971,7.507063420221819,6.696
MRT,1972,7.469598959484878,6.706
MRT,1973,7.39274911000545,6.718
MRT,1974,7.477780432113798,6.73
MRT,1975,7.395562687752445,6.713
MRT,1976,7.4482473302539995,6.727
MRT,1977,7.400483026839613,6.736
MRT,1978,7.3670612809114076,6.727
MRT,1979,7.385502207894859,6.702
MRT,1980,7.39025080650135,6.671
MRT,1981,7.395527162374963,6.635
MRT,1982,7.343064044558736,6.588
MRT,1983,7.350965093681226,6.541
MRT,1984,7.289364385158566,6.483
MRT,1985,7.29001639055988,6.423
MRT,1986,7.316782645306679,6.343
MRT,1987,7.3068122704000205,6.271
MRT,1988,7.2949819848028055,6.213
MRT,1989,7.316542518569185,6.195
MRT,1990,7.273335545073743,6.175
MRT,1991,7.261846056085127,6.157
MRT,1992,7.242146902107048,6.126
MRT,1993,7.258774671128621,6.093
MRT,1994,7.193721293921768,6.058
MRT,1995,7.2599591686008536,5.962
MRT,1996,7.296744207877507,5.861
MRT,1997,7.2331815339918615,5.743
MRT,1998,7.23464990453324,5.623
MRT,1999,7.243990167849457,5.524
MRT,2000,7.176186323850898,5.456
MRT,2001,7.143472997746027,5.407
MRT,2002,7.135080359230348,5.373
MRT,2003,7.179185464216261,5.364
MRT,2004,7.201930669790764,5.374
MRT,2005,7.259878366694749,5.376
MRT,2006,7.403146719422631,5.404
MRT,2007,7.357250694265558,5.426
MRT,2008,7.325186322170231,5.436
MRT,2009,7.2948746571270116,5.406
MRT,2010,7.288823612892732,5.384
MRT,2011,7.297253077851553,5.38
MRT,2012,7.308341616503797,5.352
MRT,2013,7.3176533405705735,5.317
MRT,2014,7.329391204921639,5.261
MRT,2015,7.351698552016565,5.211
MRT,2016,7.334249227389078,5.157
MRT,2017,7.365189322814944,5.106
MRT,2018,7.382071714438738,5.044
MRT,2019,7.383463830237113,4.984
MRT,2020,7.3506414810996965,4.912
MRT,2021,7.329170855991351,4.848
MRT,2022,7.365625542812952,4.77
MRT,2023,7.40183682939163,4.697
MRT,2024,7.434163851999394,4.625
MUS,1960,7.257992924501904,5.897
MUS,1961,7.463153500878396,5.982
MUS,1962,7.4428126547014495,5.877
MUS,1963,7.546826042180137,6.18
MUS,1964,7.451363258458431,5.956
MUS,1965,7.460515080552895,5.508
MUS,1966,7.403398330962543,5.46
MUS,1967,7.426850410868729,4.626
MUS,1968,7.337142652132297,4.596
MUS,1969,7.367921263121319,3.965
MUS,1970,7.34729392789683,3.82
MUS,1971,7.373251574071829,3.508
MUS,1972,7.438250613716165,3.407
MUS,1973,7.536544265687465,3.071
MUS,1974,7.605819912885874,3.453
MUS,1975,7.599068307895186,3.197
MUS,1976,7.796048653201106,3.129
MUS,1977,7.843197771034565,3.071
MUS,1978,7.86772186394347,3.011
MUS,1979,7.8848787558022515,2.914
MUS,1980,7.761977235272704,2.803
MUS,1981,7.80431596565682,2.666
MUS,1982,7.845604733996733,2.534
MUS,1983,7.840238661117102,2.396
MUS,1984,7.875694820212496,2.16
MUS,1985,7.934754701222959,2.02
MUS,1986,8.020071815368278,1.99
MUS,1987,8.097768386021066,2.05
MUS,1988,8.156591095138083,2.14
MUS,1989,8.192615270494423,2.23
MUS,1990,8.254894466625755,2.32
MUS,1991,8.287498785788285,2.3
MUS,1992,8.33743538221629,2.37
MUS,1993,8.375151386948408,2.21
MUS,1994,8.401679665055442,2.25
MUS,1995,8.435063921136893,2.14
MUS,1996,8.479209340052334,2.12
MUS,1997,8.522004590964144,2.04
MUS,1998,8.57043773356145,1.97
MUS,1999,8.583499542179636,2.05
MUS,2000,8.65250976235398,1.99
MUS,2001,8.677536590824774,1.91
MUS,2002,8.686614365040613,1.94
MUS,2003,8.73694306360717,1.87
MUS,2004,8.77306098058126,1.92
MUS,2005,8.784759278760452,1.88
MUS,2006,8.827604059549161,1.77
MUS,2007,8.879086936169763,1.74
MUS,2008,8.928661157982713,1.67
MUS,2009,8.959087699214146,1.59
MUS,2010,8.999736966581228,1.57
MUS,2011,9.038754841554317,1.55
MUS,2012,9.070485670159163,1.56
MUS,2013,9.101475103548594,1.45
MUS,2014,9.137516765579655,1.44
MUS,2015,9.172694970877131,1.37
MUS,2016,9.210129548069917,1.41
MUS,2017,9.248010197380088,1.46
MUS,2018,9.287806981714475,1.42
MUS,2019,9.315721700443156,1.41
MUS,2020,9.162577499320603,1.46
MUS,2021,9.195160631597496,1.42
MUS,2022,9.278301444541968,1.33
MUS,2023,9.335274097343342,1.4
MUS,2024,9.385872643744937,1.44
MWI,1960,5.562114464699202,7.042
MWI,1961,5.611928925645405,7.067
MWI,1962,5.594453318229994,7.095
MWI,1963,5.5559980107439015,7.127
MWI,1964,5.5577470329059375,7.114
MWI,1965,5.660976698192808,7.126
MWI,1966,5.7608543905155996,7.174
MWI,1967,5.806416242239618,7.213
MWI,1968,5.762199712930487,7.262
MWI,1969,5.794697949148027,7.274
MWI,1970,5.774845044266314,7.295
MWI,1971,5.900109319949281,7.311
MWI,1972,5.934992448512554,7.326
MWI,1973,5.931525606330469,7.338
MWI,1974,5.973739463924072,7.344
MWI,1975,6.0048199012693475,7.359
MWI,1976,6.0245079220885085,7.387
MWI,1977,6.041479493467547,7.408
MWI,1978,6.100304690733491,7.434
MWI,1979,6.106391101430714,7.465
MWI,1980,6.071926820182339,7.518
MWI,1981,5.978307625216247,7.493
MWI,1982,5.963552546269616,7.451
MWI,1983,5.960606625610722,7.361
MWI,1984,5.973733582933448,7.265
MWI,1985,5.979945255840191,7.17
MWI,1986,5.940955279244471,7.069
MWI,1987,5.909326925403021,6.97
MWI,1988,5.886611859579041,6.876
MWI,1989,5.852780223344033,6.803
MWI,1990,5.868650669667381,6.74
MWI,1991,5.921571882819419,6.681
MWI,1992,5.816296970087597,6.63
MWI,1993,5.894212720874933,6.573
MWI,1994,5.7978315562789895,6.488
MWI,1995,5.9539696005506695,6.392
MWI,1996,6.004866990998275,6.285
MWI,1997,6.02202553349398,6.231
MWI,1998,6.038618242446171,6.205
MWI,1999,6.045242039482963,6.124
MWI,2000,6.036899051721604,6.002
MWI,2001,5.961675320712021,5.943
MWI,2002,5.954045558490261,5.903
MWI,2003,5.984502484995049,5.875
MWI,2004,6.011426269720294,5.864
MWI,2005,6.016810554951459,5.848
MWI,2006,6.0351887815164424,5.802
MWI,2007,6.098645591790816,5.724
MWI,2008,6.143222666286294,5.609
MWI,2009,6.193652901504677,5.453
MWI,2010,6.2306559413158595,5.263
MWI,2011,6.249654218969128,5.083
MWI,2012,6.239769514228157,4.902
MWI,2013,6.264079260215444,4.759
MWI,2014,6.290758814885902,4.569
MWI,2015,6.2908380635738395,4.384
MWI,2016,6.288271097381806,4.216
MWI,2017,6.300410915634879,4.113
MWI,2018,6.316313766879168,4.021
MWI,2019,6.345401683069272,3.952
MWI,2020,6.326948949706904,3.877
MWI,2021,6.345581916052533,3.791
MWI,2022,6.329071424985529,3.72
MWI,2023,6.3226285048163415,3.648
MWI,2024,6.313460222621001,3.59
MYS,1960,7.143866589971904,6.412
MYS,1961,7.191261024197564,6.367
MYS,1962,7.227414109037791,6.296
MYS,1963,7.272089247991924,6.191
MYS,1964,7.298331133233868,6.03
MYS,1965,7.346871882039517,5.836
MYS,1966,7.397240343102184,5.635
MYS,1967,7.4114143295402535,5.433
MYS,1968,7.465481595614823,5.291
MYS,1969,7.490607380866695,5.159
MYS,1970,7.525772978869374,5.035
MYS,1971,7.5976471643066015,4.924
MYS,1972,7.663364163163977,4.822
MYS,1973,7.750071365049128,4.727
MYS,1974,7.806009410368806,4.619
MYS,1975,7.79008105668517,4.501
MYS,1976,7.875545006025337,4.398
MYS,1977,7.9262001151815795,4.282
MYS,1978,7.966611348841604,4.179
MYS,1979,8.031966869490379,4.091
MYS,1980,8.075983112271834,4.035
MYS,1981,8.111574073126603,4.002
MYS,1982,8.137459328377181,3.967
MYS,1983,8.165873858023504,3.928
MYS,1984,8.208046666965744,3.885
MYS,1985,8.164867363846122,3.804
MYS,1986,8.144422877221128,3.699
MYS,1987,8.162804057512634,3.565
MYS,1988,8.226108020070832,3.502
MYS,1989,8.282436141873417,3.313
MYS,1990,8.33920480788165,3.304
MYS,1991,8.402215765935697,3.339
MYS,1992,8.460863634581017,3.373
MYS,1993,8.529633707177906,3.364
MYS,1994,8.592319527559939,3.346
MYS,1995,8.660661668195443,3.317
MYS,1996,8.730765369545727,3.297
MYS,1997,8.776561664448847,3.227
MYS,1998,8.675557899070128,3.12
MYS,1999,8.711271403750604,3.068
MYS,2000,8.772705449478574,2.942
MYS,2001,8.753833720396491,2.807
MYS,2002,8.782155112220659,2.658
MYS,2003,8.814764280155496,2.601
MYS,2004,8.857279685880815,2.493
MYS,2005,8.886550789184724,2.391
MYS,2006,8.918624935385537,2.308
MYS,2007,8.957973567306357,2.252
MYS,2008,8.984207087579115,2.262
MYS,2009,8.949035490846198,2.223
MYS,2010,9.00195275257077,2.144
MYS,2011,9.036025375384428,2.153
MYS,2012,9.072287540302792,2.117
MYS,2013,9.101061885413454,2.07
MYS,2014,9.142246798825608,2.058
MYS,2015,9.17457637603625,2.008
MYS,2016,9.200439479682519,1.942
MYS,2017,9.239293449107793,1.893
MYS,2018,9.269570612593471,1.838
MYS,2019,9.296791745038226,1.777
MYS,2020,9.227341606904542,1.68
MYS,2021,9.248432247470918,1.555
MYS,2022,9.322923348569963,1.55
MYS,2023,9.345342528653756,1.55
MYS,2024,9.382930673106989,1.543
NAC,1960,9.834945116759569,3.66813374560788
NAC,1961,9.841437057589907,3.63201562109414
NAC,1962,9.885907402928774,3.48089756292059
NAC,1963,9.91482616538005,3.34515625898632
NAC,1964,9.957502118428453,3.21426362953675
NAC,1965,10.006452872896562,2.9315842104351
NAC,1966,10.057445018182785,2.72360870168464
NAC,1967,10.071064792823481,2.55520218544864
NAC,1968,10.107528045448085,2.45666564485671
NAC,1969,10.129408774051512,2.44445110698431
NAC,1970,10.121866387090689,2.458880480005
NAC,1971,10.140593433344648,2.2539154241962
NAC,1972,10.181210502641042,2.00714130327638
NAC,1973,10.22714810882614,1.88012802121368
NAC,1974,10.215368587176137,1.83523683103097
NAC,1975,10.204516069675881,1.77893712306794
NAC,1976,10.247571902462584,1.74374906104459
NAC,1977,10.281658186929244,1.78918658052099
NAC,1978,10.32350371481518,1.76080080719687
NAC,1979,10.344205488341276,1.80261317020283
NAC,1980,10.333849033969669,1.82954712372149
NAC,1981,10.349597460386404,1.80075567125157
NAC,1982,10.320394378099413,1.81368498975695
NAC,1983,10.354299674956419,1.78708490511878
NAC,1984,10.414329484789,1.7908093348366
NAC,1985,10.446721455837192,1.82658666082488
NAC,1986,10.47036619570308,1.82123855593193
NAC,1987,10.495476719575944,1.85271622980068
NAC,1988,10.527123797630805,1.90835624301518
NAC,1989,10.551797096777458,1.98906710243302
NAC,1990,10.557418597532301,2.05518103599582
NAC,1991,10.541415718305743,2.02732259209113
NAC,1992,10.560297348473007,2.01153078620432
NAC,1993,10.574405425156131,1.98574388953226
NAC,1994,10.602110977438311,1.96962896425723
NAC,1995,10.616855106305726,1.94657086051667
NAC,1996,10.640777130019561,1.9407821446047
NAC,1997,10.672333869370666,1.93029633691809
NAC,1998,10.704423575385173,1.9546128046502
NAC,1999,10.740297788033239,1.96138322623082
NAC,2000,10.77012595538714,2.00104445286266
NAC,2001,10.770384361874887,1.98111559022242
NAC,2002,10.778805302638979,1.97003758809819
NAC,2003,10.796980145070238,1.9973357672637
NAC,2004,10.824894132932767,2.00195357868507
NAC,2005,10.849680621177328,2.00891827912543
NAC,2006,10.867356319225248,2.05978280204498
NAC,2007,10.87770961993945,2.074587380697
NAC,2008,10.869930575364487,2.03436462442012
NAC,2009,10.834509180136013,1.97033818233665
NAC,2010,10.852661893724555,1.90241045540461
NAC,2011,10.861279561963146,1.86754587684267
NAC,2012,10.875199916371148,1.85497020907638
NAC,2013,10.888450928097448,1.83232546339748
NAC,2014,10.905462187608274,1.83688870286129
NAC,2015,10.924759033218347,1.81894736304592
NAC,2016,10.933979772417509,1.79727819078773
NAC,2017,10.951267459556206,1.74371916045505
NAC,2018,10.973600989866133,1.70714584622083
NAC,2019,10.992475075255214,1.68176811100914
NAC,2020,10.964301309086501,1.61762838954821
NAC,2021,11.021873893522388,1.64085346339155
NAC,2022,11.041394607068746,1.62341394358005
NAC,2023,11.059299115951958,1.5795114200617
NAC,2024,11.07452225895016,1.58553507990607
NAM,1980,8.172878206894419,6.238
NAM,1981,8.171333574450165,6.159
NAM,1982,8.14956122082366,6.078
NAM,1983,8.104589078873877,5.995
NAM,1984,8.075138922039626,5.94
NAM,1985,8.051193999078825,5.877
NAM,1986,8.067070314039418,5.793
NAM,1987,8.069967081432518,5.699
NAM,1988,8.042894445705857,5.609
NAM,1989,7.997854055075918,5.517
NAM,1990,7.957645622397537,5.398
NAM,1991,8.00282798282872,5.29
NAM,1992,8.040525924822164,5.107
NAM,1993,7.992699597729073,4.905
NAM,1994,7.978783056895543,4.676
NAM,1995,7.98798710025619,4.417
NAM,1996,7.992349981062747,4.201
NAM,1997,8.007802552100724,4.166
NAM,1998,8.014774358059027,4.176
NAM,1999,8.023048002027338,4.138
NAM,2000,8.033851915117301,3.991
NAM,2001,8.02466725181829,3.827
NAM,2002,8.053869811635773,3.693
NAM,2003,8.080951061384026,3.58
NAM,2004,8.183926420921873,3.545
NAM,2005,8.196368065135237,3.571
NAM,2006,8.251924439136854,3.601
NAM,2007,8.29094932936793,3.608
NAM,2008,8.30310399415493,3.616
NAM,2009,8.291347771810116,3.633
NAM,2010,8.334502743072532,3.657
NAM,2011,8.367003708870591,3.658
NAM,2012,8.394113823009352,3.676
NAM,2013,8.42272152996369,3.653
NAM,2014,8.455734071655062,3.635
NAM,2015,8.470962116800253,3.604
NAM,2016,8.44432721511902,3.574
NAM,2017,8.406648872820726,3.511
NAM,2018,8.389467854310752,3.462
NAM,2019,8.35304770327587,3.404
NAM,2020,8.239461301892296,3.349
NAM,2021,8.24533395072853,3.303
NAM,2022,8.270154243774979,3.248
NAM,2023,8.287400107330571,3.212
NAM,2024,8.302117384844653,3.211
NER,1960,6.6099001840413685,7.53
NER,1961,6.62536720774967,7.512
NER,1962,6.69415697959341,7.501
NER,1963,6.755241368526652,7.489
NER,1964,6.727696970978899,7.48
NER,1965,6.766081600925063,7.466
NER,1966,6.734043985326144,7.481
NER,1967,6.707327354104337,7.49
NER,1968,6.683515618734951,7.497
NER,1969,6.599746982823641,7.506
NER,1970,6.602698609092806,7.514
NER,1971,6.631213526941538,7.518
NER,1972,6.551595457760723,7.523
NER,1973,6.337933530011617,7.529
NER,1974,6.39519918532349,7.539
NER,1975,6.339787183753851,7.539
NER,1976,6.319101962934836,7.563
NER,1977,6.365956859832736,7.595
NER,1978,6.46371848890904,7.662
NER,1979,6.5033362447755705,7.722
NER,1980,6.448635725917702,7.782
NER,1981,6.416989260060009,7.822
NER,1982,6.408778353223073,7.862
NER,1983,6.339738079442715,7.902
NER,1984,6.12600821321952,7.921
NER,1985,6.17063036403104,7.932
NER,1986,6.202138833556161,7.904
NER,1987,6.172765933941134,7.871
NER,1988,6.208921073643268,7.841
NER,1989,6.187988281862831,7.818
NER,1990,6.144022293611428,7.806
NER,1991,6.108623536654158,7.798
NER,1992,6.097248717464506,7.795
NER,1993,6.068852463756802,7.79
NER,1994,6.05506709934062,7.786
NER,1995,6.046244247422329,7.776
NER,1996,6.013811382949284,7.78
NER,1997,5.995767745331358,7.802
NER,1998,6.056985469122133,7.84
NER,1999,6.020381636722919,7.84
NER,2000,5.973551606428521,7.829
NER,2001,6.008625191520422,7.81
NER,2002,6.021323773131806,7.797
NER,2003,6.007174884695823,7.789
NER,2004,5.974823808474816,7.777
NER,2005,6.009282193524459,7.769
NER,2006,6.030329480909105,7.744
NER,2007,6.02446191192748,7.726
NER,2008,6.06191262579786,7.702
NER,2009,6.044177723651797,7.679
NER,2010,6.089224374329243,7.64
NER,2011,6.075314455587776,7.592
NER,2012,6.137870165867721,7.527
NER,2013,6.152073358668328,7.445
NER,2014,6.179489076453245,7.342
NER,2015,6.185514090947897,7.215
NER,2016,6.190694071448602,7.043
NER,2017,6.208937266263771,6.874
NER,2018,6.241101429750416,6.706
NER,2019,6.266448116504737,6.537
NER,2020,6.277034805994733,6.369
NER,2021,6.255582563253701,6.2
NER,2022,6.338370353168635,6.135
NER,2023,6.331431909212529,6.061
NER,2024,6.378571577630626,5.935
NGA,1960,7.282748065621399,6.364
NGA,1961,7.264112137108333,6.353
NGA,1962,7.283322790932157,6.356
NGA,1963,7.344385636168405,6.349
NGA,1964,7.37128899856016,6.362
NGA,1965,7.397291814522061,6.367
NGA,1966,7.33210396713128,6.386
NGA,1967,7.139443916144652,6.401
NGA,1968,7.105321029346082,6.42
NGA,1969,7.299829203363492,6.438
NGA,1970,7.50019476439633,6.466
NGA,1971,7.609948032039863,6.532
NGA,1972,7.61908317333266,6.579
NGA,1973,7.646658851119917,6.633
NGA,1974,7.726232096500797,6.703
NGA,1975,7.644850001785382,6.773
NGA,1976,7.70270181903514,6.806
NGA,1977,7.731359162883939,6.862
NGA,1978,7.641349727428779,6.921
NGA,1979,7.675912363726779,6.887
NGA,1980,7.6858940336061785,6.847
NGA,1981,7.5144114607010675,6.82
NGA,1982,7.414029446675746,6.799
NGA,1983,7.272410529875882,6.775
NGA,1984,7.235562770642341,6.701
NGA,1985,7.264679391618522,6.616
NGA,1986,7.238122325618308,6.557
NGA,1987,7.242975899079687,6.504
NGA,1988,7.287007356163601,6.498
NGA,1989,7.279098243135181,6.494
NGA,1990,7.36340397128641,6.459
NGA,1991,7.340570060134532,6.426
NGA,1992,7.359588716971446,6.391
NGA,1993,7.312526113056517,6.354
NGA,1994,7.267796578030946,6.319
NGA,1995,7.240703373508637,6.273
NGA,1996,7.255663231207413,6.217
NGA,1997,7.2585802911153685,6.138
NGA,1998,7.25793154863128,6.069
NGA,1999,7.237396531314604,6.082
NGA,2000,7.259594465132531,6.124
NGA,2001,7.289922557011261,6.128
NGA,2002,7.405127929196699,6.116
NGA,2003,7.448458786767408,6.1
NGA,2004,7.509227147606736,6.09
NGA,2005,7.543936131918618,6.063
NGA,2006,7.5751530548670925,6.053
NGA,2007,7.6112651622861796,6.027
NGA,2008,7.648874857149329,6.024
NGA,2009,7.698304656841149,5.993
NGA,2010,7.747366572588008,5.948
NGA,2011,7.771057204497734,5.893
NGA,2012,7.784745308155398,5.797
NGA,2013,7.822180698537905,5.694
NGA,2014,7.856945080452944,5.622
NGA,2015,7.857764540382057,5.503
NGA,2016,7.816745387441366,5.343
NGA,2017,7.800454860692004,5.182
NGA,2018,7.796378193844972,5.021
NGA,2019,7.79627814125767,4.861
NGA,2020,7.70916759412648,4.7
NGA,2021,7.699237180151511,4.636
NGA,2022,7.720590703201436,4.552
NGA,2023,7.732227946050053,4.482
NGA,2024,7.7513019799650555,4.382
NIC,1960,7.42194112005594,7.159
NIC,1961,7.464349824409098,7.112
NIC,1962,7.537756871862609,7.1
NIC,1963,7.610796935364699,7.081
NIC,1964,7.691118466084639,7.064
NIC,1965,7.751481878616697,7.033
NIC,1966,7.753016389773457,6.99
NIC,1967,7.789192079650686,6.94
NIC,1968,7.771169463679581,6.885
NIC,1969,7.800292414742482,6.825
NIC,1970,7.782439982973161,6.773
NIC,1971,7.783765755850114,6.714
NIC,1972,7.776653575953461,6.653
NIC,1973,7.809858858380097,6.586
NIC,1974,7.911799393548643,6.521
NIC,1975,7.879674888523482,6.445
NIC,1976,7.900072337750755,6.366
NIC,1977,7.950356695453874,6.28
NIC,1978,7.839814703422292,6.164
NIC,1979,7.505247043353131,6.069
NIC,1980,7.522941423587627,5.959
NIC,1981,7.546911462312004,5.84
NIC,1982,7.5112759271261345,5.737
NIC,1983,7.53010441577731,5.611
NIC,1984,7.4894708215993555,5.488
NIC,1985,7.423939955745362,5.359
NIC,1986,7.390334882184892,5.217
NIC,1987,7.360315809610967,5.073
NIC,1988,7.2044001382910965,4.931
NIC,1989,7.1634386615873,4.762
NIC,1990,7.139560273861087,4.596
NIC,1991,7.1146117492812175,4.432
NIC,1992,7.095862001905139,4.267
NIC,1993,7.069972219353498,4.102
NIC,1994,7.081570056442028,3.937
NIC,1995,7.11863860599025,3.775
NIC,1996,7.1615762082639085,3.62
NIC,1997,7.1837876047075095,3.473
NIC,1998,7.204946566177612,3.339
NIC,1999,7.258636281158865,3.218
NIC,2000,7.2850780131543456,3.12
NIC,2001,7.301360450231303,2.996
NIC,2002,7.296742946025616,2.887
NIC,2003,7.309852179392455,2.827
NIC,2004,7.349792889742919,2.784
NIC,2005,7.378688293137505,2.765
NIC,2006,7.40511378825957,2.733
NIC,2007,7.440268694941515,2.697
NIC,2008,7.459717513687397,2.66
NIC,2009,7.411991413446985,2.626
NIC,2010,7.440955954105295,2.596
NIC,2011,7.488085678332341,2.558
NIC,2012,7.5369909268807636,2.527
NIC,2013,7.571193633093493,2.492
NIC,2014,7.604221294344823,2.463
NIC,2015,7.637454329088445,2.434
NIC,2016,7.668628423234317,2.407
NIC,2017,7.700581597096402,2.378
NIC,2018,7.653181590260366,2.347
NIC,2019,7.610810802484285,2.321
NIC,2020,7.575683011943189,2.299
NIC,2021,7.66308295290986,2.265
NIC,2022,7.685123407249598,2.24
NIC,2023,7.714732305459759,2.218
NIC,2024,7.736446789801287,2.206
NLD,1960,9.57289610946643,3.12
NLD,1961,9.562694269831823,3.22
NLD,1962,9.61464454778683,3.18
NLD,1963,9.636764403938196,3.19
NLD,1964,9.702889806377296,3.17
NLD,1965,9.772061159007526,3.04
NLD,1966,9.786051539705795,2.9
NLD,1967,9.826173522581419,2.81
NLD,1968,9.87797506874719,2.72
NLD,1969,9.928707507486683,2.75
NLD,1970,9.975908682461194,2.57
NLD,1971,10.006281312746218,2.36
NLD,1972,10.030898247224744,2.15
NLD,1973,10.075636874118326,1.9
NLD,1974,10.101609303482942,1.77
NLD,1975,10.092715691283033,1.66
NLD,1976,10.128464463961942,1.63
NLD,1977,10.147410216969007,1.58
NLD,1978,10.167862956406971,1.58
NLD,1979,10.180901636431694,1.56
NLD,1980,10.18631822005877,1.6
NLD,1981,10.171590771759657,1.56
NLD,1982,10.154519989649184,1.5
NLD,1983,10.171216020172121,1.47
NLD,1984,10.19740413431615,1.49
NLD,1985,10.21821541982939,1.51
NLD,1986,10.24015430738694,1.55
NLD,1987,10.252937405043541,1.56
NLD,1988,10.280309774858742,1.55
NLD,1989,10.317562874108937,1.55
NLD,1990,10.351657757567878,1.62
NLD,1991,10.367876072106998,1.61
NLD,1992,10.377232316689405,1.59
NLD,1993,10.38275950969428,1.57
NLD,1994,10.405911113330037,1.57
NLD,1995,10.43165657026151,1.53
NLD,1996,10.460676937168502,1.53
NLD,1997,10.497136303547972,1.56
NLD,1998,10.536399214129093,1.63
NLD,1999,10.578947143794764,1.65
NLD,2000,10.613130428445524,1.72
NLD,2001,10.628552031270214,1.71
NLD,2002,10.624624393115148,1.73
NLD,2003,10.62088432005513,1.75
NLD,2004,10.637371820838823,1.72
NLD,2005,10.65517124895427,1.71
NLD,2006,10.688326820533101,1.72
NLD,2007,10.72427001308344,1.72
NLD,2008,10.741323621474573,1.77
NLD,2009,10.698839368583005,1.79
NLD,2010,10.70681738979929,1.79
NLD,2011,10.719730738225008,1.76
NLD,2012,10.706203805516967,1.72
NLD,2013,10.702953141663102,1.68
NLD,2014,10.715351812192356,1.71
NLD,2015,10.73190428550867,1.66
NLD,2016,10.750536110988945,1.66
NLD,2017,10.772059348285007,1.62
NLD,2018,10.78855601392628,1.59
NLD,2019,10.804746364866567,1.57
NLD,2020,10.759743047727733,1.54
NLD,2021,10.815385306100119,1.62
NLD,2022,10.854711578990827,1.49
NLD,2023,10.838811616473393,1.43
NLD,2024,10.843004451168317,1.43
NOR,1960,9.861879291201156,2.85
NOR,1961,9.914779978299089,2.94
NOR,1962,9.934496774422762,2.91
NOR,1963,9.964087219770061,2.93
NOR,1964,10.00541526643375,2.98
NOR,1965,10.049148550953682,2.94
NOR,1966,10.078330597955791,2.9
NOR,1967,10.130647066548898,2.81
NOR,1968,10.144588231810939,2.75
NOR,1969,10.18050196263557,2.7
NOR,1970,10.192483398176993,2.5
NOR,1971,10.241044881843685,2.49
NOR,1972,10.28489018296355,2.38
NOR,1973,10.32181914203711,2.23
NOR,1974,10.354494357281572,2.13
NOR,1975,10.397270139179406,1.98
NOR,1976,10.449428687375532,1.86
NOR,1977,10.48588235514015,1.75
NOR,1978,10.519896571548774,1.77
NOR,1979,10.559083141312378,1.75
NOR,1980,10.600144182687513,1.72
NOR,1981,10.61330708365185,1.7
NOR,1982,10.612055771374582,1.71
NOR,1983,10.647397322722027,1.66
NOR,1984,10.703556763445,1.66
NOR,1985,10.754681858440087,1.68
NOR,1986,10.790793840785764,1.71
NOR,1987,10.803405753093571,1.74
NOR,1988,10.794720811111288,1.84
NOR,1989,10.800835519688656,1.89
NOR,1990,10.816794497330052,1.93
NOR,1991,10.840215049143843,1.92
NOR,1992,10.869465022074824,1.88
NOR,1993,10.891838344660046,1.86
NOR,1994,10.93530915490707,1.87
NOR,1995,10.97080768002996,1.87
NOR,1996,11.014238455131345,1.89
NOR,1997,11.05848307594629,1.86
NOR,1998,11.079423141827771,1.81
NOR,1999,11.094166890778832,1.85
NOR,2000,11.12153101574343,1.85
NOR,2001,11.13787419611952,1.78
NOR,2002,11.146950885309051,1.75
NOR,2003,11.151989472181164,1.8
NOR,2004,11.188470424309074,1.83
NOR,2005,11.210924628202102,1.84
NOR,2006,11.230945526453903,1.9
NOR,2007,11.254229274664855,1.9
NOR,2008,11.249960336556558,1.96
NOR,2009,11.221084799471472,1.98
NOR,2010,11.218627305853005,1.95
NOR,2011,11.219410881896332,1.88
NOR,2012,11.234124654060826,1.85
NOR,2013,11.234681922978936,1.78
NOR,2014,11.244140217509605,1.75
NOR,2015,11.25442610373778,1.72
NOR,2016,11.258449580291675,1.71
NOR,2017,11.276719163603925,1.62
NOR,2018,11.281160971684233,1.56
NOR,2019,11.289000480774247,1.53
NOR,2020,11.269413931231195,1.48
NOR,2021,11.304662387560173,1.55
NOR,2022,11.33567190472542,1.41
NOR,2023,11.32780954114185,1.4
NOR,2024,11.332447805883865,1.45
NPL,1960,5.790434798029775,6.069
NPL,1961,5.790284406829332,6.093
NPL,1962,5.789751468288006,6.082
NPL,1963,5.7888829399193344,6.056
NPL,1964,5.841522093411811,6.043
NPL,1965,5.808890200398902,6.007
NPL,1966,5.856088458460292,5.98
NPL,1967,5.819086507017166,5.954
NPL,1968,5.804293099702342,5.944
NPL,1969,5.826294379873374,5.893
NPL,1970,5.829847661695637,5.869
NPL,1971,5.7960386928209315,5.845
NPL,1972,5.805023951728661,5.801
NPL,1973,5.7784570950069325,5.701
NPL,1974,5.8180225718923895,5.75
NPL,1975,5.810450030441131,5.733
NPL,1976,5.831607129283181,5.717
NPL,1977,5.838905667852886,5.688
NPL,1978,5.858806216241105,5.676
NPL,1979,5.858848296653162,5.644
NPL,1980,5.811797002328326,5.603
NPL,1981,5.868451397891016,5.576
NPL,1982,5.882235224205655,5.549
NPL,1983,5.82829357197647,5.536
NPL,1984,5.897242624273812,5.509
NPL,1985,5.934167354445192,5.457
NPL,1986,5.956719259141788,5.4
NPL,1987,5.952358882748464,5.348
NPL,1988,6.00546342816689,5.307
NPL,1989,6.025609958118986,5.258
NPL,1990,6.046721230998301,5.211
NPL,1991,6.082575454560302,5.151
NPL,1992,6.094612217076496,5.074
NPL,1993,6.105085468446014,5.042
NPL,1994,6.158991964167807,4.964
NPL,1995,6.169068953147444,4.869
NPL,1996,6.1989103876015,4.668
NPL,1997,6.227379938979918,4.442
NPL,1998,6.2374428131550275,4.275
NPL,1999,6.26201171910434,4.13
NPL,2000,6.304852893113016,3.984
NPL,2001,6.335561621352696,3.793
NPL,2002,6.32155657077898,3.604
NPL,2003,6.3461444310974215,3.439
NPL,2004,6.379223707117632,3.279
NPL,2005,6.402232418301659,3.115
NPL,2006,6.4256428550346465,2.967
NPL,2007,6.450827592374355,2.857
NPL,2008,6.502587769712752,2.737
NPL,2009,6.540163824481891,2.63
NPL,2010,6.581006921744232,2.541
NPL,2011,6.610180774253302,2.462
NPL,2012,6.653263695501543,2.42
NPL,2013,6.685909710982821,2.36
NPL,2014,6.741305742729731,2.319
NPL,2015,6.77484499111767,2.273
NPL,2016,6.774439798739264,2.226
NPL,2017,6.858415127089003,2.173
NPL,2018,6.929433520762369,2.12
NPL,2019,6.982044202246393,2.08
NPL,2020,6.938804414629165,2.051
NPL,2021,6.968651716147926,2.025
NPL,2022,7.0153125410957,2.002
NPL,2023,7.035645018848633,1.984
NPL,2024,7.073231575300392,1.961
NRU,1970,10.58438031021716,4.74
NRU,1971,10.605232339232025,4.541
NRU,1972,10.626437067150052,4.355
NRU,1973,10.647112923481652,4.192
NRU,1974,10.667417200140706,4.067
NRU,1975,10.686786909154176,3.972
NRU,1976,10.647254938534935,3.899
NRU,1977,10.604765730884838,3.858
NRU,1978,10.55752249193624,3.843
NRU,1979,10.505923817838244,3.847
NRU,1980,10.453404340861018,3.878
NRU,1981,10.400296199023524,3.935
NRU,1982,10.346406607335403,3.993
NRU,1983,10.296180432163862,4.056
NRU,1984,10.248202261801916,4.108
NRU,1985,10.199072099711254,4.144
NRU,1986,10.14840955135115,4.149
NRU,1987,10.096770253926985,4.143
NRU,1988,10.044013096330485,4.114
NRU,1989,9.991187895004272,4.068
NRU,1990,9.938209261347453,4.02
NRU,1991,9.70414540948707,3.991
NRU,1992,9.509477388319498,3.952
NRU,1993,9.32567529491924,3.887
NRU,1994,9.282788255044832,3.837
NRU,1995,9.197480021212789,3.808
NRU,1996,9.069471937876164,3.775
NRU,1997,8.974297310045715,3.738
NRU,1998,8.848772118454951,3.683
NRU,1999,8.781912917477182,3.636
NRU,2000,8.712754548341838,3.543
NRU,2001,8.64649317143405,3.461
NRU,2002,8.546200777098226,3.4
NRU,2003,8.551326425230025,3.388
NRU,2004,8.507120828900192,3.378
NRU,2005,8.508214866504963,3.377
NRU,2006,8.590834212322092,3.4
NRU,2007,8.342769583095851,3.504
NRU,2008,8.526189547309642,3.665
NRU,2009,8.468332007348831,3.847
NRU,2010,8.465639947295372,4.019
NRU,2011,8.597379558783334,4.117
NRU,2012,8.798784226717023,4.115
NRU,2013,8.815135637833835,4.098
NRU,2014,8.94102075984496,4.085
NRU,2015,8.955093975765678,4.075
NRU,2016,8.97785052557582,4.027
NRU,2017,8.896768373746484,3.879
NRU,2018,8.874837018629696,3.683
NRU,2019,8.947311422974137,3.531
NRU,2020,8.958115379837256,3.466
NRU,2021,9.027124272794575,3.425
NRU,2022,9.01929777601755,3.379
NRU,2023,9.00582645176697,3.331
NRU,2024,9.01417033830469,3.29
NZL,1960,9.785297157586918,4.24
NZL,1961,9.797921429095204,4.31
NZL,1962,9.802843981795945,4.19
NZL,1963,9.842209973226323,4.05
NZL,1964,9.880503068614333,3.8
NZL,1965,9.92333043716104,3.54
NZL,1966,9.966030111522725,3.41
NZL,1967,9.901197035145628,3.35
NZL,1968,9.891936764603335,3.34
NZL,1969,9.980067244882928,3.28
NZL,1970,9.952416658395084,3.17
NZL,1971,9.974634821793433,3.18
NZL,1972,10.00687512257819,3.0
NZL,1973,10.06241147335216,2.76
NZL,1974,10.099765613615812,2.58
NZL,1975,10.062842753715156,2.37
NZL,1976,10.063240111269899,2.27
NZL,1977,10.01996742881713,2.21
NZL,1978,10.02282755816596,2.07
NZL,1979,10.048424979636584,2.12
NZL,1980,10.059932096531233,2.03
NZL,1981,10.10158985986382,2.01
NZL,1982,10.100908955016283,1.95
NZL,1983,10.12163354253857,1.92
NZL,1984,10.159795595450268,1.93
NZL,1985,10.169641477150245,1.93
NZL,1986,10.196659011588679,1.96
NZL,1987,10.197619307639512,2.03
NZL,1988,10.191522660538656,2.1
NZL,1989,10.188367751834285,2.12
NZL,1990,10.18050346386675,2.18
NZL,1991,10.121236750510809,2.09
NZL,1992,10.121768459765882,2.06
NZL,1993,10.172247683267877,2.04
NZL,1994,10.208808466699585,1.98
NZL,1995,10.240444805134535,1.98
NZL,1996,10.25989690433363,1.96
NZL,1997,10.267316026057982,1.96
NZL,1998,10.266958752896503,1.89
NZL,1999,10.31413650573887,1.97
NZL,2000,10.336544980030048,1.98
NZL,2001,10.364237509351373,1.97
NZL,2002,10.392939342446493,1.89
NZL,2003,10.41937979156942,1.93
NZL,2004,10.444608471478215,1.98
NZL,2005,10.466300422871347,1.97
NZL,2006,10.481477100070006,2.01
NZL,2007,10.502324474803183,2.18
NZL,2008,10.483528391004212,2.19
NZL,2009,10.4731284307754,2.13
NZL,2010,10.476622158389333,2.17
NZL,2011,10.490215656228278,2.09
NZL,2012,10.507498001334962,2.1
NZL,2013,10.5251394810331,2.01
NZL,2014,10.546011411591383,1.92
NZL,2015,10.562269201113974,1.99
NZL,2016,10.576560439212342,1.87
NZL,2017,10.588292241672647,1.81
NZL,2018,10.60306188280117,1.71
NZL,2019,10.611910627597656,1.72
NZL,2020,10.589164681833186,1.62
NZL,2021,10.62885551933396,1.65
NZL,2022,10.662330865465877,1.67
NZL,2023,10.65729448851877,1.57
NZL,2024,10.631409690619833,1.57
OED,1960,9.311277550245702,3.29166295110634
OED,1961,9.3401261298648,3.29402698110936
OED,1962,9.38020684954887,3.25798848327678
OED,1963,9.416288073924429,3.24049738179773
OED,1964,9.465659300988005,3.22414424921038
OED,1965,9.50625845987895,3.13394734453346
OED,1966,9.547939555738788,2.98158605876005
OED,1967,9.573584331392246,2.99629359355646
OED,1968,9.619963068044692,2.91725068434988
OED,1969,9.662187749639168,2.87748595113743
OED,1970,9.67819730323763,2.84209798002931
OED,1971,9.700304652061291,2.77600904814107
OED,1972,9.740517187350388,2.63921208443236
OED,1973,9.788791194987086,2.55091136899146
OED,1974,9.789768674245536,2.49021013596253
OED,1975,9.783457326236995,2.39708301306012
OED,1976,9.82045848310877,2.33094581227784
OED,1977,9.847017755963616,2.29224918369633
OED,1978,9.880299680364566,2.24327126183776
OED,1979,9.908919437852596,2.23831295346555
OED,1980,9.911521486104315,2.21569108575995
OED,1981,9.923170732348858,2.1654293820472
OED,1982,9.91681180634543,2.1463006685449
OED,1983,9.936553854842025,2.10218258413935
OED,1984,9.975451823323224,2.06685066946888
OED,1985,10.003458273470482,2.05683203658878
OED,1986,10.026032219497205,2.02983829885507
OED,1987,10.0527680714825,2.01221010842114
OED,1988,10.088656505274614,2.01439023876189
OED,1989,10.11682092698305,2.00429799546611
OED,1990,10.136600983365325,2.01068908264717
OED,1991,10.1383300901012,1.98660819799179
OED,1992,10.149934362733317,1.96230165600952
OED,1993,10.155187641591708,1.92788878896953
OED,1994,10.179643181274178,1.90586739279464
OED,1995,10.198964132312534,1.86678622675595
OED,1996,10.221812761077455,1.85445902962881
OED,1997,10.250240349902445,1.84061039237384
OED,1998,10.271781705171056,1.83385661284465
OED,1999,10.298254904123336,1.82151158689551
OED,2000,10.331707705942096,1.83459775158699
OED,2001,10.338192017601258,1.80289177371102
OED,2002,10.34613373432848,1.78192463550939
OED,2003,10.358910024950017,1.78502980323359
OED,2004,10.383733828232803,1.78984663868265
OED,2005,10.404829315828456,1.78381673612008
OED,2006,10.427716859279412,1.81362469163865
OED,2007,10.44673353886976,1.82970853791825
OED,2008,10.442849041590623,1.83387500814556
OED,2009,10.401042342772048,1.80424351640786
OED,2010,10.42356766118376,1.7911408975842
OED,2011,10.436538954997536,1.76778605469718
OED,2012,10.44428268083701,1.77018851627096
OED,2013,10.454523473452971,1.74599532546803
OED,2014,10.470576661825804,1.75288051976034
OED,2015,10.489381407178476,1.74079217609516
OED,2016,10.501419969848703,1.72758934224375
OED,2017,10.521265020819621,1.69386261779845
OED,2018,10.53890722278389,1.66603190210395
OED,2019,10.551426092642686,1.6314271148878
OED,2020,10.508238426511493,1.58203437325954
OED,2021,10.56559548192293,1.58670766961191
OED,2022,10.591739332555342,1.54692491605884
OED,2023,10.602784370934016,1.49322582670193
OED,2024,10.613999202906694,1.47751261883453
OMN,1960,7.764231621475846,7.277
OMN,1961,7.758056189346758,7.287
OMN,1962,7.923429188100743,7.318
OMN,1963,7.948143529933767,7.334
OMN,1964,7.928155901111781,7.37
OMN,1965,7.9107589149677855,7.391
OMN,1966,7.938575310823071,7.412
OMN,1967,8.422762595119305,7.437
OMN,1968,8.996055905818304,7.462
OMN,1969,9.1986791297486,7.489
OMN,1970,9.302140130252168,7.523
OMN,1971,9.283637465948532,7.558
OMN,1972,9.349167425451492,7.588
OMN,1973,9.166449073642651,7.625
OMN,1974,9.240131026166695,7.672
OMN,1975,9.416944971646585,7.711
OMN,1976,9.558772726489936,7.743
OMN,1977,9.520147045303212,7.781
OMN,1978,9.43124851933086,7.818
OMN,1979,9.42085543722583,7.85
OMN,1980,9.425987192061873,7.887
OMN,1981,9.528903056542958,7.904
OMN,1982,9.582867695538733,7.837
OMN,1983,9.681521613771181,7.748
OMN,1984,9.781492746199076,7.642
OMN,1985,9.852124161135007,7.512
OMN,1986,9.80771102858695,7.352
OMN,1987,9.712580002509881,7.175
OMN,1988,9.713805397494713,6.953
OMN,1989,9.771247797067753,6.717
OMN,1990,9.71893083924914,6.456
OMN,1991,9.729474693135304,6.197
OMN,1992,9.764462897072812,5.919
OMN,1993,9.780989949687394,5.638
OMN,1994,9.789692609459044,5.359
OMN,1995,9.820036604594907,5.067
OMN,1996,9.833022380308819,4.79
OMN,1997,9.876061197184608,4.524
OMN,1998,9.860984743717202,4.274
OMN,1999,9.850361750249274,4.064
OMN,2000,9.897556822053982,3.852
OMN,2001,9.930424250538843,3.662
OMN,2002,9.910965185083183,3.51
OMN,2003,9.877433276020719,3.371
OMN,2004,9.879955848237893,3.2
OMN,2005,9.884765643937744,3.029
OMN,2006,9.908295802234724,2.879
OMN,2007,9.935119396596123,2.761
OMN,2008,9.999149211307742,2.762
OMN,2009,10.035357466464356,2.829
OMN,2010,10.033025686044365,2.973
OMN,2011,9.951987576699661,2.955
OMN,2012,9.894654735236053,2.928
OMN,2013,9.867857268757941,2.954
OMN,2014,9.837679035679123,2.97
OMN,2015,9.842053955046863,2.965
OMN,2016,9.843238788996851,2.949
OMN,2017,9.81345045158146,2.923
OMN,2018,9.812997966870682,2.81
OMN,2019,9.803091729509623,2.696
OMN,2020,9.783796278102361,2.638
OMN,2021,9.814182937087057,2.588
OMN,2022,9.841210262568888,2.449
OMN,2023,9.789980862814964,2.525
OMN,2024,9.76119164234101,2.508
OSS,1975,8.513821619839756,3.83089799283177
OSS,1976,8.646618429436094,3.84499769346951
OSS,1977,8.723925564217582,3.80577844531965
OSS,1978,8.773141634178215,3.79541435028169
OSS,1979,8.892651168704518,3.8004249100833
OSS,1980,8.84675882348506,3.81850996493011
OSS,1981,8.750681331893597,3.8163209455894
OSS,1982,8.762916279623836,3.82519148214846
OSS,1983,8.755615790863333,3.82322447971302
OSS,1984,8.765493373468072,3.78721508534243
OSS,1985,8.767416495853233,3.74623187036365
OSS,1986,8.768954481440716,3.73884459605047
OSS,1987,8.809284412472456,3.74454820807941
OSS,1988,8.820730375031124,3.75290210269595
OSS,1989,8.829258261214843,3.72478010436665
OSS,1990,8.859543859880251,3.69560131554265
OSS,1991,8.834207501564443,3.62255640517387
OSS,1992,8.794756757228381,3.58664201169041
OSS,1993,8.79329608851793,3.44912460438731
OSS,1994,8.812855795531286,3.37323117787559
OSS,1995,8.848773115591527,3.27655452975608
OSS,1996,8.869888730229848,3.21764719518544
OSS,1997,8.917238625118008,3.13161648579753
OSS,1998,8.937667582245169,3.06378256198961
OSS,1999,8.962042773880864,2.99152108219451
OSS,2000,9.029519704952937,2.92483162722691
OSS,2001,9.043349956529635,2.86914988750942
OSS,2002,9.060336356422892,2.84792307313871
OSS,2003,9.089061006028775,2.81507532453356
OSS,2004,9.12282124851922,2.79320088978675
OSS,2005,9.157407518650743,2.75075169301356
OSS,2006,9.206040079830355,2.7102878305936
OSS,2007,9.247139363994181,2.68571770492518
OSS,2008,9.243884329278492,2.66460894391143
OSS,2009,9.179621692023822,2.62743564380249
OSS,2010,9.192969650312415,2.57070137121236
OSS,2011,9.215223682809663,2.51548420470119
OSS,2012,9.216544960151062,2.4760971205039
OSS,2013,9.213899085070803,2.41290393519565
OSS,2014,9.223889611047554,2.37748483573675
OSS,2015,9.245622259031737,2.32480125606495
OSS,2016,9.27494293576831,2.2971690514612
OSS,2017,9.312799544246197,2.25077965889989
OSS,2018,9.34346790628871,2.20951794456377
OSS,2019,9.373000630089967,2.16887799331057
OSS,2020,9.302661279281043,2.14456415435879
OSS,2021,9.369559477924238,2.12553722727087
OSS,2022,9.400156931826047,2.06944285024068
OSS,2023,9.42200932346359,2.03998731840646
OSS,2024,9.440798535343966,2.01596667994834
PAK,1960,6.025773849926826,6.8
PAK,1961,6.057754134633166,6.8
PAK,1962,6.07562981517886,6.8
PAK,1963,6.132479988878954,6.8
PAK,1964,6.178470093948331,6.8
PAK,1965,6.250226691015942,6.8
PAK,1966,6.27875147176291,6.8
PAK,1967,6.303134940264822,6.8
PAK,1968,6.344480014312846,6.8
PAK,1969,6.369458125683289,6.8
PAK,1970,6.448236884446885,6.801
PAK,1971,6.425350905348685,6.802
PAK,1972,6.405781005036513,6.805
PAK,1973,6.444920782838776,6.808
PAK,1974,6.4503041682566,6.811
PAK,1975,6.461662466179438,6.812
PAK,1976,6.481329097314739,6.808
PAK,1977,6.48868714370102,6.799
PAK,1978,6.534065375536932,6.783
PAK,1979,6.536319925255189,6.761
PAK,1980,6.5927376342518444,6.734
PAK,1981,6.627183715371262,6.704
PAK,1982,6.652914697314013,6.674
PAK,1983,6.683877960138325,6.644
PAK,1984,6.701938021250601,6.615
PAK,1985,6.74342236263451,6.585
PAK,1986,6.763173085072051,6.554
PAK,1987,6.7916059087860425,6.518
PAK,1988,6.83147641759205,6.476
PAK,1989,6.847202733348989,6.425
PAK,1990,6.857392756379772,6.364
PAK,1991,6.873704573808178,6.291
PAK,1992,6.919313311306385,6.207
PAK,1993,6.909013035874244,6.112
PAK,1994,6.916778740029929,6.008
PAK,1995,6.936309620088013,5.894
PAK,1996,6.954530686459436,5.771
PAK,1997,6.936340838440306,5.642
PAK,1998,6.93391056496326,5.507
PAK,1999,6.942638601224124,5.462
PAK,2000,6.956109440371903,5.352
PAK,2001,6.964010536341795,5.182
PAK,2002,6.965119731271381,5.012
PAK,2003,6.994185457051062,4.894
PAK,2004,7.044901916101283,4.685
PAK,2005,7.0911043024781355,4.595
PAK,2006,7.126040187002022,4.589
PAK,2007,7.14310852796464,4.554
PAK,2008,7.137319683901401,4.515
PAK,2009,7.146043032716872,4.465
PAK,2010,7.136240396308027,4.398
PAK,2011,7.1403196103313915,4.305
PAK,2012,7.151084183551179,4.204
PAK,2013,7.177553996570383,4.125
PAK,2014,7.2028903446602675,4.055
PAK,2015,7.230179450828166,3.988
PAK,2016,7.280825687605688,3.902
PAK,2017,7.310056637896352,3.9
PAK,2018,7.3535185312701,3.855
PAK,2019,7.36126937678076,3.81
PAK,2020,7.330409127212275,3.765
PAK,2021,7.3746465208677385,3.72
PAK,2022,7.403841207042412,3.662
PAK,2023,7.384195168728769,3.605
PAK,2024,7.399451483539122,3.547
PAN,1960,7.8412526423280635,5.829
PAN,1961,7.915319171491183,5.865
PAN,1962,7.964453623964034,5.872
PAN,1963,8.016049574638007,5.865
PAN,1964,8.029088208031798,5.808
PAN,1965,8.086663701776141,5.728
PAN,1966,8.129968927282164,5.649
PAN,1967,8.18263023585847,5.534
PAN,1968,8.221106093862952,5.411
PAN,1969,8.273568458782808,5.287
PAN,1970,8.31257021110243,5.175
PAN,1971,8.376354847944997,5.054
PAN,1972,8.393503875391628,4.908
PAN,1973,8.418644430309861,4.741
PAN,1974,8.41627587438473,4.576
PAN,1975,8.40753444049012,4.414
PAN,1976,8.398653461427344,4.264
PAN,1977,8.384740334522922,4.118
PAN,1978,8.453883868985908,3.984
PAN,1979,8.474090180753084,3.884
PAN,1980,8.573285119790855,3.796
PAN,1981,8.637690126321557,3.723
PAN,1982,8.666200188169833,3.659
PAN,1983,8.59672978338162,3.601
PAN,1984,8.600096332949963,3.519
PAN,1985,8.625294503979013,3.427
PAN,1986,8.63770492624173,3.339
PAN,1987,8.597202390393257,3.251
PAN,1988,8.431703512464054,3.173
PAN,1989,8.425772578586036,3.121
PAN,1990,8.482344732870155,3.072
PAN,1991,8.551132080184205,2.999
PAN,1992,8.609021064649284,2.95
PAN,1993,8.641369304768395,2.909
PAN,1994,8.648865700610994,2.877
PAN,1995,8.645833413502288,2.852
PAN,1996,8.665593472367807,2.83
PAN,1997,8.719749740827606,2.81
PAN,1998,8.780321797364609,2.789
PAN,1999,8.81131291180725,2.767
PAN,2000,8.832901220551138,2.744
PAN,2001,8.822891396180937,2.72
PAN,2002,8.828373623286012,2.698
PAN,2003,8.858948825850266,2.679
PAN,2004,8.918485061185857,2.68
PAN,2005,8.979148437972452,2.643
PAN,2006,9.05461948066611,2.62
PAN,2007,9.159851639183033,2.612
PAN,2008,9.23874851160005,2.608
PAN,2009,9.236696314144593,2.593
PAN,2010,9.277818795181531,2.587
PAN,2011,9.372586666967182,2.604
PAN,2012,9.446857658683653,2.591
PAN,2013,9.490758425869842,2.569
PAN,2014,9.51867390848937,2.552
PAN,2015,9.552699166644704,2.53
PAN,2016,9.580117807598286,2.502
PAN,2017,9.618837255783216,2.462
PAN,2018,9.640540373769173,2.402
PAN,2019,9.655188457057458,2.288
PAN,2020,9.445182540661305,2.184
PAN,2021,9.585547937980428,2.152
PAN,2022,9.677594418881789,2.139
PAN,2023,9.73371617233685,2.119
PAN,2024,9.748161333338983,2.106
PER,1960,7.9026240769196185,6.941
PER,1961,7.944366087417321,6.923
PER,1962,8.010879968934868,6.895
PER,1963,8.024238073608034,6.858
PER,1964,8.058731863568614,6.81
PER,1965,8.08469419600858,6.75
PER,1966,8.135348583302966,6.68
PER,1967,8.144837920327136,6.6
PER,1968,8.118227421720789,6.513
PER,1969,8.124829610259068,6.418
PER,1970,8.132849682359433,6.316
PER,1971,8.153090641520695,6.207
PER,1972,8.160741978650108,6.091
PER,1973,8.195729012323959,5.968
PER,1974,8.260147251920488,5.841
PER,1975,8.277336387491657,5.709
PER,1976,8.267042794572946,5.575
PER,1977,8.245829975100328,5.44
PER,1978,8.194144503564193,5.305
PER,1979,8.209298028734482,5.171
PER,1980,8.242081438045808,5.041
PER,1981,8.271207424115852,4.915
PER,1982,8.244135580681975,4.795
PER,1983,8.109361883265368,4.68
PER,1984,8.12005850288379,4.568
PER,1985,8.116066886178904,4.46
PER,1986,8.182559519331795,4.354
PER,1987,8.252515855471163,4.247
PER,1988,8.130652768685001,4.138
PER,1989,7.9768235230907445,4.026
PER,1990,7.903567671387445,3.912
PER,1991,7.904437289829567,3.794
PER,1992,7.878653029534769,3.673
PER,1993,7.909593868801556,3.552
PER,1994,8.005893098859444,3.432
PER,1995,8.058005541670788,3.315
PER,1996,8.066804178143753,3.203
PER,1997,8.111073322278738,3.099
PER,1998,8.08896008703908,3.002
PER,1999,8.086526583387267,2.917
PER,2000,8.097509400669164,2.845
PER,2001,8.089992850389264,2.744
PER,2002,8.131162970700037,2.693
PER,2003,8.161315545801125,2.661
PER,2004,8.199904605893666,2.673
PER,2005,8.251959183297817,2.643
PER,2006,8.316633368645569,2.619
PER,2007,8.391128985115767,2.583
PER,2008,8.471887497983221,2.528
PER,2009,8.476615237408398,2.48
PER,2010,8.550123506290927,2.421
PER,2011,8.604005032808287,2.413
PER,2012,8.655222061188207,2.356
PER,2013,8.703085270909416,2.317
PER,2014,8.716686245139517,2.271
PER,2015,8.737406293698061,2.229
PER,2016,8.762842341065296,2.189
PER,2017,8.772985043676032,2.152
PER,2018,8.793785657037539,2.118
PER,2019,8.798795947456263,2.086
PER,2020,8.671086166197867,2.056
PER,2021,8.787368023895665,2.029
PER,2022,8.805568376673039,2.004
PER,2023,8.791057682517735,1.98
PER,2024,8.814668810861306,1.965
PHL,1960,7.024455150276513,6.996
PHL,1961,7.048064085595683,6.994
PHL,1962,7.063569261546263,6.98
PHL,1963,7.099879878224291,6.952
PHL,1964,7.102260032984428,6.886
PHL,1965,7.123760788198604,6.799
PHL,1966,7.13726604186691,6.691
PHL,1967,7.158742065506411,6.572
PHL,1968,7.178943182995139,6.448
PHL,1969,7.196485613339985,6.333
PHL,1970,7.206858724312281,6.218
PHL,1971,7.235798519292852,6.083
PHL,1972,7.26583895590366,5.937
PHL,1973,7.327791984147771,5.787
PHL,1974,7.339565125886748,5.693
PHL,1975,7.369915278834826,5.596
PHL,1976,7.428725267373106,5.505
PHL,1977,7.456220037365759,5.442
PHL,1978,7.479992904857577,5.393
PHL,1979,7.507769669988368,5.255
PHL,1980,7.532392662527966,5.108
PHL,1981,7.539992123274074,4.973
PHL,1982,7.548629372578787,4.917
PHL,1983,7.538283020641891,4.867
PHL,1984,7.436367816458887,4.77
PHL,1985,7.338020674146574,4.664
PHL,1986,7.346918782684051,4.563
PHL,1987,7.363262700502999,4.509
PHL,1988,7.401253745259378,4.449
PHL,1989,7.43602920990705,4.365
PHL,1990,7.440778124824864,4.322
PHL,1991,7.412391888477497,4.273
PHL,1992,7.392862644170379,4.161
PHL,1993,7.390400576026253,4.098
PHL,1994,7.411402885730488,4.079
PHL,1995,7.434734959047622,4.067
PHL,1996,7.46864910761585,4.004
PHL,1997,7.495685895398368,3.943
PHL,1998,7.465383896735121,3.884
PHL,1999,7.472740086335551,3.825
PHL,2000,7.491839326239126,3.754
PHL,2001,7.499815535318612,3.719
PHL,2002,7.5160275039791395,3.651
PHL,2003,7.545823915364357,3.591
PHL,2004,7.59001586064897,3.524
PHL,2005,7.619664182831977,3.448
PHL,2006,7.6546424709858805,3.466
PHL,2007,7.700452054329457,3.403
PHL,2008,7.7253063249334675,3.401
PHL,2009,7.721670169226304,3.376
PHL,2010,7.7719705667311105,3.315
PHL,2011,7.790179818822522,3.236
PHL,2012,7.837452311337028,3.143
PHL,2013,7.8839795965372215,3.042
PHL,2014,7.929097700106277,2.894
PHL,2015,7.975859623618142,2.829
PHL,2016,8.031495018587451,2.679
PHL,2017,8.085625471395327,2.525
PHL,2018,8.134742160070255,2.378
PHL,2019,8.181967056671677,2.215
PHL,2020,8.070489408264836,2.075
PHL,2021,8.117006888629858,1.95
PHL,2022,8.182475796564232,1.929
PHL,2023,8.228096155182355,1.916
PHL,2024,8.275414328508655,1.894
PLW,1970,9.465702636077639,6.387
PLW,1971,9.433148720733652,6.164
PLW,1972,9.40023080037023,5.896
PLW,1973,9.37331302000972,5.592
PLW,1974,9.36366997837562,5.258
PLW,1975,9.366448066022832,4.903
PLW,1976,9.370547061888884,4.526
PLW,1977,9.390558233741746,4.09
PLW,1978,9.392469869249371,3.74
PLW,1979,9.397035593416328,3.486
PLW,1980,9.398651251020098,3.351
PLW,1981,9.384283769776323,3.276
PLW,1982,9.357263568007175,3.22
PLW,1983,9.352118041915775,3.143
PLW,1984,9.372170343388332,3.08
PLW,1985,9.399131683774488,3.01
PLW,1986,9.427819824288244,2.976
PLW,1987,9.458894378841867,2.933
PLW,1988,9.490368486549894,2.905
PLW,1989,9.523029421550945,2.917
PLW,1990,9.555175477852085,2.881
PLW,1991,9.58006425408065,2.742
PLW,1992,9.490191015579827,2.71
PLW,1993,9.335270685643586,2.727
PLW,1994,9.381710520170131,2.661
PLW,1995,9.46014207134956,2.553
PLW,1996,9.532738266897482,2.39
PLW,1997,9.530086325348258,2.187
PLW,1998,9.527175425050089,2.006
PLW,1999,9.451515247950821,1.906
PLW,2000,9.410582014167836,1.819
PLW,2001,9.47243606470202,1.87
PLW,2002,9.510735493880345,1.923
PLW,2003,9.481261323367342,1.962
PLW,2004,9.507240856650627,1.989
PLW,2005,9.535731238689948,2.017
PLW,2006,9.549478384568868,1.996
PLW,2007,9.571289140918177,1.968
PLW,2008,9.529448682423054,1.947
PLW,2009,9.481403511795316,1.935
PLW,2010,9.467542691130197,1.937
PLW,2011,9.529430899447071,1.965
PLW,2012,9.567300112599362,2.006
PLW,2013,9.55987301696107,2.054
PLW,2014,9.59735930014024,2.032
PLW,2015,9.676484388884303,2.002
PLW,2016,9.691493857584025,2.055
PLW,2017,9.65583804424162,2.019
PLW,2018,9.65154076317501,1.97
PLW,2019,9.655441668674563,1.984
PLW,2020,9.593824634828254,1.972
PLW,2021,9.467466766260982,1.95
PLW,2022,9.464177739864551,1.927
PLW,2023,9.478135589026175,1.907
PLW,2024,9.593324381739476,1.883
PNG,1960,7.179734753721406,6.018
PNG,1961,7.21446125375258,6.074
PNG,1962,7.253164495707532,6.135
PNG,1963,7.270671107278729,6.153
PNG,1964,7.331210842667453,6.191
PNG,1965,7.407487496827374,6.203
PNG,1966,7.441901212764159,6.232
PNG,1967,7.459408236603874,6.242
PNG,1968,7.479546963721627,6.252
PNG,1969,7.5358331639455995,6.258
PNG,1970,7.615069561244289,6.25
PNG,1971,7.6521465148341505,6.229
PNG,1972,7.683171902966553,6.197
PNG,1973,7.723033926938202,6.16
PNG,1974,7.726007607524508,6.114
PNG,1975,7.69484322413446,6.065
PNG,1976,7.638407929989978,6.018
PNG,1977,7.625062371390507,5.957
PNG,1978,7.685773062539727,5.879
PNG,1979,7.682969617566116,5.785
PNG,1980,7.638960773041389,5.705
PNG,1981,7.615505835700206,5.645
PNG,1982,7.598205290312219,5.587
PNG,1983,7.608908267731422,5.563
PNG,1984,7.5841143093432475,5.514
PNG,1985,7.60191344050739,5.47
PNG,1986,7.626205723776323,5.415
PNG,1987,7.631897714098867,5.359
PNG,1988,7.638969434699846,5.302
PNG,1989,7.602241969993111,5.243
PNG,1990,7.545551889106294,5.18
PNG,1991,7.605069524968032,5.109
PNG,1992,7.6993877447473,5.033
PNG,1993,7.830281885117315,4.962
PNG,1994,7.851792262923543,4.87
PNG,1995,7.782140284722915,4.78
PNG,1996,7.82087283269855,4.728
PNG,1997,7.745430305092169,4.679
PNG,1998,7.6718478794773315,4.632
PNG,1999,7.655435670988359,4.587
PNG,2000,7.595678248103402,4.525
PNG,2001,7.560486652773667,4.469
PNG,2002,7.525326350327157,4.419
PNG,2003,7.513533947775312,4.362
PNG,2004,7.507606326074636,4.283
PNG,2005,7.536802634059574,4.22
PNG,2006,7.557595578464986,4.148
PNG,2007,7.601388650666471,4.076
PNG,2008,7.567362229954573,4.015
PNG,2009,7.6025216965052325,3.941
PNG,2010,7.668799112528819,3.883
PNG,2011,7.650659737147659,3.816
PNG,2012,7.668318539628602,3.746
PNG,2013,7.678837991428156,3.684
PNG,2014,7.779616601940612,3.625
PNG,2015,7.817865486648128,3.558
PNG,2016,7.846626982936606,3.495
PNG,2017,7.857437599792221,3.432
PNG,2018,7.831402482811024,3.382
PNG,2019,7.852657482844119,3.322
PNG,2020,7.7991840494086135,3.274
PNG,2021,7.774178811308401,3.215
PNG,2022,7.810855430922544,3.165
PNG,2023,7.830141694754037,3.099
PNG,2024,7.850458381114066,3.072
POL,1990,8.539217922450252,2.06
POL,1991,8.462932909996569,2.07
POL,1992,8.484704830817119,1.95
POL,1993,8.51886161659337,1.87
POL,1994,8.568326367678308,1.81
POL,1995,8.643278685946392,1.62
POL,1996,8.701672096847888,1.59
POL,1997,8.762666640959344,1.51
POL,1998,8.80748906159393,1.44
POL,1999,8.853493234847752,1.37
POL,2000,8.909448361418155,1.37
POL,2001,8.921986193049099,1.31
POL,2002,8.94128285768953,1.25
POL,2003,8.976584994360927,1.22
POL,2004,9.02682463093347,1.23
POL,2005,9.059351981618704,1.24
POL,2006,9.120159450938822,1.27
POL,2007,9.186119834635363,1.31
POL,2008,9.228887485080271,1.39
POL,2009,9.254025040861318,1.4
POL,2010,9.288078663514185,1.41
POL,2011,9.33876115251882,1.33
POL,2012,9.353768224666355,1.33
POL,2013,9.36119092788997,1.29
POL,2014,9.400395470924495,1.32
POL,2015,9.444425606744861,1.32
POL,2016,9.474716910374987,1.39
POL,2017,9.524833198869176,1.48
POL,2018,9.585420842170386,1.46
POL,2019,9.630451637076177,1.44
POL,2020,9.621802319314305,1.39
POL,2021,9.70312160873207,1.33
POL,2022,9.75867244865389,1.29
POL,2023,9.764822032158765,1.2
POL,2024,9.798155006438733,1.14
PRE,1960,6.8787726200371315,6.56662801163333
PRE,1961,6.8524424017435,6.60055972693787
PRE,1962,6.888619609042537,6.66554903176534
PRE,1963,6.920338308419471,6.68490822841446
PRE,1964,6.9408406588511316,6.70898697730248
PRE,1965,6.958923943090679,6.73233418841554
PRE,1966,6.945402321538346,6.76221515508385
PRE,1967,6.860763105076001,6.78815796443845
PRE,1968,6.87049960068152,6.8138127304098
PRE,1969,6.951235628062935,6.83519343587466
PRE,1970,7.0068048024161165,6.85654376074631
PRE,1971,7.069217515807403,6.88547303710296
PRE,1972,7.0760831819411685,6.90528412724253
PRE,1973,7.088260625043625,6.9212918531526
PRE,1974,7.139841618353939,6.94415307838951
PRE,1975,7.1079669380688175,6.96172743626597
PRE,1976,7.14641012967892,6.96801755020554
PRE,1977,7.163382366970795,6.97897642320411
PRE,1978,7.130942072875037,6.98585370225635
PRE,1979,7.154935422923557,6.97066032283576
PRE,1980,7.167379850924309,6.95045021197231
PRE,1981,7.102400718138117,6.92575423277872
PRE,1982,7.064428259688619,6.8966380864681
PRE,1983,6.988414384551248,6.86555877742312
PRE,1984,6.966574425296962,6.82129820073565
PRE,1985,6.9737692615125875,6.77460335533047
PRE,1986,6.971155698245489,6.73420504572399
PRE,1987,6.981877596064286,6.69100594054199
PRE,1988,6.99329247338427,6.65368222001922
PRE,1989,6.980033811558442,6.61464889357143
PRE,1990,7.031909907209519,6.56709818363035
PRE,1991,6.922568324784236,6.51811142496034
PRE,1992,6.916093207791017,6.46816246255964
PRE,1993,6.878288320687647,6.41785817841486
PRE,1994,6.8457878140786095,6.36514803439681
PRE,1995,6.845243494956675,6.31880472327215
PRE,1996,6.873437050002064,6.27041626457674
PRE,1997,6.907964593134861,6.22507654193345
PRE,1998,6.946912548910411,6.17920230871861
PRE,1999,6.9595373706148935,6.14419079592998
PRE,2000,6.984833070611319,6.10938568681575
PRE,2001,6.999142086025567,6.06113435324574
PRE,2002,7.027628674906659,6.01254448990637
PRE,2003,6.991923119843373,5.96807022513496
PRE,2004,7.076171831261757,5.93329623830601
PRE,2005,7.104754786507712,5.8930903290518
PRE,2006,7.136444385731591,5.85896240059216
PRE,2007,7.168117046535723,5.81489319470305
PRE,2008,7.201276529634396,5.78001838282773
PRE,2009,7.218660770233372,5.73845477829302
PRE,2010,7.253868731707231,5.68765836081891
PRE,2011,7.265072017536625,5.62419526497303
PRE,2012,7.277640969368713,5.54482220716802
PRE,2013,7.307199473554344,5.45936452020446
PRE,2014,7.328567336716039,5.3745875721949
PRE,2015,7.330432074078413,5.27758547837422
PRE,2016,7.327138361960991,5.17638728784659
PRE,2017,7.315704924260761,5.07622222213331
PRE,2018,7.314401857286471,4.97278203806297
PRE,2019,7.318453242016145,4.87031052139648
PRE,2020,7.249324134987662,4.77423459378646
PRE,2021,7.245979166668942,4.70263586915934
PRE,2022,7.266061452717961,4.6286765840402
PRE,2023,7.26486225631437,4.55956571208229
PRE,2024,7.272215821121734,4.48545615858786
PRI,1960,8.74947998246647,4.796
PRI,1961,8.79998953884716,4.51
PRI,1962,8.859073195358347,4.359
PRI,1963,8.920162704862866,4.525
PRI,1964,8.968805064963245,4.108
PRI,1965,9.041345799417702,4.044
PRI,1966,9.101780633685337,3.817
PRI,1967,9.154306346258672,3.569
PRI,1968,9.198637551874905,3.381
PRI,1969,9.279989507812143,3.315
PRI,1970,9.348095992045042,3.243
PRI,1971,9.393679071171109,3.291
PRI,1972,9.443219083118542,3.058
PRI,1973,9.483131127800831,2.93
PRI,1974,9.49108501753008,2.882
PRI,1975,9.466078658356928,2.772
PRI,1976,9.510124032525788,2.863
PRI,1977,9.553304993305387,2.923
PRI,1978,9.60722647222936,2.9
PRI,1979,9.671044158693569,2.846
PRI,1980,9.700707345648443,2.815
PRI,1981,9.700784808814326,2.711
PRI,1982,9.674390025370132,2.613
PRI,1983,9.64046633775767,2.456
PRI,1984,9.688129676025728,2.353
PRI,1985,9.708870846529214,2.351
PRI,1986,9.747851689820335,2.355
PRI,1987,9.794511337712438,2.328
PRI,1988,9.842458414664316,2.307
PRI,1989,9.875796002393612,2.386
PRI,1990,9.838076397625258,2.378
PRI,1991,9.853784652589937,2.302
PRI,1992,9.891959785887673,2.29
PRI,1993,9.928936987249633,2.307
PRI,1994,9.960655391261339,2.278
PRI,1995,9.995903453019357,2.248
PRI,1996,10.00755829776734,1.94
PRI,1997,10.045912662669961,1.9
PRI,1998,10.093996738559802,1.9
PRI,1999,10.141484314773736,2.0
PRI,2000,10.170914482533895,2.0485
PRI,2001,10.229994846024113,1.9346
PRI,2002,10.23782832713284,1.8317
PRI,2003,10.23773648345303,1.7624
PRI,2004,10.321401174570806,1.7822
PRI,2005,10.302774160368058,1.7702
PRI,2006,10.292814426235283,1.7123
PRI,2007,10.286974432585598,1.6505
PRI,2008,10.274227702890986,1.6516
PRI,2009,10.259964354030158,1.6528
PRI,2010,10.260095264022814,1.6235
PRI,2011,10.264862162028216,1.5965
PRI,2012,10.273971015986247,1.5425
PRI,2013,10.279020974346315,1.47
PRI,2014,10.27990839200433,1.432
PRI,2015,10.28336272897395,1.3365
PRI,2016,10.286249376297468,1.2425
PRI,2017,10.277171493166762,1.101
PRI,2018,10.268437975281772,1.035
PRI,2019,10.28141348113659,0.982
PRI,2020,10.245114827012365,0.922
PRI,2021,10.254723444408462,0.907
PRI,2022,10.297002866338316,0.914
PRI,2023,10.309382751840023,0.92
PRI,2024,10.34105667842236,0.92
PRT,1960,8.310652847619185,3.16
PRT,1961,8.356473555200429,3.21
PRT,1962,8.41330616872824,3.23
PRT,1963,8.466347210620961,3.12
PRT,1964,8.526988768617262,3.21
PRT,1965,8.603098788011872,3.15
PRT,1966,8.650609544073356,3.16
PRT,1967,8.729686914038338,3.16
PRT,1968,8.818998248330134,3.12
PRT,1969,8.848957879176224,3.12
PRT,1970,8.945042161340863,3.01
PRT,1971,9.013486333777138,3.0
PRT,1972,9.092135579736565,2.86
PRT,1973,9.19799249520867,2.77
PRT,1974,9.195407498214902,2.7
PRT,1975,9.112953640728236,2.75
PRT,1976,9.151238458952344,2.82
PRT,1977,9.19513369457406,2.69
PRT,1978,9.212114595930153,2.45
PRT,1979,9.256251501849938,2.31
PRT,1980,9.290308631722768,2.25
PRT,1981,9.297689340806151,2.13
PRT,1982,9.31270497071815,2.07
PRT,1983,9.306332694755296,1.95
PRT,1984,9.283508402589948,1.9
PRT,1985,9.308460549279584,1.72
PRT,1986,9.348126154169472,1.66
PRT,1987,9.410256114948229,1.62
PRT,1988,9.483514964489828,1.61
PRT,1989,9.547391437977621,1.57
PRT,1990,9.588315784000024,1.56
PRT,1991,9.633375505988669,1.56
PRT,1992,9.644988847206816,1.54
PRT,1993,9.62312127136157,1.52
PRT,1994,9.630032511130494,1.45
PRT,1995,9.668506535117169,1.41
PRT,1996,9.699189028400466,1.44
PRT,1997,9.73779222274008,1.47
PRT,1998,9.779697898051346,1.47
PRT,1999,9.812363612654803,1.5
PRT,2000,9.842786634865467,1.55
PRT,2001,9.854984569273409,1.45
PRT,2002,9.857187573287348,1.46
PRT,2003,9.844084684759105,1.44
PRT,2004,9.859422653913747,1.4
PRT,2005,9.865355401039723,1.41
PRT,2006,9.879671806151135,1.37
PRT,2007,9.902465561885503,1.35
PRT,2008,9.90421103740784,1.39
PRT,2009,9.871539189783375,1.34
PRT,2010,9.888307094175856,1.39
PRT,2011,9.872494160627962,1.35
PRT,2012,9.835196007149635,1.28
PRT,2013,9.830794350175609,1.21
PRT,2014,9.843572821075838,1.24
PRT,2015,9.863487163188946,1.31
PRT,2016,9.886484980778611,1.37
PRT,2017,9.921533553239117,1.38
PRT,2018,9.952171739599772,1.42
PRT,2019,9.979021069470727,1.44
PRT,2020,9.892361585498369,1.42
PRT,2021,9.940190631482182,1.35
PRT,2022,10.000744383129602,1.43
PRT,2023,10.017582167929966,1.45
PRT,2024,10.028532738219846,1.41
PRY,1960,7.31864658052361,6.5
PRY,1961,7.362343233080993,6.489
PRY,1962,7.371360642840601,6.472
PRY,1963,7.3929668632361345,6.447
PRY,1964,7.409216421837551,6.421
PRY,1965,7.444267886722552,6.345
PRY,1966,7.43962629759023,6.231
PRY,1967,7.503399669272151,6.097
PRY,1968,7.524450918153887,5.972
PRY,1969,7.547605959891025,5.837
PRY,1970,7.579193547928595,5.718
PRY,1971,7.610526546795609,5.591
PRY,1972,7.651527549273672,5.458
PRY,1973,7.697817724056757,5.351
PRY,1974,7.753425378119691,5.272
PRY,1975,7.794867847566713,5.177
PRY,1976,7.842774664796622,5.117
PRY,1977,7.926859647552552,5.078
PRY,1978,8.015511373674798,5.036
PRY,1979,8.102170018465658,5.062
PRY,1980,8.186620673626841,5.102
PRY,1981,8.24710322393489,5.153
PRY,1982,8.205186347185398,5.126
PRY,1983,8.146206562157492,5.087
PRY,1984,8.145792957279715,5.037
PRY,1985,8.161796942862118,4.974
PRY,1986,8.181943340559274,4.929
PRY,1987,8.226796531706782,4.847
PRY,1988,8.256222198730354,4.774
PRY,1989,8.295588455299242,4.681
PRY,1990,8.308882445898986,4.565
PRY,1991,8.316664595335482,4.481
PRY,1992,8.307470244714665,4.402
PRY,1993,8.330329592640803,4.282
PRY,1994,8.35752782379231,4.196
PRY,1995,8.399577842624682,4.108
PRY,1996,8.391941212693776,4.014
PRY,1997,8.410948588333017,3.911
PRY,1998,8.389839500473617,3.798
PRY,1999,8.355260127269762,3.67
PRY,2000,8.312500749902892,3.508
PRY,2001,8.28724762845027,3.361
PRY,2002,8.272938413850728,3.233
PRY,2003,8.30293959192202,3.123
PRY,2004,8.331187861372,3.053
PRY,2005,8.341238729247996,2.973
PRY,2006,8.377772943908957,2.889
PRY,2007,8.420766507531372,2.823
PRY,2008,8.474006567482823,2.792
PRY,2009,8.461172288554133,2.757
PRY,2010,8.554691295295894,2.695
PRY,2011,8.583390989661925,2.667
PRY,2012,8.562216737174236,2.658
PRY,2013,8.627503530512824,2.636
PRY,2014,8.66466040603197,2.646
PRY,2015,8.679199436438523,2.645
PRY,2016,8.70648354194201,2.624
PRY,2017,8.739237519828748,2.591
PRY,2018,8.756877459781835,2.561
PRY,2019,8.739302001006266,2.525
PRY,2020,8.717550469205571,2.497
PRY,2021,8.744611567412317,2.469
PRY,2022,8.732983069078593,2.444
PRY,2023,8.772189714210445,2.422
PRY,2024,8.805480015823058,2.416
PSE,1994,7.667340404892725,6.334
PSE,1995,7.691321212707205,6.161
PSE,1996,7.658614644758572,5.988
PSE,1997,7.750703589098815,5.817
PSE,1998,7.8591056363620195,5.693
PSE,1999,7.9131086936374935,5.583
PSE,2000,7.798117586697776,5.457
PSE,2001,7.6748299011088665,5.342
PSE,2002,7.515878429096025,5.216
PSE,2003,7.621491466872472,5.062
PSE,2004,7.7941704088361705,4.971
PSE,2005,7.875592857307842,4.867
PSE,2006,7.84002472093093,4.739
PSE,2007,7.851655084909431,4.627
PSE,2008,7.895803171665555,4.509
PSE,2009,7.951564947228901,4.44
PSE,2010,7.981760966368257,4.434
PSE,2011,8.048183663284643,4.305
PSE,2012,8.08268525371673,4.154
PSE,2013,8.104592042958386,4.049
PSE,2014,8.079571356933426,3.995
PSE,2015,8.093203861526998,3.977
PSE,2016,8.15567770387785,3.887
PSE,2017,8.149884728928209,3.771
PSE,2018,8.136750712182334,3.674
PSE,2019,8.125167751293695,3.591
PSE,2020,7.980183747468846,3.511
PSE,2021,8.023383987032283,3.442
PSE,2022,8.039144777824925,3.375
PSE,2023,8.00544278709866,3.311
PSE,2024,7.722326408656098,3.25
PSS,1970,7.907773977364315,5.75774198305635
PSS,1971,7.948740438600202,5.62580491610765
PSS,1972,7.98206659045449,5.49075937567605
PSS,1973,8.067148474463322,5.37386832349666
PSS,1974,8.078133819154443,5.29230450344522
PSS,1975,8.062143138250887,5.27330656860281
PSS,1976,8.051092471287827,5.24568436561601
PSS,1977,8.061938030218244,5.19841334686475
PSS,1978,8.060832405362547,5.15568258118052
PSS,1979,8.120381621810857,5.10626892152422
PSS,1980,8.062845452808899,5.04994891007165
PSS,1981,8.069987279799685,4.99439421063257
PSS,1982,8.015157520518933,4.93990849745445
PSS,1983,7.98179707535069,4.87836243059184
PSS,1984,8.011691335480249,4.80830063966044
PSS,1985,7.972554834818324,4.70694958024276
PSS,1986,8.002297870765409,4.607044442129
PSS,1987,7.962865080253933,4.53354416250919
PSS,1988,7.957008474908438,4.46780919248984
PSS,1989,7.985025388358099,4.40934287958665
PSS,1990,8.006406177698983,4.36207209943173
PSS,1991,7.986903687633465,4.31127844965516
PSS,1992,8.019245829351949,4.25954187033857
PSS,1993,8.023651901761024,4.21340625097476
PSS,1994,8.057285953994336,4.16950131434112
PSS,1995,8.087404070612578,4.13821481391389
PSS,1996,8.103768591245695,4.09927768167576
PSS,1997,8.076823428510266,4.02698846443694
PSS,1998,8.075567440432351,3.95406182461895
PSS,1999,8.102015654984372,3.88111353640641
PSS,2000,8.073471197618082,3.81671595073823
PSS,2001,8.068897360853851,3.77032425634367
PSS,2002,8.07538567768312,3.72782313604195
PSS,2003,8.082366226814285,3.68834695321623
PSS,2004,8.109636071120073,3.65298369000911
PSS,2005,8.12268600693317,3.620763176744
PSS,2006,8.135280262605786,3.60508810121026
PSS,2007,8.125754086690307,3.58890472455203
PSS,2008,8.135358496439196,3.56930676629901
PSS,2009,8.120704485470064,3.54391950880304
PSS,2010,8.144382985046237,3.51570587097517
PSS,2011,8.168446802437323,3.48820562877606
PSS,2012,8.165541287059852,3.47172473933368
PSS,2013,8.184423357027024,3.45654427789758
PSS,2014,8.206493965617518,3.44819359331922
PSS,2015,8.232457902558673,3.41085700200253
PSS,2016,8.256343736785718,3.35982740867531
PSS,2017,8.281545040804998,3.29401840298443
PSS,2018,8.295739593647872,3.2372619244172
PSS,2019,8.296876753113587,3.17968996269514
PSS,2020,8.178368057790843,3.1447759920452
PSS,2021,8.140337236822136,3.10974098279504
PSS,2022,8.208825423368845,3.06729870639623
PSS,2023,8.266265944850902,3.02800394339178
PSS,2024,8.289997700945653,3.00590037111189
PST,1960,9.34733214717189,2.90442808882196
PST,1961,9.377978071053803,2.89913330836884
PST,1962,9.420186961925854,2.85868750998634
PST,1963,9.457533372054206,2.83396459231029
PST,1964,9.508283571615252,2.81292153515288
PST,1965,9.551198912332458,2.71519645053927
PST,1966,9.594570360633117,2.56529050732116
PST,1967,9.622094282854043,2.58088773510042
PST,1968,9.669868591971504,2.50353514456318
PST,1969,9.714907565087803,2.46607953720604
PST,1970,9.732300394447668,2.43590113001576
PST,1971,9.755949564358597,2.37263596195446
PST,1972,9.797689135428739,2.23465110023601
PST,1973,9.848693219543355,2.14412983918634
PST,1974,9.850304111804329,2.09130536346732
PST,1975,9.844843136790406,1.99967534949052
PST,1976,9.884594771420938,1.93674477332401
PST,1977,9.91397232999062,1.90320318841547
PST,1978,9.948906440995172,1.8565118042829
PST,1979,9.97894147486528,1.86239640401873
PST,1980,9.982335725299793,1.85162766864119
PST,1981,9.994470863294476,1.80682020985859
PST,1982,9.991038720051023,1.79855404036468
PST,1983,10.016154729744262,1.76680323023348
PST,1984,10.058436314048508,1.74013455194628
PST,1985,10.089301411757809,1.73770173077924
PST,1986,10.116018986799325,1.72607851153094
PST,1987,10.145083769078859,1.72046748079298
PST,1988,10.184629452708048,1.74027507110101
PST,1989,10.215332044420094,1.73303543191527
PST,1990,10.235295222151976,1.75107145787354
PST,1991,10.238345757996512,1.72476315621837
PST,1992,10.2505994384159,1.70294656872951
PST,1993,10.256020518193809,1.66313837131592
PST,1994,10.282419627256205,1.64181281287822
PST,1995,10.30469714042572,1.60941269327432
PST,1996,10.328101341532893,1.60338102612505
PST,1997,10.357068906261789,1.59424123197257
PST,1998,10.379199989959874,1.59084682406829
PST,1999,10.409166835491655,1.58592177338232
PST,2000,10.444147084311108,1.61569056232377
PST,2001,10.454258455131214,1.5889209744441
PST,2002,10.464455457487839,1.58132965799612
PST,2003,10.479327617071185,1.5982496478935
PST,2004,10.505585000827066,1.61251200971927
PST,2005,10.52819666363726,1.61201140715546
PST,2006,10.551856592327159,1.65744164035342
PST,2007,10.571553404218458,1.68545174832742
PST,2008,10.569148695292322,1.6981163842684
PST,2009,10.529507949456693,1.67245587489248
PST,2010,10.553440084250246,1.66079042885459
PST,2011,10.566640070008308,1.64471429950164
PST,2012,10.574896702248862,1.65174368416002
PST,2013,10.586123007559557,1.62535077671773
PST,2014,10.60249145241704,1.63311029685644
PST,2015,10.620373451789401,1.62863672974611
PST,2016,10.633662722728662,1.62231566802328
PST,2017,10.65435987663967,1.58028096100032
PST,2018,10.673421661998004,1.550289674881
PST,2019,10.68806732931624,1.51916802759849
PST,2020,10.644953505633294,1.47464307413073
PST,2021,10.701909515357276,1.48902982121868
PST,2022,10.729357859160114,1.4415122069188
PST,2023,10.743724642491605,1.3972378902435
PST,2024,10.755107733447378,1.38617793642855
PYF,1965,10.023553347923194,6.0
PYF,1966,10.081185109864352,5.981
PYF,1967,9.998642846301665,5.951
PYF,1968,10.103376919136398,5.9
PYF,1969,10.041425005096455,5.818
PYF,1970,10.022764010640413,5.628
PYF,1971,10.102181951234162,5.446
PYF,1972,10.021225446773448,5.272
PYF,1973,10.063978746364613,5.091
PYF,1974,10.197739475403516,4.906
PYF,1975,10.116520988526823,4.713
PYF,1976,10.165461724374582,4.512
PYF,1977,10.156089064091717,4.366
PYF,1978,10.219236732437917,4.045
PYF,1979,10.225918115194748,3.941
PYF,1980,10.19892568672009,3.935
PYF,1981,10.19337029456779,3.934
PYF,1982,10.178884034484314,3.797
PYF,1983,10.17262436050019,3.743
PYF,1984,10.168847750421136,3.834
PYF,1985,10.131785284146222,3.862
PYF,1986,10.233304155848655,3.714
PYF,1987,10.220503588026299,3.622
PYF,1988,10.159249422457398,3.748
PYF,1989,10.15805674641852,3.49
PYF,1990,10.13886415593412,3.434
PYF,1991,10.155481928236014,3.259
PYF,1992,10.12260343612212,3.15
PYF,1993,10.092389480546055,3.084
PYF,1994,10.05936728289373,2.942
PYF,1995,10.040135898589464,2.781
PYF,1996,10.018365480731035,2.716
PYF,1997,10.001157708403259,2.59
PYF,1998,10.0020226521654,2.49
PYF,1999,10.004972209537005,2.581
PYF,2000,10.021218522527464,2.596
PYF,2001,10.002273136859044,2.523
PYF,2002,9.995743962206317,2.425
PYF,2003,10.001323719810708,2.26
PYF,2004,9.995152052141265,2.198
PYF,2005,9.98328828323123,2.181
PYF,2006,9.97792688506042,2.217
PYF,2007,9.982692936106213,2.122
PYF,2008,9.975502019853536,2.195
PYF,2009,9.928169057907892,2.148
PYF,2010,9.899129332717418,2.165
PYF,2011,9.864832156909229,2.061
PYF,2012,9.85053194125408,2.026
PYF,2013,9.848509947229038,1.937
PYF,2014,9.848407405591598,1.957
PYF,2015,9.860943215019411,1.872
PYF,2016,9.878993601771729,1.763
PYF,2017,9.917773450585063,1.669
PYF,2018,9.936652499325337,1.645
PYF,2019,9.965986892398924,1.567
PYF,2020,9.853603288377817,1.57
PYF,2021,9.8846223816454,1.532
PYF,2022,9.911480495183904,1.515
PYF,2023,9.936195615206648,1.501
PYF,2024,9.94494861029992,1.491
QAT,1970,11.286143811956949,6.228
QAT,1971,11.260293195033668,6.145
QAT,1972,11.256136854703016,6.073
QAT,1973,11.259009120419854,6.008
QAT,1974,11.225116868832695,5.935
QAT,1975,11.19729684366856,5.861
QAT,1976,11.19804118501437,5.782
QAT,1977,11.047397616973415,5.691
QAT,1978,11.06154325154665,5.577
QAT,1979,11.045090883631492,5.461
QAT,1980,10.970342176849789,5.329
QAT,1981,10.917338948933235,5.196
QAT,1982,10.786656962611568,5.044
QAT,1983,10.711544356214747,4.898
QAT,1984,10.703428158597244,4.756
QAT,1985,10.631380929678087,4.642
QAT,1986,10.639308633178503,4.565
QAT,1987,10.6023342818214,4.539
QAT,1988,10.624414894624131,4.515
QAT,1989,10.650405268997194,4.412
QAT,1990,10.65041554047245,4.23
QAT,1991,10.600851598873648,3.988
QAT,1992,10.67615656571912,3.852
QAT,1993,10.631608957067838,3.765
QAT,1994,10.615381139738789,3.665
QAT,1995,10.60976035956015,3.557
QAT,1996,10.624400932354346,3.444
QAT,1997,10.847055197557347,3.327
QAT,1998,10.900251368566948,3.211
QAT,1999,10.888609508827116,3.117
QAT,2000,10.914146617280334,3.073
QAT,2001,10.902584099513817,3.08
QAT,2002,10.924023067866312,3.011
QAT,2003,10.9145504993317,2.925
QAT,2004,11.052587114225695,2.794
QAT,2005,11.059670769665749,2.635
QAT,2006,11.12780138649477,2.509
QAT,2007,11.076187104326337,2.438
QAT,2008,11.072769457581584,2.369
QAT,2009,11.0656973741754,2.254
QAT,2010,11.215487993583016,2.137
QAT,2011,11.333002984638838,2.07
QAT,2012,11.319847147206335,2.04
QAT,2013,11.256479409583873,2.032
QAT,2014,11.181027658744016,2.03
QAT,2015,11.141648640520387,1.976
QAT,2016,11.116833173121455,1.856
QAT,2017,11.074384823427014,1.834
QAT,2018,11.07303686581504,1.756
QAT,2019,11.057699478687294,1.731
QAT,2020,10.964218035789289,1.675
QAT,2021,11.089630013738178,1.605
QAT,2022,11.071557903474487,1.739
QAT,2023,11.083849296500997,1.729
QAT,2024,11.04124541258751,1.717
ROU,1990,8.521073060477296,1.83
ROU,1991,8.391437596386579,1.59
ROU,1992,8.308716209363201,1.51
ROU,1993,8.325249956645676,1.43
ROU,1994,8.365269849402903,1.4
ROU,1995,8.427762461104905,1.33
ROU,1996,8.468976595148511,1.3
ROU,1997,8.422149832732378,1.32
ROU,1998,8.403712668228362,1.32
ROU,1999,8.401508735803482,1.3
ROU,2000,8.427117759892157,1.31
ROU,2001,8.491937557090171,1.27
ROU,2002,8.56570711673555,1.27
ROU,2003,8.596061367991172,1.3
ROU,2004,8.700953793057444,1.33
ROU,2005,8.752753767127427,1.4
ROU,2006,8.835905567509409,1.42
ROU,2007,8.92051918100169,1.45
ROU,2008,9.026177532415526,1.6
ROU,2009,8.977761268101364,1.66
ROU,2010,8.94385951387169,1.59
ROU,2011,8.99275285095176,1.47
ROU,2012,9.016061879194224,1.52
ROU,2013,9.022558950116128,1.46
ROU,2014,9.066640191777969,1.56
ROU,2015,9.102422977129411,1.62
ROU,2016,9.136357583933709,1.69
ROU,2017,9.220907043122477,1.78
ROU,2018,9.279322454204783,1.76
ROU,2019,9.323429411747748,1.77
ROU,2020,9.292293508868276,1.8
ROU,2021,9.354122266965353,1.81
ROU,2022,9.399000413166808,1.71
ROU,2023,9.420667506855567,1.54
ROU,2024,9.430271666006991,1.39
RUS,1989,9.000346856145994,2.01
RUS,1990,8.968207540487844,1.892
RUS,1991,8.913553171282688,1.732
RUS,1992,8.755566122279662,1.552
RUS,1993,8.66542603260341,1.385
RUS,1994,8.531439760559778,1.4
RUS,1995,8.48933811279428,1.337
RUS,1996,8.452518723538327,1.27
RUS,1997,8.468074237849933,1.218
RUS,1998,8.415273256243886,1.232
RUS,1999,8.48040064506592,1.157
RUS,2000,8.579917537415207,1.195
RUS,2001,8.633901083340453,1.223
RUS,2002,8.684430192041567,1.286
RUS,2003,8.759425956907013,1.319
RUS,2004,8.832978379342993,1.344
RUS,2005,8.898827966431375,1.294
RUS,2006,8.980914248150096,1.305
RUS,2007,9.064204880368637,1.416
RUS,2008,9.11533716653478,1.502
RUS,2009,9.03382609990302,1.542
RUS,2010,9.0773939644645,1.567
RUS,2011,9.118315025569482,1.582
RUS,2012,9.15525154071543,1.691
RUS,2013,9.169678480198696,1.707
RUS,2014,9.158395549600886,1.75
RUS,2015,9.135370444912384,1.777
RUS,2016,9.134465018611492,1.762
RUS,2017,9.150483790102484,1.621
RUS,2018,9.17727851345692,1.579
RUS,2019,9.198472669961488,1.504
RUS,2020,9.172879928950492,1.505
RUS,2021,9.233208722526568,1.505
RUS,2022,9.222181511586156,1.416
RUS,2023,9.264872668059374,1.41
RUS,2024,9.314036544398494,1.418
RWA,1960,5.808646895918593,8.283
RWA,1961,5.737150506691213,8.279
RWA,1962,5.819325641851945,8.271
RWA,1963,5.693345612461923,8.269
RWA,1964,5.537177967036779,8.266
RWA,1965,5.578769865659813,8.249
RWA,1966,5.618167681973007,8.23
RWA,1967,5.65484784138994,8.211
RWA,1968,5.691594158295417,8.187
RWA,1969,5.765181394818713,8.176
RWA,1970,5.793010256839939,8.145
RWA,1971,5.775456635393493,8.092
RWA,1972,5.749167060448474,8.089
RWA,1973,5.753848059061259,8.092
RWA,1974,5.738550591775118,8.102
RWA,1975,5.687784654493901,8.096
RWA,1976,5.8364115701218475,8.122
RWA,1977,5.826616590660554,8.138
RWA,1978,5.884562023586147,8.157
RWA,1979,5.966530732310192,8.13
RWA,1980,6.02120412604226,8.115
RWA,1981,6.04215871420543,8.102
RWA,1982,6.027301693834054,8.064
RWA,1983,6.052023356640782,8.001
RWA,1984,5.975003954160974,7.913
RWA,1985,5.984347581992541,7.786
RWA,1986,6.0042097618061465,7.612
RWA,1987,5.971196937812487,7.426
RWA,1988,5.983331541099032,7.234
RWA,1989,5.95234996043553,7.029
RWA,1990,5.901881602819613,6.803
RWA,1991,5.856061789832109,6.622
RWA,1992,5.892576593056398,6.539
RWA,1993,5.76997731331751,6.479
RWA,1994,5.233139425064148,6.415
RWA,1995,5.714784621395093,6.345
RWA,1996,5.667249639473857,6.289
RWA,1997,5.652005317248916,6.235
RWA,1998,5.6956541526094595,6.171
RWA,1999,5.730090893326237,6.059
RWA,2000,5.802410355519627,5.967
RWA,2001,5.874980281717341,5.893
RWA,2002,5.9853424687790575,5.816
RWA,2003,5.985145580933399,5.737
RWA,2004,6.030550200661309,5.64
RWA,2005,6.093587884434929,5.5
RWA,2006,6.155178320111057,5.335
RWA,2007,6.202137379555655,5.141
RWA,2008,6.281665255049434,4.922
RWA,2009,6.316481273772106,4.707
RWA,2010,6.362026158320575,4.522
RWA,2011,6.41407554804526,4.332
RWA,2012,6.47302089510687,4.201
RWA,2013,6.495105376118715,4.136
RWA,2014,6.526069438296669,4.117
RWA,2015,6.58712488135122,4.108
RWA,2016,6.618469430593194,4.106
RWA,2017,6.640980268668742,4.084
RWA,2018,6.695433971304703,4.047
RWA,2019,6.761424699489526,3.985
RWA,2020,6.710836255645735,3.913
RWA,2021,6.769690007047125,3.841
RWA,2022,6.841503111770299,3.778
RWA,2023,6.9016476700965095,3.698
RWA,2024,6.950009477807104,3.645
SAS,1960,5.803913104183449,5.99643314493816
SAS,1961,5.818889614566265,6.01292550013622
SAS,1962,5.8270131698279135,6.02832846438143
SAS,1963,5.850829517903878,6.0398677590804
SAS,1964,5.90179629296191,6.04572178301191
SAS,1965,5.859850194717583,6.008650221683
SAS,1966,5.843869518069105,5.95428427460588
SAS,1967,5.88174919096186,5.90764870193796
SAS,1968,5.900808530579499,5.84957895939763
SAS,1969,5.935366650059902,5.78200152561332
SAS,1970,5.962705175627248,5.73113650750894
SAS,1971,5.947468494160802,5.67694375572139
SAS,1972,5.904101177431432,5.60130386870779
SAS,1973,5.914261792788531,5.52599428260385
SAS,1974,5.91359583093458,5.45583178561272
SAS,1975,5.960443461005152,5.33807896974918
SAS,1976,5.958597876831984,5.27444137494508
SAS,1977,5.9988946337212825,5.15974663561678
SAS,1978,6.032529605488149,5.05130631651815
SAS,1979,5.973071548331033,4.97314912067142
SAS,1980,6.006378228487136,4.93210389308236
SAS,1981,6.042673407022942,4.85508043055275
SAS,1982,6.052094502048144,4.76963779583485
SAS,1983,6.0929692853006685,4.69716379179166
SAS,1984,6.109752016780943,4.63543091770381
SAS,1985,6.1360386331327375,4.54089790157858
SAS,1986,6.159059605179211,4.48421257180628
SAS,1987,6.174113636478754,4.38245113866164
SAS,1988,6.233742560119167,4.28044288663875
SAS,1989,6.265042007445219,4.18658328511583
SAS,1990,6.297734605981286,4.09079809478255
SAS,1991,6.2915242429120415,3.98965383518945
SAS,1992,6.323186381099627,3.89236745569418
SAS,1993,6.349518620651661,3.80300535566384
SAS,1994,6.3910228383368874,3.72552810756277
SAS,1995,6.4405604366470435,3.64485252790157
SAS,1996,6.48909951577257,3.57154357867819
SAS,1997,6.5107911778496215,3.50744412442615
SAS,1998,6.549618253260998,3.43651880803499
SAS,1999,6.609504588645228,3.37233736803084
SAS,2000,6.630859059436557,3.33395356090725
SAS,2001,6.657185594438084,3.28308388400588
SAS,2002,6.676564172780308,3.19828354094027
SAS,2003,6.731740217814579,3.10343433102198
SAS,2004,6.788062660467032,3.02541628348848
SAS,2005,6.846060613119133,2.93687989722614
SAS,2006,6.9070906134933,2.84697285381899
SAS,2007,6.965379024166913,2.75669654521409
SAS,2008,6.985917701210225,2.68905082515755
SAS,2009,7.043563599164361,2.64443180727681
SAS,2010,7.108668133350014,2.56574779030977
SAS,2011,7.148404812920183,2.50022514366302
SAS,2012,7.190307521732884,2.44177823996936
SAS,2013,7.238642073394188,2.37827206529081
SAS,2014,7.296560217245272,2.28396274115946
SAS,2015,7.359175695279962,2.27891070577889
SAS,2016,7.424376534214191,2.2733060135155
SAS,2017,7.478883353031486,2.19158171903298
SAS,2018,7.530330373727533,2.18134059924297
SAS,2019,7.560287247319712,2.12407623256393
SAS,2020,7.499418007673177,2.06019382226457
SAS,2021,7.579432548120324,2.03102990361988
SAS,2022,7.639979393318186,2.01401171309975
SAS,2023,7.696822675884012,1.99556441998933
SAS,2024,7.753348653266446,1.98099187797599
SAU,1960,9.682796708759358,7.626
SAU,1961,9.758363105269597,7.634
SAU,1962,9.834253812577742,7.636
SAU,1963,9.880771640649693,7.654
SAU,1964,9.927854444953555,7.672
SAU,1965,10.005255125019886,7.658
SAU,1966,10.046654571072729,7.655
SAU,1967,10.094122057952527,7.658
SAU,1968,10.128960416616197,7.627
SAU,1969,10.147459951311731,7.597
SAU,1970,10.528400286164514,7.583
SAU,1971,10.625799922773455,7.556
SAU,1972,10.750309888416355,7.539
SAU,1973,10.90312030761983,7.484
SAU,1974,11.000836518466912,7.426
SAU,1975,10.8919791841521,7.37
SAU,1976,10.979923982868243,7.33
SAU,1977,10.98152386030853,7.295
SAU,1978,10.926115371869768,7.263
SAU,1979,10.972077347165127,7.227
SAU,1980,10.969822696799895,7.145
SAU,1981,10.939437161415853,7.067
SAU,1982,10.70277114387847,6.979
SAU,1983,10.525421009346234,6.875
SAU,1984,10.425057354784862,6.776
SAU,1985,10.292840938891766,6.649
SAU,1986,10.246021385384905,6.517
SAU,1987,10.157689602629747,6.343
SAU,1988,10.168396558871548,6.15
SAU,1989,10.121993644804544,5.975
SAU,1990,10.162730222344734,5.804
SAU,1991,10.194016154584153,5.644
SAU,1992,10.192757094991178,5.489
SAU,1993,10.152262376976411,5.326
SAU,1994,10.118947778268582,5.161
SAU,1995,10.08063935790495,4.986
SAU,1996,10.073193837688454,4.812
SAU,1997,10.06074915973615,4.656
SAU,1998,10.051038995921003,4.524
SAU,1999,10.008497160637742,4.354
SAU,2000,10.010000954808191,4.206
SAU,2001,9.961430572160209,3.964
SAU,2002,9.90475834472896,3.709
SAU,2003,9.941069364231883,3.465
SAU,2004,9.977940589619092,3.264
SAU,2005,9.991415621253445,3.161
SAU,2006,9.981204584563729,3.176
SAU,2007,9.961605156934239,3.185
SAU,2008,9.981829148298356,3.074
SAU,2009,9.931955728442166,2.95
SAU,2010,9.991046973905739,2.81
SAU,2011,10.05683323425291,2.8
SAU,2012,10.070823882583978,2.78
SAU,2013,10.045739845623242,2.67
SAU,2014,10.06069344347705,2.68
SAU,2015,10.054325105243393,2.63
SAU,2016,10.033771364832356,2.65
SAU,2017,10.04477528672353,2.67
SAU,2018,10.102072754303496,2.67
SAU,2019,10.122850757049267,2.49
SAU,2020,10.03572876041035,2.27
SAU,2021,10.123533178025276,2.17
SAU,2022,10.192677909182692,2.14
SAU,2023,10.15170700901508,2.28
SAU,2024,10.13153952605354,2.308
SDN,1960,6.747272418670353,6.663
SDN,1961,6.7199390152252505,6.656
SDN,1962,6.758647566744396,6.704
SDN,1963,6.7010915498954216,6.758
SDN,1964,6.660141948677261,6.804
SDN,1965,6.695618964097031,6.84
SDN,1966,6.630048434582868,6.879
SDN,1967,6.615264462510655,6.909
SDN,1968,6.60539793431506,6.946
SDN,1969,6.589789999718563,6.967
SDN,1970,6.617728010790642,6.986
SDN,1971,6.609388972810047,7.019
SDN,1972,6.525986699933017,6.983
SDN,1973,6.495252555917416,6.939
SDN,1974,6.566691916224447,6.909
SDN,1975,6.679540756010431,6.866
SDN,1976,6.800395628255398,6.823
SDN,1977,6.827846570102172,6.775
SDN,1978,6.73012489865871,6.72
SDN,1979,6.64075531063762,6.651
SDN,1980,6.617295263074171,6.592
SDN,1981,6.650983586635453,6.528
SDN,1982,6.67278841432441,6.473
SDN,1983,6.662142625817722,6.413
SDN,1984,6.58887711087914,6.343
SDN,1985,6.5059385063764745,6.279
SDN,1986,6.539870099166221,6.225
SDN,1987,6.654836336268298,6.175
SDN,1988,6.639162066210786,6.132
SDN,1989,6.713049566016712,6.106
SDN,1990,6.639157195868286,6.074
SDN,1991,6.691298458532648,6.05
SDN,1992,6.735790235041675,6.019
SDN,1993,6.760389371428083,5.97
SDN,1994,6.745588568008797,5.912
SDN,1995,6.777297214089651,5.856
SDN,1996,6.811971158760794,5.792
SDN,1997,6.956850107488163,5.717
SDN,1998,6.974733296492558,5.646
SDN,1999,6.979965219497817,5.622
SDN,2000,7.013122581726306,5.596
SDN,2001,7.047670487464707,5.562
SDN,2002,7.077679751855402,5.531
SDN,2003,7.111855268352782,5.489
SDN,2004,7.135425483587366,5.455
SDN,2005,7.162586924967926,5.397
SDN,2006,7.197528181702272,5.332
SDN,2007,7.224104702427029,5.27
SDN,2008,7.231016063394568,5.212
SDN,2009,7.171155383734918,5.173
SDN,2010,7.17871567868571,5.141
SDN,2011,7.235776289848233,5.087
SDN,2012,7.161046620154998,5.031
SDN,2013,7.157314233944265,4.965
SDN,2014,7.175787793476717,4.912
SDN,2015,7.164240479161954,4.898
SDN,2016,7.167928329890364,4.829
SDN,2017,7.140352828219474,4.761
SDN,2018,7.0782947471016975,4.681
SDN,2019,7.026917788074605,4.617
SDN,2020,6.96306201750643,4.542
SDN,2021,6.917258865664105,4.457
SDN,2022,6.880615587515786,4.384
SDN,2023,6.518738953206132,4.323
SDN,2024,6.360246929583617,4.264
SEN,1960,7.04838826673252,6.996
SEN,1961,7.049708648098414,7.038
SEN,1962,7.020138032967607,7.079
SEN,1963,7.010385532414023,7.12
SEN,1964,7.0201109597179,7.157
SEN,1965,7.004555465966898,7.19
SEN,1966,7.00360609581625,7.217
SEN,1967,6.961617136092921,7.237
SEN,1968,6.992781179205798,7.251
SEN,1969,6.895166904807056,7.259
SEN,1970,6.947467594419769,7.262
SEN,1971,6.9161672685052,7.261
SEN,1972,6.948125105487676,7.258
SEN,1973,6.860848350460435,7.255
SEN,1974,6.87289602402161,7.252
SEN,1975,6.917827075744389,7.252
SEN,1976,6.976983165909339,7.258
SEN,1977,6.925412856794684,7.268
SEN,1978,6.861713618630972,7.279
SEN,1979,6.905467243995663,7.29
SEN,1980,6.919848475428593,7.292
SEN,1981,6.944763359442019,7.279
SEN,1982,6.995523259724219,7.245
SEN,1983,6.91054296233629,7.189
SEN,1984,6.921873872148622,7.111
SEN,1985,6.928012956977541,7.013
SEN,1986,6.930057974947211,6.902
SEN,1987,6.961603620902679,6.785
SEN,1988,6.924443185583719,6.577
SEN,1989,6.9346656836253056,6.479
SEN,1990,6.898490011265645,6.396
SEN,1991,6.896322387675233,6.267
SEN,1992,6.881467626519543,6.149
SEN,1993,6.867460813752989,6.049
SEN,1994,6.840217136084597,5.915
SEN,1995,6.867815283742002,5.819
SEN,1996,6.863373613847059,5.723
SEN,1997,6.869779947055325,5.639
SEN,1998,6.903726259060552,5.581
SEN,1999,6.940961754944439,5.573
SEN,2000,6.954996377801152,5.498
SEN,2001,6.97295189493963,5.397
SEN,2002,6.949142009474185,5.301
SEN,2003,6.9795044141803775,5.246
SEN,2004,7.001428342588426,5.192
SEN,2005,7.020235864356541,5.133
SEN,2006,7.019996804799913,5.064
SEN,2007,7.024647804058623,5.018
SEN,2008,7.037615174290761,5.024
SEN,2009,7.041108181475429,5.025
SEN,2010,7.050585822482072,5.055
SEN,2011,7.038559374972487,5.099
SEN,2012,7.051038648564451,5.129
SEN,2013,7.045241522368861,5.049
SEN,2014,7.073946362086212,4.884
SEN,2015,7.104970485658123,4.751
SEN,2016,7.136808588554078,4.648
SEN,2017,7.179391295116795,4.489
SEN,2018,7.211627659680629,4.294
SEN,2019,7.229555225271635,4.1
SEN,2020,7.216556345386861,4.003
SEN,2021,7.254559323144008,3.936
SEN,2022,7.267664418533401,3.864
SEN,2023,7.285483534774421,3.818
SEN,2024,7.324897535242733,3.765
SGP,1960,8.192004082621946,5.76
SGP,1961,8.236789800949216,5.41
SGP,1962,8.281916447201402,5.21
SGP,1963,8.352316817449081,5.16
SGP,1964,8.295163717669917,4.97
SGP,1965,8.346288442910046,4.66
SGP,1966,8.41837258391029,4.46
SGP,1967,8.514145386975962,3.91
SGP,1968,8.623770580235606,3.53
SGP,1969,8.738294809265627,3.22
SGP,1970,8.853265209290914,3.07
SGP,1971,8.951940624946658,3.02
SGP,1972,9.058424867896042,3.04
SGP,1973,9.140514951879007,2.79
SGP,1974,9.18324940957049,2.35
SGP,1975,9.207759135254879,2.07
SGP,1976,9.266017897458434,2.11
SGP,1977,9.318439316443259,1.82
SGP,1978,9.381238088449686,1.79
SGP,1979,9.459865652097841,1.79
SGP,1980,9.543513613666573,1.82
SGP,1981,9.598137013654565,1.78
SGP,1982,9.622863895191195,1.74
SGP,1983,9.691958448758596,1.61
SGP,1984,9.757326476285185,1.62
SGP,1985,9.749713539346251,1.61
SGP,1986,9.763997191120653,1.43
SGP,1987,9.851496788676585,1.62
SGP,1988,9.932850954082312,1.96
SGP,1989,10.000246551840883,1.75
SGP,1990,10.055036282793017,1.83
SGP,1991,10.091323681466019,1.73
SGP,1992,10.125567784158722,1.72
SGP,1993,10.208762180546444,1.74
SGP,1994,10.282618021043028,1.71
SGP,1995,10.321536455356226,1.67
SGP,1996,10.35294776529797,1.66
SGP,1997,10.399257968783207,1.61
SGP,1998,10.343132103951412,1.48
SGP,1999,10.39074912160565,1.47
SGP,2000,10.459957859673008,1.6
SGP,2001,10.422217923726535,1.41
SGP,2002,10.451575051464479,1.37
SGP,2003,10.510798933131072,1.27
SGP,2004,10.593044185344016,1.26
SGP,2005,10.640615447606706,1.26
SGP,2006,10.69556132447716,1.28
SGP,2007,10.740276399317946,1.29
SGP,2008,10.705524561826238,1.28
SGP,2009,10.67664377860065,1.22
SGP,2010,10.79450255849819,1.15
SGP,2011,10.833948069927242,1.2
SGP,2012,10.85281361355864,1.29
SGP,2013,10.88367233897066,1.19
SGP,2014,10.909288653157498,1.25
SGP,2015,10.92675841129577,1.24
SGP,2016,10.952148176143107,1.2
SGP,2017,10.99362025524481,1.16
SGP,2018,11.020292108152367,1.14
SGP,2019,11.020370445511993,1.14
SGP,2020,10.986713027068982,1.1
SGP,2021,11.125008334606463,1.12
SGP,2022,11.131241672677344,1.04
SGP,2023,11.09705703149828,0.97
SGP,2024,11.129168462290401,0.97
SLB,1980,7.701458626243617,6.768
SLB,1981,7.6485776550223745,6.709
SLB,1982,7.597278596997372,6.64
SLB,1983,7.601287658689004,6.569
SLB,1984,7.569126174069215,6.489
SLB,1985,7.503851322325789,6.375
SLB,1986,7.469141675131674,6.259
SLB,1987,7.517723972213076,6.115
SLB,1988,7.497988526884683,5.99
SLB,1989,7.508072344508132,5.867
SLB,1990,7.498721366452946,5.74
SLB,1991,7.526377647428475,5.62
SLB,1992,7.6157678322261555,5.509
SLB,1993,7.625242724385667,5.453
SLB,1994,7.673702048231953,5.398
SLB,1995,7.740654348969006,5.335
SLB,1996,7.727737858140769,5.221
SLB,1997,7.690014861525003,5.093
SLB,1998,7.674784053956662,4.977
SLB,1999,7.64300794796244,4.861
SLB,2000,7.466066190834963,4.757
SLB,2001,7.363694972880372,4.673
SLB,2002,7.316446324123511,4.602
SLB,2003,7.3612759858867145,4.539
SLB,2004,7.417324009062524,4.466
SLB,2005,7.47064616903244,4.411
SLB,2006,7.493714941546279,4.39
SLB,2007,7.512198677091754,4.372
SLB,2008,7.555481201561763,4.358
SLB,2009,7.565515085345455,4.349
SLB,2010,7.629954782325543,4.341
SLB,2011,7.664829125719228,4.335
SLB,2012,7.652504968970034,4.332
SLB,2013,7.667027765650074,4.325
SLB,2014,7.642601192525639,4.36
SLB,2015,7.623386398351897,4.291
SLB,2016,7.642163617193172,4.2
SLB,2017,7.6378933100442294,4.06
SLB,2018,7.631383019876264,3.93
SLB,2019,7.622219330862016,3.8
SLB,2020,7.565614655948561,3.749
SLB,2021,7.539320620558534,3.694
SLB,2022,7.489198130617161,3.62
SLB,2023,7.493254878861174,3.557
SLB,2024,7.4990821550706,3.513
SLE,1960,6.784521664258068,6.175
SLE,1961,6.7867604925962075,6.205
SLE,1962,6.814806002207032,6.222
SLE,1963,6.814720131894369,6.261
SLE,1964,6.861901582603884,6.294
SLE,1965,6.913144536800295,6.311
SLE,1966,6.911550720768076,6.345
SLE,1967,6.893104252172437,6.383
SLE,1968,6.894103244783651,6.385
SLE,1969,6.9570156101947775,6.393
SLE,1970,7.020752845067801,6.411
SLE,1971,7.036219339943576,6.429
SLE,1972,7.0268339658051,6.447
SLE,1973,7.0306436391995,6.473
SLE,1974,7.046553102219766,6.534
SLE,1975,7.044719542127455,6.546
SLE,1976,7.022173293886379,6.553
SLE,1977,7.004146648186826,6.568
SLE,1978,7.008613145453519,6.591
SLE,1979,7.033224588651986,6.582
SLE,1980,7.060586087617237,6.562
SLE,1981,7.068768275217936,6.554
SLE,1982,7.094951844085723,6.563
SLE,1983,7.052373724350998,6.573
SLE,1984,7.070582160755686,6.592
SLE,1985,6.993863355074378,6.592
SLE,1986,6.981728702820052,6.597
SLE,1987,7.024729060741768,6.609
SLE,1988,6.924300824102594,6.588
SLE,1989,6.9065948261712755,6.571
SLE,1990,6.899984516565495,6.567
SLE,1991,6.911520563304333,6.553
SLE,1992,6.719636190285894,6.555
SLE,1993,6.735507338207733,6.569
SLE,1994,6.712005943516775,6.557
SLE,1995,6.6271725696065875,6.555
SLE,1996,6.6397771597915725,6.552
SLE,1997,6.566312010925614,6.531
SLE,1998,6.574163336443481,6.495
SLE,1999,6.549003986033458,6.423
SLE,2000,6.589257804526696,6.355
SLE,2001,6.464645382815284,6.305
SLE,2002,6.6422112663352175,6.23
SLE,2003,6.692166231675201,6.087
SLE,2004,6.7211362238701025,5.919
SLE,2005,6.73685548192493,5.807
SLE,2006,6.7567280203598,5.737
SLE,2007,6.771578518851911,5.643
SLE,2008,6.782805788471993,5.563
SLE,2009,6.771064149385005,5.448
SLE,2010,6.805467694156183,5.327
SLE,2011,6.857262467338131,5.209
SLE,2012,6.9324904858312335,5.064
SLE,2013,7.044747942236414,4.873
SLE,2014,6.939484436491127,4.703
SLE,2015,6.87168860673288,4.548
SLE,2016,6.910530048566022,4.466
SLE,2017,6.918246988720802,4.389
SLE,2018,6.923301635430662,4.294
SLE,2019,6.953653437508732,4.192
SLE,2020,6.917956020210277,4.08
SLE,2021,6.952505064733894,3.978
SLE,2022,6.982017167147747,3.876
SLE,2023,7.01559425821637,3.791
SLE,2024,7.036403568060039,3.703
SLV,1965,7.87739590412259,6.636
SLV,1966,7.918363681473126,6.565
SLV,1967,7.9430770370981305,6.487
SLV,1968,7.947085054143887,6.386
SLV,1969,7.954219510953926,6.278
SLV,1970,7.95807478457067,6.178
SLV,1971,7.972035238724036,6.13
SLV,1972,8.00792287214535,6.032
SLV,1973,8.03195395738687,5.929
SLV,1974,8.060944535767295,5.822
SLV,1975,8.067483250340521,5.705
SLV,1976,8.095168307826375,5.59
SLV,1977,8.139398549114057,5.473
SLV,1978,8.169899113634408,5.357
SLV,1979,8.107753857249616,5.234
SLV,1980,7.922039178747413,5.107
SLV,1981,7.856494446302228,4.986
SLV,1982,7.780045595833239,4.826
SLV,1983,7.777120600230174,4.65
SLV,1984,7.771313759197016,4.478
SLV,1985,7.757483706077709,4.316
SLV,1986,7.73959209124575,4.194
SLV,1987,7.744597782591361,4.175
SLV,1988,7.743105677785315,4.103
SLV,1989,7.733042893463759,4.033
SLV,1990,7.7614063158558935,3.964
SLV,1991,7.758732287136455,3.889
SLV,1992,7.810255311022323,3.802
SLV,1993,7.8535859180234695,3.691
SLV,1994,7.889913443138551,3.613
SLV,1995,7.92780234500189,3.568
SLV,1996,7.9284227072619275,3.482
SLV,1997,7.9525746163149895,3.377
SLV,1998,7.972576576280139,3.342
SLV,1999,7.9883505731528945,3.217
SLV,2000,7.99459638121267,3.076
SLV,2001,7.999207780250162,2.93
SLV,2002,8.01170764312865,2.775
SLV,2003,8.025243189033683,2.636
SLV,2004,8.033086190447184,2.516
SLV,2005,8.059390407038835,2.44
SLV,2006,8.102389062150724,2.395
SLV,2007,8.119446907115272,2.354
SLV,2008,8.137527187971052,2.291
SLV,2009,8.113070634317651,2.261
SLV,2010,8.131087512584056,2.239
SLV,2011,8.164850747587009,2.224
SLV,2012,8.188777766364051,2.187
SLV,2013,8.206829270823723,2.154
SLV,2014,8.219851257751255,2.126
SLV,2015,8.240211238908092,2.067
SLV,2016,8.262519476250159,1.965
SLV,2017,8.282695460364838,1.896
SLV,2018,8.305524283156728,1.849
SLV,2019,8.329203047532397,1.838
SLV,2020,8.244999080053105,1.819
SLV,2021,8.354097037462306,1.803
SLV,2022,8.379300386464532,1.785
SLV,2023,8.407645397126927,1.775
SLV,2024,8.428702568037547,1.768
SMR,1997,10.7874518881266,1.243
SMR,1998,10.846934455640655,1.263
SMR,1999,10.920861239963916,1.288
SMR,2000,10.929652739037165,1.404
SMR,2001,10.971181204290612,1.519
SMR,2002,10.9615448954105,1.432
SMR,2003,10.986820477944017,1.296
SMR,2004,10.974954677682978,1.298
SMR,2005,10.986132214458957,1.198
SMR,2006,11.012121515046434,1.242
SMR,2007,11.047342734376835,1.257
SMR,2008,11.027974125828834,1.521
SMR,2009,10.875652711517303,1.358
SMR,2010,10.813210269323683,1.459
SMR,2011,10.746131834812914,1.456
SMR,2012,10.647388122548564,1.289
SMR,2013,10.6523879318523,1.483
SMR,2014,10.657090675705206,1.259
SMR,2015,10.672363615672651,1.196
SMR,2016,10.689355119280531,1.127
SMR,2017,10.67029770844973,1.054
SMR,2018,10.66472963209882,1.077
SMR,2019,10.681100046151446,1.096
SMR,2020,10.609225984175243,1.113
SMR,2021,10.754367217091248,1.125
SMR,2022,10.845003910959733,1.136
SMR,2023,10.845909356561313,1.149
SOM,1960,5.76464181899147,7.25
SOM,1961,5.7054924449140785,7.252
SOM,1962,5.747775789998699,7.255
SOM,1963,5.749330436928018,7.258
SOM,1964,5.660119270937898,7.261
SOM,1965,5.57254480129123,7.261
SOM,1966,5.633362755415211,7.257
SOM,1967,5.664845396375978,7.248
SOM,1968,5.65864373692113,7.231
SOM,1969,5.615226044854586,7.209
SOM,1970,5.633613587055048,7.182
SOM,1971,5.6285714809398035,7.151
SOM,1972,5.741131008247988,7.118
SOM,1973,5.585008529299065,7.086
SOM,1974,5.566581074071541,7.057
SOM,1975,5.67855076331821,7.033
SOM,1976,5.634784634409887,7.016
SOM,1977,5.7359744395566485,7.004
SOM,1978,5.721162318561586,7.13
SOM,1979,5.546266434138343,7.161
SOM,1980,5.478429164762617,7.178
SOM,1981,5.531352040493114,7.227
SOM,1982,5.555143850670013,7.252
SOM,1983,5.400214860613827,7.277
SOM,1984,5.395921699020554,7.3
SOM,1985,5.446567796939936,7.327
SOM,1986,5.383678421975924,7.349
SOM,1987,5.444083511317362,7.373
SOM,1988,5.476689776831034,7.398
SOM,1989,5.530860005667224,7.424
SOM,1990,5.558371356192679,7.44
SOM,1991,5.626176914323624,7.47
SOM,1992,5.585368277519498,7.5
SOM,1993,5.596220294975996,7.526
SOM,1994,5.349230012857404,7.544
SOM,1995,5.352272885567317,7.581
SOM,1996,5.393338331232701,7.621
SOM,1997,5.369951054023913,7.662
SOM,1998,5.392318329472107,7.656
SOM,1999,5.422498164050346,7.657
SOM,2000,5.451177470023937,7.645
SOM,2001,5.479968173806847,7.636
SOM,2002,5.51599180549829,7.626
SOM,2003,5.552611994425835,7.603
SOM,2004,5.584463028787946,7.568
SOM,2005,5.61843168466659,7.527
SOM,2006,5.65063057646863,7.49
SOM,2007,5.684295172826164,7.457
SOM,2008,5.719463708283491,7.415
SOM,2009,5.7590222234515265,7.376
SOM,2010,5.799003271486811,7.322
SOM,2011,5.856725136774392,7.268
SOM,2012,5.912467888341836,7.211
SOM,2013,5.984210289351987,7.14
SOM,2014,6.034324775592763,7.061
SOM,2015,6.099383716782181,6.975
SOM,2016,6.1288791209694535,6.878
SOM,2017,6.227526493241026,6.766
SOM,2018,6.212568149167664,6.662
SOM,2019,6.203433979264508,6.56
SOM,2020,6.137439871897174,6.453
SOM,2021,6.134759005243871,6.353
SOM,2022,6.131326977228074,6.255
SOM,2023,6.141437375122518,6.132
SOM,2024,6.146907056865943,6.013
SRB,1995,8.010524969456226,1.468
SRB,1996,8.071146140709969,1.436
SRB,1997,8.159818142338567,1.398
SRB,1998,8.215926952666527,1.37
SRB,1999,8.110562925106395,1.354
SRB,2000,8.172546660661723,1.48
SRB,2001,8.239852750008527,1.58
SRB,2002,8.303666378679484,1.57
SRB,2003,8.350849651307245,1.59
SRB,2004,8.417910829984564,1.57
SRB,2005,8.478273221826027,1.45
SRB,2006,8.52047039416079,1.43
SRB,2007,8.599929905320167,1.38
SRB,2008,8.654508269085472,1.4
SRB,2009,8.626587714867293,1.44
SRB,2010,8.64658911734339,1.4
SRB,2011,8.654691914076855,1.4
SRB,2012,8.655093837846179,1.45
SRB,2013,8.664463595523246,1.43
SRB,2014,8.651119088732186,1.46
SRB,2015,8.669110789661225,1.46
SRB,2016,8.703665712116246,1.46
SRB,2017,8.732346696907411,1.49
SRB,2018,8.783255271689672,1.49
SRB,2019,8.83502972977784,1.52
SRB,2020,8.832145150727886,1.48
SRB,2021,8.918071263243814,1.52
SRB,2022,8.969917625720775,1.59
SRB,2023,9.012922885538318,1.62
SRB,2024,9.05721961838657,1.64
SSA,1960,7.05405689786775,6.57196988453693
SSA,1961,7.040771937080715,6.58591713503094
SSA,1962,7.074965152539193,6.60409783575115
SSA,1963,7.110700388672644,6.61978261961868
SSA,1964,7.133963600530203,6.63618402650471
SSA,1965,7.154192205366057,6.65052554469483
SSA,1966,7.148554142744,6.67751749971552
SSA,1967,7.114959771022258,6.69407375098027
SSA,1968,7.1194554386811575,6.70878142450951
SSA,1969,7.179026949144767,6.72023031061136
SSA,1970,7.227295829942455,6.73554354198972
SSA,1971,7.27461900896629,6.75661749405465
SSA,1972,7.2768751506899205,6.77150565858717
SSA,1973,7.2913473476029305,6.78300179160798
SSA,1974,7.335789806046391,6.79699869484101
SSA,1975,7.30526021523311,6.80663108998355
SSA,1976,7.327420956952618,6.80581983567291
SSA,1977,7.326916349012224,6.80776731245072
SSA,1978,7.295918250560964,6.80864164191975
SSA,1979,7.304354147851735,6.7930789174447
SSA,1980,7.311608905861187,6.77378279307062
SSA,1981,7.273530569909484,6.74853402374707
SSA,1982,7.230586891183892,6.72140585403261
SSA,1983,7.1752103847007485,6.68606668488229
SSA,1984,7.168835893797955,6.63859751497892
SSA,1985,7.159685672515437,6.58752608505693
SSA,1986,7.149331267614602,6.53953158552555
SSA,1987,7.149312404983665,6.49096529712625
SSA,1988,7.164638707709984,6.43469403580069
SSA,1989,7.159235151522377,6.37406862953036
SSA,1990,7.1537041629291025,6.30169396522801
SSA,1991,7.130474930726978,6.24362445642586
SSA,1992,7.098467525434012,6.18266938975
SSA,1993,7.060507263945553,6.12598444914198
SSA,1994,7.044183512820486,6.06542836347105
SSA,1995,7.050423134175947,6.00538810696115
SSA,1996,7.073743936697576,5.93635568854403
SSA,1997,7.087277467620631,5.86701889106876
SSA,1998,7.085572830254793,5.8152364657414
SSA,1999,7.080486093828937,5.77785446012645
SSA,2000,7.0877009243646825,5.73856057955036
SSA,2001,7.102307206121531,5.69698628385059
SSA,2002,7.137440757380897,5.65227984460684
SSA,2003,7.1509398666967785,5.61392051013749
SSA,2004,7.188562903932732,5.58723992234398
SSA,2005,7.2195810481784655,5.55927643926956
SSA,2006,7.250951770961453,5.52235933040796
SSA,2007,7.28323841579987,5.47661821358078
SSA,2008,7.306327487610446,5.44618915132223
SSA,2009,7.309735341003718,5.38628310659721
SSA,2010,7.341055606453655,5.32527948292266
SSA,2011,7.355624238299675,5.254948928251
SSA,2012,7.361093017158819,5.17832302263918
SSA,2013,7.385140581157293,5.09736193130083
SSA,2014,7.404219724907816,5.02399740321662
SSA,2015,7.406147730709996,4.94344847931885
SSA,2016,7.392648749912943,4.85995106134799
SSA,2017,7.39106921506918,4.78052357143279
SSA,2018,7.39212590284748,4.69691267361068
SSA,2019,7.391215756797547,4.61354383302131
SSA,2020,7.33210893467985,4.5299474909701
SSA,2021,7.342023530984199,4.46466199317787
SSA,2022,7.356704030494975,4.39683111818105
SSA,2023,7.358834276459788,4.33275535683473
SSA,2024,7.369932164097135,4.26440302699369
SSF,1960,7.054352000660054,6.57174875625894
SSF,1961,7.041032589725699,6.58571397663199
SSF,1962,7.075237110776592,6.60390931197981
SSF,1963,7.1109918608949485,6.61960965449243
SSF,1964,7.1342601438098585,6.63602558528786
SSF,1965,7.154458085786317,6.65037079830196
SSF,1966,7.1488817999170715,6.67742759702903
SSF,1967,7.115295247292311,6.69394549154145
SSF,1968,7.119816716661172,6.70860817214828
SSF,1969,7.179337733094227,6.7200361226397
SSF,1970,7.2276128636484165,6.73532183446952
SSF,1971,7.27498021248596,6.75645250897434
SSF,1972,7.277256780088097,6.77125420377663
SSF,1973,7.291759980690924,6.78269110823842
SSF,1974,7.33616598439968,6.7967343383612
SSF,1975,7.3056585267443,6.80630889159999
SSF,1976,7.327888564132544,6.80539114000628
SSF,1977,7.327323193953759,6.80728173287718
SSF,1978,7.296467745972112,6.80818345335902
SSF,1979,7.304997128946977,6.79258172397586
SSF,1980,7.31218057678955,6.7733094448211
SSF,1981,7.274081739012266,6.74804535299669
SSF,1982,7.231135549154424,6.72084300489025
SSF,1983,7.175777984411307,6.68553337409733
SSF,1984,7.16942161584216,6.63808223802231
SSF,1985,7.160335297950163,6.58700374526551
SSF,1986,7.149975319899624,6.53902267912537
SSF,1987,7.149969642918308,6.49043104120881
SSF,1988,7.165306108172631,6.43415860530344
SSF,1989,7.159969885978763,6.3735331775564
SSF,1990,7.154487067864888,6.30116799131693
SSF,1991,7.131281701252339,6.24312233043994
SSF,1992,7.099350758172777,6.18216073969074
SSF,1993,7.0614778999717425,6.12549071485841
SSF,1994,7.045115968972822,6.06494261706828
SSF,1995,7.051327528480454,6.00488093479581
SSF,1996,7.074698107973685,5.93585230570683
SSF,1997,7.08831880629604,5.86649867780983
SSF,1998,7.086614447237592,5.81471538432206
SSF,1999,7.0815250263143055,5.77733978302772
SSF,2000,7.088751251163244,5.73806284105071
SSF,2001,7.103286891605131,5.69649079369501
SSF,2002,7.13836594556212,5.651794490577
SSF,2003,7.151767910015694,5.61346001677165
SSF,2004,7.189309036637969,5.58679066293546
SSF,2005,7.220354189840783,5.55886459039657
SSF,2006,7.251753897860976,5.52194469862556
SSF,2007,7.284066475696845,5.47623519277637
SSF,2008,7.307084837358918,5.44582414929526
SSF,2009,7.3104481597149995,5.38594110751952
SSF,2010,7.341756416227555,5.3249188067387
SSF,2011,7.35637039706893,5.25463649244861
SSF,2012,7.361839050638793,5.17803015507136
SSF,2013,7.385855367342086,5.09707350209557
SSF,2014,7.404930458821257,5.02372228422288
SSF,2015,7.4069055249673275,4.9431932902334
SSF,2016,7.393498275913925,4.85971762249433
SSF,2017,7.391960773159771,4.78030554220341
SSF,2018,7.393039418481548,4.69670936148689
SSF,2019,7.392159709028645,4.61335183994473
SSF,2020,7.332964357520018,4.52975965752977
SSF,2021,7.342852897453103,4.46449950383708
SSF,2022,7.357569930332131,4.39663166218222
SSF,2023,7.359725771812354,4.33256591809805
SSF,2024,7.37082216283517,4.26419372272935
SST,1974,8.582761427034738,4.04985715649814
SST,1975,8.56729761705499,3.98859891326763
SST,1976,8.652205117124865,3.95773790107696
SST,1977,8.715741317550853,3.90278679936425
SST,1978,8.768580451807367,3.86255603053693
SST,1979,8.860379961486435,3.843059029561
SST,1980,8.848827916908977,3.83058669809155
SST,1981,8.796847855530231,3.8136283267269
SST,1982,8.796136394319397,3.80782486272886
SST,1983,8.769994272971173,3.792366089428
SST,1984,8.780419807205147,3.74141500977054
SST,1985,8.778168415202767,3.69547865502722
SST,1986,8.781579794089662,3.65884390189411
SST,1987,8.79615350821242,3.63096284157512
SST,1988,8.804460776535123,3.60554374927883
SST,1989,8.819110320918996,3.56789282222232
SST,1990,8.831735944636597,3.53052336823988
SST,1991,8.812064562711377,3.46400893271946
SST,1992,8.793292433746737,3.42700755064521
SST,1993,8.791292439312384,3.31970069180441
SST,1994,8.813188526495502,3.25463711851323
SST,1995,8.843839836971659,3.17971560650481
SST,1996,8.870376015078294,3.12582680837849
SST,1997,8.909254091525687,3.05681584144018
SST,1998,8.93419665675809,2.99377495180415
SST,1999,8.963689411722282,2.93832626785539
SST,2000,9.01599482739955,2.88338396405506
SST,2001,9.028211995672446,2.83397156846564
SST,2002,9.048890988354962,2.79808658297244
SST,2003,9.08353782524832,2.75973626277179
SST,2004,9.118074221365834,2.73096021826351
SST,2005,9.155317466935175,2.70114835906174
SST,2006,9.20874546794651,2.67308581805192
SST,2007,9.243971814499687,2.65643240427313
SST,2008,9.245462377500198,2.64077949261718
SST,2009,9.191094134862345,2.61377707791796
SST,2010,9.201749544860316,2.56669877465077
SST,2011,9.21695274031357,2.52517925437292
SST,2012,9.228187667579707,2.49827762292214
SST,2013,9.229739620782738,2.45604144259637
SST,2014,9.242651085324201,2.43022184669341
SST,2015,9.254548291325465,2.38694558549376
SST,2016,9.26189425949283,2.35678843544394
SST,2017,9.28315810611414,2.31229338410542
SST,2018,9.30485223123796,2.27543779613053
SST,2019,9.32461154994706,2.23588073637083
SST,2020,9.243099305012498,2.21182765051718
SST,2021,9.304587710588331,2.18897309360233
SST,2022,9.365820573632384,2.14851609629362
SST,2023,9.405911988035669,2.12416179232397
SST,2024,9.456760001246217,2.10677723466158
STP,1970,6.89273483720359,6.468
STP,1971,6.923379254460723,6.49
STP,1972,6.924692248518438,6.51
STP,1973,6.9190411105238,6.525
STP,1974,6.9519412469748145,6.534
STP,1975,6.9805646789467595,6.534
STP,1976,6.971611770025654,6.524
STP,1977,7.155612575585989,6.504
STP,1978,7.157234645162317,6.473
STP,1979,7.282739681251598,6.434
STP,1980,7.248333798499752,6.386
STP,1981,7.1186811808893244,6.333
STP,1982,7.130500896913383,6.276
STP,1983,7.072893596232946,6.217
STP,1984,6.991582999310565,6.158
STP,1985,7.05945201535269,6.101
STP,1986,6.9766856827452886,6.046
STP,1987,6.922339666205688,5.992
STP,1988,6.915965080177241,5.938
STP,1989,6.921172468195091,5.884
STP,1990,6.874705923569718,5.828
STP,1991,6.86479191322014,5.769
STP,1992,6.852752476134232,5.704
STP,1993,6.845461350926891,5.635
STP,1994,6.850011121704909,5.562
STP,1995,6.85364912540783,5.554
STP,1996,6.853330931443714,5.474
STP,1997,6.849035725746322,5.396
STP,1998,6.860648473076922,5.304
STP,1999,6.8733986191840835,5.228
STP,2000,6.866868887587772,5.157
STP,2001,6.880820011924033,5.097
STP,2002,6.889926349550073,5.062
STP,2003,6.943954087124436,5.013
STP,2004,6.953739568792738,4.962
STP,2005,6.993150823539376,4.939
STP,2006,7.053660179611482,4.933
STP,2007,7.0652000627817,4.957
STP,2008,7.101792231127865,4.906
STP,2009,7.111190220508838,4.838
STP,2010,7.1036100573725856,4.769
STP,2011,7.10246750569321,4.718
STP,2012,7.111262921959973,4.664
STP,2013,7.1418025599483785,4.584
STP,2014,7.171135538267656,4.485
STP,2015,7.1686642280408845,4.354
STP,2016,7.202314008702069,4.203
STP,2017,7.226640940690306,4.069
STP,2018,7.254067151635171,3.977
STP,2019,7.2588768898836875,3.9
STP,2020,7.266017797151423,3.827
STP,2021,7.264230935750326,3.759
STP,2022,7.246534543115421,3.695
STP,2023,7.230274693389128,3.644
STP,2024,7.224950634230021,3.596
SUR,1960,8.278956648763078,6.59
SUR,1961,8.29277274915223,6.583
SUR,1962,8.291073064562795,6.572
SUR,1963,8.300378970475732,6.508
SUR,1964,8.323726425884368,6.426
SUR,1965,8.402208069585678,6.321
SUR,1966,8.543635486688306,6.198
SUR,1967,8.623588629134902,6.038
SUR,1968,8.662597725917538,5.863
SUR,1969,8.67254444071479,5.696
SUR,1970,8.665590303654513,5.529
SUR,1971,8.671462412896306,5.356
SUR,1972,8.651556653682272,5.176
SUR,1973,8.637530437481379,5.007
SUR,1974,8.646832510571171,4.811
SUR,1975,8.680833665454525,4.629
SUR,1976,8.772567154326163,4.445
SUR,1977,8.87802642764059,4.256
SUR,1978,8.951241005314257,4.08
SUR,1979,8.95549829536314,3.925
SUR,1980,8.86929288298784,3.791
SUR,1981,8.937667251259889,3.752
SUR,1982,8.891844908833225,3.821
SUR,1983,8.846262361963014,3.865
SUR,1984,8.818019621701412,3.796
SUR,1985,8.825395626662191,3.711
SUR,1986,8.81961281286225,3.61
SUR,1987,8.743998731142337,3.53
SUR,1988,8.805801671880005,3.461
SUR,1989,8.831691097784159,3.387
SUR,1990,8.775697046640285,3.225
SUR,1991,8.79624836006051,3.094
SUR,1992,8.794052531231014,3.013
SUR,1993,8.720489505448267,2.943
SUR,1994,8.746741388541073,2.899
SUR,1995,8.729766423997956,2.897
SUR,1996,8.71847318219458,2.92
SUR,1997,8.753077186701738,2.952
SUR,1998,8.755188065490971,2.986
SUR,1999,8.720511165498396,3.016
SUR,2000,8.720675280555065,3.046
SUR,2001,8.741224786999487,3.057
SUR,2002,8.748513987415832,2.956
SUR,2003,8.789940762108872,2.839
SUR,2004,8.85680181859609,2.738
SUR,2005,8.890385370580338,2.712
SUR,2006,8.935818913381011,2.727
SUR,2007,8.974270698286118,2.735
SUR,2008,9.003207297053992,2.727
SUR,2009,9.021198505378132,2.712
SUR,2010,9.059971782224588,2.688
SUR,2011,9.105344898210108,2.667
SUR,2012,9.120517298901987,2.669
SUR,2013,9.138141662394105,2.651
SUR,2014,9.129590490925912,2.62
SUR,2015,9.084053196979129,2.57
SUR,2016,9.023205111516392,2.5
SUR,2017,9.02866169097553,2.431
SUR,2018,9.067237456061589,2.381
SUR,2019,9.068466300951869,2.347
SUR,2020,8.883655159149434,2.314
SUR,2021,8.849929804803109,2.295
SUR,2022,8.865217526755439,2.274
SUR,2023,8.879955799272373,2.249
SUR,2024,8.888240432817597,2.231
SVK,1990,9.059222545179434,2.09
SVK,1991,8.900930448846012,2.05
SVK,1992,8.83102537589248,1.93
SVK,1993,8.846042970952682,1.87
SVK,1994,8.902308424566284,1.67
SVK,1995,8.956173450698373,1.52
SVK,1996,9.013453080780012,1.47
SVK,1997,9.065013322536643,1.43
SVK,1998,9.10121937928058,1.37
SVK,1999,9.095455001306313,1.33
SVK,2000,9.104670030098635,1.3
SVK,2001,9.13533209651057,1.2
SVK,2002,9.178920361070636,1.19
SVK,2003,9.227003032116434,1.2
SVK,2004,9.279699460413369,1.25
SVK,2005,9.342434676746999,1.27
SVK,2006,9.427884399084137,1.25
SVK,2007,9.530317325613145,1.27
SVK,2008,9.581704697578502,1.34
SVK,2009,9.52374528546728,1.44
SVK,2010,9.588512922038431,1.43
SVK,2011,9.612525006400196,1.45
SVK,2012,9.626393036381128,1.34
SVK,2013,9.632327073899523,1.34
SVK,2014,9.658075972311597,1.37
SVK,2015,9.70759894324071,1.4
SVK,2016,9.725600632169233,1.48
SVK,2017,9.752390722504042,1.52
SVK,2018,9.790823481696595,1.54
SVK,2019,9.81197406976346,1.57
SVK,2020,9.784921131755084,1.59
SVK,2021,9.842061731233246,1.63
SVK,2022,9.850341481768611,1.57
SVK,2023,9.87217092607487,1.49
SVK,2024,9.892233250132435,1.46
SVN,1990,9.518970397290932,1.46
SVN,1991,9.42512245450372,1.42
SVN,1992,9.370403181732952,1.33
SVN,1993,9.400823638446155,1.33
SVN,1994,9.453884813070381,1.32
SVN,1995,9.493919754088942,1.29
SVN,1996,9.523264903197848,1.28
SVN,1997,9.57503007394696,1.25
SVN,1998,9.607389530335332,1.23
SVN,1999,9.658014581757303,1.21
SVN,2000,9.689435156458172,1.26
SVN,2001,9.715754332111711,1.21
SVN,2002,9.746813754520934,1.21
SVN,2003,9.777661305073957,1.2
SVN,2004,9.821477834806354,1.25
SVN,2005,9.857562856160202,1.26
SVN,2006,9.911779694656975,1.31
SVN,2007,9.975146646136327,1.38
SVN,2008,10.006731492835778,1.53
SVN,2009,9.918751406550351,1.53
SVN,2010,9.925450595902388,1.57
SVN,2011,9.929906263605451,1.56
SVN,2012,9.89821717830354,1.58
SVN,2013,9.88858803395893,1.55
SVN,2014,9.914858072395745,1.58
SVN,2015,9.937757320976354,1.57
SVN,2016,9.966918220256982,1.58
SVN,2017,10.01671638905634,1.62
SVN,2018,10.055949664620233,1.6
SVN,2019,10.083438806338028,1.61
SVN,2020,10.035033446477938,1.59
SVN,2021,10.11315839497574,1.64
SVN,2022,10.137599370599515,1.55
SVN,2023,10.157117692400249,1.51
SVN,2024,10.171016426801438,1.52
SWE,1960,9.729869461886565,2.17
SWE,1961,9.7804163556837,2.21
SWE,1962,9.81660946120229,2.25
SWE,1963,9.862881599940964,2.33
SWE,1964,9.921396318311174,2.47
SWE,1965,9.949480828283018,2.39
SWE,1966,9.960658025496107,2.37
SWE,1967,9.986085731917388,2.28
SWE,1968,10.016204515261844,2.07
SWE,1969,10.058053647892718,1.93
SWE,1970,10.111446374449748,1.92
SWE,1971,10.113967541910274,1.96
SWE,1972,10.133641938751909,1.91
SWE,1973,10.170831090204885,1.87
SWE,1974,10.199410624635451,1.87
SWE,1975,10.220646080188796,1.77
SWE,1976,10.22753468057863,1.68
SWE,1977,10.20789174352889,1.64
SWE,1978,10.222344140135023,1.6
SWE,1979,10.257843008199771,1.66
SWE,1980,10.272669876648541,1.68
SWE,1981,10.276008664655187,1.63
SWE,1982,10.287846078941666,1.62
SWE,1983,10.306221364835869,1.61
SWE,1984,10.346738019630516,1.66
SWE,1985,10.366459997642473,1.74
SWE,1986,10.390691749217282,1.8
SWE,1987,10.420343243776106,1.84
SWE,1988,10.441015693986836,1.96
SWE,1989,10.460545649309411,2.01
SWE,1990,10.460338035970407,2.13
SWE,1991,10.441995687366108,2.11
SWE,1992,10.424476820666394,2.09
SWE,1993,10.397795946167374,1.99
SWE,1994,10.430061188013351,1.88
SWE,1995,10.464942045594261,1.73
SWE,1996,10.480254100352619,1.6
SWE,1997,10.509871070540898,1.52
SWE,1998,10.550897640420608,1.5
SWE,1999,10.591271054009335,1.5
SWE,2000,10.634936147948784,1.54
SWE,2001,10.645767748729286,1.57
SWE,2002,10.665035125343998,1.65
SWE,2003,10.679949747314154,1.71
SWE,2004,10.71696275248944,1.75
SWE,2005,10.740511737024276,1.77
SWE,2006,10.780587292644292,1.85
SWE,2007,10.804911375886864,1.88
SWE,2008,10.787847039539354,1.91
SWE,2009,10.735839805559381,1.94
SWE,2010,10.783229423106263,1.98
SWE,2011,10.806826582565227,1.9
SWE,2012,10.795276362748696,1.91
SWE,2013,10.798115315800002,1.89
SWE,2014,10.810891278995069,1.88
SWE,2015,10.843263636106574,1.85
SWE,2016,10.851786967343648,1.85
SWE,2017,10.856965678266043,1.78
SWE,2018,10.86289691501412,1.76
SWE,2019,10.878507651590331,1.71
SWE,2020,10.85175321747415,1.67
SWE,2021,10.89668624463542,1.67
SWE,2022,10.902356625417916,1.53
SWE,2023,10.89558674884876,1.45
SWE,2024,10.90257894419773,1.43
SWZ,1970,6.807667823982967,6.749
SWZ,1971,6.909683261093399,6.739
SWZ,1972,6.935071603121614,6.722
SWZ,1973,6.993371272174813,6.715
SWZ,1974,7.020512405893514,6.71
SWZ,1975,7.121384517201775,6.707
SWZ,1976,7.0695876131900794,6.701
SWZ,1977,7.047631782608462,6.676
SWZ,1978,7.027871227988981,6.647
SWZ,1979,7.025438624919034,6.607
SWZ,1980,7.109635162192065,6.574
SWZ,1981,7.213037158357939,6.539
SWZ,1982,7.1914597364443935,6.491
SWZ,1983,7.170545974776864,6.432
SWZ,1984,7.19775438681471,6.36
SWZ,1985,7.198327889298661,6.282
SWZ,1986,7.2744022144165665,6.106
SWZ,1987,7.371922767991628,5.902
SWZ,1988,7.389514134525422,5.693
SWZ,1989,7.464524555297404,5.479
SWZ,1990,7.614792947934563,5.295
SWZ,1991,7.592071187110468,5.132
SWZ,1992,7.585768935836915,4.981
SWZ,1993,7.587210859038405,4.815
SWZ,1994,7.611043276293501,4.662
SWZ,1995,7.658974006740134,4.523
SWZ,1996,7.676872891846479,4.378
SWZ,1997,7.690605264835992,4.235
SWZ,1998,7.703463094688395,4.125
SWZ,1999,7.7216894808650665,4.089
SWZ,2000,7.728876429716158,4.03
SWZ,2001,7.733676201288856,3.944
SWZ,2002,7.765810509302615,3.854
SWZ,2003,7.803368872965383,3.796
SWZ,2004,7.832864382858646,3.76
SWZ,2005,7.885612045435465,3.704
SWZ,2006,7.94572802481871,3.632
SWZ,2007,7.9822348548486985,3.58
SWZ,2008,7.989788675363347,3.567
SWZ,2009,7.997607499758,3.504
SWZ,2010,8.029277049051858,3.375
SWZ,2011,8.04196063594246,3.317
SWZ,2012,8.076671120902219,3.266
SWZ,2013,8.11136396881017,3.237
SWZ,2014,8.126161297753303,3.181
SWZ,2015,8.13734400578844,3.122
SWZ,2016,8.160568785765973,3.068
SWZ,2017,8.18764303693121,3.018
SWZ,2018,8.179071593535255,2.971
SWZ,2019,8.23208675108026,2.925
SWZ,2020,8.191287665777669,2.888
SWZ,2021,8.221220414495114,2.841
SWZ,2022,8.214911615440656,2.801
SWZ,2023,8.240165035347136,2.753
SWZ,2024,8.2600716922152,2.718
SXM,2009,10.533400626512982,1.713
SXM,2010,10.555892696841738,1.848
SXM,2011,10.58696657513092,1.99
SXM,2012,10.578954030522393,1.959
SXM,2013,10.568486551812489,1.894
SXM,2014,10.56160840963399,1.817
SXM,2015,10.541112202333137,1.732
SXM,2016,10.530193142422025,1.642
SXM,2017,10.432509175964498,1.571
SXM,2018,10.343280786931658,1.522
SXM,2019,10.430520425774432,1.481
SXM,2020,10.272301722547068,1.467
SXM,2021,10.303425246157143,1.456
SXM,2022,10.420005072809575,1.453
SXM,2023,10.44292870976964,1.447
SXM,2024,10.45852662077346,1.44
SYC,1960,8.061446467380389,5.313
SYC,1961,7.983277348106384,5.422
SYC,1962,8.037486069766706,5.513
SYC,1963,8.108605996151844,5.606
SYC,1964,8.141061749998684,5.694
SYC,1965,8.105286697110468,5.716
SYC,1966,8.210477933603388,6.126
SYC,1967,8.190929709517258,5.895
SYC,1968,8.239537245270402,5.614
SYC,1969,8.215748454034994,5.479
SYC,1970,8.277439314126125,5.307
SYC,1971,8.40435747740218,5.689
SYC,1972,8.441433613134883,5.155
SYC,1973,8.512822988183695,4.784
SYC,1974,8.507565864378211,5.099
SYC,1975,8.515727388210678,4.752
SYC,1976,8.646302959405874,4.086
SYC,1977,8.56143449270605,3.754
SYC,1978,8.747433707989524,3.919
SYC,1979,8.885491894571707,3.66
SYC,1980,8.824007392081615,3.79
SYC,1981,8.772307300518124,3.665
SYC,1982,8.745493413601551,3.131
SYC,1983,8.74052366492757,3.218
SYC,1984,8.776758638618757,3.24
SYC,1985,8.86662546813696,3.091
SYC,1986,8.867982075946848,3.074
SYC,1987,8.873125704842915,2.922
SYC,1988,8.921289402911004,2.789
SYC,1989,9.0132186676645,2.671
SYC,1990,9.080214865687438,2.607
SYC,1991,9.094125379919907,2.692
SYC,1992,9.158810777114864,2.526
SYC,1993,9.208463071301015,2.582
SYC,1994,9.157137943359238,2.597
SYC,1995,9.147274864323494,2.361
SYC,1996,9.227894440527443,2.311
SYC,1997,9.331216040656926,2.1
SYC,1998,9.336034091476431,2.04
SYC,1999,9.334939115243085,2.04
SYC,2000,9.367664883405393,2.08
SYC,2001,9.343816627557068,1.98
SYC,2002,9.325298144459754,2.04
SYC,2003,9.275937945381802,2.06
SYC,2004,9.250722611604287,2.01
SYC,2005,9.332320084280083,2.2
SYC,2006,9.401410839077519,2.11
SYC,2007,9.481345733616072,2.24
SYC,2008,9.431345011601783,2.33
SYC,2009,9.402313400513735,2.38
SYC,2010,9.418456104492195,2.13
SYC,2011,9.535586373000246,2.3
SYC,2012,9.556409344911225,2.32
SYC,2013,9.55039999181759,2.21
SYC,2014,9.57467898169896,2.19
SYC,2015,9.637769506651795,2.26
SYC,2016,9.738770644385793,2.33
SYC,2017,9.793760472725365,2.34
SYC,2018,9.832431101243063,2.34
SYC,2019,9.877228075955676,2.31
SYC,2020,9.743809391865643,2.2
SYC,2021,9.74126517943574,2.38
SYC,2022,9.646736218302001,2.2
SYC,2023,9.6981136680349,2.18
SYC,2024,9.71791897907726,1.85
SYR,1960,6.248295288513966,7.505
SYR,1961,6.321225677153616,7.502
SYR,1962,6.511092408155003,7.51
SYR,1963,6.390572314866803,7.511
SYR,1964,6.448670180123787,7.525
SYR,1965,6.440352003960636,7.532
SYR,1966,6.329197170617752,7.552
SYR,1967,6.376755662319219,7.556
SYR,1968,6.381324288639278,7.569
SYR,1969,6.520999812324043,7.586
SYR,1970,6.470140106693205,7.621
SYR,1971,6.522395077665546,7.6
SYR,1972,6.716848883178471,7.573
SYR,1973,6.572505930584345,7.548
SYR,1974,6.7683158092835685,7.52
SYR,1975,6.885806844044304,7.486
SYR,1976,6.967188421974028,7.448
SYR,1977,6.914680488292977,7.418
SYR,1978,6.975175821535968,7.345
SYR,1979,6.950064838152309,7.247
SYR,1980,7.051966133074577,7.119
SYR,1981,7.093444178127886,6.974
SYR,1982,7.0877820838394285,6.811
SYR,1983,7.076595534130763,6.692
SYR,1984,6.9623609841627365,6.586
SYR,1985,7.0165756556082055,6.484
SYR,1986,6.89882473264735,6.365
SYR,1987,6.881020188120947,6.201
SYR,1988,7.012674896221008,5.999
SYR,1989,6.832822255137115,5.777
SYR,1990,6.8372083485810995,5.561
SYR,1991,6.87964868546701,5.342
SYR,1992,6.970921118017083,5.141
SYR,1993,7.000433958167421,4.994
SYR,1994,7.040591270491013,4.856
SYR,1995,7.08017298659483,4.697
SYR,1996,7.146811388962635,4.536
SYR,1997,7.169578691658525,4.371
SYR,1998,7.20943370850576,4.25
SYR,1999,7.147811656658451,4.144
SYR,2000,7.129604760209226,4.068
SYR,2001,7.142290820794919,3.976
SYR,2002,7.193780324471143,3.865
SYR,2003,7.175857855340122,3.763
SYR,2004,7.21789367041257,3.679
SYR,2005,7.252501524858645,3.605
SYR,2006,7.258919163254684,3.562
SYR,2007,7.252542207539007,3.538
SYR,2008,7.260939990272727,3.481
SYR,2009,7.302770766477053,3.415
SYR,2010,7.3306444924560665,3.355
SYR,2011,7.341301748687415,3.285
SYR,2012,7.040792181185118,3.221
SYR,2013,6.784828958300835,3.165
SYR,2014,6.742478325883029,3.117
SYR,2015,6.742564011795143,3.067
SYR,2016,6.688315619659879,3.012
SYR,2017,6.679450703908441,2.972
SYR,2018,6.675082549826935,2.932
SYR,2019,6.648359935679326,2.878
SYR,2020,6.6242449005149915,2.837
SYR,2021,6.614829426942786,2.798
SYR,2022,6.5749975166590975,2.746
TCA,2007,10.531193998725781,2.049
TCA,2008,10.567569079161357,2.005
TCA,2009,10.308572579673244,1.959
TCA,2010,10.2789013741519,1.907
TCA,2011,10.287522928483698,1.859
TCA,2012,10.21980568119463,1.805
TCA,2013,10.184052145918894,1.752
TCA,2014,10.226904257620383,1.729
TCA,2015,10.290687329452664,1.718
TCA,2016,10.31503414073348,1.713
TCA,2017,10.831432177901329,1.704
TCA,2018,10.856364434589265,1.677
TCA,2019,10.867041306193274,1.617
TCA,2020,10.42642232569928,1.552
TCA,2021,10.666807723722226,1.501
TCA,2022,10.785338130981264,1.477
TCA,2023,10.906378516924715,1.463
TCA,2024,10.953947154131399,1.452
TCD,1960,6.6872206669366445,6.25
TCD,1961,6.68094121922236,6.268
TCD,1962,6.712907806946158,6.285
TCD,1963,6.676427322904155,6.301
TCD,1964,6.630663651572217,6.318
TCD,1965,6.61672970903573,6.337
TCD,1966,6.5789237614135665,6.362
TCD,1967,6.5671084159707505,6.393
TCD,1968,6.542849214640228,6.432
TCD,1969,6.589234488786554,6.477
TCD,1970,6.5868665459621925,6.528
TCD,1971,6.543035120653028,6.582
TCD,1972,6.5321453837106045,6.85
TCD,1973,6.42109455489103,6.869
TCD,1974,6.446592769898467,6.864
TCD,1975,6.511306116832523,6.876
TCD,1976,6.520706550200172,6.893
TCD,1977,6.524078436077001,6.896
TCD,1978,6.501139096049327,6.891
TCD,1979,6.23872899469571,6.905
TCD,1980,6.174113938720492,6.908
TCD,1981,6.183270485605305,6.942
TCD,1982,6.1883633485912375,6.961
TCD,1983,6.284471702052125,6.979
TCD,1984,6.2915823978179235,7.015
TCD,1985,6.478650926069419,7.037
TCD,1986,6.4070548946431405,7.067
TCD,1987,6.34784037050244,7.105
TCD,1988,6.457928169857285,7.154
TCD,1989,6.4717188095110405,7.186
TCD,1990,6.401370921119706,7.219
TCD,1991,6.446704545014478,7.261
TCD,1992,6.481247828764957,7.296
TCD,1993,6.286762301359924,7.337
TCD,1994,6.360306305886359,7.31
TCD,1995,6.328528477981433,7.29
TCD,1996,6.3061398753633755,7.292
TCD,1997,6.326614223523364,7.274
TCD,1998,6.359417409162124,7.266
TCD,1999,6.317433424553505,7.262
TCD,2000,6.274009066027598,7.249
TCD,2001,6.350548324422846,7.231
TCD,2002,6.397215367688055,7.201
TCD,2003,6.49459602169636,7.179
TCD,2004,6.739949612420639,7.16
TCD,2005,6.859480487577029,7.134
TCD,2006,6.8180610313171,7.118
TCD,2007,6.82475709182934,7.092
TCD,2008,6.8201116381207445,7.063
TCD,2009,6.770199010289301,7.021
TCD,2010,6.863754297988115,6.99
TCD,2011,6.872425428697144,6.948
TCD,2012,6.924043424597909,6.905
TCD,2013,6.916335477860363,6.839
TCD,2014,6.9010540334137245,6.781
TCD,2015,6.901727881271915,6.706
TCD,2016,6.828242125792,6.623
TCD,2017,6.77887123692077,6.537
TCD,2018,6.801099251183,6.464
TCD,2019,6.821329595960453,6.412
TCD,2020,6.785565658252029,6.346
TCD,2021,6.754053400771419,6.255
TCD,2022,6.75995355137107,6.215
TCD,2023,6.753421007467271,6.12
TCD,2024,6.7522696205098365,6.028
TEA,1960,5.79770669340378,4.85337152270027
TEA,1961,5.654224476582577,4.39766293016726
TEA,1962,5.634365153455638,6.06600697258067
TEA,1963,5.671586895575863,7.12062734188243
TEA,1964,5.75005961028101,6.4956967595558
TEA,1965,5.828411398486978,6.43867377065024
TEA,1966,5.878397372674896,6.20514453852498
TEA,1967,5.838050646111039,5.8225193400829
TEA,1968,5.829189040052449,6.33256621511992
TEA,1969,5.910325285194307,6.07090671728027
TEA,1970,6.009805874862455,5.98242161946572
TEA,1971,6.048575529029138,5.54375383050301
TEA,1972,6.071785826309022,5.21678905999787
TEA,1973,6.127963117050722,4.9052555401121
TEA,1974,6.145013486439794,4.44685286878701
TEA,1975,6.191084181247656,3.97793766819611
TEA,1976,6.201000865097462,3.69935476829611
TEA,1977,6.2570997625917855,3.37881210978411
TEA,1978,6.329214964635758,3.25586664420461
TEA,1979,6.38122881257829,3.24636123957369
TEA,1980,6.437908304847374,3.21133902618094
TEA,1981,6.476561505415011,3.21661451594083
TEA,1982,6.521779217658087,3.32495793265526
TEA,1983,6.579030108982632,2.99361570214698
TEA,1984,6.65833622313735,2.99432998763385
TEA,1985,6.7185035413901115,2.96539641759739
TEA,1986,6.770807058031942,2.98494374291447
TEA,1987,6.8412921286177495,2.98000101239874
TEA,1988,6.917134309100618,2.79578733997056
TEA,1989,6.955720844149938,2.76207221301406
TEA,1990,6.989691404167944,2.73655247839245
TEA,1991,7.052220967226725,2.30006860620803
TEA,1992,7.144518882137429,2.16142715242374
TEA,1993,7.237973248191924,2.08336048883135
TEA,1994,7.328482363711385,2.02136647597664
TEA,1995,7.409984427489982,1.97598452642284
TEA,1996,7.4843228068913445,1.93559156802077
TEA,1997,7.543184088686506,1.89804243066207
TEA,1998,7.560871761586679,1.87249148719082
TEA,1999,7.612544834013735,1.85880130455679
TEA,2000,7.676870116712528,1.91701202984337
TEA,2001,7.7349413544418475,1.86359434738401
TEA,2002,7.804345558561942,1.85625879213409
TEA,2003,7.882209051278209,1.85071457563415
TEA,2004,7.961657013283262,1.86869002075451
TEA,2005,8.049325056833268,1.87650747609855
TEA,2006,8.1463360615131,1.88999510929957
TEA,2007,8.255748376660847,1.90714838647723
TEA,2008,8.330837521725606,1.92830488949777
TEA,2009,8.400390591312416,1.93516213767886
TEA,2010,8.48727787519808,1.91380463770064
TEA,2011,8.561774771874742,1.90559230915552
TEA,2012,8.626050090431278,1.99245335659863
TEA,2013,8.688040718193403,1.92276320860367
TEA,2014,8.747728579206017,1.95315843608444
TEA,2015,8.80455538371733,1.87874321014974
TEA,2016,8.860096237572284,1.92938890858833
TEA,2017,8.917019618680712,1.92683294089381
TEA,2018,8.973895934592088,1.73925892870635
TEA,2019,9.025557510225878,1.70329191143946
TEA,2020,9.034368394558498,1.52420342921216
TEA,2021,9.10559278666746,1.43590189186902
TEA,2022,9.138135639146999,1.38038247288067
TEA,2023,9.187560922182826,1.35619349886656
TEA,2024,9.234251120435308,1.36313000886682
TEC,1989,8.605183031823747,2.4251198104129
TEC,1990,8.584217904325346,2.31338957706457
TEC,1991,8.51858609903873,2.21891097521687
TEC,1992,8.414396450480172,2.09939932195508
TEC,1993,8.363904998344209,1.98724039091498
TEC,1994,8.27382666070315,1.93857226953794
TEC,1995,8.271922750675174,1.86356048836271
TEC,1996,8.280528732687323,1.78803133535926
TEC,1997,8.308561790472869,1.7332156910323
TEC,1998,8.30130279197781,1.70633952680677
TEC,1999,8.326130658534284,1.64144675630896
TEC,2000,8.397807672100909,1.62030760711342
TEC,2001,8.424789474317047,1.60080718359641
TEC,2002,8.474161923547765,1.60380658649653
TEC,2003,8.533949129387397,1.61676364444419
TEC,2004,8.609217403080226,1.64702594229195
TEC,2005,8.673054651512803,1.63393338849379
TEC,2006,8.747920074480932,1.66161809265432
TEC,2007,8.82151554978098,1.72272134179494
TEC,2008,8.863074072741577,1.79234912928103
TEC,2009,8.811582268083676,1.80922026253873
TEC,2010,8.853775259421779,1.81007603093137
TEC,2011,8.90661268389067,1.79803649220897
TEC,2012,8.93600626118038,1.86354536411501
TEC,2013,8.96430099267345,1.8748561116751
TEC,2014,8.981953218858063,1.92631738147071
TEC,2015,8.991522981771082,1.92977777738024
TEC,2016,9.005347361555586,1.92480955743217
TEC,2017,9.043622077448129,1.86780524239913
TEC,2018,9.076841080334086,1.85087390989038
TEC,2019,9.100449900711387,1.82090357663486
TEC,2020,9.083927432676443,1.81408858991354
TEC,2021,9.156586274134837,1.81491733501571
TEC,2022,9.18078557465128,1.74847147152068
TEC,2023,9.223483750815204,1.72488017428387
TEC,2024,9.259997796023475,1.70504851585081
TGO,1960,6.10778564079006,6.796676
TGO,1961,6.205083906237397,6.820639
TGO,1962,6.224520690959167,6.856907
TGO,1963,6.254946812721293,6.893064
TGO,1964,6.369213453255502,6.915946
TGO,1965,6.4930588958925215,6.93729
TGO,1966,6.5625416942663675,6.956084
TGO,1967,6.5953391345242895,6.958849
TGO,1968,6.623269817156036,6.970459
TGO,1969,6.681116453795931,7.014899
TGO,1970,6.655444032529173,7.034988
TGO,1971,6.623240240058573,7.063704
TGO,1972,6.668284987593698,7.068624
TGO,1973,6.679733707375246,7.08101
TGO,1974,6.701751641264496,7.089781
TGO,1975,6.701416223012486,7.088292
TGO,1976,6.656748815309725,7.062682
TGO,1977,6.7003346885018065,7.025358
TGO,1978,6.781197943740292,6.982702
TGO,1979,6.702823621132729,6.935004
TGO,1980,6.810906155733052,6.875555
TGO,1981,6.746142613907338,6.808608
TGO,1982,6.681509769113451,6.724837
TGO,1983,6.6020185793556125,6.633341
TGO,1984,6.632410433317351,6.541951
TGO,1985,6.658287811209012,6.457372
TGO,1986,6.642658347394644,6.381665
TGO,1987,6.61748634152239,6.303876
TGO,1988,6.651666174208142,6.228403
TGO,1989,6.661814484034008,6.148569
TGO,1990,6.630113500336777,6.067132
TGO,1991,6.594264092938695,5.986704
TGO,1992,6.525287540882969,5.885765
TGO,1993,6.373048347260606,5.782153
TGO,1994,6.508497016077798,5.672271
TGO,1995,6.5325455897944,5.564586
TGO,1996,6.57420052214799,5.458922
TGO,1997,6.674702428882279,5.362601
TGO,1998,6.626331274149811,5.287873
TGO,1999,6.626082894825122,5.226114
TGO,2000,6.593247791251305,5.1652
TGO,2001,6.576586803777392,5.12801
TGO,2002,6.589370352437961,5.09187
TGO,2003,6.629464756948232,5.047961
TGO,2004,6.595248675782378,4.994707
TGO,2005,6.522806013588114,5.037823
TGO,2006,6.520459446433818,5.076201
TGO,2007,6.477044177781507,5.102
TGO,2008,6.484477548449603,5.100197
TGO,2009,6.50529010132219,5.104276
TGO,2010,6.530898305932091,5.087324
TGO,2011,6.560241328748071,4.984234
TGO,2012,6.598077877003362,4.853789
TGO,2013,6.633110006881569,4.753612
TGO,2014,6.667703841119657,4.701602
TGO,2015,6.7018309681655035,4.661566
TGO,2016,6.7249850407309895,4.633942
TGO,2017,6.747276301039784,4.576231
TGO,2018,6.776008351441888,4.513072
TGO,2019,6.8025798600127185,4.450408
TGO,2020,6.802115615872228,4.386312
TGO,2021,6.83335612810928,4.323871
TGO,2022,6.877848471291393,4.253183
TGO,2023,6.91892357354134,4.192401
TGO,2024,6.960173650997055,4.121673
THA,1960,6.384292871517116,6.325
THA,1961,6.407219190434907,6.324
THA,1962,6.45044362196855,6.331
THA,1963,6.497610788359647,6.342
THA,1964,6.533813993573939,6.309
THA,1965,6.58256834199172,6.258
THA,1966,6.658402468999732,6.182
THA,1967,6.71182046663836,6.077
THA,1968,6.761129574240538,5.928
THA,1969,6.796417060810928,5.704
THA,1970,6.876792559517456,5.452
THA,1971,6.897613241984704,5.253
THA,1972,6.912886637747974,5.077
THA,1973,6.983967883577591,4.845
THA,1974,7.002182701952782,4.598
THA,1975,7.026284304106783,4.364
THA,1976,7.09236109698574,4.119
THA,1977,7.163884583422684,3.865
THA,1978,7.240062669101135,3.617
THA,1979,7.27138349929773,3.451
THA,1980,7.30120679200253,3.293
THA,1981,7.338518523078423,3.127
THA,1982,7.371125509535429,2.943
THA,1983,7.406098333196837,2.755
THA,1984,7.443037859466967,2.582
THA,1985,7.470011670308865,2.45
THA,1986,7.505989976273943,2.358
THA,1987,7.579556055975985,2.255
THA,1988,7.687269856386003,2.171
THA,1989,7.785833096493278,2.136
THA,1990,7.875316795154772,2.065
THA,1991,7.94114152845319,2.036
THA,1992,8.00297978682566,2.008
THA,1993,8.066834395380921,1.967
THA,1994,8.129024592335266,1.928
THA,1995,8.192828445667832,1.888
THA,1996,8.23399800962009,1.865
THA,1997,8.19273882594483,1.845
THA,1998,8.10027075319704,1.815
THA,1999,8.132438349625003,1.768
THA,2000,8.164714183557189,1.734
THA,2001,8.188418323551389,1.711
THA,2002,8.238471975824611,1.688
THA,2003,8.29857821607332,1.673
THA,2004,8.350612275591972,1.665
THA,2005,8.383034699820561,1.644
THA,2006,8.423217621027346,1.631
THA,2007,8.468143081239914,1.616
THA,2008,8.477571297301573,1.587
THA,2009,8.463255730115991,1.565
THA,2010,8.528994773648948,1.562
THA,2011,8.531142920325157,1.571
THA,2012,8.594872208146699,1.563
THA,2013,8.615519117762524,1.526
THA,2014,8.620014364522413,1.484
THA,2015,8.646263987300964,1.451
THA,2016,8.675526061571343,1.4
THA,2017,8.712224153308563,1.363
THA,2018,8.75055626255621,1.323
THA,2019,8.769435276762746,1.285
THA,2020,8.70490394139797,1.259
THA,2021,8.71917197037036,1.234
THA,2022,8.745096995393986,1.221
THA,2023,8.767794856441542,1.212
THA,2024,8.797334714252285,1.204
TJK,1985,7.256768703933883,5.944
TJK,1986,7.258554378305016,5.906
TJK,1987,7.21210160145389,5.839
TJK,1988,7.307251873888456,5.754
TJK,1989,7.21071015108812,5.609
TJK,1990,7.1800295179518105,5.456
TJK,1991,7.080341780771511,5.276
TJK,1992,6.718514098263055,5.056
TJK,1993,6.526095452317992,4.921
TJK,1994,6.26918760031005,4.792
TJK,1995,6.1156810334352825,4.664
TJK,1996,5.913326999629651,3.94
TJK,1997,5.917982802683192,4.06
TJK,1998,5.963810028227272,4.07
TJK,1999,5.994974335059739,3.85
TJK,2000,6.062708585114621,3.49
TJK,2001,6.134874600418972,3.49
TJK,2002,6.2182187052716,3.47
TJK,2003,6.3033357148126825,3.42
TJK,2004,6.381743445205455,3.507
TJK,2005,6.4270282835515395,3.398
TJK,2006,6.475684347223267,3.341
TJK,2007,6.531578405336905,3.367
TJK,2008,6.587805479901928,3.388
TJK,2009,6.605585942424534,3.43
TJK,2010,6.647174759706793,3.457
TJK,2011,6.696253979329011,3.456
TJK,2012,6.744670402109575,3.421
TJK,2013,6.791089300172851,3.433
TJK,2014,6.830842875064628,3.459
TJK,2015,6.863715938235779,3.459
TJK,2016,6.90510438301683,3.384
TJK,2017,6.949150470067212,3.29
TJK,2018,6.998327161512598,3.294
TJK,2019,7.046078593223498,3.281
TJK,2020,7.066382730073155,3.211
TJK,2021,7.1341495377555555,3.17
TJK,2022,7.18973772908326,3.127
TJK,2023,7.249291488892838,3.072
TJK,2024,7.310776158362432,3.036
TKM,1987,7.881283930262051,4.842
TKM,1988,7.955440651164971,4.675
TKM,1989,7.8834023520145795,4.463
TKM,1990,8.159917838958055,4.288
TKM,1991,8.087736587619533,4.145
TKM,1992,7.902850504587849,3.957
TKM,1993,7.895745769394051,3.778
TKM,1994,7.685117699446387,3.623
TKM,1995,7.5924485481362725,3.491
TKM,1996,7.6401220126955325,3.292
TKM,1997,7.5021283125070255,3.18
TKM,1998,7.553852066195069,3.075
TKM,1999,7.688226916822714,2.976
TKM,2000,7.721526966942266,2.9
TKM,2001,7.744015112527544,2.814
TKM,2002,7.7266661173477775,2.71
TKM,2003,7.73923225648298,2.667
TKM,2004,7.768838498595856,2.674
TKM,2005,7.872543395744948,2.706
TKM,2006,7.958063569785301,2.724
TKM,2007,8.044298755871857,2.734
TKM,2008,8.162374961844185,2.75
TKM,2009,8.201846115623278,2.794
TKM,2010,8.26938341496763,2.848
TKM,2011,8.385521510449951,2.9
TKM,2012,8.468561714481737,2.955
TKM,2013,8.543083305892582,3.007
TKM,2014,8.618937466687377,3.023
TKM,2015,8.658605580417193,3.033
TKM,2016,8.696088263947289,2.99
TKM,2017,8.735753395638342,2.934
TKM,2018,8.77340474505794,2.875
TKM,2019,8.812742714394158,2.834
TKM,2020,8.84856409962643,2.793
TKM,2021,8.88801355572274,2.754
TKM,2022,8.929203899507812,2.728
TKM,2023,8.972078817093303,2.69
TKM,2024,9.015501512945768,2.661
TLA,1960,8.111670033305025,5.94699989004709
TLA,1961,8.141811209129568,5.9328219422575
TLA,1962,8.156850379838566,5.91705969060508
TLA,1963,8.148539870709195,5.88786147658241
TLA,1964,8.192833763990683,5.83056198744048
TLA,1965,8.218911696754397,5.74642277334614
TLA,1966,8.237915261955113,5.65081409063592
TLA,1967,8.252598439235042,5.5452559674164
TLA,1968,8.29583770316542,5.43828589139458
TLA,1969,8.333186942331217,5.34088924368103
TLA,1970,8.372000618546842,5.24547139464687
TLA,1971,8.411568631227462,5.15108219602505
TLA,1972,8.45485901207309,5.04993844505271
TLA,1973,8.508287984815244,4.95013892435626
TLA,1974,8.545524271401339,4.83480535420279
TLA,1975,8.557543455626568,4.73398391579759
TLA,1976,8.587504799773708,4.64071733034788
TLA,1977,8.611140898546267,4.5484943273805
TLA,1978,8.630125890835684,4.45365600705081
TLA,1979,8.676548137634164,4.34760686929206
TLA,1980,8.716917019998693,4.24099290912211
TLA,1981,8.703266987364087,4.14296453377509
TLA,1982,8.678844621674473,4.04506307622284
TLA,1983,8.629587459214937,3.94557359924036
TLA,1984,8.644804503426732,3.8444763261036
TLA,1985,8.65390462205802,3.74615291891968
TLA,1986,8.668743058198299,3.65431668143985
TLA,1987,8.68213008425474,3.55184218165914
TLA,1988,8.668101346063036,3.4579711357213
TLA,1989,8.659708268462323,3.37763565276943
TLA,1990,8.640206246408288,3.30115089766509
TLA,1991,8.656162039915573,3.22905085141466
TLA,1992,8.66657905037429,3.15400417202293
TLA,1993,8.693450252586311,3.09512905052879
TLA,1994,8.72599551067437,3.03071812019885
TLA,1995,8.717058176713543,2.96727315697144
TLA,1996,8.73855585601422,2.89611725628356
TLA,1997,8.776061871481419,2.83275088473781
TLA,1998,8.788509897063026,2.77368048497473
TLA,1999,8.7759107212978,2.70524986274976
TLA,2000,8.796301854671057,2.63633862806184
TLA,2001,8.785167798705109,2.56819055960504
TLA,2002,8.77316181147935,2.50456976390976
TLA,2003,8.782431921767191,2.44358526294542
TLA,2004,8.824573691235472,2.40136589725139
TLA,2005,8.853280886713037,2.36246160626151
TLA,2006,8.893436739174945,2.31798470730863
TLA,2007,8.934558282927235,2.27825317482823
TLA,2008,8.960554797940384,2.24870291864097
TLA,2009,8.92524631700143,2.22074317176871
TLA,2010,8.976287760223558,2.19235147808548
TLA,2011,9.009874833186027,2.17173767198677
TLA,2012,9.025764021678485,2.14177057844675
TLA,2013,9.042740941822336,2.11969030697551
TLA,2014,9.044688735188801,2.10222769066337
TLA,2015,9.036468986328282,2.070155624721
TLA,2016,9.019173854141032,2.01803165230531
TLA,2017,9.025844659322312,1.99342119749853
TLA,2018,9.029934193093458,1.97423907173587
TLA,2019,9.024544392723122,1.92884194956371
TLA,2020,8.947016800811946,1.86889841943454
TLA,2021,9.011219777143399,1.84409539404326
TLA,2022,9.045378992735854,1.82203190749137
TLA,2023,9.060804770913416,1.80414192300781
TLA,2024,9.07618338774997,1.79422126534979
TLS,1990,6.4507586751972,5.811
TLS,1991,6.529229813352781,5.835
TLS,1992,6.602033665501397,5.867
TLS,1993,6.67190723811075,5.879
TLS,1994,6.713032048084226,5.912
TLS,1995,6.750083960483116,5.936
TLS,1996,6.7994577114831865,5.941
TLS,1997,6.811152486673836,5.955
TLS,1998,6.763690175949825,5.963
TLS,1999,6.447421406638976,5.97
TLS,2000,7.018906862157903,5.934
TLS,2001,7.084015135421342,5.918
TLS,2002,6.935498778466239,5.899
TLS,2003,6.871425849240624,5.846
TLS,2004,6.862203939853502,5.741
TLS,2005,6.871118902293307,5.611
TLS,2006,6.799695304919372,5.474
TLS,2007,6.868856914442838,5.333
TLS,2008,6.949730228846686,5.171
TLS,2009,7.021170553829426,4.994
TLS,2010,7.086219972659028,4.816
TLS,2011,7.120835429988011,4.614
TLS,2012,7.146312461799203,4.404
TLS,2013,7.156120973626996,4.208
TLS,2014,7.180043172342836,3.999
TLS,2015,7.18507861477971,3.779
TLS,2016,7.195681231825078,3.582
TLS,2017,7.1444755295471,3.399
TLS,2018,7.12060656401165,3.244
TLS,2019,7.318040407402116,3.116
TLS,2020,7.574476330616807,3.011
TLS,2021,7.608781534181727,2.892
TLS,2022,7.364997100923941,2.801
TLS,2023,7.153998935841084,2.707
TLS,2024,7.046837764510946,2.627
TMN,1960,6.926646718506102,6.98920934561558
TMN,1961,6.938007376929625,7.01138731304419
TMN,1962,6.938180714946347,7.06367689348168
TMN,1963,7.018383320768747,7.04398523958933
TMN,1964,7.088854981109734,7.01396352530694
TMN,1965,7.177614310397148,6.98298978711875
TMN,1966,7.2196687374350255,6.96478623017655
TMN,1967,7.265076381513483,6.94697621907675
TMN,1968,7.354475590845091,6.92019826888453
TMN,1969,7.4313433825141635,6.88396561905607
TMN,1970,7.487068655440817,6.83363638756391
TMN,1971,7.513994811165279,6.77310892950621
TMN,1972,7.599245253843454,6.7053273011662
TMN,1973,7.624782802065991,6.64914643820049
TMN,1974,7.6680988762912765,6.61225276870865
TMN,1975,7.669819732794671,6.58676597045661
TMN,1976,7.781351817920554,6.57939571136647
TMN,1977,7.768597546023821,6.56061527808659
TMN,1978,7.720413544787135,6.54208188900593
TMN,1979,7.685397561863447,6.53680999551613
TMN,1980,7.621319179980378,6.50131487633698
TMN,1981,7.576152108037777,6.4372880866228
TMN,1982,7.649092268653761,6.37756585529525
TMN,1983,7.664377081861706,6.31181739373735
TMN,1984,7.63451805083088,6.22571829032749
TMN,1985,7.645808571671225,6.12138665338542
TMN,1986,7.597039801377667,5.99437112849732
TMN,1987,7.576905800189078,5.86095660731806
TMN,1988,7.565311628026604,5.73215617303728
TMN,1989,7.563768235431565,5.59166350669767
TMN,1990,7.628973127902712,5.45274456277147
TMN,1991,7.613051919790636,5.29291189563391
TMN,1992,7.634171788874515,5.12152799211417
TMN,1993,7.622794848930552,4.95676967289656
TMN,1994,7.620364073275942,4.79709342953579
TMN,1995,7.624980660902833,4.6162848295284
TMN,1996,7.659459703371648,4.45158485755972
TMN,1997,7.66962146828208,4.32541475467486
TMN,1998,7.698610052506311,4.21420838823085
TMN,1999,7.7165506118566976,4.13202578901809
TMN,2000,7.75124894482133,4.03313583947304
TMN,2001,7.75869883778336,3.92235403419663
TMN,2002,7.77024373315874,3.81899845978396
TMN,2003,7.7741280956568,3.75590229901836
TMN,2004,7.824957224956752,3.66329933893295
TMN,2005,7.85024503996146,3.61438148977568
TMN,2006,7.880526993519712,3.60322364692506
TMN,2007,7.915424156231746,3.58812308378204
TMN,2008,7.927678360931903,3.57557545434726
TMN,2009,7.933217469091321,3.5663476769365
TMN,2010,7.958747761155682,3.5573121719595
TMN,2011,7.933442803520113,3.54124003516249
TMN,2012,7.948190044780203,3.53708238309063
TMN,2013,7.940048532043843,3.52674285714679
TMN,2014,7.945523663918335,3.50912887154978
TMN,2015,7.939332405781223,3.47885083971551
TMN,2016,7.97688777430658,3.41545492925523
TMN,2017,7.993742066647406,3.38731160765158
TMN,2018,7.997001479495092,3.29738689646707
TMN,2019,7.993055502122951,3.22947151957324
TMN,2020,7.949725403967944,3.1920336825828
TMN,2021,7.974926703620489,3.14720035423158
TMN,2022,8.000333625969581,3.11399696821534
TMN,2023,8.011815322384598,3.08266683185516
TMN,2024,8.018810825568755,3.04816260323066
TON,1981,7.859028644653006,5.554
TON,1982,7.904626728623839,5.497
TON,1983,7.924073124526058,5.45
TON,1984,7.941389310673488,5.407
TON,1985,8.004974145305004,5.344
TON,1986,8.025674124010635,5.273
TON,1987,8.051366119054332,5.192
TON,1988,8.026358276136822,5.103
TON,1989,8.025874137994036,5.006
TON,1990,8.002238033354812,4.929
TON,1991,8.062459998042158,4.852
TON,1992,8.063706035353798,4.787
TON,1993,8.099595405147161,4.726
TON,1994,8.14730413461167,4.658
TON,1995,8.20713433568328,4.563
TON,1996,8.207564332902349,4.455
TON,1997,8.197569687582407,4.378
TON,1998,8.213169438752598,4.309
TON,1999,8.229464046689529,4.228
TON,2000,8.260153065951021,4.159
TON,2001,8.26903453511892,4.127
TON,2002,8.306716481642809,4.138
TON,2003,8.301570513679177,4.175
TON,2004,8.275901022524758,4.186
TON,2005,8.263608613272918,4.195
TON,2006,8.236221483545505,4.141
TON,2007,8.206827922734997,4.086
TON,2008,8.251560029471865,4.012
TON,2009,8.197197538884085,3.946
TON,2010,8.203571763370814,3.879
TON,2011,8.266875771601743,3.829
TON,2012,8.277054454561458,3.768
TON,2013,8.28454708587763,3.696
TON,2014,8.308646546131104,3.619
TON,2015,8.324555438555482,3.54
TON,2016,8.393853061750836,3.463
TON,2017,8.42696753042795,3.388
TON,2018,8.430231199168663,3.326
TON,2019,8.426409271765566,3.274
TON,2020,8.443978797453674,3.234
TON,2021,8.436612193869511,3.198
TON,2022,8.419352794915953,3.171
TON,2023,8.45111751220694,3.129
TON,2024,8.472179925565285,3.1
TSA,1960,5.803913104183449,5.99643314493816
TSA,1961,5.818889614566265,6.01292550013622
TSA,1962,5.8270131698279135,6.02832846438143
TSA,1963,5.850829517903878,6.0398677590804
TSA,1964,5.90179629296191,6.04572178301191
TSA,1965,5.859850194717583,6.008650221683
TSA,1966,5.843869518069105,5.95428427460588
TSA,1967,5.88174919096186,5.90764870193796
TSA,1968,5.900808530579499,5.84957895939763
TSA,1969,5.935366650059902,5.78200152561332
TSA,1970,5.962705175627248,5.73113650750894
TSA,1971,5.947468494160802,5.67694375572139
TSA,1972,5.904101177431432,5.60130386870779
TSA,1973,5.914261792788531,5.52599428260385
TSA,1974,5.91359583093458,5.45583178561272
TSA,1975,5.960443461005152,5.33807896974918
TSA,1976,5.958597876831984,5.27444137494508
TSA,1977,5.9988946337212825,5.15974663561678
TSA,1978,6.032529605488149,5.05130631651815
TSA,1979,5.973071548331033,4.97314912067142
TSA,1980,6.006378228487136,4.93210389308236
TSA,1981,6.042673407022942,4.85508043055275
TSA,1982,6.052094502048144,4.76963779583485
TSA,1983,6.0929692853006685,4.69716379179166
TSA,1984,6.109752016780943,4.63543091770381
TSA,1985,6.1360386331327375,4.54089790157858
TSA,1986,6.159059605179211,4.48421257180628
TSA,1987,6.174113636478754,4.38245113866164
TSA,1988,6.233742560119167,4.28044288663875
TSA,1989,6.265042007445219,4.18658328511583
TSA,1990,6.297734605981286,4.09079809478255
TSA,1991,6.2915242429120415,3.98965383518945
TSA,1992,6.323186381099627,3.89236745569418
TSA,1993,6.349518620651661,3.80300535566384
TSA,1994,6.3910228383368874,3.72552810756277
TSA,1995,6.4405604366470435,3.64485252790157
TSA,1996,6.48909951577257,3.57154357867819
TSA,1997,6.5107911778496215,3.50744412442615
TSA,1998,6.549618253260998,3.43651880803499
TSA,1999,6.609504588645228,3.37233736803084
TSA,2000,6.630859059436557,3.33395356090725
TSA,2001,6.657185594438084,3.28308388400588
TSA,2002,6.676564172780308,3.19828354094027
TSA,2003,6.731740217814579,3.10343433102198
TSA,2004,6.788062660467032,3.02541628348848
TSA,2005,6.846060613119133,2.93687989722614
TSA,2006,6.9070906134933,2.84697285381899
TSA,2007,6.965379024166913,2.75669654521409
TSA,2008,6.985917701210225,2.68905082515755
TSA,2009,7.043563599164361,2.64443180727681
TSA,2010,7.108668133350014,2.56574779030977
TSA,2011,7.148404812920183,2.50022514366302
TSA,2012,7.190307521732884,2.44177823996936
TSA,2013,7.238642073394188,2.37827206529081
TSA,2014,7.296560217245272,2.28396274115946
TSA,2015,7.359175695279962,2.27891070577889
TSA,2016,7.424376534214191,2.2733060135155
TSA,2017,7.478883353031486,2.19158171903298
TSA,2018,7.530330373727533,2.18134059924297
TSA,2019,7.560287247319712,2.12407623256393
TSA,2020,7.499418007673177,2.06019382226457
TSA,2021,7.579432548120324,2.03102990361988
TSA,2022,7.639979393318186,2.01401171309975
TSA,2023,7.696822675884012,1.99556441998933
TSA,2024,7.753348653266446,1.98099187797599
TSS,1960,7.054352000660054,6.57174875625894
TSS,1961,7.041032589725699,6.58571397663199
TSS,1962,7.075237110776584,6.6039093119798
TSS,1963,7.1109918608949485,6.61960965449243
TSS,1964,7.1342601438098585,6.63602558528786
TSS,1965,7.154458085786317,6.65037079830196
TSS,1966,7.1488817999170715,6.67742759702903
TSS,1967,7.115295247292311,6.69394549154146
TSS,1968,7.119816716661172,6.70860817214828
TSS,1969,7.179337733094227,6.7200361226397
TSS,1970,7.2276128636484165,6.73532183446952
TSS,1971,7.274980212485953,6.75645250897434
TSS,1972,7.277256780088097,6.77125420377663
TSS,1973,7.291759980690924,6.78269110823842
TSS,1974,7.33616598439968,6.7967343383612
TSS,1975,7.3056585267443,6.80630889159999
TSS,1976,7.327888564132544,6.80539114000628
TSS,1977,7.327323193953759,6.80728173287718
TSS,1978,7.296467745972112,6.80818345335902
TSS,1979,7.304997128946977,6.79258172397586
TSS,1980,7.31218057678955,6.77330944482111
TSS,1981,7.274081739012266,6.74804535299669
TSS,1982,7.231135549154424,6.72084300489025
TSS,1983,7.175777984411307,6.68553337409733
TSS,1984,7.16942161584216,6.63808223802231
TSS,1985,7.160335297950163,6.58700374526551
TSS,1986,7.149975319899624,6.53902267912538
TSS,1987,7.149969642918308,6.49043104120881
TSS,1988,7.165306108172631,6.43415860530344
TSS,1989,7.159969885978763,6.3735331775564
TSS,1990,7.154487067864888,6.30116799131693
TSS,1991,7.131281701252339,6.24312233043993
TSS,1992,7.099350758172777,6.18216073969074
TSS,1993,7.0614778999717425,6.12549071485841
TSS,1994,7.045115968972822,6.06494261706828
TSS,1995,7.051327528480454,6.00488093479581
TSS,1996,7.074698107973685,5.93585230570683
TSS,1997,7.08831880629604,5.86649867780983
TSS,1998,7.086614447237592,5.81471538432206
TSS,1999,7.0815250263143055,5.77733978302772
TSS,2000,7.088751251163244,5.73806284105071
TSS,2001,7.103286891605131,5.69649079369501
TSS,2002,7.13836594556212,5.651794490577
TSS,2003,7.151767910015694,5.61346001677164
TSS,2004,7.189309036637969,5.58679066293547
TSS,2005,7.220354189840783,5.55886459039657
TSS,2006,7.251753897860976,5.52194469862556
TSS,2007,7.284066475696845,5.47623519277637
TSS,2008,7.307084837358918,5.44582414929526
TSS,2009,7.3104481597149995,5.38594110751953
TSS,2010,7.341756416227555,5.3249188067387
TSS,2011,7.35637039706893,5.25463649244861
TSS,2012,7.361839050638793,5.17803015507135
TSS,2013,7.385855367342086,5.09707350209557
TSS,2014,7.404930458821257,5.02372228422288
TSS,2015,7.4069055249673275,4.9431932902334
TSS,2016,7.393498275913925,4.85971762249433
TSS,2017,7.391960773159771,4.78030554220341
TSS,2018,7.393039418481548,4.69670936148689
TSS,2019,7.392159709028645,4.61335183994473
TSS,2020,7.332964357520018,4.52975965752977
TSS,2021,7.342852897453103,4.46449950383708
TSS,2022,7.357569930332131,4.39663166218222
TSS,2023,7.359725771812354,4.33256591809805
TSS,2024,7.37082216283517,4.26419372272935
TTO,1960,8.363944142657942,5.405
TTO,1961,8.473985167731099,5.405
TTO,1962,8.48147968029023,5.358
TTO,1963,8.517316404827202,5.242
TTO,1964,8.572992259548888,5.081
TTO,1965,8.563112553668805,4.88
TTO,1966,8.587369608525192,4.62
TTO,1967,8.593393405666884,4.35
TTO,1968,8.631154693487971,4.106
TTO,1969,8.646093442237975,3.856
TTO,1970,8.669902820095425,3.709
TTO,1971,8.669105191158184,3.612
TTO,1972,8.713070637167922,3.551
TTO,1973,8.716839716752519,3.466
TTO,1974,8.7417267937133,3.319
TTO,1975,8.744261940933747,3.214
TTO,1976,8.794229189576447,3.138
TTO,1977,8.869180640214882,3.121
TTO,1978,8.951914808641696,3.129
TTO,1979,8.974318940123675,3.126
TTO,1980,9.060521748891796,3.145
TTO,1981,9.093412872725645,3.133
TTO,1982,9.119493324513726,3.108
TTO,1983,8.99986770855707,3.07
TTO,1984,8.929968048994532,3.017
TTO,1985,8.875714847315624,2.988
TTO,1986,8.829189422075993,2.903
TTO,1987,8.770732020461967,2.775
TTO,1988,8.720363484373205,2.646
TTO,1989,8.702699107565511,2.526
TTO,1990,8.709170516938574,2.394
TTO,1991,8.731895201522669,2.29
TTO,1992,8.820549403974047,2.213
TTO,1993,8.806945838804806,2.129
TTO,1994,8.835864872916986,2.064
TTO,1995,8.867970311074988,1.967
TTO,1996,8.932448301787906,1.894
TTO,1997,9.001215949203575,1.831
TTO,1998,9.075974266564126,1.784
TTO,1999,9.149749364746869,1.76
TTO,2000,9.212639792972327,1.732
TTO,2001,9.249099834945124,1.705
TTO,2002,9.320625144978886,1.672
TTO,2003,9.450498387543242,1.648
TTO,2004,9.52202605138361,1.627
TTO,2005,9.620820747313195,1.625
TTO,2006,9.742216324802689,1.624
TTO,2007,9.784630788778655,1.622
TTO,2008,9.813851290504351,1.617
TTO,2009,9.767780314132555,1.618
TTO,2010,9.794681939670202,1.614
TTO,2011,9.783944113738583,1.611
TTO,2012,9.84350755418353,1.609
TTO,2013,9.872626071334645,1.603
TTO,2014,9.905113240397837,1.602
TTO,2015,9.897833235555126,1.598
TTO,2016,9.816350774580016,1.601
TTO,2017,9.764375791885625,1.594
TTO,2018,9.75299107088155,1.588
TTO,2019,9.754138090361735,1.578
TTO,2020,9.660138816138733,1.572
TTO,2021,9.652336300106647,1.559
TTO,2022,9.6621947006287,1.544
TTO,2023,9.67550524046458,1.532
TTO,2024,9.699686041800813,1.536
TUN,1961,7.259831756252378,7.159
TUN,1962,7.2006722582426015,7.168
TUN,1963,7.0739363412018665,7.17
TUN,1964,7.01197651557048,7.166
TUN,1965,6.970479526107657,7.113
TUN,1966,6.98471217754775,7.055
TUN,1967,6.963237889888318,6.952
TUN,1968,7.037592861198334,6.806
TUN,1969,7.058726029915276,6.623
TUN,1970,7.079363994358586,6.426
TUN,1971,7.15468551528657,6.29
TUN,1972,7.29270224819026,6.187
TUN,1973,7.260398906047995,6.12
TUN,1974,7.311774897780037,6.048
TUN,1975,7.354060723460136,5.972
TUN,1976,7.403226936103604,5.873
TUN,1977,7.410611352738305,5.681
TUN,1978,7.448404069080802,5.401
TUN,1979,7.488976839206475,5.184
TUN,1980,7.537608288773865,5.033
TUN,1981,7.568521272026188,5.023
TUN,1982,7.541567586858903,4.89
TUN,1983,7.5665304079878934,4.771
TUN,1984,7.599132533085808,4.664
TUN,1985,7.628124284710795,4.521
TUN,1986,7.588178187850475,4.361
TUN,1987,7.628390670790884,4.104
TUN,1988,7.605709765648831,3.833
TUN,1989,7.60104580173262,3.569
TUN,1990,7.656559632392753,3.441
TUN,1991,7.673785064027112,3.31
TUN,1992,7.727915872526003,3.189
TUN,1993,7.729577880034567,3.058
TUN,1994,7.742905920551176,2.874
TUN,1995,7.750439113326085,2.67
TUN,1996,7.805030067710601,2.488
TUN,1997,7.844456512813597,2.338
TUN,1998,7.878486839416766,2.197
TUN,1999,7.925363590538028,2.082
TUN,2000,7.960165514264062,2.025
TUN,2001,7.986756160286251,1.975
TUN,2002,7.989629636632078,1.941
TUN,2003,8.025591255588935,1.956
TUN,2004,8.076740040489113,1.95
TUN,2005,8.102264899943865,1.953
TUN,2006,8.144548943503654,1.952
TUN,2007,8.200321146745102,1.957
TUN,2008,8.232205694609082,1.975
TUN,2009,8.25198993185532,2.004
TUN,2010,8.270501101594988,2.075
TUN,2011,8.238732812238293,2.189
TUN,2012,8.268743678541677,2.277
TUN,2013,8.280859946094077,2.31
TUN,2014,8.299434999745554,2.316
TUN,2015,8.29777960932586,2.306
TUN,2016,8.297864588430892,2.275
TUN,2017,8.309629162962034,2.205
TUN,2018,8.32554105349651,2.133
TUN,2019,8.331653611011207,2.1
TUN,2020,8.229316010473173,2.0
TUN,2021,8.269381167382672,1.8
TUN,2022,8.29068036628246,1.847
TUN,2023,8.285849580407458,1.832
TUN,2024,8.2955999084834,1.818
TUR,1960,7.803635821254706,6.383
TUR,1961,7.787648858899043,6.419
TUR,1962,7.814867132229941,6.382
TUR,1963,7.87491474713285,6.339
TUR,1964,7.901849946887855,6.291
TUR,1965,7.904581700115924,6.22
TUR,1966,7.985446264018182,6.152
TUR,1967,8.00572037910958,6.057
TUR,1968,8.046036510922779,5.962
TUR,1969,8.061538793819183,5.872
TUR,1970,8.069869789401206,5.775
TUR,1971,8.10030407357824,5.671
TUR,1972,8.147927103526964,5.548
TUR,1973,8.156898047683109,5.41
TUR,1974,8.189188078011526,5.243
TUR,1975,8.237727181700524,5.087
TUR,1976,8.316802677679844,4.931
TUR,1977,8.329673372241299,4.784
TUR,1978,8.324409171094633,4.691
TUR,1979,8.2985206960996,4.579
TUR,1980,8.253760010072082,4.453
TUR,1981,8.281290717010862,4.351
TUR,1982,8.294925045427235,4.205
TUR,1983,8.319938203053496,4.056
TUR,1984,8.361912766274981,3.911
TUR,1985,8.381247485194805,3.779
TUR,1986,8.427729358717455,3.658
TUR,1987,8.497974660899756,3.542
TUR,1988,8.500945713284914,3.445
TUR,1989,8.484243124506792,3.336
TUR,1990,8.554138711431806,3.107
TUR,1991,8.54372169991728,3.003
TUR,1992,8.575803279034082,2.939
TUR,1993,8.632279361318833,2.916
TUR,1994,8.567088154093648,2.874
TUR,1995,8.62655426553595,2.835
TUR,1996,8.680616138824156,2.779
TUR,1997,8.737161502388393,2.744
TUR,1998,8.742141305637707,2.707
TUR,1999,8.697772733217068,2.63
TUR,2000,8.752464102488055,2.487
TUR,2001,8.683880414009694,2.392
TUR,2002,8.734190763569853,2.268
TUR,2003,8.778953084510617,2.202
TUR,2004,8.86243007717421,2.197
TUR,2005,8.938944478085427,2.197
TUR,2006,8.996963394379998,2.193
TUR,2007,9.04517480014172,2.16
TUR,2008,9.041677875708675,2.15
TUR,2009,8.977815592246035,2.1
TUR,2010,9.044590120376022,2.08
TUR,2011,9.134091859988523,2.05
TUR,2012,9.16830103943749,2.11
TUR,2013,9.23692864170461,2.11
TUR,2014,9.268418713657828,2.19
TUR,2015,9.31151057104938,2.16
TUR,2016,9.330752566421996,2.11
TUR,2017,9.39313231666067,2.08
TUR,2018,9.413689966269365,2.0
TUR,2019,9.412325250776597,1.89
TUR,2020,9.420491391349826,1.77
TUR,2021,9.52302754693335,1.71
TUR,2022,9.566165188242875,1.63
TUR,2023,9.611321116091183,1.51
TUR,2024,9.641799871950939,1.48
TUV,1970,7.7956208051341545,4.081
TUV,1971,7.775779734952325,3.944
TUV,1972,7.754856527521159,3.806
TUV,1973,7.737297177302679,3.712
TUV,1974,7.695857188686415,3.633
TUV,1975,7.63124962226577,3.578
TUV,1976,7.576911717944502,3.554
TUV,1977,7.495685829728947,3.555
TUV,1978,7.437458252685998,3.59
TUV,1979,7.401374389922976,3.645
TUV,1980,7.3699403574481614,3.73
TUV,1981,7.374122179935903,3.804
TUV,1982,7.181490129759,3.877
TUV,1983,7.251247153219022,3.912
TUV,1984,7.308801509101948,3.946
TUV,1985,7.2722208981626375,3.973
TUV,1986,7.4548293178383345,3.973
TUV,1987,7.551880956916903,3.941
TUV,1988,7.711002539286913,3.881
TUV,1989,7.674568306380164,3.797
TUV,1990,7.802015687269154,3.75
TUV,1991,7.822803482084497,3.789
TUV,1992,7.838064080253519,3.86
TUV,1993,7.868660267680187,3.922
TUV,1994,7.957706705954231,3.923
TUV,1995,7.898469064488383,3.963
TUV,1996,7.83034571346835,3.951
TUV,1997,7.919496590922195,3.952
TUV,1998,8.05819616443745,3.951
TUV,1999,8.037683780246875,3.919
TUV,2000,8.023348879576739,3.841
TUV,2001,8.02589010722684,3.749
TUV,2002,8.10193281563758,3.637
TUV,2003,8.049995886408512,3.579
TUV,2004,8.018530541630094,3.553
TUV,2005,7.967790830892157,3.546
TUV,2006,7.9691148568538175,3.525
TUV,2007,8.02343770359191,3.446
TUV,2008,8.073596687098851,3.415
TUV,2009,8.002283109642244,3.425
TUV,2010,7.962770933428219,3.442
TUV,2011,8.019759964899237,3.463
TUV,2012,7.976632882054534,3.47
TUV,2013,8.007868082381028,3.389
TUV,2014,8.025949393610462,3.33
TUV,2015,8.117511494300159,3.308
TUV,2016,8.167185530383367,3.297
TUV,2017,8.2049397789714,3.301
TUV,2018,8.229627279730089,3.328
TUV,2019,8.371727329932593,3.331
TUV,2020,8.35830596350977,3.309
TUV,2021,8.378216299270015,3.277
TUV,2022,8.282399022839465,3.244
TUV,2023,8.334656264325302,3.208
TUV,2024,8.385463070354724,3.174
TZA,1960,6.726823673726581,6.536
TZA,1961,6.709621077439342,6.562
TZA,1962,6.767676761233728,6.605
TZA,1963,6.799101654388412,6.647
TZA,1964,6.822801708681391,6.68
TZA,1965,6.835173691640713,6.727
TZA,1966,6.914690343217663,6.804
TZA,1967,6.937430574551847,6.864
TZA,1968,6.96597316962697,6.9
TZA,1969,6.9641620337152865,6.954
TZA,1970,6.305545717586624,7.001
TZA,1971,6.308949569655691,7.044
TZA,1972,6.341980748581918,7.052
TZA,1973,6.366056329699365,7.062
TZA,1974,6.350885077602952,7.123
TZA,1975,6.3536132370003795,7.101
TZA,1976,6.349763019822464,7.086
TZA,1977,6.314072236240415,7.072
TZA,1978,6.299390420240702,7.06
TZA,1979,6.290463000487409,7.043
TZA,1980,6.285873629601244,6.991
TZA,1981,6.245548185138994,6.93
TZA,1982,6.211352009657027,6.868
TZA,1983,6.174617044687467,6.805
TZA,1984,6.187700360301588,6.715
TZA,1985,6.167474328397872,6.598
TZA,1986,6.187917779464269,6.488
TZA,1987,6.202183020284377,6.406
TZA,1988,6.241967573836153,6.379
TZA,1989,6.252332801282967,6.303
TZA,1990,6.294425795806851,6.201
TZA,1991,6.289654307400644,6.135
TZA,1992,6.270575407399222,6.078
TZA,1993,6.251253570903689,5.997
TZA,1994,6.228456768712429,5.894
TZA,1995,6.232134457737911,5.822
TZA,1996,6.258305797886607,5.826
TZA,1997,6.272790632311894,5.836
TZA,1998,6.282945318819019,5.811
TZA,1999,6.303727390137189,5.747
TZA,2000,6.3195950946232795,5.67
TZA,2001,6.351583808915534,5.617
TZA,2002,6.394295471839875,5.57
TZA,2003,6.432490961549205,5.578
TZA,2004,6.477766725034891,5.597
TZA,2005,6.522168101946654,5.579
TZA,2006,6.557492229957155,5.511
TZA,2007,6.595124587865934,5.403
TZA,2008,6.623454771002537,5.324
TZA,2009,6.650187925974936,5.26
TZA,2010,6.68623455567777,5.225
TZA,2011,6.732209833496771,5.141
TZA,2012,6.747481715663585,5.137
TZA,2013,6.783111727579558,5.156
TZA,2014,6.817624005549459,5.122
TZA,2015,6.844951060363835,5.025
TZA,2016,6.877457015173844,5.006
TZA,2017,6.909313025026465,4.988
TZA,2018,6.931486706649624,4.932
TZA,2019,6.958226507050118,4.866
TZA,2020,6.948186454955274,4.801
TZA,2021,6.960648690204736,4.734
TZA,2022,6.975960812605172,4.671
TZA,2023,6.99655717646314,4.606
TZA,2024,7.0217749486489875,4.541
UGA,1982,5.8838968350153245,7.11
UGA,1983,5.914961295913088,7.068
UGA,1984,5.884743056997886,7.024
UGA,1985,5.8230398168632185,7.037
UGA,1986,5.797814631283946,7.083
UGA,1987,5.8056948768200884,7.12
UGA,1988,5.853276135824431,7.102
UGA,1989,5.882681197235681,7.045
UGA,1990,5.913068551778414,7.014
UGA,1991,5.9343133488812825,6.943
UGA,1992,5.933860891366185,6.913
UGA,1993,5.979300739973377,6.886
UGA,1994,6.007810968206797,6.899
UGA,1995,6.0895576717635285,6.871
UGA,1996,6.149382192183349,6.835
UGA,1997,6.170134996691269,6.856
UGA,1998,6.188282556724227,6.837
UGA,1999,6.2333423023227805,6.825
UGA,2000,6.232836061467779,6.788
UGA,2001,6.252783164867614,6.757
UGA,2002,6.305189549792256,6.735
UGA,2003,6.336330987890149,6.671
UGA,2004,6.372192002124185,6.612
UGA,2005,6.404244193731566,6.525
UGA,2006,6.477388493014676,6.429
UGA,2007,6.528750354712275,6.326
UGA,2008,6.582807612463694,6.202
UGA,2009,6.619196643174824,6.124
UGA,2010,6.64460202250046,6.019
UGA,2011,6.705046957019458,5.885
UGA,2012,6.713661259823246,5.729
UGA,2013,6.7202064876474275,5.563
UGA,2014,6.74049414036517,5.408
UGA,2015,6.760338918057234,5.251
UGA,2016,6.773821943462781,5.112
UGA,2017,6.769749755220039,4.987
UGA,2018,6.796907656488682,4.867
UGA,2019,6.82539391193632,4.744
UGA,2020,6.821145674105173,4.621
UGA,2021,6.82372310544711,4.51
UGA,2022,6.8385060064527,4.388
UGA,2023,6.862491975261556,4.283
UGA,2024,6.893747775741977,4.165
UKR,1987,8.052512868201847,2.07
UKR,1988,8.073802585688396,2.042
UKR,1989,8.108078707820951,1.927
UKR,1990,8.039902450548647,1.845
UKR,1991,7.9466404565654445,1.773
UKR,1992,7.839467597827163,1.674
UKR,1993,7.685810939329714,1.564
UKR,1994,7.430994235783187,1.471
UKR,1995,7.308798679117615,1.399
UKR,1996,7.211979790866068,1.333
UKR,1997,7.190131767256722,1.271
UKR,1998,7.178998186716614,1.206
UKR,1999,7.185033319040957,1.127
UKR,2000,7.250793523722175,1.108
UKR,2001,7.344252744095522,1.092
UKR,2002,7.405058637626521,1.127
UKR,2003,7.50343214803933,1.173
UKR,2004,7.621902872289646,1.215
UKR,2005,7.660397767452958,1.221
UKR,2006,7.739852039091524,1.297
UKR,2007,7.82338661381434,1.343
UKR,2008,7.850763534582072,1.444
UKR,2009,7.69082093291978,1.47
UKR,2010,7.734529901630858,1.436
UKR,2011,7.790746009086028,1.464
UKR,2012,7.794382133758643,1.528
UKR,2013,7.7966403878830555,1.515
UKR,2014,7.744415425280027,1.466
UKR,2015,7.647057668097867,1.387
UKR,2016,7.676048432128427,1.391
UKR,2017,7.704249768417747,1.3
UKR,2018,7.744425577293742,1.233
UKR,2019,7.782423016096244,1.218
UKR,2020,7.751091339741339,1.208
UKR,2021,7.794251450357203,1.148
UKR,2022,7.53618416964291,0.897
UKR,2023,7.67983434916351,0.977
UKR,2024,7.707987634580502,0.988
URY,1960,8.799991956046433,2.827
URY,1961,8.812013572717031,2.846
URY,1962,8.784017759900266,2.866
URY,1963,8.77404063177002,2.884
URY,1964,8.78700456054876,2.863
URY,1965,8.78691234191124,2.84
URY,1966,8.80725448054449,2.819
URY,1967,8.760945052057489,2.784
URY,1968,8.771518893128647,2.771
URY,1969,8.821504425239386,2.769
URY,1970,8.838518673775184,2.772
URY,1971,8.830404571213194,2.767
URY,1972,8.811725957302794,2.782
URY,1973,8.808999832240492,2.855
URY,1974,8.83163418402744,2.957
URY,1975,8.884398792104596,3.017
URY,1976,8.916380852127375,3.005
URY,1977,8.924600768597003,2.899
URY,1978,8.971375315321424,2.829
URY,1979,9.026683228733068,2.711
URY,1980,9.079383296917015,2.59
URY,1981,9.091040229756565,2.534
URY,1982,8.984242304406497,2.512
URY,1983,8.871373046764433,2.486
URY,1984,8.855304421894015,2.471
URY,1985,8.865029340084432,2.47
URY,1986,8.944234735278734,2.47
URY,1987,9.01552586120493,2.486
URY,1988,9.024320967919593,2.503
URY,1989,9.029354282802691,2.498
URY,1990,9.026460309927904,2.477
URY,1991,9.055470849610224,2.454
URY,1992,9.126257562987211,2.432
URY,1993,9.14719920909749,2.408
URY,1994,9.21227329511559,2.425
URY,1995,9.192471348027704,2.401
URY,1996,9.241471021431476,2.364
URY,1997,9.31819585775088,2.328
URY,1998,9.357462050652947,2.271
URY,1999,9.337597205686361,2.248
URY,2000,9.314369788239542,2.196
URY,2001,9.272710049302109,2.161
URY,2002,9.190828375699178,2.16
URY,2003,9.198141957262543,2.116
URY,2004,9.246373967265198,2.093
URY,2005,9.317525086780893,2.097
URY,2006,9.356557136243545,2.07
URY,2007,9.418206433316357,2.048
URY,2008,9.485380593016586,2.03
URY,2009,9.52454612643267,2.018
URY,2010,9.597123928699771,2.011
URY,2011,9.644975610857257,1.987
URY,2012,9.677171329777222,2.012
URY,2013,9.719528985074962,2.034
URY,2014,9.748121594509515,2.026
URY,2015,9.748347314592769,2.041
URY,2016,9.761764701294066,1.966
URY,2017,9.776313263788442,1.824
URY,2018,9.776162241116287,1.681
URY,2019,9.784616086291907,1.567
URY,2020,9.707677239541228,1.497
URY,2021,9.765144903261541,1.446
URY,2022,9.811881520825366,1.425
URY,2023,9.82030566889607,1.409
URY,2024,9.853462949157347,1.397
USA,1960,9.851749138037075,3.654
USA,1961,9.85791132463162,3.62
USA,1962,9.901743210757054,3.461
USA,1963,9.930411052645086,3.319
USA,1964,9.972900925567522,3.19
USA,1965,10.022434600040818,2.913
USA,1966,10.073860467375878,2.721
USA,1967,10.087664267825728,2.558
USA,1968,10.12456324331528,2.464
USA,1969,10.145320020198106,2.456
USA,1970,10.135833715974174,2.48
USA,1971,10.155587115975665,2.266
USA,1972,10.196102448982744,2.01
USA,1973,10.24147834692857,1.879
USA,1974,10.226921580475878,1.835
USA,1975,10.215003411025453,1.774
USA,1976,10.257980123907414,1.738
USA,1977,10.293126971356225,1.79
USA,1978,10.336405662528113,1.76
USA,1979,10.356538938153877,1.808
USA,1980,10.344371979189011,1.8395
USA,1981,10.359618187051083,1.812
USA,1982,10.331890350135916,1.8275
USA,1983,10.367564956585802,1.799
USA,1984,10.428772836263416,1.8065
USA,1985,10.460761463385845,1.844
USA,1986,10.485560362601971,1.8375
USA,1987,10.510585040470527,1.872
USA,1988,10.542426070675791,1.934
USA,1989,10.56904619243571,2.014
USA,1990,10.57643370458266,2.081
USA,1991,10.56198738143011,2.0625
USA,1992,10.582737291588442,2.046
USA,1993,10.596696636812993,2.0195
USA,1994,10.623933414822993,2.0015
USA,1995,10.638515863949376,1.978
USA,1996,10.663915192598386,1.976
USA,1997,10.69538639422713,1.971
USA,1998,10.727584718051212,1.999
USA,1999,10.762874449365563,2.0075
USA,2000,10.791713211341452,2.056
USA,2001,10.791325816970334,2.0305
USA,2002,10.79890935770275,2.0205
USA,2003,10.817886963150846,2.0475
USA,2004,10.846388030585665,2.0515
USA,2005,10.871413375193665,2.057
USA,2006,10.88923559910648,2.108
USA,2007,10.899565499768839,2.12
USA,2008,10.891242074755974,2.072
USA,2009,10.856372827998042,2.002
USA,2010,10.874506648934766,1.931
USA,2011,10.882105667121523,1.8945
USA,2012,10.896754900940332,1.8805
USA,2013,10.910146457679765,1.8575
USA,2014,10.927111193758208,1.8625
USA,2015,10.948162172702753,1.8435
USA,2016,10.958336893154724,1.8205
USA,2017,10.975686916765625,1.7655
USA,2018,10.999056141844981,1.7295
USA,2019,11.019415142765025,1.706
USA,2020,10.994296289614953,1.6415
USA,2021,11.052425106106162,1.664
USA,2022,11.071660624672864,1.6565
USA,2023,11.092356083177735,1.6165
USA,2024,11.110304007400245,1.6265
UZB,1987,7.397934738877014,4.532
UZB,1988,7.45774123731104,4.263
UZB,1989,7.461988674275713,4.102
UZB,1990,7.453738835848867,4.122
UZB,1991,7.4247659669873665,4.19
UZB,1992,7.281377910534282,4.056
UZB,1993,7.234973686311771,3.863
UZB,1994,7.160185247347614,3.66
UZB,1995,7.131122274034591,3.566
UZB,1996,7.129202265555842,3.393
UZB,1997,7.162617477262689,3.186
UZB,1998,7.189018248461859,2.985
UZB,1999,7.217086179369005,2.831
UZB,2000,7.242090965884191,2.696
UZB,2001,7.270726668270847,2.61
UZB,2002,7.297424680785144,2.575
UZB,2003,7.326699095038328,2.503
UZB,2004,7.386249472921222,2.496
UZB,2005,7.440932591408727,2.438
UZB,2006,7.499906453463844,2.461
UZB,2007,7.576393959404919,2.573
UZB,2008,7.647491224000673,2.635
UZB,2009,7.708884407098075,2.559
UZB,2010,7.766265187646291,2.442
UZB,2011,7.829108310993703,2.354
UZB,2012,7.884990239321728,2.337
UZB,2013,7.945556155774755,2.445
UZB,2014,8.003217075896057,2.546
UZB,2015,8.062400958082765,2.583
UZB,2016,8.110099554593935,2.564
UZB,2017,8.139086854720825,2.57
UZB,2018,8.177474914567739,2.713
UZB,2019,8.225102577623492,2.869
UZB,2020,8.22250565997535,3.062
UZB,2021,8.28197619178074,3.273
UZB,2022,8.320955462787925,3.396
UZB,2023,8.361989889392762,3.5
UZB,2024,8.406911130323307,3.486
VCT,1960,7.543401774824717,7.247
VCT,1961,7.570270398396123,7.157
VCT,1962,7.590764426000054,7.033
VCT,1963,7.511416963874185,6.921
VCT,1964,7.5337024285806935,6.828
VCT,1965,7.529472751693619,6.735
VCT,1966,7.517176103710274,6.639
VCT,1967,7.405514297729873,6.533
VCT,1968,7.457909729349139,6.416
VCT,1969,7.4762318037679485,6.275
VCT,1970,7.5688140224711455,6.116
VCT,1971,7.588645190009344,5.946
VCT,1972,7.808986822320822,5.774
VCT,1973,7.682142328080652,5.587
VCT,1974,7.581074685353785,5.379
VCT,1975,7.493624799373827,5.165
VCT,1976,7.584318367933574,4.949
VCT,1977,7.700670232870751,4.748
VCT,1978,7.786376275612738,4.554
VCT,1979,7.812822156152102,4.291
VCT,1980,7.829877934378877,3.923
VCT,1981,7.866765752613618,3.845
VCT,1982,7.902069822348434,3.743
VCT,1983,7.915356918101503,3.561
VCT,1984,7.97122688100174,3.283
VCT,1985,8.023609704860045,3.081
VCT,1986,8.070978357343158,2.924
VCT,1987,8.068781932492719,2.819
VCT,1988,8.194510288328328,2.753
VCT,1989,8.202935235179435,2.73
VCT,1990,8.238748173573706,2.731
VCT,1991,8.246379770213943,2.747
VCT,1992,8.305653648559641,2.759
VCT,1993,8.345275619654327,2.737
VCT,1994,8.33109894461739,2.678
VCT,1995,8.404755232439582,2.609
VCT,1996,8.416915421392195,2.526
VCT,1997,8.451172147213722,2.433
VCT,1998,8.490915100257476,2.345
VCT,1999,8.516015371599917,2.307
VCT,2000,8.53069510785162,2.306
VCT,2001,8.54841394714642,2.3
VCT,2002,8.60181490502381,2.218
VCT,2003,8.66840376197108,2.142
VCT,2004,8.711434994385382,2.087
VCT,2005,8.739433861249218,2.068
VCT,2006,8.810948597761362,2.033
VCT,2007,8.847959395985654,2.063
VCT,2008,8.856517796789896,2.15
VCT,2009,8.847334513371747,2.174
VCT,2010,8.806580110836178,2.144
VCT,2011,8.806061858035774,2.076
VCT,2012,8.823306842821927,2.113
VCT,2013,8.853175859863265,2.106
VCT,2014,8.870132064812884,2.141
VCT,2015,8.902963702626419,2.133
VCT,2016,8.949351415602218,2.055
VCT,2017,8.971185178925793,1.94
VCT,2018,9.009446939324159,1.9
VCT,2019,9.023368942645522,1.864
VCT,2020,8.985914313518153,1.83
VCT,2021,9.01327090298949,1.808
VCT,2022,9.051665589460724,1.791
VCT,2023,9.11066942665187,1.775
VCT,2024,9.15748667258097,1.761
VEN,1960,8.309040405423481,6.382
VEN,1961,8.304855585641985,6.298
VEN,1962,8.351766724881797,6.231
VEN,1963,8.355560286147762,6.155
VEN,1964,8.42706192653861,6.071
VEN,1965,8.434285225898826,5.977
VEN,1966,8.416105434613142,5.87
VEN,1967,8.41130872845092,5.748
VEN,1968,8.449909947805587,5.614
VEN,1969,8.42540797892076,5.469
VEN,1970,8.468706670678793,5.321
VEN,1971,8.452845292629629,5.174
VEN,1972,8.435541749818427,5.035
VEN,1973,8.474557854761976,4.906
VEN,1974,8.465644168821068,4.791
VEN,1975,8.464978373685618,4.686
VEN,1976,8.510303604572774,4.589
VEN,1977,8.542111778937059,4.494
VEN,1978,8.536467216607111,4.397
VEN,1979,8.515508796717572,4.298
VEN,1980,8.442129179905537,4.2
VEN,1981,8.401697563151988,4.104
VEN,1982,8.399609788887732,4.014
VEN,1983,8.271103279894524,3.933
VEN,1984,8.294924158092456,3.861
VEN,1985,8.275198719145147,3.794
VEN,1986,8.309128321037731,3.73
VEN,1987,8.331079509105104,3.665
VEN,1988,8.367872104844162,3.597
VEN,1989,8.191912184074104,3.524
VEN,1990,8.232441492638731,3.448
VEN,1991,8.30011694334845,3.37
VEN,1992,8.335314383384636,3.292
VEN,1993,8.315355414165424,3.218
VEN,1994,8.27004457716263,3.147
VEN,1995,8.287417497279199,3.082
VEN,1996,8.264002059212347,3.022
VEN,1997,8.30501324639952,2.967
VEN,1998,8.289675119894206,2.912
VEN,1999,8.20893516415139,2.856
VEN,2000,8.224740162631768,2.79
VEN,2001,8.240006722218466,2.779
VEN,2002,8.130617783312989,2.739
VEN,2003,8.032120239402403,2.703
VEN,2004,8.182230452677574,2.639
VEN,2005,8.262511009085545,2.629
VEN,2006,8.340591104149247,2.595
VEN,2007,8.409511253703366,2.524
VEN,2008,8.445837108418543,2.475
VEN,2009,8.400968195052904,2.422
VEN,2010,8.371874432020887,2.396
VEN,2011,8.399434263398124,2.398
VEN,2012,8.442127366392015,2.379
VEN,2013,8.443019384850384,2.334
VEN,2014,8.39230538477014,2.296
VEN,2015,8.31791749593616,2.253
VEN,2016,8.12398197163188,2.217
VEN,2017,7.9597413579039475,2.183
VEN,2018,7.766155161841786,2.151
VEN,2019,7.472532281275797,2.131
VEN,2020,7.135579515323743,2.116
VEN,2021,7.149087587506664,2.105
VEN,2022,7.22761748120939,2.088
VEN,2023,7.2639506995745595,2.079
VEN,2024,7.314034775048569,2.077
VIR,2002,10.673728281055535,2.21
VIR,2003,10.669796471420357,2.07
VIR,2004,10.70248659045378,2.17
VIR,2005,10.73686592564271,2.24
VIR,2006,10.772090423320572,2.03
VIR,2007,10.811708327885123,2.51
VIR,2008,10.823267248766458,2.44
VIR,2009,10.754979624910327,2.37
VIR,2010,10.761359401249928,2.3
VIR,2011,10.676373781658333,2.16
VIR,2012,10.517000664235525,2.06
VIR,2013,10.453446752780636,2.08
VIR,2014,10.437014861890688,2.09
VIR,2015,10.434332043192612,2.11
VIR,2016,10.452035120612035,2.09
VIR,2017,10.446843126684355,2.08
VIR,2018,10.468065352004922,2.06
VIR,2019,10.499841409706665,2.05
VIR,2020,10.487119579839746,2.03
VIR,2021,10.527098370010917,2.01
VIR,2022,10.518225282148048,2.0
VNM,1984,6.389386835109355,4.412
VNM,1985,6.403536938626586,4.206
VNM,1986,6.409500308913691,3.955
VNM,1987,6.424407244746325,3.717
VNM,1988,6.454251895183649,3.623
VNM,1989,6.504771847711858,3.641
VNM,1990,6.53358578861988,3.602
VNM,1991,6.570528853161259,3.524
VNM,1992,6.6332011289711845,3.353
VNM,1993,6.691595339920599,3.172
VNM,1994,6.758236680796192,2.941
VNM,1995,6.832628108243537,2.7
VNM,1996,6.906679607904238,2.468
VNM,1997,6.9705216325696275,2.274
VNM,1998,7.0122168002578995,2.098
VNM,1999,7.045815471687837,1.999
VNM,2000,7.100189346500339,2.028
VNM,2001,7.1497639743782315,2.023
VNM,2002,7.200810419069993,2.006
VNM,2003,7.2575268114144675,1.999
VNM,2004,7.320490224666083,1.968
VNM,2005,7.3839662795338095,1.887
VNM,2006,7.438193043334589,1.873
VNM,2007,7.489383297681163,1.911
VNM,2008,7.526181714441248,1.933
VNM,2009,7.563789344541438,1.92
VNM,2010,7.614599152010479,1.906
VNM,2011,7.665239962486633,1.927
VNM,2012,7.707113932172954,1.967
VNM,2013,7.749358806435046,1.98
VNM,2014,7.799460881041575,2.09
VNM,2015,7.854601928784033,2.1
VNM,2016,7.906760423016145,2.0
VNM,2017,7.961417899373379,1.985
VNM,2018,8.022333850815286,1.88
VNM,2019,8.083660803500296,1.943
VNM,2020,8.102637740475883,1.957
VNM,2021,8.119165560869616,1.942
VNM,2022,8.193583547414308,1.927
VNM,2023,8.235456156466793,1.913
VNM,2024,8.29717171116494,1.895
VUT,1979,8.114991315187392,5.733
VUT,1980,7.971042054082037,5.691
VUT,1981,7.991752660360538,5.651
VUT,1982,7.988070854554052,5.603
VUT,1983,7.993537463856799,5.547
VUT,1984,8.06019689683014,5.489
VUT,1985,8.044939116869262,5.433
VUT,1986,8.017954457871593,5.382
VUT,1987,7.962991212390545,5.328
VUT,1988,7.920234517122704,5.27
VUT,1989,7.909926448195565,5.211
VUT,1990,7.995435359730926,5.166
VUT,1991,8.001546627237193,5.13
VUT,1992,8.00224992376778,5.094
VUT,1993,7.9851055953162815,5.023
VUT,1994,8.048167600053421,4.937
VUT,1995,8.035017882656739,4.847
VUT,1996,8.035695424515728,4.752
VUT,1997,8.062094105376001,4.657
VUT,1998,8.052900049318206,4.603
VUT,1999,8.035537350427362,4.556
VUT,2000,8.070110760526964,4.537
VUT,2001,8.010364909254887,4.495
VUT,2002,7.932002150279608,4.382
VUT,2003,7.949366488211713,4.293
VUT,2004,7.964034127144033,4.214
VUT,2005,7.991480168625722,4.133
VUT,2006,8.048496037407523,4.1
VUT,2007,8.052360255433028,4.117
VUT,2008,8.081776861310878,4.159
VUT,2009,8.086306250832529,4.157
VUT,2010,8.075387476529343,4.126
VUT,2011,8.084604655484313,4.093
VUT,2012,8.072681717560487,4.059
VUT,2013,8.055057718176068,4.039
VUT,2014,8.06326249878482,3.999
VUT,2015,8.075402056097861,3.952
VUT,2016,8.088714449397672,3.915
VUT,2017,8.106758860938774,3.875
VUT,2018,8.10764665697344,3.834
VUT,2019,8.116584076179537,3.79
VUT,2020,8.034360608122164,3.738
VUT,2021,7.999474071471549,3.696
VUT,2022,8.030689583637084,3.647
VUT,2023,8.064102720654564,3.596
VUT,2024,8.07833231468774,3.569
WLD,1960,8.207017577610472,4.68612931000644
WLD,1961,8.23184772101659,4.56475452520979
WLD,1962,8.266020904153695,5.02406248838582
WLD,1963,8.2938289591731,5.31430474332714
WLD,1964,8.337139953355509,5.13081293541813
WLD,1965,8.37130313727061,5.08092208821592
WLD,1966,8.403184725605104,4.96822258800533
WLD,1967,8.419471062590521,4.86575844994683
WLD,1968,8.456740614330869,4.97818821826232
WLD,1969,8.493868843821136,4.87996252649191
WLD,1970,8.510020908299905,4.8399741901259
WLD,1971,8.529311818919352,4.68930441832652
WLD,1972,8.563235816558311,4.54775938123368
WLD,1973,8.606028335321,4.41710475775239
WLD,1974,8.606449651713989,4.25585471107228
WLD,1975,8.59598180473641,4.0734343569263
WLD,1976,8.628898938188007,3.96682641199874
WLD,1977,8.65001232824632,3.84190390023166
WLD,1978,8.673011957516135,3.77373324849292
WLD,1979,8.695856070143513,3.7563211257259
WLD,1980,8.69621759585206,3.73123413364959
WLD,1981,8.697206321899943,3.70548720144625
WLD,1982,8.683188245069978,3.72150624788316
WLD,1983,8.690671085019433,3.5946826835127
WLD,1984,8.719282647779508,3.56774537446158
WLD,1985,8.737615637472413,3.52950704839331
WLD,1986,8.75236127230491,3.51423669339745
WLD,1987,8.771262120442717,3.48244588881446
WLD,1988,8.797787307642306,3.39301027733872
WLD,1989,8.81599554324133,3.34598976176157
WLD,1990,8.825284422248114,3.30665517278708
WLD,1991,8.820760753872017,3.12588822539575
WLD,1992,8.824869856252537,3.03887259965289
WLD,1993,8.827405006474867,2.97140517992016
WLD,1994,8.845646372457194,2.91894492885595
WLD,1995,8.861884811196424,2.86582992701882
WLD,1996,8.882216770210576,2.81867265872771
WLD,1997,8.906768888626816,2.77875466860713
WLD,1998,8.91982550538195,2.74671041998435
WLD,1999,8.941012628960163,2.72124327137213
WLD,2000,8.97203469054717,2.72979589581575
WLD,2001,8.97871627104615,2.6884388736706
WLD,2002,8.988526840842852,2.66000837869749
WLD,2003,9.005900438024343,2.63796521615433
WLD,2004,9.037006059128075,2.62792442000023
WLD,2005,9.06408370944668,2.61063566555694
WLD,2006,9.095283741510581,2.60618428563813
WLD,2007,9.126031615629017,2.60188953647097
WLD,2008,9.134055969783823,2.6032902976037
WLD,2009,9.108110567371968,2.59293969063906
WLD,2010,9.140155853164616,2.56806295639158
WLD,2011,9.160574280345871,2.54795028857098
WLD,2012,9.175089028644951,2.56439076813143
WLD,2013,9.191262154313335,2.52495193294996
WLD,2014,9.210398697662546,2.51748806294983
WLD,2015,9.229355949558034,2.48997747856752
WLD,2016,9.24522911832552,2.49135943401982
WLD,2017,9.267812272449245,2.45979892941325
WLD,2018,9.289389466061985,2.39173713136161
WLD,2019,9.305369559433764,2.3531996413595
WLD,2020,9.266268759094162,2.27622975637706
WLD,2021,9.320772410007079,2.24553303531825
WLD,2022,9.345921431188644,2.21501840126655
WLD,2023,9.364847199925071,2.1956672724205
WLD,2024,9.38381054984888,2.18831256131236
WSM,1970,7.794205749541295,7.338
WSM,1971,7.9060898957892425,7.224
WSM,1972,7.9076588560307,7.07
WSM,1973,7.964447462994473,6.908
WSM,1974,7.831806942401335,6.747
WSM,1975,7.767171901003249,6.606
WSM,1976,7.832018152970579,6.473
WSM,1977,7.807572432365629,6.313
WSM,1978,7.858095077119114,6.146
WSM,1979,7.952340602434686,5.991
WSM,1980,7.87960715086088,5.861
WSM,1981,7.776758166418003,5.749
WSM,1982,7.762253535293077,5.677
WSM,1983,7.765174071148728,5.617
WSM,1984,7.777475727597798,5.553
WSM,1985,7.815604365000099,5.489
WSM,1986,7.8679187234320915,5.421
WSM,1987,7.8691529838406105,5.316
WSM,1988,7.850547662871137,5.207
WSM,1989,7.884446511024773,5.107
WSM,1990,7.8376025242575205,5.007
WSM,1991,7.812407112928044,4.912
WSM,1992,7.804735498619284,4.865
WSM,1993,7.836481145374523,4.826
WSM,1994,7.802700856113605,4.792
WSM,1995,7.859183491480736,4.767
WSM,1996,7.919957561381359,4.739
WSM,1997,7.918023160187207,4.695
WSM,1998,7.932115071856695,4.645
WSM,1999,7.946105508574465,4.572
WSM,2000,7.987990464750061,4.523
WSM,2001,8.051170121273351,4.477
WSM,2002,8.09905079935695,4.444
WSM,2003,8.144678770510922,4.392
WSM,2004,8.170677365090242,4.343
WSM,2005,8.231051912192596,4.322
WSM,2006,8.248247136989765,4.322
WSM,2007,8.247548800913659,4.358
WSM,2008,8.275344365407554,4.417
WSM,2009,8.262544245570336,4.466
WSM,2010,8.314135403728008,4.52
WSM,2011,8.343186562569823,4.56
WSM,2012,8.296025419081664,4.545
WSM,2013,8.28813037896121,4.491
WSM,2014,8.285825238414336,4.423
WSM,2015,8.314920529495012,4.344
WSM,2016,8.383258957525818,4.262
WSM,2017,8.387852585180294,4.196
WSM,2018,8.371243335526128,4.136
WSM,2019,8.404266514372841,4.061
WSM,2020,8.36242390277304,4.002
WSM,2021,8.30205186438565,3.94
WSM,2022,8.317560763733452,3.883
WSM,2023,8.452860100624116,3.829
WSM,2024,8.493012004990922,3.801
XKX,2008,7.841334920118275,2.359
XKX,2009,7.8938929011115055,2.317
XKX,2010,7.945425157799448,2.223
XKX,2011,8.004915885517619,2.038
XKX,2012,8.013459032642148,1.969
XKX,2013,8.059424934625916,1.953
XKX,2014,8.095300928443677,1.87
XKX,2015,8.166394336045292,1.763
XKX,2016,8.226619974771877,1.641
XKX,2017,8.266209742879878,1.618
XKX,2018,8.296326926214984,1.581
XKX,2019,8.347368808250767,1.575
XKX,2020,8.291783137491022,1.567
XKX,2021,8.396126396360549,1.561
XKX,2022,8.44814085800957,1.555
XKX,2023,8.53753425200944,1.545
XKX,2024,8.636163004980913,1.538
YEM,1990,7.451371986671034,8.606
YEM,1991,7.474097797930776,8.459
YEM,1992,7.514952945264429,8.272
YEM,1993,7.516587091923474,8.048
YEM,1994,7.544731550424575,7.795
YEM,1995,7.563939146553941,7.525
YEM,1996,7.575583393837278,7.004
YEM,1997,7.594696531801971,6.82
YEM,1998,7.621523907283118,6.639
YEM,1999,7.62744597412679,6.489
YEM,2000,7.656655306768278,6.317
YEM,2001,7.66377053358497,6.143
YEM,2002,7.672706059537186,5.971
YEM,2003,7.680111356705156,5.839
YEM,2004,7.689732594400935,5.712
YEM,2005,7.713175957277082,5.563
YEM,2006,7.711881363341983,5.412
YEM,2007,7.7123323607144005,5.261
YEM,2008,7.716035282731199,5.113
YEM,2009,7.721999562436548,5.004
YEM,2010,7.764805262838556,4.81
YEM,2011,7.598317437936981,4.63
YEM,2012,7.591588216577457,4.633
YEM,2013,7.608239927339016,4.623
YEM,2014,7.575668004524299,4.62
YEM,2015,7.216837093883101,4.617
YEM,2016,7.088374270326833,4.613
YEM,2017,7.006202667595322,4.61
YEM,2018,6.984095186201333,4.607
ZAF,1960,8.2924074916441,6.105
ZAF,1961,8.302073047437803,6.08
ZAF,1962,8.332273971137171,6.046
ZAF,1963,8.373108922780624,6.012
ZAF,1964,8.418970321051496,5.955
ZAF,1965,8.447649523499749,5.892
ZAF,1966,8.460093476576134,5.907
ZAF,1967,8.498388863229854,5.852
ZAF,1968,8.507910368692855,5.782
ZAF,1969,8.523105064532025,5.719
ZAF,1970,8.543944464522756,5.634
ZAF,1971,8.556556820910858,5.569
ZAF,1972,8.54429790219191,5.49
ZAF,1973,8.560410095006748,5.413
ZAF,1974,8.591526957764117,5.298
ZAF,1975,8.58064082426421,5.191
ZAF,1976,8.575836820975997,5.071
ZAF,1977,8.547855415490186,4.942
ZAF,1978,8.550254455423035,4.853
ZAF,1979,8.560391570959338,4.818
ZAF,1980,8.5940691694368,4.78
ZAF,1981,8.612247344603045,4.712
ZAF,1982,8.573834853836384,4.696
ZAF,1983,8.520262760210203,4.626
ZAF,1984,8.535370844972958,4.566
ZAF,1985,8.489833698736168,4.495
ZAF,1986,8.45804145697995,4.409
ZAF,1987,8.447656625612801,4.352
ZAF,1988,8.458339354705089,4.18
ZAF,1989,8.452610093690906,3.983
ZAF,1990,8.421613626397736,3.724
ZAF,1991,8.388532362772974,3.618
ZAF,1992,8.348967261689038,3.479
ZAF,1993,8.341314417973827,3.372
ZAF,1994,8.35661633894408,3.258
ZAF,1995,8.375006690453016,3.172
ZAF,1996,8.404137924401814,2.991
ZAF,1997,8.417825775437613,2.734
ZAF,1998,8.410689158263333,2.63
ZAF,1999,8.423508706993465,2.559
ZAF,2000,8.45550405864801,2.413
ZAF,2001,8.47355106791421,2.373
ZAF,2002,8.50041623820819,2.324
ZAF,2003,8.519514940370357,2.358
ZAF,2004,8.553979565939386,2.436
ZAF,2005,8.595278750744047,2.512
ZAF,2006,8.639585732321903,2.548
ZAF,2007,8.681252452011616,2.545
ZAF,2008,8.701133376089404,2.679
ZAF,2009,8.673693926700775,2.501
ZAF,2010,8.691809314984317,2.445
ZAF,2011,8.710640102523593,2.436
ZAF,2012,8.71957189190634,2.447
ZAF,2013,8.727596198966356,2.428
ZAF,2014,8.725020996315116,2.424
ZAF,2015,8.718054131030598,2.359
ZAF,2016,8.715272450986127,2.261
ZAF,2017,8.72024701690778,2.283
ZAF,2018,8.718871220537295,2.27
ZAF,2019,8.704971454270988,2.264
ZAF,2020,8.625075793912258,2.257
ZAF,2021,8.657113273425072,2.248
ZAF,2022,8.663345982388412,2.227
ZAF,2023,8.658093701816968,2.216
ZAF,2024,8.650932742445304,2.205
ZMB,1960,7.079777816782398,6.947
ZMB,1961,7.061973925953294,6.982
ZMB,1962,7.005286465065649,7.012
ZMB,1963,7.005887048925373,7.06
ZMB,1964,7.089570199338064,7.085
ZMB,1965,7.21189380530883,7.116
ZMB,1966,7.122615994959165,7.138
ZMB,1967,7.1667358617874575,7.154
ZMB,1968,7.146834395530208,7.18
ZMB,1969,7.110617653694406,7.18
ZMB,1970,7.128218304953807,7.224
ZMB,1971,7.099787638985027,7.26
ZMB,1972,7.159740614154757,7.3
ZMB,1973,7.121300217360506,7.339
ZMB,1974,7.154253629417574,7.364
ZMB,1975,7.10132765551865,7.421
ZMB,1976,7.131331939076158,7.388
ZMB,1977,7.054240779582746,7.353
ZMB,1978,7.0295052225344286,7.294
ZMB,1979,6.968815505499937,7.222
ZMB,1980,6.968790171673223,7.139
ZMB,1981,6.998018159438662,7.073
ZMB,1982,6.937359887528304,7.039
ZMB,1983,6.885263944517547,7.007
ZMB,1984,6.851111479264602,6.974
ZMB,1985,6.837127067765463,6.928
ZMB,1986,6.8144820198439575,6.868
ZMB,1987,6.811993044044765,6.798
ZMB,1988,6.845453911573664,6.703
ZMB,1989,6.808760437362382,6.635
ZMB,1990,6.778317446010347,6.567
ZMB,1991,6.753159844447227,6.458
ZMB,1992,6.711558023457982,6.349
ZMB,1993,6.753484206452256,6.298
ZMB,1994,6.639404364984178,6.26
ZMB,1995,6.643835567466232,6.232
ZMB,1996,6.679621873568297,6.182
ZMB,1997,6.691503427510306,6.124
ZMB,1998,6.661424192391787,6.067
ZMB,1999,6.680073929895959,5.998
ZMB,2000,6.690201866421358,5.921
ZMB,2001,6.711765863476688,5.848
ZMB,2002,6.725059065071774,5.774
ZMB,2003,6.761167814896272,5.71
ZMB,2004,6.797354592458928,5.698
ZMB,2005,6.834194048259819,5.697
ZMB,2006,6.875814113134732,5.679
ZMB,2007,6.920756075525709,5.613
ZMB,2008,6.95995497931982,5.53
ZMB,2009,7.012762995335981,5.453
ZMB,2010,7.076161400386329,5.359
ZMB,2011,7.097105614018111,5.256
ZMB,2012,7.137905733147997,5.136
ZMB,2013,7.155216833621354,5.014
ZMB,2014,7.169359575997534,4.89
ZMB,2015,7.166943649325317,4.775
ZMB,2016,7.1728658755107055,4.669
ZMB,2017,7.176841739088681,4.567
ZMB,2018,7.186333883156558,4.492
ZMB,2019,7.171027846019296,4.418
ZMB,2020,7.11374046478012,4.323
ZMB,2021,7.146069742320289,4.246
ZMB,2022,7.169233034893394,4.175
ZMB,2023,7.19358061539153,4.101
ZMB,2024,7.202951298745944,4.036
ZWE,1960,7.041016674976516,7.195
ZWE,1961,7.07099111217458,7.212
ZWE,1962,7.053788207716431,7.231
ZWE,1963,7.082830517764405,7.23
ZWE,1964,7.040166612195176,7.23
ZWE,1965,7.0565576323965615,7.231
ZWE,1966,7.040157130764762,7.196
ZWE,1967,7.089043342049325,7.157
ZWE,1968,7.07701626850091,7.114
ZWE,1969,7.162479261434239,7.036
ZWE,1970,7.335243636499078,6.982
ZWE,1971,7.390675073373113,6.939
ZWE,1972,7.439954183870603,6.942
ZWE,1973,7.434064188649091,6.942
ZWE,1974,7.465890000404023,6.879
ZWE,1975,7.414682984714112,6.832
ZWE,1976,7.388888639961449,6.771
ZWE,1977,7.292310882996812,6.713
ZWE,1978,7.250389354717822,6.658
ZWE,1979,7.267062229387708,6.59
ZWE,1980,7.344229939444856,6.517
ZWE,1981,7.399311182548734,6.445
ZWE,1982,7.386359755605243,6.333
ZWE,1983,7.364095859784554,6.197
ZWE,1984,7.3092871574264136,6.044
ZWE,1985,7.341837660417977,5.871
ZWE,1986,7.329129895609337,5.688
ZWE,1987,7.307496632281597,5.5
ZWE,1988,7.348665728272288,5.279
ZWE,1989,7.370384463989709,5.073
ZWE,1990,7.4106889713882635,4.876
ZWE,1991,7.438482063854657,4.715
ZWE,1992,7.315773051346362,4.567
ZWE,1993,7.311615081342888,4.391
ZWE,1994,7.398765147555263,4.284
ZWE,1995,7.391057091313021,4.153
ZWE,1996,7.473035773978819,4.11
ZWE,1997,7.480714165194553,4.075
ZWE,1998,7.489608460575894,4.067
ZWE,1999,7.465212532519762,4.056
ZWE,2000,7.424969830773163,4.009
ZWE,2001,7.432570586182049,3.983
ZWE,2002,7.329801725107704,3.925
ZWE,2003,7.131634146534934,3.862
ZWE,2004,7.060943613745685,3.776
ZWE,2005,6.992676667322633,3.693
ZWE,2006,6.945266605601306,3.635
ZWE,2007,6.8948730204494115,3.677
ZWE,2008,6.6884106833082075,3.783
ZWE,2009,6.798961691379442,3.95
ZWE,2010,6.962441215203574,4.04
ZWE,2011,7.077442533214191,4.126
ZWE,2012,7.215351958006324,4.134
ZWE,2013,7.22097228007501,4.111
ZWE,2014,7.230747091059944,4.011
ZWE,2015,7.234989494718449,3.911
ZWE,2016,7.228637014237937,3.828
ZWE,2017,7.260466018463444,3.768
ZWE,2018,7.294476505270205,3.744
ZWE,2019,7.213422797912225,3.748
ZWE,2020,7.115435351490065,3.754
ZWE,2021,7.179460407265959,3.765
ZWE,2022,7.221980164729089,3.767
ZWE,2023,7.257335406528494,3.724
ZWE,2024,7.256156548522964,3.674
