iso,year,log_gdppc,life_exp
ABW,1986,9.689715641924906,71.831
ABW,1987,9.851776717194758,72.448
ABW,1988,10.019869924175412,72.519
ABW,1989,10.115788391438693,72.531
ABW,1990,10.117132284971806,72.546
ABW,1991,10.1448781307408,72.592
ABW,1992,10.15593533003976,72.717
ABW,1993,10.160845204658065,72.777
ABW,1994,10.187988699287482,72.796
ABW,1995,10.185057977537886,72.832
ABW,1996,10.157338680104088,72.856
ABW,1997,10.186687719023217,72.904
ABW,1998,10.18180421854218,72.94
ABW,1999,10.180543767247153,72.857
ABW,2000,10.243699054962644,72.939
ABW,2001,10.27531792495204,73.044
ABW,2002,10.258902941749522,73.135
ABW,2003,10.258564490065902,73.236
ABW,2004,10.307610921546775,73.223
ABW,2005,10.277864619739226,73.415
ABW,2006,10.27110927669914,73.498
ABW,2007,10.294070416319773,73.642
ABW,2008,10.304632167664872,73.783
ABW,2009,10.173669629508701,73.974
ABW,2010,10.143654110695536,74.297
ABW,2011,10.169424435607478,74.578
ABW,2012,10.14426407186926,74.841
ABW,2013,10.191674789394664,75.072
ABW,2014,10.195179932080267,75.261
ABW,2015,10.220420861261761,75.405
ABW,2016,10.225108981345736,75.54
ABW,2017,10.25937335029299,75.62
ABW,2018,10.289403094518178,75.88
ABW,2019,10.298914562663938,76.019
ABW,2020,10.030922940419066,75.406
ABW,2021,10.177439790203405,73.655
ABW,2022,10.281889410894292,76.226
ABW,2023,10.372336654651042,76.353
ABW,2024,10.432318724433648,76.5
AFE,1960,7.078570596659313,44.169658253166
AFE,1961,7.056501669525926,44.4688383362574
AFE,1962,7.106009948425405,44.8778899276436
AFE,1963,7.13358796360798,45.160582805883
AFE,1964,7.1513440071336465,45.5356954673738
AFE,1965,7.173350229260043,45.7707229233552
AFE,1966,7.192393593366535,45.7657253575752
AFE,1967,7.2159571495761865,46.4407454164319
AFE,1968,7.227776209304793,46.7386317469603
AFE,1969,7.248826988044723,46.977475702472
AFE,1970,7.2310039016357885,47.2480056807395
AFE,1971,7.25550994979428,47.4640156591505
AFE,1972,7.2543464064577,47.1667922827106
AFE,1973,7.270315284465299,47.7466079240168
AFE,1974,7.293845848439974,47.7443277639797
AFE,1975,7.278280495894859,47.9685480547674
AFE,1976,7.272322729003298,48.568138198282
AFE,1977,7.255066362192999,48.8607248856663
AFE,1978,7.239867109757947,48.9839167133521
AFE,1979,7.237431046285555,49.4169883847351
AFE,1980,7.260532050462248,49.816713138052
AFE,1981,7.268133806698219,50.0204932967522
AFE,1982,7.239060390459484,50.2908293797205
AFE,1983,7.20836677891447,48.9040956565702
AFE,1984,7.211519383392338,48.9979586702536
AFE,1985,7.180546412813541,49.3929024640878
AFE,1986,7.173125894824218,50.0097614989116
AFE,1987,7.18178849986747,51.0689429320971
AFE,1988,7.194711310349158,50.8766070614947
AFE,1989,7.192765765452541,51.2658735140762
AFE,1990,7.165312023025982,51.0963264543047
AFE,1991,7.136743685778751,50.8732436063946
AFE,1992,7.085887187613857,50.7159460478921
AFE,1993,7.049766898282214,51.0737619133776
AFE,1994,7.042210962289488,50.9665887956464
AFE,1995,7.058866566603038,51.4820566813357
AFE,1996,7.085944799692773,51.3531898360738
AFE,1997,7.098147187206533,51.5708865171429
AFE,1998,7.089830623970044,51.3179554721368
AFE,1999,7.08960196572944,51.8070772449868
AFE,2000,7.094962103709805,52.5573418626777
AFE,2001,7.103509447175725,52.8755360536287
AFE,2002,7.11585228153977,53.2067443343026
AFE,2003,7.119310384694277,53.6783047685822
AFE,2004,7.147713232231565,54.1929278660434
AFE,2005,7.181034971430031,54.8076807136336
AFE,2006,7.218601987016151,55.6935152578453
AFE,2007,7.256560658669608,56.4843531784534
AFE,2008,7.272760441678649,57.2401063228798
AFE,2009,7.25453527144903,58.0955271436463
AFE,2010,7.279167600890849,58.8272792062821
AFE,2011,7.28953277913196,59.2000040300701
AFE,2012,7.281224388321311,60.2495123598467
AFE,2013,7.299040293924229,60.895739752772
AFE,2014,7.310415422606254,61.251436015671
AFE,2015,7.312364000988607,61.713030523495
AFE,2016,7.3086227446158825,62.1679813169199
AFE,2017,7.308638165214992,62.5912750961501
AFE,2018,7.307997908353046,63.3306913582336
AFE,2019,7.299952086136764,63.8572612837043
AFE,2020,7.243211235085429,63.7664840026943
AFE,2021,7.260280448688831,62.9799991857494
AFE,2022,7.270376484439112,64.4871517904367
AFE,2023,7.264412589671137,65.1462279163724
AFE,2024,7.2671823368564805,65.3499304660954
AFG,2000,5.731132592775109,55.005
AFG,2001,5.624443593897058,55.511
AFG,2002,5.823459932962957,56.225
AFG,2003,5.8466457683621,57.171
AFG,2004,5.824929546003668,57.81
AFG,2005,5.896164756200818,58.247
AFG,2006,5.907425960704261,58.553
AFG,2007,6.018003573244542,58.956
AFG,2008,6.034637254889591,59.708
AFG,2009,6.192016115571962,60.248
AFG,2010,6.296871778787796,60.702
AFG,2011,6.264211232548303,61.25
AFG,2012,6.343755683741355,61.735
AFG,2013,6.364068653933694,62.188
AFG,2014,6.354624348994881,62.26
AFG,2015,6.337833595485375,62.27
AFG,2016,6.334827872548525,62.646
AFG,2017,6.3328702621956765,62.406
AFG,2018,6.315584290000878,62.443
AFG,2019,6.32411078321368,62.941
AFG,2020,6.2687828908525365,61.454
AFG,2021,6.012799957957212,60.417
AFG,2022,5.934009219701311,65.617
AFG,2023,5.935069585324131,66.035
AFG,2024,5.92526249963338,66.289
AFW,1960,7.030360790401842,37.779636388716
AFW,1961,7.027845783481606,38.0589725788266
AFW,1962,7.043113335161933,38.6817923842751
AFW,1963,7.089428517224362,38.9369177714205
AFW,1964,7.1198737978742015,39.1943751173598
AFW,1965,7.138076420613975,39.4788754300249
AFW,1966,7.10057605979573,39.7170348722908
AFW,1967,6.98431510739262,39.5249102811788
AFW,1968,6.977279099055378,40.2526118952956
AFW,1969,7.093698595776151,40.5619154193279
AFW,1970,7.2292053807114085,41.273638939799
AFW,1971,7.304046936759218,41.7257812498565
AFW,1972,7.310721548854384,42.3519189065269
AFW,1973,7.323976897863727,42.86392209886
AFW,1974,7.3925328783973026,43.4330450123432
AFW,1975,7.345436013759706,43.9630140886884
AFW,1976,7.399476923896181,44.7487471898209
AFW,1977,7.4169047939750365,45.3583908034263
AFW,1978,7.369629221059377,45.8722102253347
AFW,1979,7.390403069586169,46.3242961188647
AFW,1980,7.3805955603499855,46.6917918336026
AFW,1981,7.283418599181141,47.0705605277907
AFW,1982,7.221236055716891,47.3685697715635
AFW,1983,7.129139260283163,47.6128106384332
AFW,1984,7.107797954384631,47.7895879595034
AFW,1985,7.132362558543755,47.9358017260926
AFW,1986,7.117538070247668,48.029331976787
AFW,1987,7.104173896465084,48.1305488636274
AFW,1988,7.123210471017319,48.3626766099579
AFW,1989,7.112590916203276,48.4876804392108
AFW,1990,7.140475268179521,48.4511588733605
AFW,1991,7.12516716920478,48.5234155652036
AFW,1992,7.120240945371054,48.6813732746275
AFW,1993,7.079935385815841,48.8480077142504
AFW,1994,7.051057830081502,48.8530544120911
AFW,1995,7.042063275458848,49.0214304749407
AFW,1996,7.059950577566367,49.1062850491581
AFW,1997,7.0756670500631165,49.2137234078319
AFW,1998,7.083625461750189,49.4472242370545
AFW,1999,7.071437713699227,49.8182860014824
AFW,2000,7.081380712871449,50.292605166594
AFW,2001,7.104543667317399,50.6726047685125
AFW,2002,7.171236495161529,51.1030145641167
AFW,2003,7.1978357930723496,51.5733887376781
AFW,2004,7.247190636268217,52.1016113772048
AFW,2005,7.275165097827111,52.5514240106227
AFW,2006,7.298419747088073,52.9746257663093
AFW,2007,7.323200508006038,53.4788420646953
AFW,2008,7.355136403643788,53.9130304683259
AFW,2009,7.38674356944731,53.8488138665276
AFW,2010,7.426466898900738,54.6006466175842
AFW,2011,7.446278794131101,54.961240165203
AFW,2012,7.46854110980681,55.2898561158278
AFW,2013,7.500007195556286,55.5516641369456
AFW,2014,7.528144023006615,55.691576869905
AFW,2015,7.530158866983318,56.0339962553159
AFW,2016,7.505305764609678,56.3875627997136
AFW,2017,7.501940714939774,56.6207642286762
AFW,2018,7.505300102272209,57.0307711269764
AFW,2019,7.513252894329062,57.1428268060515
AFW,2020,7.451502383990212,57.3577091392887
AFW,2021,7.453081580620127,57.3550150454372
AFW,2022,7.4736708679538735,57.9789954665232
AFW,2023,7.485674571113908,58.8474833840405
AFW,2024,7.506630485961907,59.041538008007
AGO,1980,8.066753603114273,42.242
AGO,1981,7.985331619910696,42.556
AGO,1982,7.948551269889938,42.857
AGO,1983,7.952532589533055,41.972
AGO,1984,7.9737411579414355,42.245
AGO,1985,7.971356102314829,42.495
AGO,1986,7.963759320487775,42.739
AGO,1987,7.969037896932584,40.786
AGO,1988,7.994488066593707,41.471
AGO,1989,7.960758478332761,41.698
AGO,1990,7.891724245565713,41.854
AGO,1991,7.867998475135612,43.812
AGO,1992,7.7751005863334,42.267
AGO,1993,7.468925964072644,42.19
AGO,1994,7.449813804632656,43.567
AGO,1995,7.5561758598837905,46.139
AGO,1996,7.649383268167217,46.418
AGO,1997,7.685646826231217,46.688
AGO,1998,7.698023238773372,45.452
AGO,1999,7.6866508295679195,45.808
AGO,2000,7.683616948912489,46.501
AGO,2001,7.691279364175825,47.032
AGO,2002,7.785296001922814,47.874
AGO,2003,7.784641407850435,50.218
AGO,2004,7.856832265136817,51.123
AGO,2005,7.952754615039615,52.13
AGO,2006,8.027821041497328,52.965
AGO,2007,8.112636667816602,54.2
AGO,2008,8.177289737932542,55.281
AGO,2009,8.159033501405847,56.225
AGO,2010,8.172105595730596,57.242
AGO,2011,8.168534104123705,58.093
AGO,2012,8.211307037072258,58.916
AGO,2013,8.22048307178325,59.705
AGO,2014,8.228661744958945,60.396
AGO,2015,8.200213831159326,61.042
AGO,2016,8.16211592674171,61.619
AGO,2017,8.125061560415029,62.122
AGO,2018,8.08544937424001,62.622
AGO,2019,8.040962119816442,63.051
AGO,2020,7.954106231451704,63.116
AGO,2021,7.933139802670658,62.958
AGO,2022,7.936666292868092,64.246
AGO,2023,7.918975016038248,64.617
AGO,2024,7.936872401436947,64.805
ALB,1980,7.5085071207122365,69.903
ALB,1981,7.5443437349027995,70.145
ALB,1982,7.5522706345644055,70.425
ALB,1983,7.542050565395047,70.705
ALB,1984,7.508416248329848,70.984
ALB,1985,7.5055060643660925,71.282
ALB,1986,7.541014660979032,71.665
ALB,1987,7.5131346360931595,71.981
ALB,1988,7.479965343824573,72.217
ALB,1989,7.546909880232338,72.457
ALB,1990,7.428262536556052,72.71
ALB,1991,7.105756820744654,73.001
ALB,1992,7.037236503226149,73.303
ALB,1993,7.134634949621695,73.638
ALB,1994,7.220535191399161,73.837
ALB,1995,7.351778307346563,74.022
ALB,1996,7.4287904012862755,74.113
ALB,1997,7.310483547549403,73.383
ALB,1998,7.396604424035054,74.357
ALB,1999,7.518502774665193,74.568
ALB,2000,7.596851444585374,74.826
ALB,2001,7.691162885553096,75.083
ALB,2002,7.739406452395294,75.299
ALB,2003,7.795107027260158,75.557
ALB,2004,7.850609121509021,75.951
ALB,2005,7.905762334472726,76.427
ALB,2006,7.970519407319937,76.994
ALB,2007,8.041052263627465,77.691
ALB,2008,8.115515387692694,78.248
ALB,2009,8.148806201724556,78.509
ALB,2010,8.183068952995455,78.414
ALB,2011,8.210095742267674,78.303
ALB,2012,8.2353202979289,78.084
ALB,2013,8.267679934508259,77.995
ALB,2014,8.305266334335276,78.029
ALB,2015,8.342730067120554,78.358
ALB,2016,8.396506123719536,78.643
ALB,2017,8.444241950183459,78.9
ALB,2018,8.495729230969024,79.238
ALB,2019,8.53157654989607,79.467
ALB,2020,8.513309056972297,77.824
ALB,2021,8.614638804836305,76.844
ALB,2022,8.677209655950756,78.769
ALB,2023,8.733019679172903,79.602
ALB,2024,8.787103356010247,79.776
AND,1970,10.669084279570148,74.452
AND,1971,10.643760429942192,74.615
AND,1972,10.653835739439216,74.864
AND,1973,10.662847671527663,75.096
AND,1974,10.654041146215505,75.34
AND,1975,10.598468310282243,75.567
AND,1976,10.57281807114453,75.869
AND,1977,10.54591548007018,76.154
AND,1978,10.50910600537672,76.488
AND,1979,10.462646067189509,76.819
AND,1980,10.442368245017498,77.137
AND,1981,10.403012514979125,77.391
AND,1982,10.373383182303314,77.617
AND,1983,10.345515878682159,77.787
AND,1984,10.32196240134538,77.916
AND,1985,10.308855531520749,78.006
AND,1986,10.298233176559549,78.107
AND,1987,10.311116915904377,78.189
AND,1988,10.324476350314447,78.364
AND,1989,10.347545366838714,78.557
AND,1990,10.346349496021354,78.961
AND,1991,10.296957876037906,79.346
AND,1992,10.245726788495295,79.794
AND,1993,10.185587837017646,80.186
AND,1994,10.188182855455079,80.587
AND,1995,10.226277543451697,80.804
AND,1996,10.270600394223257,81.009
AND,1997,10.34627059292633,81.145
AND,1998,10.367233017377767,81.28
AND,1999,10.402401829270836,81.55
AND,2000,10.437457782912025,81.863
AND,2001,10.5129841670294,82.162
AND,2002,10.547562242236257,82.448
AND,2003,10.587097401000207,82.718
AND,2004,10.597991840637471,82.815
AND,2005,10.60975268683884,83.086
AND,2006,10.629151605479175,83.374
AND,2007,10.616171613559564,83.632
AND,2008,10.539406126392391,83.855
AND,2009,10.48022405560148,84.1
AND,2010,10.498946500133034,84.197
AND,2011,10.535755822986848,84.296
AND,2012,10.497007153700574,84.334
AND,2013,10.482462436222539,84.406
AND,2014,10.526765345966576,84.485
AND,2015,10.562429723012254,84.532
AND,2016,10.598757992350489,84.489
AND,2017,10.580532339238744,84.359
AND,2018,10.577506573182125,84.242
AND,2019,10.58015658699795,84.098
AND,2020,10.4497763557476,79.418
AND,2021,10.516752947863903,82.331
AND,2022,10.591129522521134,84.016
AND,2023,10.602299496229332,84.041
AND,2024,10.62677570784863,84.188
ARB,1966,7.78317438066582,48.6254239825646
ARB,1967,7.820482276053954,49.0924336025973
ARB,1968,7.89413418471121,49.6577868587798
ARB,1969,7.937074710945104,50.1488565803658
ARB,1970,8.114844829340216,50.6928710622557
ARB,1971,8.158531791348626,51.318318885342
ARB,1972,8.260516083352224,51.8937104276574
ARB,1973,8.355948965215715,52.3019604795893
ARB,1974,8.42630407832879,52.9255502155293
ARB,1975,8.395247389403812,53.4203511944222
ARB,1976,8.497120805314196,53.8506489883016
ARB,1977,8.529590410209922,55.0819222407783
ARB,1978,8.525810897413217,55.757128481753
ARB,1979,8.591895620685893,56.4797481519221
ARB,1980,8.618172431869933,57.0063532889679
ARB,1981,8.594770158746819,57.5691664444265
ARB,1982,8.50216442819659,57.8702345782784
ARB,1983,8.4323880692293,58.6376067378553
ARB,1984,8.41342912458688,59.3295817498183
ARB,1985,8.374187292885209,59.9894611140008
ARB,1986,8.336034136362684,60.9186844945402
ARB,1987,8.308721933157987,61.6208093313693
ARB,1988,8.313284990294994,61.6715328559911
ARB,1989,8.323771968732768,62.298247176217
ARB,1990,8.36631503780018,62.7559727299802
ARB,1991,8.33624164575476,62.8275066232407
ARB,1992,8.374346856255041,63.5755762828725
ARB,1993,8.378588558048982,64.6012801061363
ARB,1994,8.384161610009414,64.8500832261274
ARB,1995,8.386561633200277,65.2025060952802
ARB,1996,8.4091731779614,65.5268890989846
ARB,1997,8.438338245706685,65.8529924943129
ARB,1998,8.46074206908052,66.1935792889826
ARB,1999,8.464212482412472,66.5499343902957
ARB,2000,8.50149363620282,66.8906998949344
ARB,2001,8.498461211391467,67.2406170439926
ARB,2002,8.487379091622536,67.5806302791343
ARB,2003,8.505029784243689,67.6503349498777
ARB,2004,8.568744390281264,67.7331029040443
ARB,2005,8.59929699193802,68.0405024136348
ARB,2006,8.636284427214823,68.4912652387812
ARB,2007,8.656378562856249,68.8792264386993
ARB,2008,8.685392389014373,69.2581327561764
ARB,2009,8.667458289267563,69.7069035410593
ARB,2010,8.693784313455573,69.8073221012027
ARB,2011,8.708474564861223,69.3633376859826
ARB,2012,8.738001758837328,69.842316602094
ARB,2013,8.737817549540756,70.1921058451273
ARB,2014,8.739914847660915,70.5350666310281
ARB,2015,8.74828555931228,70.6580123695192
ARB,2016,8.760210648498736,70.8964881164428
ARB,2017,8.753372813749053,71.1128560080647
ARB,2018,8.761949504437151,71.4312997859137
ARB,2019,8.760472993553092,71.8398932674972
ARB,2020,8.68513080694347,70.7265588103862
ARB,2021,8.713347300718803,70.4041144889903
ARB,2022,8.75800074667171,71.8760955992222
ARB,2023,8.751794939479039,72.4446783578531
ARB,2024,8.750089555624772,72.721805028968
ARE,1970,10.794277478375788,60.78
ARE,1971,10.949907906398412,61.753
ARE,1972,11.140715850099756,62.675
ARE,1973,11.5842698087328,63.542
ARE,1974,11.605673913481047,64.351
ARE,1975,11.56178408859962,65.105
ARE,1976,11.588548839553255,65.806
ARE,1977,11.64026660699118,66.471
ARE,1978,11.49366445712075,67.083
ARE,1979,11.564138876487641,67.645
ARE,1980,11.670555933667856,68.157
ARE,1981,11.636496350276312,68.622
ARE,1982,11.508223046243037,69.056
ARE,1983,11.402177594992768,69.448
ARE,1984,11.385915018407703,69.802
ARE,1985,11.295701665469064,70.123
ARE,1986,11.070767456212726,70.41
ARE,1987,11.03372820719364,70.623
ARE,1988,10.94110623360589,70.808
ARE,1989,10.995176669878806,70.96
ARE,1990,11.10468034239991,71.074
ARE,1991,11.057706507731929,71.144
ARE,1992,11.038139512750323,71.166
ARE,1993,11.001149236169658,71.159
ARE,1994,11.021195419751878,71.204
ARE,1995,11.04121316596539,71.392
ARE,1996,11.032813657567553,71.82
ARE,1997,11.030290899439864,72.559
ARE,1998,10.957030933408474,73.66
ARE,1999,10.914065587972646,74.982
ARE,2000,10.949742122216009,76.347
ARE,2001,10.899871702862434,77.621
ARE,2002,10.863160170818956,78.721
ARE,2003,10.889661863134863,79.6
ARE,2004,10.926144171931833,80.272
ARE,2005,10.921677288698922,80.779
ARE,2006,10.944293652516773,81.155
ARE,2007,10.859741470695086,81.438
ARE,2008,10.777344452891906,81.591
ARE,2009,10.661302807300565,81.679
ARE,2010,10.653224087262858,81.886
ARE,2011,10.684823981470682,81.898
ARE,2012,10.69100305965656,81.913
ARE,2013,10.699025063159477,81.95
ARE,2014,10.697783860486215,81.99
ARE,2015,10.712423467812927,82.076
ARE,2016,10.718155122745136,82.195
ARE,2017,10.67574670552552,82.388
ARE,2018,10.677703128452555,82.449
ARE,2019,10.679790746411875,82.596
ARE,2020,10.593591767710432,81.936
ARE,2021,10.619762501180276,79.083
ARE,2022,10.641334846598959,80.487
ARE,2023,10.64367520911643,82.909
ARE,2024,10.635985578904108,83.069
ARG,1960,8.908844615725227,64.242
ARG,1961,8.945149525730752,64.631
ARG,1962,8.92002439707366,64.618
ARG,1963,8.849047667653224,64.855
ARG,1964,8.929438582405837,64.816
ARG,1965,9.014270931376185,65.053
ARG,1966,8.992336698096016,65.398
ARG,1967,9.008502553597582,65.467
ARG,1968,9.040300117922431,65.234
ARG,1969,9.117341576098807,65.085
ARG,1970,9.131743225076619,65.647
ARG,1971,9.171039159742756,65.619
ARG,1972,9.171359197672666,65.953
ARG,1973,9.182921135882198,66.186
ARG,1974,9.220334950723299,66.405
ARG,1975,9.203969705754135,66.965
ARG,1976,9.167928418047428,67.03
ARG,1977,9.219135331403521,67.595
ARG,1978,9.15703875646156,67.999
ARG,1979,9.2384035328818,68.434
ARG,1980,9.237546768935978,68.576
ARG,1981,9.16823357268037,68.858
ARG,1982,9.144807719934564,68.973
ARG,1983,9.17136043575739,69.29
ARG,1984,9.171022169334927,69.353
ARG,1985,9.102010869753958,69.879
ARG,1986,9.146171773229526,70.281
ARG,1987,9.157409818683082,70.699
ARG,1988,9.130951619338513,71.097
ARG,1989,9.041378388435033,71.502
ARG,1990,9.001481046574039,71.615
ARG,1991,9.074500394927384,72.02
ARG,1992,9.137036821690298,72.096
ARG,1993,9.202376099770508,72.303
ARG,1994,9.24569716059452,72.732
ARG,1995,9.203729343343023,72.864
ARG,1996,9.244948540627123,73.056
ARG,1997,9.310790784763434,73.407
ARG,1998,9.336814614986345,73.412
ARG,1999,9.290843275402365,73.683
ARG,2000,9.271590714591147,73.91
ARG,2001,9.215521411810418,74.154
ARG,2002,9.089478325218936,74.312
ARG,2003,9.163828464434127,74.307
ARG,2004,9.240136673356535,74.871
ARG,2005,9.314677947324345,75.231
ARG,2006,9.381793005097167,75.279
ARG,2007,9.45812987103844,74.783
ARG,2008,9.487771863276931,75.428
ARG,2009,9.416165091577739,75.577
ARG,2010,9.502050972116228,75.68
ARG,2011,9.54970975869115,76.1
ARG,2012,9.529115900298596,75.802
ARG,2013,9.54295482571449,75.829
ARG,2014,9.507190185666095,76.268
ARG,2015,9.52366288803301,76.6
ARG,2016,9.492951061469718,76.105
ARG,2017,9.511933706412325,76.543
ARG,2018,9.477181411867754,76.77
ARG,2019,9.449860910237419,76.847
ARG,2020,9.340758851642148,75.878
ARG,2021,9.437418665623444,73.948
ARG,2022,9.493775178375971,75.806
ARG,2023,9.472173178879085,77.395
ARG,2024,9.455194584790855,77.543
ARM,1990,7.404901045733176,67.5493658536585
ARM,1991,7.2632090170524375,67.6270487804878
ARM,1992,6.733646218150828,67.7185365853659
ARM,1993,6.675278128894983,67.9731951219512
ARM,1994,6.753898110024813,68.2718048780488
ARM,1995,6.8377166782020735,68.628487804878
ARM,1996,6.903474404419655,69.0061219512195
ARM,1997,6.946090816156673,69.3938292682927
ARM,1998,7.028289095283086,69.7993414634146
ARM,1999,7.073653897855953,70.1989512195122
ARM,2000,7.114131118141311,72.8804878048781
ARM,2001,7.208689695141339,72.9756097560976
ARM,2002,7.3364188946968705,72.8268292682927
ARM,2003,7.472868413519926,72.8268292682927
ARM,2004,7.57825934040802,73.0268292682927
ARM,2005,7.714272542250184,73.0756097560976
ARM,2006,7.844411406664453,72.8243902439025
ARM,2007,7.97912431526816,72.8731707317073
ARM,2008,8.052402172085555,73.0731707317073
ARM,2009,7.9072741735352015,73.0731707317073
ARM,2010,7.935974228208692,73.1731707317073
ARM,2011,7.9874690677133895,73.8170731707317
ARM,2012,8.058250913748191,74.119512195122
ARM,2013,8.09141276658874,74.6219512195122
ARM,2014,8.129497033280357,74.8731707317073
ARM,2015,8.164052993685441,74.8707317073171
ARM,2016,8.170153121527093,74.8682926829268
ARM,2017,8.246794167624104,75.2170731707317
ARM,2018,8.30098402411806,75.619512195122
ARM,2019,8.376426175164447,76.2219512195122
ARM,2020,8.302040238703432,73.3756097560976
ARM,2021,8.35815047524684,72.2780487804878
ARM,2022,8.474495442334888,74.7658536585366
ARM,2023,8.555882049724369,77.4658536585366
ARM,2024,8.59013096483468,78.319512195122
ASM,2002,9.476898631851508,71.755
ASM,2003,9.48810352051655,71.698
ASM,2004,9.494882695271539,72.277
ASM,2005,9.494336593483936,72.382
ASM,2006,9.456790717711106,72.397
ASM,2007,9.479780400946739,72.365
ASM,2008,9.457939497679638,72.43
ASM,2009,9.42076802086995,70.839
ASM,2010,9.429179362065932,72.587
ASM,2011,9.435227163433144,72.662
ASM,2012,9.398334702909919,72.709
ASM,2013,9.381920589858035,72.769
ASM,2014,9.40944443402567,72.687
ASM,2015,9.451513235281285,72.654
ASM,2016,9.446619906609893,72.64
ASM,2017,9.386876653262345,72.801
ASM,2018,9.426467558668332,72.794
ASM,2019,9.435403362006983,72.751
ASM,2020,9.487538282677129,72.672
ASM,2021,9.490512702903652,72.708
ASM,2022,9.525814941764272,72.752
ATG,1977,8.709877091316013,72.149
ATG,1978,8.750026489985737,72.5
ATG,1979,8.82404433620026,72.823
ATG,1980,8.898792545227614,73.094
ATG,1981,8.933874169506783,73.32
ATG,1982,8.931184755588045,73.525
ATG,1983,8.981136597740653,73.684
ATG,1984,9.078748876665252,73.808
ATG,1985,9.15690188473463,73.873
ATG,1986,9.270588282138803,73.893
ATG,1987,9.339894080039526,73.873
ATG,1988,9.39577595293731,73.811
ATG,1989,9.451660950208717,73.628
ATG,1990,9.48543283563274,73.602
ATG,1991,9.501890810367946,73.472
ATG,1992,9.497492770149027,73.386
ATG,1993,9.530743214246712,73.39
ATG,1994,9.576403962175949,73.493
ATG,1995,9.51189049478218,73.576
ATG,1996,9.555196501964158,73.839
ATG,1997,9.587975663863485,74.045
ATG,1998,9.615257347291571,74.187
ATG,1999,9.634494637938133,74.456
ATG,2000,9.67790927943493,74.819
ATG,2001,9.616034714934925,75.108
ATG,2002,9.613674564721912,75.237
ATG,2003,9.661666578697853,75.313
ATG,2004,9.707071922516116,75.329
ATG,2005,9.758531918589824,75.364
ATG,2006,9.865767442807254,75.506
ATG,2007,9.941277866872218,75.72
ATG,2008,9.926460946976311,76.075
ATG,2009,9.783954910362805,76.386
ATG,2010,9.688770732908345,76.701
ATG,2011,9.657197495355556,77.023
ATG,2012,9.679680657506735,77.1
ATG,2013,9.664481047365431,77.05
ATG,2014,9.678297220288695,76.912
ATG,2015,9.685184397388992,76.892
ATG,2016,9.719318003225215,76.968
ATG,2017,9.740552815986323,77.03
ATG,2018,9.800466500618446,77.132
ATG,2019,9.826890425274014,77.168
ATG,2020,9.612526392395905,77.161
ATG,2021,9.685625121562634,77.197
ATG,2022,9.761881791535526,77.483
ATG,2023,9.794694412313689,77.598
ATG,2024,9.814906781575601,77.766
AUS,1960,9.901336166949019,70.8170731707317
AUS,1961,9.905944604506784,70.9731707317073
AUS,1962,9.894424146775684,70.9424390243903
AUS,1963,9.935535266180342,70.9117073170732
AUS,1964,9.983360740007972,70.8809756097561
AUS,1965,10.021820243177352,70.850243902439
AUS,1966,10.022519689099857,70.819512195122
AUS,1967,10.071056923269186,70.8692682926829
AUS,1968,10.103111088898498,70.9190243902439
AUS,1969,10.15028429088444,70.9687804878049
AUS,1970,10.19987242790683,71.0185365853659
AUS,1971,10.205299691896482,71.0682926829268
AUS,1972,10.22524410533632,71.4575609756098
AUS,1973,10.23580442561776,71.8468292682927
AUS,1974,10.250737517018326,72.2360975609756
AUS,1975,10.251723849516518,72.6253658536586
AUS,1976,10.267246313159845,73.0146341463415
AUS,1977,10.291273135016716,73.3443902439024
AUS,1978,10.28855807071651,73.6741463414634
AUS,1979,10.317467920555847,74.0039024390244
AUS,1980,10.335172531543154,74.3336585365854
AUS,1981,10.352432346246104,74.6634146341463
AUS,1982,10.367839405977524,74.9048780487805
AUS,1983,10.331644703300814,75.1463414634146
AUS,1984,10.364272991445857,75.3878048780488
AUS,1985,10.402421434365568,75.6292682926829
AUS,1986,10.426886345171196,75.8707317073171
AUS,1987,10.436921249821852,76.1517073170732
AUS,1988,10.476574907201213,76.4326829268293
AUS,1989,10.497702855820949,76.7136585365854
AUS,1990,10.518008643857744,76.9946341463415
AUS,1991,10.501408696345056,77.2756097560976
AUS,1992,10.494534027655119,77.3780487804878
AUS,1993,10.52529995451728,77.8780487804878
AUS,1994,10.554686302240528,77.8780487804878
AUS,1995,10.581713075659758,77.8292682926829
AUS,1996,10.60750281561913,78.0780487804878
AUS,1997,10.635113954295282,78.4804878048781
AUS,1998,10.670854060181092,78.6317073170732
AUS,1999,10.708973195529277,78.9317073170732
AUS,2000,10.735941714718473,79.2341463414634
AUS,2001,10.743213033182606,79.6341463414634
AUS,2002,10.770575601674322,79.9365853658537
AUS,2003,10.789518298688597,80.2390243902439
AUS,2004,10.820150024274179,80.490243902439
AUS,2005,10.839044307362924,80.8414634146341
AUS,2006,10.852882106763559,81.0414634146342
AUS,2007,10.871826484872285,81.2926829268293
AUS,2008,10.887386003649693,81.3951219512195
AUS,2009,10.886137537225098,81.5439024390244
AUS,2010,10.89244027811907,81.6951219512195
AUS,2011,10.902210113689053,81.8951219512195
AUS,2012,10.923515516426473,82.0463414634146
AUS,2013,10.932502339233968,82.1487804878049
AUS,2014,10.94326601733858,82.3
AUS,2015,10.950286434437997,82.4
AUS,2016,10.96185059222698,82.4487804878049
AUS,2017,10.96805640614174,82.5
AUS,2018,10.981432847810053,82.7487804878049
AUS,2019,10.988360889052197,82.9
AUS,2020,10.974690395163083,83.2
AUS,2021,10.99315219129977,83.3
AUS,2022,11.021909966780772,83.2
AUS,2023,11.03277585891089,83.0512195121951
AUS,2024,11.02657098984954,83.0512195121951
AUT,1960,9.383851930624045,68.5856097560976
AUT,1961,9.432267899966334,69.5773170731707
AUT,1962,9.452280987088486,69.309512195122
AUT,1963,9.486406688908996,69.4436585365854
AUT,1964,9.539182573165302,69.9219512195122
AUT,1965,9.56689513247033,69.7221951219512
AUT,1966,9.61477515899048,70.0458536585366
AUT,1967,9.636937836150086,69.9178048780488
AUT,1968,9.67549719070211,70.0575609756098
AUT,1969,9.732911920906634,69.8331707317073
AUT,1970,9.798226091705589,69.9146341463415
AUT,1971,9.843648138578594,70.1146341463415
AUT,1972,9.898064171828826,70.4634146341463
AUT,1973,9.940269910401835,71.0146341463415
AUT,1974,9.977232047553116,71.0121951219512
AUT,1975,9.976241252572754,71.1146341463415
AUT,1976,10.022775248268047,71.5658536585366
AUT,1977,10.071942943310662,71.9146341463415
AUT,1978,10.07064379533731,72.0121951219512
AUT,1979,10.124529981012758,72.3121951219512
AUT,1980,10.14169558238011,72.4634146341463
AUT,1981,10.137701410704576,72.8121951219512
AUT,1982,10.156897200504416,72.9609756097561
AUT,1983,10.187810695293608,73.0121951219512
AUT,1984,10.188386264495568,73.6121951219512
AUT,1985,10.21259647805362,73.8146341463415
AUT,1986,10.234714089762598,74.3170731707317
AUT,1987,10.247561657289786,74.7682926829268
AUT,1988,10.278573252518497,75.2170731707317
AUT,1989,10.31220241738835,75.2658536585366
AUT,1990,10.347121083086092,75.5682926829269
AUT,1991,10.370974184049917,75.6170731707317
AUT,1992,10.38068777451896,75.8170731707317
AUT,1993,10.377695764920482,76.0682926829268
AUT,1994,10.39758428367529,76.419512195122
AUT,1995,10.42238335938929,76.6682926829268
AUT,1996,10.442948918143925,76.8707317073171
AUT,1997,10.463047113673522,77.319512195122
AUT,1998,10.49628246235925,77.6707317073171
AUT,1999,10.531265730857301,77.8756097560976
AUT,2000,10.560258204241288,78.1268292682927
AUT,2001,10.569514116426912,78.5756097560976
AUT,2002,10.579328910212183,78.6780487804878
AUT,2003,10.585808554858044,78.6317073170732
AUT,2004,10.604933471077446,79.1804878048781
AUT,2005,10.621059338504935,79.3317073170732
AUT,2006,10.648281662827076,79.8804878048781
AUT,2007,10.682097270561812,80.1804878048781
AUT,2008,10.69339531968793,80.4317073170732
AUT,2009,10.654254275368153,80.3317073170732
AUT,2010,10.669778482664274,80.5804878048781
AUT,2011,10.695262034267998,80.9829268292683
AUT,2012,10.696965469540093,80.9365853658537
AUT,2013,10.688561184309245,81.1365853658537
AUT,2014,10.688275337993321,81.490243902439
AUT,2015,10.690016418660566,81.190243902439
AUT,2016,10.700153635335925,81.6414634146342
AUT,2017,10.715675612695888,81.6439024390244
AUT,2018,10.735343554098822,81.6926829268293
AUT,2019,10.748294360955562,81.8951219512195
AUT,2020,10.678875753026356,81.1926829268293
AUT,2021,10.72257647213907,81.190243902439
AUT,2022,10.764950837219436,81.2951219512195
AUT,2023,10.747162675814796,81.7926829268293
AUT,2024,10.735501166081626,81.9951219512195
AZE,1990,7.960815866509222,62.75
AZE,1991,7.940486793008571,62.544
AZE,1992,7.669187098197439,60.773
AZE,1993,7.391364736455874,61.426
AZE,1994,7.1584794058630115,60.277
AZE,1995,7.021359531605765,61.931
AZE,1996,7.024157751829006,62.66
AZE,1997,7.070891348926538,62.953
AZE,1998,7.1567101437329095,63.75
AZE,1999,7.219324164921436,64.733
AZE,2000,7.316369468232327,65.377
AZE,2001,7.40302248303462,66.043
AZE,2002,7.485757112532376,66.769
AZE,2003,7.5753826230351535,67.036
AZE,2004,7.655131796672319,67.488
AZE,2005,7.891468689996056,67.71
AZE,2006,8.176625576171084,68.489
AZE,2007,8.392129449389108,68.659
AZE,2008,8.471803390201368,69.355
AZE,2009,8.540603803071903,69.874
AZE,2010,8.575482945981532,70.309
AZE,2011,8.546597935020886,70.565
AZE,2012,8.555100544642803,71.08
AZE,2013,8.598956681903728,71.485
AZE,2014,8.61406626855578,71.93
AZE,2015,8.61259493907989,72.349
AZE,2016,8.570301290618433,72.568
AZE,2017,8.562023640524542,72.694
AZE,2018,8.568253041203139,73.016
AZE,2019,8.584282179728273,73.29
AZE,2020,8.53454187453439,70.312
AZE,2021,8.584773754732,70.999
AZE,2022,8.630447811428732,74.125
AZE,2023,8.642699254361219,74.429
AZE,2024,8.678637145742835,74.576
BDI,1960,5.531389198029666,43.262
BDI,1961,5.358202210840374,43.364
BDI,1962,5.419597123090926,43.492
BDI,1963,5.43905652617611,43.559
BDI,1964,5.471414031869679,43.601
BDI,1965,5.4826538374324825,41.844
BDI,1966,5.503661847513075,43.529
BDI,1967,5.607739337635504,43.332
BDI,1968,5.580897392879039,43.405
BDI,1969,5.5444808389574955,43.0
BDI,1970,5.716072615164111,43.225
BDI,1971,5.718865810773357,43.172
BDI,1972,5.652728156532426,25.777
BDI,1973,5.720770554805434,37.409
BDI,1974,5.6884321400380085,43.337
BDI,1975,5.670580629915221,43.445
BDI,1976,5.7246079744392855,43.691
BDI,1977,5.80751869237581,43.97
BDI,1978,5.769180424192565,44.404
BDI,1979,5.760837650306256,45.038
BDI,1980,5.728729583185149,45.731
BDI,1981,5.802768895604662,46.412
BDI,1982,5.767222540674922,47.012
BDI,1983,5.776906326470888,47.433
BDI,1984,5.754229873931777,47.687
BDI,1985,5.844019244093343,47.662
BDI,1986,5.857235855044266,47.402
BDI,1987,5.887990927356722,47.066
BDI,1988,5.9149256571468705,42.889
BDI,1989,5.908697306737245,45.745
BDI,1990,5.9222356880138385,45.184
BDI,1991,5.950304887744721,44.66
BDI,1992,5.933619096512576,44.469
BDI,1993,5.900669691613511,37.221
BDI,1994,5.85511848053911,44.515
BDI,1995,5.712748309582295,44.589
BDI,1996,5.628676239823989,44.807
BDI,1997,5.6127249168439866,45.721
BDI,1998,5.6400290415813865,46.678
BDI,1999,5.60591553334724,47.627
BDI,2000,5.576533807855859,47.617
BDI,2001,5.571826548045039,48.509
BDI,2002,5.58712933161196,49.924
BDI,2003,5.54322563228284,50.997
BDI,2004,5.553153399918638,52.217
BDI,2005,5.524970486020733,53.053
BDI,2006,5.5416775075109515,53.962
BDI,2007,5.5385607803557715,54.832
BDI,2008,5.54522612124208,55.581
BDI,2009,5.531736027160813,56.422
BDI,2010,5.53460842042922,57.088
BDI,2011,5.538287004548373,57.804
BDI,2012,5.545881860116984,58.501
BDI,2013,5.558028565529743,59.179
BDI,2014,5.565656626531303,59.764
BDI,2015,5.538917993469318,60.107
BDI,2016,5.55319975299393,60.789
BDI,2017,5.567297540952551,61.345
BDI,2018,5.589152059911642,61.806
BDI,2019,5.59994304493375,62.18
BDI,2020,5.573916266980457,62.569
BDI,2021,5.578531567449509,62.101
BDI,2022,5.574385571046794,62.882
BDI,2023,5.57913836033176,63.651
BDI,2024,5.593598706498048,63.818
BEL,1960,9.368695921259238,69.7019512195122
BEL,1961,9.413958508682203,70.5209756097561
BEL,1962,9.460785167118344,70.219512195122
BEL,1963,9.49590472867862,70.0514634146342
BEL,1964,9.55369370679767,70.7551219512195
BEL,1965,9.579599680577077,70.6253658536586
BEL,1966,9.603916245507126,70.7063414634146
BEL,1967,9.636301883596639,71.0129268292683
BEL,1968,9.673453574842828,70.6931707317073
BEL,1969,9.734814715405559,70.7648780487805
BEL,1970,9.795419061159874,70.9719512195122
BEL,1971,9.832681017356812,71.0604878048781
BEL,1972,9.880366649544122,71.4051219512195
BEL,1973,9.93908346245266,71.6353658536586
BEL,1974,9.980578299649837,71.9858536585366
BEL,1975,9.957833282154246,71.9712195121951
BEL,1976,10.01103408749877,72.119756097561
BEL,1977,10.016041314737675,72.7739024390244
BEL,1978,10.043130955729234,72.6980487804878
BEL,1979,10.065373032653163,73.1936585365854
BEL,1980,10.107752293598734,73.2070731707317
BEL,1981,10.104981922045589,73.6217073170732
BEL,1982,10.11118592799199,73.8880487804878
BEL,1983,10.11437895057542,73.8690243902439
BEL,1984,10.138758550364495,74.4048780487805
BEL,1985,10.154843678737068,74.520243902439
BEL,1986,10.172550678974464,74.7317073170732
BEL,1987,10.19450274201968,75.3658536585366
BEL,1988,10.23747405573907,75.5658536585366
BEL,1989,10.267945054599197,75.6326829268293
BEL,1990,10.295854612897179,76.0519512195122
BEL,1991,10.310303442607738,76.1921951219512
BEL,1992,10.32143689180028,76.3512195121951
BEL,1993,10.30786521706379,76.3453658536585
BEL,1994,10.336543230540988,76.6917073170732
BEL,1995,10.358016522704943,76.8407317073171
BEL,1996,10.369190364851118,77.1873170731707
BEL,1997,10.404005262175595,77.3707317073171
BEL,1998,10.421298350825532,77.4731707317073
BEL,1999,10.453820535547127,77.619512195122
BEL,2000,10.487888362969542,77.7219512195122
BEL,2001,10.49538487079286,77.9731707317073
BEL,2002,10.507827087208238,78.0756097560976
BEL,2003,10.513966726265327,78.1292682926829
BEL,2004,10.544728021573649,78.8780487804878
BEL,2005,10.562179420864767,78.9804878048781
BEL,2006,10.580786963637339,79.380487804878
BEL,2007,10.609553039325432,79.7829268292683
BEL,2008,10.60611236562133,79.6804878048781
BEL,2009,10.578817890268201,80.0341463414634
BEL,2010,10.59642382637253,80.1829268292683
BEL,2011,10.602541246025885,80.5853658536585
BEL,2012,10.598495321138124,80.3853658536585
BEL,2013,10.596832208325084,80.5878048780488
BEL,2014,10.609894273134854,81.2878048780488
BEL,2015,10.618733852262814,80.9926829268293
BEL,2016,10.625535218770558,81.4390243902439
BEL,2017,10.636319968850893,81.4926829268293
BEL,2018,10.650373645440041,81.5951219512195
BEL,2019,10.6691043191879,81.9951219512195
BEL,2020,10.615677802572218,80.6951219512195
BEL,2021,10.672228350505144,81.790243902439
BEL,2022,10.703604002633188,81.7487804878049
BEL,2023,10.710593297044216,82.4
BEL,2024,10.714855427753799,82.3
BEN,1960,6.486028169729617,38.775
BEN,1961,6.500435327264451,39.233
BEN,1962,6.44797238379471,39.643
BEN,1963,6.4758334423627,40.081
BEN,1964,6.521145948389567,40.502
BEN,1965,6.552981590881484,40.971
BEN,1966,6.567878692868435,41.274
BEN,1967,6.557968814623632,41.759
BEN,1968,6.5745738401459235,42.182
BEN,1969,6.581377417811651,42.591
BEN,1970,6.580091273806776,43.029
BEN,1971,6.5425210152834765,43.391
BEN,1972,6.581853816429262,43.928
BEN,1973,6.594841712385166,44.435
BEN,1974,6.60387380350919,44.876
BEN,1975,6.529363787980624,45.405
BEN,1976,6.513290741913822,45.952
BEN,1977,6.536486919037437,46.504
BEN,1978,6.523049837110841,46.941
BEN,1979,6.559763147675564,47.362
BEN,1980,6.5978148331404505,47.747
BEN,1981,6.664313599557206,48.122
BEN,1982,6.657547222060221,48.493
BEN,1983,6.584077768574932,48.845
BEN,1984,6.631159744031529,49.399
BEN,1985,6.6742168436136495,49.959
BEN,1986,6.665865956093829,50.632
BEN,1987,6.620611515752077,51.258
BEN,1988,6.623672102708474,52.019
BEN,1989,6.564121933511244,52.45
BEN,1990,6.619352502329364,53.02
BEN,1991,6.629895667964852,53.441
BEN,1992,6.628148365384358,54.137
BEN,1993,6.640502976266687,54.612
BEN,1994,6.623105283456712,54.988
BEN,1995,6.660658102173822,55.366
BEN,1996,6.6768253078984525,55.648
BEN,1997,6.703067118729513,55.986
BEN,1998,6.711083210098561,56.154
BEN,1999,6.732183038594309,56.336
BEN,2000,6.75834219966419,56.594
BEN,2001,6.779756511719725,56.654
BEN,2002,6.794740097604671,56.851
BEN,2003,6.798104197777691,57.092
BEN,2004,6.810830671020009,57.346
BEN,2005,6.795611104808658,57.738
BEN,2006,6.803084009947442,57.966
BEN,2007,6.831673174322548,58.249
BEN,2008,6.849281933084277,58.099
BEN,2009,6.842219622012821,58.258
BEN,2010,6.833297489850207,58.387
BEN,2011,6.832726096468562,58.462
BEN,2012,6.850040115336245,58.559
BEN,2013,6.889997749463516,58.863
BEN,2014,6.92208512082466,59.008
BEN,2015,6.91017122702415,59.123
BEN,2016,6.913776382035356,59.283
BEN,2017,6.940130220858916,59.528
BEN,2018,6.9768190347547705,59.71
BEN,2019,7.0158677452858536,59.888
BEN,2020,7.027007493729783,60.154
BEN,2021,7.070194890251125,59.61
BEN,2022,7.105373156024975,60.475
BEN,2023,7.141737149633336,60.774
BEN,2024,7.189004046513602,60.961
BFA,1960,5.497853473544543,36.074
BFA,1961,5.523036040755278,36.361
BFA,1962,5.567889884800903,36.753
BFA,1963,5.54020880486455,37.093
BFA,1964,5.547397289539851,37.399
BFA,1965,5.568349530343059,37.758
BFA,1966,5.557330967028409,38.091
BFA,1967,5.6251475143157705,38.432
BFA,1968,5.6382134316557115,38.76
BFA,1969,5.640976277367625,39.023
BFA,1970,5.624681927337481,39.54
BFA,1971,5.621452763463567,39.853
BFA,1972,5.627068788931791,40.399
BFA,1973,5.613684544328119,40.947
BFA,1974,5.674364462063495,41.711
BFA,1975,5.683752390673151,42.486
BFA,1976,5.744239567602185,43.327
BFA,1977,5.724629722770507,44.167
BFA,1978,5.744752869176555,44.995
BFA,1979,5.754846142533933,45.702
BFA,1980,5.735943982859919,46.465
BFA,1981,5.750305252978056,46.866
BFA,1982,5.814012509980971,47.633
BFA,1983,5.789134978878725,48.061
BFA,1984,5.742324541508325,48.464
BFA,1985,5.795191614776289,48.748
BFA,1986,5.843526771387679,48.987
BFA,1987,5.813799124555182,49.097
BFA,1988,5.84326746332439,49.215
BFA,1989,5.8379922795342765,49.27
BFA,1990,5.805596539066159,49.315
BFA,1991,5.8670534967406685,49.33
BFA,1992,5.844708425754764,49.378
BFA,1993,5.853871233276178,49.412
BFA,1994,5.841720099103872,49.469
BFA,1995,5.871670333051751,49.554
BFA,1996,5.950573756031576,49.693
BFA,1997,5.986047288365867,49.56
BFA,1998,6.028937371743357,50.163
BFA,1999,6.07097956387847,50.463
BFA,2000,6.059846757500523,50.808
BFA,2001,6.093375897686621,51.188
BFA,2002,6.105080816766433,51.447
BFA,2003,6.149030205944249,51.959
BFA,2004,6.161389609580599,52.6
BFA,2005,6.2129923890088605,53.271
BFA,2006,6.242443341931234,53.784
BFA,2007,6.252406670397183,54.377
BFA,2008,6.279405273490241,55.199
BFA,2009,6.279402995752449,55.791
BFA,2010,6.3312299647200545,56.343
BFA,2011,6.365789217013496,57.001
BFA,2012,6.398147819116164,57.457
BFA,2013,6.42444969963834,57.903
BFA,2014,6.437074436779726,58.331
BFA,2015,6.445917816849948,58.778
BFA,2016,6.474539375075245,59.173
BFA,2017,6.506196994781748,59.578
BFA,2018,6.543181813870662,59.972
BFA,2019,6.575105958830349,60.184
BFA,2020,6.570661898582423,60.454
BFA,2021,6.614018330623652,60.046
BFA,2022,6.607064046397968,60.7
BFA,2023,6.613928143738638,61.092
BFA,2024,6.638675931995337,61.292
BGD,1960,6.062385860079522,43.98
BGD,1961,6.09301612420805,44.887
BGD,1962,6.1170721814718325,45.765
BGD,1963,6.083354133401197,45.722
BGD,1964,6.158093571527497,46.752
BGD,1965,6.144823662796812,46.046
BGD,1966,6.141092001881671,47.644
BGD,1967,6.092737629577405,48.066
BGD,1968,6.1539588843729165,48.4
BGD,1969,6.13766927859153,48.686
BGD,1970,6.166458820660009,42.667
BGD,1971,6.092624100715451,26.522
BGD,1972,5.922872996822038,49.647
BGD,1973,5.926958284455994,49.914
BGD,1974,5.990240068065675,49.589
BGD,1975,5.922276228925245,50.627
BGD,1976,5.951968631364598,50.951
BGD,1977,5.953465440322075,51.265
BGD,1978,5.997410822746529,51.596
BGD,1979,6.0202202758078,51.959
BGD,1980,6.004446836972859,52.278
BGD,1981,6.048641167552612,52.638
BGD,1982,6.042328760219085,53.012
BGD,1983,6.053609356779162,53.441
BGD,1984,6.074845564736765,53.826
BGD,1985,6.083091768659131,53.937
BGD,1986,6.100498875438637,54.592
BGD,1987,6.115140754806188,54.899
BGD,1988,6.1177430315509165,55.174
BGD,1989,6.12523976733037,55.514
BGD,1990,6.160035371561115,55.822
BGD,1991,6.175187952053689,53.781
BGD,1992,6.209336575800333,56.592
BGD,1993,6.236748206232513,57.073
BGD,1994,6.256370088882787,57.64
BGD,1995,6.287732058934044,58.244
BGD,1996,6.313687723367389,58.94
BGD,1997,6.339073010930571,59.671
BGD,1998,6.37066811175281,60.429
BGD,1999,6.397316785543117,61.244
BGD,2000,6.430623058110431,62.049
BGD,2001,6.463480093085436,62.836
BGD,2002,6.4856608764511465,63.591
BGD,2003,6.517414596024433,64.288
BGD,2004,6.5548679488008865,64.912
BGD,2005,6.6055735505548245,65.509
BGD,2006,6.658549502218567,66.048
BGD,2007,6.715999232982851,66.458
BGD,2008,6.764413819035702,67.047
BGD,2009,6.804314725962496,67.527
BGD,2010,6.849770412875309,68.009
BGD,2011,6.903325428823803,68.499
BGD,2012,6.956918139444686,68.989
BGD,2013,7.005931311098014,69.487
BGD,2014,7.055664407728581,70.016
BGD,2015,7.110195162156987,70.543
BGD,2016,7.169989468534807,71.075
BGD,2017,7.225302153504579,71.606
BGD,2018,7.2877319680106325,72.122
BGD,2019,7.355134920224906,72.625
BGD,2020,7.380670866530346,71.421
BGD,2021,7.4396064784919735,71.103
BGD,2022,7.49795533274916,74.265
BGD,2023,7.541883258170298,74.672
BGD,2024,7.571102181101636,74.93
BGR,1980,8.139510312701198,71.1575609756098
BGR,1981,8.184016514503863,71.5719512195122
BGR,1982,8.204135690232274,71.1860975609756
BGR,1983,8.23536806630746,71.3863414634146
BGR,1984,8.266428720165118,71.499756097561
BGR,1985,8.292924108834612,71.2280487804878
BGR,1986,8.334404209322626,71.7307317073171
BGR,1987,8.391716179062497,71.5268292682927
BGR,1988,8.49445407325571,71.6043902439024
BGR,1989,8.472702299961385,71.7224390243903
BGR,1990,8.395138444372126,71.6414634146342
BGR,1991,8.316808518355806,71.5609756097561
BGR,1992,8.252043162981769,71.4943902439024
BGR,1993,8.245107029858287,71.3468292682927
BGR,1994,8.26651972726252,71.2087804878049
BGR,1995,8.299583670751101,71.0534146341463
BGR,1996,8.355486166211879,70.8973170731707
BGR,1997,8.209408754398677,70.3512195121951
BGR,1998,8.253272690653692,71.0609756097561
BGR,1999,8.171182967940531,71.4121951219512
BGR,2000,8.220973163449644,71.6634146341463
BGR,2001,8.278403589312173,71.7682926829268
BGR,2002,8.357170559941478,71.8658536585366
BGR,2003,8.416137912020812,72.0658536585366
BGR,2004,8.486758555144245,72.5634146341463
BGR,2005,8.562473467140995,72.5609756097561
BGR,2006,8.635880542048357,72.6121951219512
BGR,2007,8.70765673993136,72.6634146341463
BGR,2008,8.77416638254398,72.9634146341463
BGR,2009,8.74656477478822,73.4121951219512
BGR,2010,8.768581438001785,73.5121951219512
BGR,2011,8.795680042204475,74.1634146341463
BGR,2012,8.808932496747483,74.3146341463415
BGR,2013,8.82366009926138,74.8609756097561
BGR,2014,8.845254901111836,74.4658536585366
BGR,2015,8.891377567758276,74.6146341463415
BGR,2016,8.934177266972299,74.8121951219512
BGR,2017,8.974505445521666,74.8146341463415
BGR,2018,9.011254227063816,74.9634146341464
BGR,2019,9.062602837004778,75.1121951219512
BGR,2020,9.040798506308539,73.3560975609756
BGR,2021,9.122813816951695,71.2121951219512
BGR,2022,9.169347350927119,74.1609756097561
BGR,2023,9.188888426097868,75.7560975609756
BGR,2024,9.223001407391736,75.7609756097561
BHR,1970,9.765576564625487,64.359
BHR,1971,9.75551016994856,65.279
BHR,1972,9.812375768407946,66.095
BHR,1973,9.889624485403967,66.922
BHR,1974,9.918613450255469,67.633
BHR,1975,9.7746636588805,68.276
BHR,1976,9.990356591512219,68.858
BHR,1977,10.06372651721558,69.383
BHR,1978,10.054105705190068,69.85
BHR,1979,10.042302081120566,70.296
BHR,1980,10.02357841611149,70.684
BHR,1981,9.929224742102688,71.037
BHR,1982,9.81525675194244,71.354
BHR,1983,9.842220373149845,71.637
BHR,1984,9.855626212139299,71.884
BHR,1985,9.770906342881846,72.092
BHR,1986,9.746324273651574,72.257
BHR,1987,9.80880358055351,72.377
BHR,1988,9.840235644274859,72.46
BHR,1989,9.808259525494467,72.524
BHR,1990,9.817158015597903,72.587
BHR,1991,9.946667047441572,72.668
BHR,1992,9.98512385288315,72.785
BHR,1993,10.079882964560676,72.939
BHR,1994,10.051059450508268,73.134
BHR,1995,10.063295609911576,73.361
BHR,1996,10.07723954754412,73.61
BHR,1997,10.081346398130027,73.872
BHR,1998,10.10178873779379,74.138
BHR,1999,10.117543795466462,74.405
BHR,2000,10.142818159915754,74.673
BHR,2001,10.130873570817933,74.942
BHR,2002,10.091998896402309,75.209
BHR,2003,10.079859795454524,75.486
BHR,2004,10.072728602374184,75.787
BHR,2005,10.062185183664795,76.125
BHR,2006,10.047372208013686,76.51
BHR,2007,10.048128391361669,76.952
BHR,2008,10.04876533310278,77.457
BHR,2009,10.008160005466591,78.016
BHR,2010,10.008931377471761,78.593
BHR,2011,10.05569541516558,79.141
BHR,2012,10.081419507639575,79.622
BHR,2013,10.097063370284674,79.998
BHR,2014,10.091439028654932,80.214
BHR,2015,10.07466622038898,80.338
BHR,2016,10.073874808551128,80.407
BHR,2017,10.069293759891265,80.407
BHR,2018,10.088297006286167,80.412
BHR,2019,10.121564852283482,80.471
BHR,2020,10.068448064665146,78.683
BHR,2021,10.089418619716882,78.083
BHR,2022,10.135963523511741,80.992
BHR,2023,10.140242947499639,81.284
BHR,2024,10.161466805927242,81.423
BHS,1960,9.840475851064529,62.454
BHS,1961,9.892516963555764,62.813
BHS,1962,9.941687628899253,63.187
BHS,1963,9.991706047289288,63.532
BHS,1964,10.044987002915576,63.897
BHS,1965,10.099768456431107,64.272
BHS,1966,10.14088184528114,64.589
BHS,1967,10.185900580897469,65.03
BHS,1968,10.219680531835232,65.399
BHS,1969,10.260335007064917,65.773
BHS,1970,10.163598087708237,66.163
BHS,1971,10.148466382144033,66.526
BHS,1972,10.085996035395805,66.781
BHS,1973,10.135075712762944,67.147
BHS,1974,9.929290538875229,67.585
BHS,1975,9.747197447891221,68.14
BHS,1976,9.77599985086157,68.529
BHS,1977,9.842123939217261,68.762
BHS,1978,9.953935551208,68.873
BHS,1979,10.166376809030108,68.96
BHS,1980,10.210659151682384,69.091
BHS,1981,10.096429329490537,69.368
BHS,1982,10.144506103044131,69.682
BHS,1983,10.163013982167984,70.003
BHS,1984,10.278664675456815,70.192
BHS,1985,10.308731203765529,70.289
BHS,1986,10.309380137243936,70.316
BHS,1987,10.321851765284825,70.383
BHS,1988,10.327603420572554,70.508
BHS,1989,10.37511416777554,70.719
BHS,1990,10.341596765483004,70.945
BHS,1991,10.281684036889494,71.183
BHS,1992,10.224337626940088,71.298
BHS,1993,10.208659961238771,71.42
BHS,1994,10.222073470964302,71.429
BHS,1995,10.24836633268225,71.422
BHS,1996,10.273914188660104,71.464
BHS,1997,10.27168586311161,71.597
BHS,1998,10.30351919872015,71.84
BHS,1999,10.359149899830173,72.147
BHS,2000,10.3866765952301,72.481
BHS,2001,10.400318460409412,72.765
BHS,2002,10.415550491089789,73.023
BHS,2003,10.390818676001603,73.213
BHS,2004,10.387273084707946,73.235
BHS,2005,10.408640754867037,73.413
BHS,2006,10.420549214197724,73.456
BHS,2007,10.420772350869473,73.463
BHS,2008,10.383807306290871,73.445
BHS,2009,10.328145109003763,73.455
BHS,2010,10.330630388512159,73.449
BHS,2011,10.325241732195183,73.571
BHS,2012,10.359439541688364,73.707
BHS,2013,10.321153365901191,73.93
BHS,2014,10.330666351425958,74.029
BHS,2015,10.332649832174202,73.805
BHS,2016,10.314011905209883,74.042
BHS,2017,10.340927562029366,74.031
BHS,2018,10.358924424360916,74.062
BHS,2019,10.345529815791751,71.408
BHS,2020,10.118263008580238,72.994
BHS,2021,10.278976490177339,70.752
BHS,2022,10.37930106865397,74.491
BHS,2023,10.40455508910712,74.552
BHS,2024,10.433180166579163,74.71
BIH,1990,6.673859087667515,71.509
BIH,1991,6.5735405778470914,71.813
BIH,1992,6.558490906684946,51.967
BIH,1993,6.617603528944392,50.894
BIH,1994,6.770099377612811,66.603
BIH,1995,6.920893043682045,70.188
BIH,1996,7.311890121026947,73.454
BIH,1997,7.587846308313012,73.895
BIH,1998,7.724019084685965,74.472
BIH,1999,7.805006660771843,74.946
BIH,2000,7.850626156426145,75.292
BIH,2001,7.86985356136036,75.573
BIH,2002,7.916858086142653,75.994
BIH,2003,7.957066375217583,76.449
BIH,2004,8.027422820047768,76.489
BIH,2005,8.076457344564153,76.424
BIH,2006,8.137325323059956,76.028
BIH,2007,8.20660807931343,76.162
BIH,2008,8.27614861279719,76.3
BIH,2009,8.262955024805164,76.701
BIH,2010,8.289341036235497,76.827
BIH,2011,8.317339634219136,76.963
BIH,2012,8.328431097474217,77.037
BIH,2013,8.367934600951074,77.129
BIH,2014,8.392236627510174,77.089
BIH,2015,8.44725530758742,77.073
BIH,2016,8.492190147213005,77.124
BIH,2017,8.53695974523128,77.385
BIH,2018,8.586766269783533,77.942
BIH,2019,8.62753477920858,77.394
BIH,2020,8.610820804926988,76.04
BIH,2021,8.698771468030062,74.567
BIH,2022,8.752607084196047,76.777
BIH,2023,8.778529851948015,77.85
BIH,2024,8.816846373177208,78.044
BLR,1990,7.968600958261421,70.8365853658537
BLR,1991,7.956067064229591,70.3780487804878
BLR,1992,7.852944226427294,70.0219512195122
BLR,1993,7.771693279296515,68.9707317073171
BLR,1994,7.648445117363245,68.7682926829268
BLR,1995,7.541874395431091,68.4609756097561
BLR,1996,7.572856320290619,68.5121951219512
BLR,1997,7.684969554710463,68.4609756097561
BLR,1998,7.770131730485332,68.4073170731707
BLR,1999,7.808066797308288,67.9073170731707
BLR,2000,7.869158475044112,68.9121951219512
BLR,2001,7.920458745194723,68.5073170731707
BLR,2002,7.976045592962271,68.0560975609756
BLR,2003,8.051105919798575,68.5536585365854
BLR,2004,8.166331184268982,68.9560975609756
BLR,2005,8.263001957724901,68.8512195121951
BLR,2006,8.364435051602532,69.4048780487805
BLR,2007,8.451524809226617,70.2073170731707
BLR,2008,8.55210566583693,70.4560975609756
BLR,2009,8.55656277532507,70.4073170731707
BLR,2010,8.633391704349176,70.4048780487805
BLR,2011,8.68974888225533,70.5536585365854
BLR,2012,8.708249385064127,71.9658536585366
BLR,2013,8.718570835638193,72.4707317073171
BLR,2014,8.734385738447378,72.9707317073171
BLR,2015,8.694008944147766,73.6243902439025
BLR,2016,8.667542642890593,73.8268292682927
BLR,2017,8.69364701474173,74.1292682926829
BLR,2018,8.72679153118074,74.1756097560976
BLR,2019,8.743170338293512,74.2268292682927
BLR,2020,8.740654930453196,72.1385609756098
BLR,2021,8.773033225000715,72.0714634146342
BLR,2022,8.733371597824371,74.1033658536585
BLR,2023,8.779216552680667,74.1837804878049
BLR,2024,8.826785144967392,74.3653414634147
BLZ,1960,7.350213059064814,57.389
BLZ,1961,7.372952478383849,52.944
BLZ,1962,7.395306369808574,58.741
BLZ,1963,7.416341658600217,59.316
BLZ,1964,7.436183088320937,59.84
BLZ,1965,7.4545242697417455,60.356
BLZ,1966,7.47072945627352,60.86
BLZ,1967,7.487974703407266,61.437
BLZ,1968,7.52860378696248,61.961
BLZ,1969,7.549816337513367,62.497
BLZ,1970,7.574190537262331,63.044
BLZ,1971,7.596029797405526,63.546
BLZ,1972,7.678201949431029,64.025
BLZ,1973,7.716248823945204,64.487
BLZ,1974,7.829742737424947,64.936
BLZ,1975,7.8480081977804526,65.377
BLZ,1976,7.827081669598341,65.765
BLZ,1977,7.8692940450599,66.135
BLZ,1978,7.924938157920852,66.338
BLZ,1979,7.976267319325687,66.677
BLZ,1980,8.06696215474694,66.884
BLZ,1981,8.05288359654737,67.095
BLZ,1982,8.02684552211651,67.339
BLZ,1983,7.980858491283747,67.601
BLZ,1984,7.976737007060648,67.952
BLZ,1985,7.963577966013851,68.347
BLZ,1986,7.985364226851053,68.743
BLZ,1987,8.064928859693536,69.108
BLZ,1988,8.136138484552637,69.401
BLZ,1989,8.23628268696053,69.534
BLZ,1990,8.321809537742523,69.569
BLZ,1991,8.411739274245207,69.645
BLZ,1992,8.510757950556478,69.601
BLZ,1993,8.55001436998666,69.595
BLZ,1994,8.528519211602156,69.585
BLZ,1995,8.510764881671205,69.484
BLZ,1996,8.492010092354315,69.363
BLZ,1997,8.500116275494989,69.183
BLZ,1998,8.503389353522055,68.906
BLZ,1999,8.559019407806085,68.976
BLZ,2000,8.641823190583125,68.911
BLZ,2001,8.659558794351607,68.944
BLZ,2002,8.681885656637348,69.528
BLZ,2003,8.744244980855715,69.819
BLZ,2004,8.761405129262622,70.152
BLZ,2005,8.754180299743702,70.335
BLZ,2006,8.769598440394471,70.535
BLZ,2007,8.774286490019918,70.652
BLZ,2008,8.730360561741394,70.665
BLZ,2009,8.699128752317334,70.806
BLZ,2010,8.689086223585983,70.875
BLZ,2011,8.665999922662687,70.975
BLZ,2012,8.683172326476612,71.134
BLZ,2013,8.70169217571898,71.276
BLZ,2014,8.718744627943913,71.437
BLZ,2015,8.724958727608884,71.647
BLZ,2016,8.701548174369977,71.843
BLZ,2017,8.660014660772736,72.062
BLZ,2018,8.649555756147757,72.322
BLZ,2019,8.676612161105819,72.577
BLZ,2020,8.518489257713213,71.58
BLZ,2021,8.672383601318545,70.917
BLZ,2022,8.742344467140153,72.19
BLZ,2023,8.726756004273785,73.566
BLZ,2024,8.746794716182972,73.739
BMU,1960,10.594282517361833,66.482
BMU,1961,10.618573687792125,67.528
BMU,1962,10.636753195597947,67.884
BMU,1963,10.622813463541581,67.689
BMU,1964,10.704838670863834,67.5
BMU,1965,10.728947136755837,67.582
BMU,1966,10.840803852852707,67.718
BMU,1967,10.945461633963724,67.792
BMU,1968,10.948480641580216,67.898
BMU,1969,10.96453047176809,68.088
BMU,1970,11.009923411738818,68.404
BMU,1971,11.034497096073883,68.98
BMU,1972,11.048742834380995,69.643
BMU,1973,11.060766122146077,70.374
BMU,1974,11.067424368770618,70.864
BMU,1975,11.10303797937695,71.171
BMU,1976,11.187128301803511,71.331
BMU,1977,11.242326500227971,71.616
BMU,1978,11.254707729460481,71.968
BMU,1979,11.274351746406852,72.402
BMU,1980,11.347882720683675,72.666
BMU,1981,11.365394810317497,72.892
BMU,1982,11.303895988975116,73.041
BMU,1983,11.316640904447189,73.24
BMU,1984,11.314312555083024,73.365
BMU,1985,11.287245984862517,73.373
BMU,1986,11.345646434408682,73.368
BMU,1987,11.37575531612742,73.454
BMU,1988,11.407832605532354,73.555
BMU,1989,11.404705930829603,73.733
BMU,1990,11.397399395175746,73.952
BMU,1991,11.354059261185176,74.204
BMU,1992,11.34619306529316,74.446
BMU,1993,11.368856858964516,74.766
BMU,1994,11.368428828692315,75.276
BMU,1995,11.405887153866917,75.92
BMU,1996,11.426749697676476,76.52
BMU,1997,11.465655880499176,76.972
BMU,1998,11.496266562600898,77.389
BMU,1999,11.521567163499316,77.854
BMU,2000,11.603705061735932,78.251
BMU,2001,11.66830332224774,78.637
BMU,2002,11.648979965953071,78.841
BMU,2003,11.678599480482802,78.715
BMU,2004,11.6988415580506,78.898
BMU,2005,11.712954314673146,78.874
BMU,2006,11.7649513328622,78.87
BMU,2007,11.795058288694058,79.006
BMU,2008,11.771630559287512,79.101
BMU,2009,11.70954091646925,79.229
BMU,2010,11.681679641271442,79.414
BMU,2011,11.643408277777473,79.651
BMU,2012,11.590262136096754,79.847
BMU,2013,11.588593029110404,80.016
BMU,2014,11.551588162913477,80.199
BMU,2015,11.560337220734333,80.338
BMU,2016,11.553979849001156,80.476
BMU,2017,11.587426151890876,80.686
BMU,2018,11.579117278722865,80.986
BMU,2019,11.577869040676275,81.251
BMU,2020,11.50132287254481,81.456
BMU,2021,11.54374915472279,81.745
BMU,2022,11.602878147705631,82.062
BMU,2023,11.646097752286563,82.309
BMU,2024,11.665762738929267,82.49
BOL,1960,7.152242051958936,43.338
BOL,1961,7.152491968186442,43.628
BOL,1962,7.186151240456531,44.002
BOL,1963,7.231029443806556,44.335
BOL,1964,7.248710627035766,44.674
BOL,1965,7.27532959534535,45.09
BOL,1966,7.322977285742925,45.479
BOL,1967,7.362325651399911,45.904
BOL,1968,7.421974402085601,46.342
BOL,1969,7.443373175490973,46.705
BOL,1970,7.471937859248799,47.103
BOL,1971,7.498855294716727,47.483
BOL,1972,7.553053534235274,47.829
BOL,1973,7.586363642423682,48.282
BOL,1974,7.592727386250179,48.752
BOL,1975,7.640637195246816,49.336
BOL,1976,7.662859345664635,49.971
BOL,1977,7.688306637152917,50.387
BOL,1978,7.685661640250403,50.838
BOL,1979,7.664231410179222,51.353
BOL,1980,7.6279324694516415,51.828
BOL,1981,7.608496432689344,52.259
BOL,1982,7.546477673839023,52.511
BOL,1983,7.483687194713155,52.861
BOL,1984,7.460310357838863,53.383
BOL,1985,7.422248039653449,53.777
BOL,1986,7.375152410717684,54.247
BOL,1987,7.378395172709628,54.901
BOL,1988,7.385881128214785,55.505
BOL,1989,7.40191072838217,56.146
BOL,1990,7.426196914826516,56.797
BOL,1991,7.456682802588156,57.439
BOL,1992,7.452613186123686,57.923
BOL,1993,7.4745840249638595,58.66
BOL,1994,7.50084488681341,59.282
BOL,1995,7.527676633952898,59.787
BOL,1996,7.551862950910272,60.287
BOL,1997,7.582159932079648,60.745
BOL,1998,7.6135735150973165,61.227
BOL,1999,7.600374990329908,61.655
BOL,2000,7.60797253075436,62.057
BOL,2001,7.607801511730905,62.538
BOL,2002,7.615628466234788,63.068
BOL,2003,7.6256298686933,63.455
BOL,2004,7.649688247863464,63.819
BOL,2005,7.676096525466966,64.182
BOL,2006,7.705905162842936,64.529
BOL,2007,7.733432810508475,64.939
BOL,2008,7.776220517941462,65.299
BOL,2009,7.792586630706832,65.656
BOL,2010,7.81658102037143,66.003
BOL,2011,7.851085337706473,66.282
BOL,2012,7.885042836256124,66.586
BOL,2013,7.935055785008936,66.777
BOL,2014,7.972777145401465,66.97
BOL,2015,8.005037649739139,67.205
BOL,2016,8.031895790639762,67.392
BOL,2017,8.058379271204153,67.536
BOL,2018,8.072322806138477,67.699
BOL,2019,8.07321185107095,67.82
BOL,2020,7.9248294460835655,62.906
BOL,2021,8.010210543368496,61.427
BOL,2022,8.035357036892758,67.434
BOL,2023,8.046475865841769,68.581
BOL,2024,8.021458053429036,68.739
BRA,1960,7.864619274450672,53.162
BRA,1961,7.916949255748888,53.594
BRA,1962,7.951021263594125,54.017
BRA,1963,7.927533555254675,54.452
BRA,1964,7.932029878082102,54.848
BRA,1965,7.927566670022523,55.243
BRA,1966,7.965094010599445,55.625
BRA,1967,7.9798087938767885,56.016
BRA,1968,8.047680795681606,56.47
BRA,1969,8.113355500653872,56.898
BRA,1970,8.187563731095699,57.338
BRA,1971,8.270528232951076,57.786
BRA,1972,8.358990544407991,58.255
BRA,1973,8.465534033025707,58.681
BRA,1974,8.519952829570148,59.081
BRA,1975,8.546540440939152,59.556
BRA,1976,8.620369872538948,60.007
BRA,1977,8.644668819098122,60.461
BRA,1978,8.669311747162913,60.922
BRA,1979,8.710958145914358,61.365
BRA,1980,8.775372116622272,61.819
BRA,1981,8.70865581015581,62.267
BRA,1982,8.694130109674006,62.708
BRA,1983,8.642055763028928,63.133
BRA,1984,8.672785665297273,63.553
BRA,1985,8.727051027012639,63.98
BRA,1986,8.778677203828712,64.389
BRA,1987,8.793552729523155,64.785
BRA,1988,8.77384972889329,65.161
BRA,1989,8.786521726759775,65.514
BRA,1990,8.724185879149315,65.862
BRA,1991,8.717297172340894,66.203
BRA,1992,8.695169129040746,66.539
BRA,1993,8.727042512232536,66.892
BRA,1994,8.768289443366402,67.293
BRA,1995,8.79426958092092,67.701
BRA,1996,8.800976725416385,68.108
BRA,1997,8.819496612213413,68.505
BRA,1998,8.807994678755772,68.848
BRA,1999,8.798097863460962,69.211
BRA,2000,8.827289806678932,69.584
BRA,2001,8.828059515551221,69.98
BRA,2002,8.845723024050223,70.396
BRA,2003,8.845264590674011,70.884
BRA,2004,8.889967304713018,71.361
BRA,2005,8.910527569815086,71.832
BRA,2006,8.93879933874518,72.296
BRA,2007,8.987603504325019,72.73
BRA,2008,9.027710519473555,73.111
BRA,2009,9.01749528495974,73.457
BRA,2010,9.08166964557382,73.779
BRA,2011,9.112506257710116,74.047
BRA,2012,9.123419816967365,74.335
BRA,2013,9.144920323671,74.609
BRA,2014,9.141884083229511,74.823
BRA,2015,9.097865343318206,75.106
BRA,2016,9.05693785163387,75.081
BRA,2017,9.062797340537387,75.383
BRA,2018,9.07364240569415,75.633
BRA,2019,9.079256326487013,75.809
BRA,2020,9.040146350349604,74.506
BRA,2021,9.082419435054037,73.038
BRA,2022,9.108538496359254,74.872
BRA,2023,9.136481431933003,75.848
BRA,2024,9.166048320733326,76.023
BRB,1960,9.04274818049317,64.149
BRB,1961,9.10717631186775,65.033
BRB,1962,9.185046464658264,65.715
BRB,1963,9.123058001273568,66.204
BRB,1964,9.161838286778178,66.678
BRB,1965,9.259912681866165,67.236
BRB,1966,9.288583310154973,67.71
BRB,1967,9.381145082214172,67.92
BRB,1968,9.442225713304763,68.2
BRB,1969,9.51108692489796,68.504
BRB,1970,9.602155690861194,68.518
BRB,1971,9.641415383402936,68.787
BRB,1972,9.652108330602578,69.132
BRB,1973,9.662770148457382,69.108
BRB,1974,9.613329462905597,69.379
BRB,1975,9.592560834126829,69.79
BRB,1976,9.634176691056744,70.114
BRB,1977,9.669219631940502,70.64
BRB,1978,9.717135208050653,71.143
BRB,1979,9.79422676669298,71.549
BRB,1980,9.836013888965384,72.129
BRB,1981,9.813872071860992,72.63
BRB,1982,9.760356017246385,72.903
BRB,1983,9.761818169521973,73.156
BRB,1984,9.793541924030643,73.302
BRB,1985,9.800940151781106,73.316
BRB,1986,9.847607362032386,73.416
BRB,1987,9.870614562723054,73.463
BRB,1988,9.903188531864922,73.431
BRB,1989,9.937214257474889,73.375
BRB,1990,9.901748064457589,73.463
BRB,1991,9.85891383818415,73.543
BRB,1992,9.796863304428154,73.61
BRB,1993,9.80184688715107,73.739
BRB,1994,9.819485996541557,73.755
BRB,1995,9.83782557449743,73.88
BRB,1996,9.875885530657131,74.065
BRB,1997,9.921785739916894,73.988
BRB,1998,9.95822444351549,74.465
BRB,1999,9.96125681885505,74.587
BRB,2000,10.00649912178653,74.58
BRB,2001,9.981179823442513,74.707
BRB,2002,9.9824787764003,74.82
BRB,2003,9.997856031033596,74.865
BRB,2004,10.006163014881196,75.15
BRB,2005,10.039701634903658,74.96
BRB,2006,10.093824336175103,75.049
BRB,2007,10.109651351322047,75.263
BRB,2008,10.110723336511525,75.3
BRB,2009,10.054094894977263,75.458
BRB,2010,9.965758063338853,75.488
BRB,2011,9.961765657909899,75.599
BRB,2012,9.929880308714965,75.737
BRB,2013,9.929209927073838,75.816
BRB,2014,9.934793987884,75.926
BRB,2015,9.924733975897922,76.055
BRB,2016,9.936620940546945,76.168
BRB,2017,9.941098887156977,76.237
BRB,2018,9.9366493118982,76.378
BRB,2019,9.937292025401375,76.495
BRB,2020,9.744315185691471,76.647
BRB,2021,9.819867619667974,76.58
BRB,2022,9.967210256245375,75.676
BRB,2023,9.985125880088003,76.178
BRB,2024,10.017777086844555,76.332
BRN,1974,11.081097146416898,66.442
BRN,1975,11.039772371683458,66.95
BRN,1976,11.194922785586645,67.411
BRN,1977,11.255563886435468,67.833
BRN,1978,11.290814873196524,68.258
BRN,1979,11.477475822677317,68.642
BRN,1980,11.344310222364681,69.014
BRN,1981,11.059870708198098,69.344
BRN,1982,11.050900706993868,69.669
BRN,1983,11.022240777912211,69.991
BRN,1984,10.96494770300315,70.236
BRN,1985,10.901728425040295,70.499
BRN,1986,10.812118316242302,70.762
BRN,1987,10.800739893226742,70.982
BRN,1988,10.755548869116055,71.183
BRN,1989,10.69865731255035,71.408
BRN,1990,10.696023580847324,71.629
BRN,1991,10.696505848158202,71.858
BRN,1992,10.637593618452884,72.09
BRN,1993,10.605149638340473,72.333
BRN,1994,10.589646233700613,72.571
BRN,1995,10.578330681894682,72.838
BRN,1996,10.554031403400977,73.079
BRN,1997,10.592129870231219,73.326
BRN,1998,10.500431641476805,73.584
BRN,1999,10.519913888045878,73.806
BRN,2000,10.532352136134428,74.017
BRN,2001,10.525925476650121,74.209
BRN,2002,10.544716579244508,74.365
BRN,2003,10.560882388328917,74.509
BRN,2004,10.543989448405567,74.603
BRN,2005,10.527077717144701,74.683
BRN,2006,10.551358996007842,74.753
BRN,2007,10.496110186254489,74.793
BRN,2008,10.43783517686366,74.814
BRN,2009,10.399877546975508,74.814
BRN,2010,10.407932397084807,74.82
BRN,2011,10.426864993967188,74.835
BRN,2012,10.420629355552785,74.843
BRN,2013,10.385329394671794,74.854
BRN,2014,10.34652874458926,74.862
BRN,2015,10.329576152718698,74.88
BRN,2016,10.291888376815523,74.905
BRN,2017,10.292981095796208,74.943
BRN,2018,10.281930673248487,74.992
BRN,2019,10.308827343536349,75.049
BRN,2020,10.309484480891822,75.114
BRN,2021,10.283846227509681,74.869
BRN,2022,10.259383339222296,72.917
BRN,2023,10.262767858456911,75.327
BRN,2024,10.2943082283174,75.501
BTN,1970,6.014691476592668,41.185
BTN,1971,6.007070682708019,41.83
BTN,1972,5.984596106997471,42.487
BTN,1973,5.965104969776013,43.136
BTN,1974,5.981358099901657,43.8
BTN,1975,5.913654452227965,44.513
BTN,1976,5.965288489047079,45.23
BTN,1977,6.007183772201302,45.95
BTN,1978,6.041877686934745,46.691
BTN,1979,6.054813833860993,47.446
BTN,1980,6.070365010719889,48.198
BTN,1981,6.178433045908818,48.975
BTN,1982,6.180065378081011,49.776
BTN,1983,6.247419965181239,50.553
BTN,1984,6.260388337600107,51.313
BTN,1985,6.268701509494979,52.033
BTN,1986,6.3457315987367275,52.826
BTN,1987,6.570304567985478,53.62
BTN,1988,6.586936763730419,54.385
BTN,1989,6.628545185328823,55.12
BTN,1990,6.700326754238634,55.811
BTN,1991,6.678583397323683,56.451
BTN,1992,6.760952085124035,57.208
BTN,1993,6.82142508014505,57.906
BTN,1994,6.870070622752487,58.395
BTN,1995,6.950227900691553,59.277
BTN,1996,7.002936521609248,59.982
BTN,1997,7.037378364404073,60.639
BTN,1998,7.075798560233976,61.322
BTN,1999,7.129791023647576,62.032
BTN,2000,7.138568355771268,61.842
BTN,2001,7.186219080154105,63.323
BTN,2002,7.263509652547161,63.984
BTN,2003,7.317488117478866,64.662
BTN,2004,7.347775845073363,65.29
BTN,2005,7.397574828944108,65.875
BTN,2006,7.439041420490369,66.499
BTN,2007,7.5767415953928134,67.152
BTN,2008,7.609743357942211,67.733
BTN,2009,7.672555365082885,68.156
BTN,2010,7.774321215251077,68.765
BTN,2011,7.844824127200809,69.28
BTN,2012,7.8841050099469205,69.759
BTN,2013,7.890236143087459,70.161
BTN,2014,7.936595406781572,70.504
BTN,2015,7.990929281246013,70.797
BTN,2016,8.062548679029446,71.119
BTN,2017,8.074589618989066,71.413
BTN,2018,8.101844419811647,71.711
BTN,2019,8.151156271992653,72.005
BTN,2020,8.036613604240262,72.253
BTN,2021,8.07284285890358,72.448
BTN,2022,8.116635948907158,72.754
BTN,2023,8.154935230036719,72.975
BTN,2024,8.220728808765113,73.262
BWA,1960,5.975999940322548,51.22
BWA,1961,6.014942193802323,51.781
BWA,1962,6.056553630373696,52.313
BWA,1963,6.0906944111971955,52.848
BWA,1964,6.133017133432928,53.358
BWA,1965,6.174807768852405,53.853
BWA,1966,6.230760399376746,54.36
BWA,1967,6.28302393145986,54.859
BWA,1968,6.378268598391716,55.372
BWA,1969,6.513808562354173,55.903
BWA,1970,6.6662884832096765,56.446
BWA,1971,6.878936888932949,57.062
BWA,1972,7.07705382036438,57.669
BWA,1973,7.223100786267372,58.286
BWA,1974,7.25801916390909,58.914
BWA,1975,7.289397428447155,59.53
BWA,1976,7.3390011053649715,60.209
BWA,1977,7.399711545761851,60.867
BWA,1978,7.473393298901997,61.485
BWA,1979,7.528059997994605,62.035
BWA,1980,7.6023994149062855,62.527
BWA,1981,7.655080766747426,63.027
BWA,1982,7.7301966863057014,63.382
BWA,1983,7.8178339381085,63.605
BWA,1984,7.864592251567335,63.706
BWA,1985,7.898701389147904,63.647
BWA,1986,7.943345894301998,63.363
BWA,1987,8.022972854403102,62.837
BWA,1988,8.170871115089367,61.696
BWA,1989,8.265838021169767,61.189
BWA,1990,8.3038676464955,60.104
BWA,1991,8.348561162104675,58.911
BWA,1992,8.34918628814334,58.19
BWA,1993,8.339535654810987,57.316
BWA,1994,8.347457888502898,55.97
BWA,1995,8.389164086682218,54.713
BWA,1996,8.421389207394682,54.284
BWA,1997,8.478336746950239,53.594
BWA,1998,8.460609445006444,52.968
BWA,1999,8.531283006234341,52.499
BWA,2000,8.529643936544536,52.263
BWA,2001,8.511570155327604,52.21
BWA,2002,8.551686701463298,52.373
BWA,2003,8.579311341155258,52.851
BWA,2004,8.58847613664489,53.573
BWA,2005,8.61508502255226,54.386
BWA,2006,8.676757806307286,55.112
BWA,2007,8.713686428500589,56.735
BWA,2008,8.725607403645729,57.661
BWA,2009,8.552447174548897,58.297
BWA,2010,8.6277507965719,59.137
BWA,2011,8.674210373598001,59.715
BWA,2012,8.655722939216826,60.384
BWA,2013,8.745917426510948,61.217
BWA,2014,8.786780925412547,62.167
BWA,2015,8.722776084536143,63.215
BWA,2016,8.778146404809219,64.32
BWA,2017,8.804261542787957,65.42
BWA,2018,8.83110515087232,66.371
BWA,2019,8.846746100394796,67.167
BWA,2020,8.741016201831568,67.643
BWA,2021,8.838684029406704,63.303
BWA,2022,8.876207445689456,68.749
BWA,2023,8.891381122768536,69.163
BWA,2024,8.846834680635059,69.293
CAF,1960,6.355924295741131,39.572
CAF,1961,6.38551400783732,40.056
CAF,1962,6.328520128108942,40.562
CAF,1963,6.301852030919565,41.09
CAF,1964,6.302389814248943,41.64
CAF,1965,6.291230267728898,42.207
CAF,1966,6.276461313624539,42.787
CAF,1967,6.300321600278883,43.379
CAF,1968,6.291742111874206,43.98
CAF,1969,6.3373713224557235,44.58
CAF,1970,6.338262175427426,45.176
CAF,1971,6.3287661820445,45.764
CAF,1972,6.3091883968809,46.332
CAF,1973,6.308744043340389,46.884
CAF,1974,6.350927965403424,47.405
CAF,1975,6.335516489460704,47.892
CAF,1976,6.373553819482296,48.355
CAF,1977,6.4005891196727855,48.778
CAF,1978,6.402115631032892,49.161
CAF,1979,6.366440032144234,49.5
CAF,1980,6.309647458648201,49.789
CAF,1981,6.282774661258307,50.028
CAF,1982,6.345478209003524,50.213
CAF,1983,6.248817354476507,50.342
CAF,1984,6.327179467996478,50.427
CAF,1985,6.35319517825885,50.463
CAF,1986,6.375618037966141,50.445
CAF,1987,6.311806375713757,50.371
CAF,1988,6.312114719106623,50.243
CAF,1989,6.306227181376423,50.074
CAF,1990,6.253418604301803,49.854
CAF,1991,6.216588438036461,49.575
CAF,1992,6.118425268095969,49.213
CAF,1993,6.089917300914467,48.899
CAF,1994,6.1065426899708815,48.509
CAF,1995,6.1487898844176625,48.109
CAF,1996,6.08204778788588,47.7
CAF,1997,6.106208889808752,47.284
CAF,1998,6.125009067432294,47.089
CAF,1999,6.1330246548927,46.91
CAF,2000,6.0803196842773435,46.609
CAF,2001,6.101794620963096,46.734
CAF,2002,6.115469745381494,46.84
CAF,2003,6.036056703125029,47.306
CAF,2004,6.07264175200434,47.696
CAF,2005,6.059048527269041,48.207
CAF,2006,6.085169646056144,48.687
CAF,2007,6.110941226410812,49.327
CAF,2008,6.10994426643731,49.873
CAF,2009,6.198916423357111,14.665
CAF,2010,6.252176401729686,46.871
CAF,2011,6.277363070491019,50.107
CAF,2012,6.316676441789753,51.336
CAF,2013,5.857422085878639,49.487
CAF,2014,5.8623848165778485,40.265
CAF,2015,5.903515059151974,51.934
CAF,2016,5.931869132982871,50.999
CAF,2017,5.959349204342171,45.231
CAF,2018,5.978936435657613,52.297
CAF,2019,5.996018715160014,31.53
CAF,2020,5.988545977529536,50.596
CAF,2021,5.981466288009475,40.279
CAF,2022,5.9887493592102805,18.818
CAF,2023,5.985113913832336,57.408
CAF,2024,5.965988541904067,57.671
CAN,1960,9.644230127848367,71.1331707317073
CAN,1961,9.655381185795813,71.3460975609756
CAN,1962,9.708431458252733,71.3670731707317
CAN,1963,9.741421921099104,71.3807317073171
CAN,1964,9.787003287638719,71.7763414634146
CAN,1965,9.830158513654274,71.8721951219512
CAN,1966,9.876940611839574,72.0043902439024
CAN,1967,9.889140800367757,72.2078048780488
CAN,1968,9.921875677641493,72.3534146341463
CAN,1969,9.957706207052539,72.5014634146341
CAN,1970,9.972497188024898,72.7004878048781
CAN,1971,9.982417141942177,73.0292682926829
CAN,1972,10.024535870645582,72.9339024390244
CAN,1973,10.077429071508789,73.1626829268293
CAN,1974,10.096495191022598,73.2375609756098
CAN,1975,10.097236777883039,73.5217073170732
CAN,1976,10.141302507569078,73.8560975609756
CAN,1977,10.164337797657922,74.2156097560976
CAN,1978,10.191062025021088,74.529756097561
CAN,1979,10.217739940829635,74.8663414634146
CAN,1980,10.226382358400606,75.1021951219512
CAN,1981,10.247628849339847,75.4978048780488
CAN,1982,10.203559040139817,75.7251219512195
CAN,1983,10.218973945463816,76.0604878048781
CAN,1984,10.266845156474842,76.3319512195122
CAN,1985,10.303996173090452,76.3273170731707
CAN,1986,10.315048679273543,76.4639024390244
CAN,1987,10.341779933367578,76.7787804878049
CAN,1988,10.371976990996458,76.8587804878049
CAN,1989,10.377139381634805,77.1248780487805
CAN,1990,10.364090196779857,77.4365853658537
CAN,1991,10.33053031089972,77.5934146341464
CAN,1992,10.327558805217251,77.8380487804878
CAN,1993,10.34279952988324,77.7048780487805
CAN,1994,10.375806888481927,77.8717073170732
CAN,1995,10.391929038407067,77.9773170731707
CAN,1996,10.39822448918927,78.220243902439
CAN,1997,10.430197605930754,78.4124390243903
CAN,1998,10.46008875811897,78.6236585365854
CAN,1999,10.50209248550898,78.8390243902439
CAN,2000,10.542888385329666,79.1668292682927
CAN,2001,10.550603739603536,79.3980487804878
CAN,2002,10.569307379261009,79.5307317073171
CAN,2003,10.57821774951798,79.7151219512195
CAN,2004,10.599351016313625,79.9921951219512
CAN,2005,10.621480118016743,80.1126829268293
CAN,2006,10.637382024637729,80.5436585365854
CAN,2007,10.647967251281502,80.5436585365854
CAN,2008,10.647033388135789,80.7246341463415
CAN,2009,10.606002120137163,81.0660975609756
CAN,2010,10.62532862861404,81.3221951219512
CAN,2011,10.646464456840944,81.4826829268293
CAN,2012,10.653031268031413,81.6636585365854
CAN,2013,10.665489245389708,81.7448780487805
CAN,2014,10.683804585865452,81.7843902439025
CAN,2015,10.682680262531703,81.8258536585366
CAN,2016,10.681696815432375,81.94
CAN,2017,10.699629700539841,81.8078048780488
CAN,2018,10.712357621426529,81.8036585365854
CAN,2019,10.716644993442019,82.1585365853659
CAN,2020,10.654105471199319,81.53
CAN,2021,10.706368529642504,81.4514634146342
CAN,2022,10.733850085535499,81.0948780487805
CAN,2023,10.725368920713002,81.6263414634146
CAN,2024,10.715780982681283,82.1080487804878
CEB,1990,8.817480873622896,70.6563313372586
CEB,1991,8.704855560626953,70.5752213034774
CEB,1992,8.657488570165693,70.7328371314157
CEB,1993,8.660207061855466,70.8459866151448
CEB,1994,8.696612692618741,70.8695439447473
CEB,1995,8.753589603347232,71.0254214282891
CEB,1996,8.799643364153576,71.3360580189951
CEB,1997,8.823613090737519,71.5172580696822
CEB,1998,8.851289920933082,71.8982376759956
CEB,1999,8.871747199001884,72.1845610740875
CEB,2000,8.91608792378345,72.719724722779
CEB,2001,8.952989796373165,73.0961481937343
CEB,2002,8.994326233568025,73.2424154880921
CEB,2003,9.036659322464393,73.3822527825258
CEB,2004,9.09648590867358,73.7304349327381
CEB,2005,9.147146807956943,73.8449951359211
CEB,2006,9.213984700594716,74.0926027308098
CEB,2007,9.279174512299745,74.2506487210768
CEB,2008,9.321614687181869,74.5759526780779
CEB,2009,9.286639969716388,74.9303639266576
CEB,2010,9.305530760206238,75.2939657786314
CEB,2011,9.343275556446644,75.8884748834282
CEB,2012,9.353970590545241,76.0033944660035
CEB,2013,9.364091892227476,76.3747350098375
CEB,2014,9.398990393860798,76.6887696437325
CEB,2015,9.441207230709315,76.5755119772504
CEB,2016,9.47205628933591,76.9703062304413
CEB,2017,9.524895106745328,76.929788715597
CEB,2018,9.575817272953792,76.9764380835075
CEB,2019,9.617407495563386,77.2659141936307
CEB,2020,9.590226032726695,76.0162701269145
CEB,2021,9.6639124986952,74.7232827859077
CEB,2022,9.704853465317798,76.6522987292583
CEB,2023,9.710913995792756,77.7580384683685
CEB,2024,9.732866839634498,77.918095146168
CHE,1960,10.51719828448726,71.3134146341463
CHE,1961,10.552669840778822,71.6448780487805
CHE,1962,10.569028171091059,71.1960975609756
CHE,1963,10.59956001873117,71.1875609756098
CHE,1964,10.649003327149217,72.0778048780488
CHE,1965,10.674957866529315,72.2017073170732
CHE,1966,10.685199209206749,72.3356097560976
CHE,1967,10.705908723048248,72.6365853658537
CHE,1968,10.729054912362388,72.590243902439
CHE,1969,10.766677298890823,72.6126829268293
CHE,1970,10.822180835449066,73.020243902439
CHE,1971,10.826335040888592,73.1307317073171
CHE,1972,10.841339641750462,73.6443902439024
CHE,1973,10.872870177734697,73.9409756097561
CHE,1974,10.898966152493252,74.2870731707317
CHE,1975,10.924611744964507,74.6656097560976
CHE,1976,10.940853162438897,74.7853658536585
CHE,1977,10.928151912029701,75.2380487804878
CHE,1978,10.9454259755368,75.1873170731707
CHE,1979,10.981098980151081,75.4660975609756
CHE,1980,10.993985071937812,75.4592682926829
CHE,1981,10.993052414619228,75.6931707317073
CHE,1982,10.999618829035017,76.0339024390244
CHE,1983,11.014158972813737,76.0312195121951
CHE,1984,11.051993208444856,76.6085365853659
CHE,1985,11.068952465268188,76.7336585365854
CHE,1986,11.09030598856498,76.8990243902439
CHE,1987,11.117013113561091,77.1975609756098
CHE,1988,11.134932116622528,77.2265853658537
CHE,1989,11.153048539982821,77.4212195121951
CHE,1990,11.150298223528026,77.2424390243902
CHE,1991,11.126274046191007,77.5146341463415
CHE,1992,11.103595268944622,77.8060975609756
CHE,1993,11.073615627480555,78.0853658536586
CHE,1994,11.10501634050221,78.35
CHE,1995,11.13846181442593,78.4170731707317
CHE,1996,11.139631488603175,78.8960975609756
CHE,1997,11.157981773620984,79.079512195122
CHE,1998,11.182393199348551,79.3243902439025
CHE,1999,11.194285185530886,79.580487804878
CHE,2000,11.224353356657415,79.6804878048781
CHE,2001,11.233822197311252,80.1804878048781
CHE,2002,11.230054389899072,80.3853658536585
CHE,2003,11.219788923499603,80.5365853658537
CHE,2004,11.238455004433444,81.0878048780488
CHE,2005,11.261142487643408,81.2365853658537
CHE,2006,11.295378345354818,81.490243902439
CHE,2007,11.32550053805686,81.7414634146342
CHE,2008,11.337795177570449,81.9926829268293
CHE,2009,11.305761592759621,82.0439024390244
CHE,2010,11.327432014684732,82.2463414634147
CHE,2011,11.330291676635238,82.6951219512195
CHE,2012,11.33085212634982,82.6975609756098
CHE,2013,11.337548035912526,82.7975609756098
CHE,2014,11.350463162732629,83.1975609756098
CHE,2015,11.353520060500577,82.8975609756098
CHE,2016,11.36153524473918,83.6024390243903
CHE,2017,11.36630722298666,83.5512195121951
CHE,2018,11.391673600179173,83.7536585365854
CHE,2019,11.395631943701853,83.9048780487805
CHE,2020,11.365514403488842,83.0
CHE,2021,11.41778945244471,83.7512195121951
CHE,2022,11.444222981093114,83.6048780487805
CHE,2023,11.439794856747044,84.1560975609756
CHE,2024,11.440552353374823,84.4073170731707
CHI,2009,11.121626844751168,81.0
CHI,2010,11.077871646143274,81.2
CHI,2011,11.08224234587822,81.4
CHI,2012,11.016362652770257,81.3
CHI,2013,11.015027073683946,81.5
CHI,2014,11.033159270090596,81.6
CHI,2015,11.032432150423855,81.4
CHI,2016,11.041868256015006,81.2
CHI,2017,11.057114937360158,81.0
CHI,2018,11.064448193948998,81.1
CHI,2019,11.075884877983384,81.2
CHI,2020,10.979116121036686,80.9
CHI,2021,11.070812342308164,80.3
CHI,2022,11.120015290725613,81.0
CHI,2023,11.153649323876945,81.1
CHL,1960,8.077969585613426,57.216
CHL,1961,8.110885852654942,57.309
CHL,1962,8.128959961564934,57.811
CHL,1963,8.164103270816208,58.349
CHL,1964,8.168729564021335,58.812
CHL,1965,8.156326918036097,59.473
CHL,1966,8.246299545907021,60.373
CHL,1967,8.263503829697042,61.054
CHL,1968,8.281040452808648,61.68
CHL,1969,8.304001406889958,62.341
CHL,1970,8.303896552250903,62.634
CHL,1971,8.37874371234744,63.072
CHL,1972,8.355247196870206,63.717
CHL,1973,8.287403597174274,64.42
CHL,1974,8.283947743513929,65.085
CHL,1975,8.1373455279612,66.037
CHL,1976,8.157258516911256,66.819
CHL,1977,8.247646486052567,67.529
CHL,1978,8.309779894183801,68.042
CHL,1979,8.375924247296819,68.858
CHL,1980,8.439705805756995,69.475
CHL,1981,8.490053560358316,69.822
CHL,1982,8.35328482505861,70.291
CHL,1983,8.287936569693631,70.83
CHL,1984,8.312013482052842,71.215
CHL,1985,8.331675379869957,71.615
CHL,1986,8.3688193071656,72.061
CHL,1987,8.418175490172533,72.466
CHL,1988,8.472877675025364,72.788
CHL,1989,8.554992471821757,73.188
CHL,1990,8.573675022225954,73.675
CHL,1991,8.631747120942471,74.082
CHL,1992,8.724494387010008,74.367
CHL,1993,8.773652699147158,74.679
CHL,1994,8.808114588144447,74.973
CHL,1995,8.881993376503107,75.298
CHL,1996,8.93659927498857,75.555
CHL,1997,8.994537597114522,75.826
CHL,1998,9.022497675015181,76.324
CHL,1999,9.007177335164926,76.738
CHL,2000,9.043736998669685,77.128
CHL,2001,9.063233224314345,77.58
CHL,2002,9.083721095781787,77.84
CHL,2003,9.119406869372144,77.884
CHL,2004,9.173922704414691,78.276
CHL,2005,9.22072831390893,78.459
CHL,2006,9.269704378495659,78.533
CHL,2007,9.310307425489734,78.652
CHL,2008,9.337509637549179,78.752
CHL,2009,9.3161776149694,78.89
CHL,2010,9.36300048795795,79.095
CHL,2011,9.41351336106279,79.236
CHL,2012,9.463651038951573,79.221
CHL,2013,9.48666314331262,79.551
CHL,2014,9.49446266864666,79.714
CHL,2015,9.505538153004625,80.008
CHL,2016,9.510822501382549,80.295
CHL,2017,9.508468631529055,80.61
CHL,2018,9.529739611195893,80.559
CHL,2019,9.520170003201258,80.324
CHL,2020,9.447842436877993,79.349
CHL,2021,9.550822529675072,78.876
CHL,2022,9.566293718149335,79.176
CHL,2023,9.567644864156994,81.167
CHL,2024,9.589935642412886,81.359
CHN,1960,5.486383481091963,33.419
CHN,1961,5.17812252708999,40.158
CHN,1962,5.112500700836379,50.959
CHN,1963,5.1859579670355815,51.67
CHN,1964,5.329789837042043,52.343
CHN,1965,5.462552463092035,53.001
CHN,1966,5.535881025204529,53.662
CHN,1967,5.450742465194722,54.401
CHN,1968,5.382769234972172,55.191
CHN,1969,5.511860010640966,55.988
CHN,1970,5.66071439806457,56.824
CHN,1971,5.701464481531861,57.731
CHN,1972,5.714283031455814,58.579
CHN,1973,5.766185423938018,59.496
CHN,1974,5.768363107736017,60.241
CHN,1975,5.834304773751389,60.952
CHN,1976,5.803006843658854,61.225
CHN,1977,5.862350661370475,62.458
CHN,1978,5.956270057177808,63.102
CHN,1979,6.016132927434559,63.704
CHN,1980,6.079082318476488,64.243
CHN,1981,6.116156295490321,64.778
CHN,1982,6.1878305538156315,65.249
CHN,1983,6.275683445971426,65.728
CHN,1984,6.403994044968017,66.148
CHN,1985,6.516379391590356,66.532
CHN,1986,6.587166877159477,66.887
CHN,1987,6.681376781280893,67.263
CHN,1988,6.771624302351636,67.607
CHN,1989,6.79750994534262,67.93
CHN,1990,6.82131234459171,68.155
CHN,1991,6.897285944931701,68.61
CHN,1992,7.018666167728319,69.059
CHN,1993,7.137549804861502,69.492
CHN,1994,7.249196530752756,69.835
CHN,1995,7.342830306783288,70.363
CHN,1996,7.427416203886311,70.823
CHN,1997,7.506085905331778,71.227
CHN,1998,7.572743278300028,71.601
CHN,1999,7.638646988767542,71.952
CHN,2000,7.713025274859904,72.288
CHN,2001,7.785718452051346,72.675
CHN,2002,7.867359395555581,73.034
CHN,2003,7.9574750847727005,73.385
CHN,2004,8.048121751202745,73.727
CHN,2005,8.150677895543058,74.085
CHN,2006,8.264434057003331,74.404
CHN,2007,8.391561280018372,74.789
CHN,2008,8.478731921413216,74.833
CHN,2009,8.563654569843813,75.317
CHN,2010,8.659499741124039,75.668
CHN,2011,8.744442915713616,75.889
CHN,2012,8.813303154830061,76.2
CHN,2013,8.881549780556604,76.452
CHN,2014,8.947204390187988,76.714
CHN,2015,9.008876710627593,76.975
CHN,2016,9.068687551142396,77.214
CHN,2017,9.129276776150117,77.235
CHN,2018,9.18999264451763,77.709
CHN,2019,9.245349583911969,77.94
CHN,2020,9.266094744551108,78.019
CHN,2021,9.347430701068673,78.117
CHN,2022,9.378419211755894,78.202
CHN,2023,9.432201430057397,77.953
CHN,2024,9.481825042650605,78.017
CIV,1960,7.309993497973894,37.244
CIV,1961,7.368211607460089,37.923
CIV,1962,7.342604961062264,38.62
CIV,1963,7.439471750165921,39.315
CIV,1964,7.56308732105746,39.966
CIV,1965,7.492846350285246,40.643
CIV,1966,7.5637263691711745,41.297
CIV,1967,7.569977030004126,41.959
CIV,1968,7.649311315501764,42.648
CIV,1969,7.700702351123829,43.345
CIV,1970,7.758038956829321,44.045
CIV,1971,7.805126776618337,44.783
CIV,1972,7.801831531388428,45.575
CIV,1973,7.814006491264646,46.372
CIV,1974,7.810685144763772,47.207
CIV,1975,7.844357161560249,48.03
CIV,1976,7.9251096877951,48.863
CIV,1977,7.958981985426664,49.624
CIV,1978,8.024842616323829,50.361
CIV,1979,8.009914851101453,50.983
CIV,1980,7.854348847287113,51.437
CIV,1981,7.848709713461449,51.791
CIV,1982,7.810475805840079,52.09
CIV,1983,7.730555654243885,52.352
CIV,1984,7.663239451958384,52.648
CIV,1985,7.667654207132767,52.861
CIV,1986,7.660620600666539,53.009
CIV,1987,7.618556166617979,53.118
CIV,1988,7.591553279093246,53.062
CIV,1989,7.581934550790826,52.955
CIV,1990,7.5315944865627085,52.796
CIV,1991,7.49227027874696,52.621
CIV,1992,7.449912470586521,52.429
CIV,1993,7.40820952253885,52.247
CIV,1994,7.3769413181910375,52.005
CIV,1995,7.406764020047959,51.713
CIV,1996,7.4424789559421205,51.596
CIV,1997,7.496170430357101,51.498
CIV,1998,7.500210413092973,51.22
CIV,1999,7.479223634834587,51.273
CIV,2000,7.448889243343164,51.393
CIV,2001,7.400359814635219,51.428
CIV,2002,7.3468351979224895,51.544
CIV,2003,7.273500574909408,51.443
CIV,2004,7.280604540554495,51.939
CIV,2005,7.266641018731671,52.432
CIV,2006,7.2708517373832695,52.885
CIV,2007,7.258534604945706,53.452
CIV,2008,7.282505007965388,54.179
CIV,2009,7.295679691251644,54.744
CIV,2010,7.33988131993503,55.282
CIV,2011,7.26295438145415,55.972
CIV,2012,7.315507323700701,56.57
CIV,2013,7.397761961436249,57.057
CIV,2014,7.463097336104087,57.772
CIV,2015,7.503685666289025,58.281
CIV,2016,7.543949907775461,58.814
CIV,2017,7.587216390032501,59.315
CIV,2018,7.607541907538331,59.795
CIV,2019,7.646401472551903,60.274
CIV,2020,7.628072410732317,60.14
CIV,2021,7.671575473933528,60.29
CIV,2022,7.708447477628731,61.562
CIV,2023,7.747322339494329,61.944
CIV,2024,7.781413699375004,62.11
CMR,1960,6.8412948639886215,34.667
CMR,1961,6.837633227647165,35.186
CMR,1962,6.848810990081959,42.599
CMR,1963,6.863690248857584,43.074
CMR,1964,6.876500959258344,43.596
CMR,1965,6.874147402162316,44.175
CMR,1966,6.896284174488979,44.839
CMR,1967,6.7570334297779615,45.602
CMR,1968,6.794016546258997,46.389
CMR,1969,6.816466521708603,47.191
CMR,1970,6.820791856238169,47.954
CMR,1971,6.828284231871239,48.577
CMR,1972,6.827499759224068,49.12
CMR,1973,6.852171432734997,49.517
CMR,1974,6.92637805777387,49.734
CMR,1975,7.005042019703149,49.891
CMR,1976,6.921733794251567,50.017
CMR,1977,7.0246826307058585,50.13
CMR,1978,7.196302605424017,50.319
CMR,1979,7.226876550395053,50.535
CMR,1980,7.174482061387256,50.852
CMR,1981,7.297083892496546,51.227
CMR,1982,7.345760323455872,51.801
CMR,1983,7.391703906349522,52.447
CMR,1984,7.435998694473371,52.886
CMR,1985,7.483739739261215,53.465
CMR,1986,7.519130596362856,53.572
CMR,1987,7.467042250410485,54.188
CMR,1988,7.35572720333776,54.359
CMR,1989,7.308061610647231,54.389
CMR,1990,7.215591132480248,54.348
CMR,1991,7.147595923612852,54.168
CMR,1992,7.087449068876316,54.053
CMR,1993,6.976331967401531,53.872
CMR,1994,6.966847683344793,53.537
CMR,1995,6.967924336809637,53.347
CMR,1996,6.982296034356327,53.2
CMR,1997,7.000058740727588,53.105
CMR,1998,7.019751111820425,53.043
CMR,1999,7.037346531722833,53.166
CMR,2000,7.048626947148554,53.338
CMR,2001,7.064696380231057,53.598
CMR,2002,7.081680920992034,53.922
CMR,2003,7.107502835094139,54.253
CMR,2004,7.1481438907788375,54.578
CMR,2005,7.142624575998407,54.904
CMR,2006,7.152527168104394,55.301
CMR,2007,7.166830042594613,55.71
CMR,2008,7.1662830494786025,56.116
CMR,2009,7.163094629118003,56.486
CMR,2010,7.163095993331912,56.965
CMR,2011,7.168045468094992,57.482
CMR,2012,7.185136693601378,58.17
CMR,2013,7.205793340346184,58.73
CMR,2014,7.231156304432972,59.13
CMR,2015,7.254884878703265,59.687
CMR,2016,7.269350911545437,60.293
CMR,2017,7.2758001203817315,60.817
CMR,2018,7.286889895570244,61.189
CMR,2019,7.293233882767849,61.695
CMR,2020,7.2685849760323915,61.674
CMR,2021,7.274878649172877,61.146
CMR,2022,7.2852747220074,62.443
CMR,2023,7.2917777072928365,63.7
CMR,2024,7.3002911463964475,63.968
COD,1960,7.1723044310240995,40.752
COD,1961,7.031730415828478,40.161
COD,1962,7.197959026039144,40.382
COD,1963,7.222274605227893,40.604
COD,1964,7.17080845963068,40.099
COD,1965,7.153247855145693,40.767
COD,1966,7.190289911241601,42.169
COD,1967,7.1512095638755415,42.339
COD,1968,7.164300816884713,42.667
COD,1969,7.2245506085350115,42.959
COD,1970,7.193536984921109,43.3
COD,1971,7.224514183144023,43.578
COD,1972,7.1995325346049714,43.869
COD,1973,7.25099712181317,44.09
COD,1974,7.255097775271786,44.311
COD,1975,7.177489961695472,44.53
COD,1976,7.09708548590793,44.695
COD,1977,7.079376303729293,44.866
COD,1978,6.993411178669245,44.628
COD,1979,6.962553690083673,45.278
COD,1980,6.952918723958246,45.543
COD,1981,6.947026410626962,45.726
COD,1982,6.9124334959034766,45.946
COD,1983,6.894749684085523,46.207
COD,1984,6.915258638996769,46.514
COD,1985,6.886766422153472,46.663
COD,1986,6.901363961390686,47.016
COD,1987,6.8962333348914395,47.362
COD,1988,6.8688955601408805,47.755
COD,1989,6.824546613737065,48.149
COD,1990,6.723427247492644,48.538
COD,1991,6.6021688294534515,48.944
COD,1992,6.457455265598657,49.323
COD,1993,6.277046510778808,49.621
COD,1994,6.189935418672441,49.88
COD,1995,6.155397686585987,50.381
COD,1996,6.125890070890715,49.376
COD,1997,6.05201060050339,50.461
COD,1998,6.008467395038816,49.664
COD,1999,5.931244404207842,50.089
COD,2000,5.827552948956542,51.887
COD,2001,5.774656881693548,52.205
COD,2002,5.773146360564405,52.371
COD,2003,5.798212074566487,52.952
COD,2004,5.833976839035763,53.534
COD,2005,5.862802668877996,54.001
COD,2006,5.88180140584998,54.498
COD,2007,5.933895893396675,54.954
COD,2008,5.9754381016955405,55.388
COD,2009,5.949929419569896,55.798
COD,2010,6.000727448365571,56.411
COD,2011,5.963886002120302,56.911
COD,2012,6.013632592283134,57.35
COD,2013,6.1410190710467045,57.795
COD,2014,6.177591856753407,58.236
COD,2015,6.206226335413076,58.658
COD,2016,6.174746846158917,59.081
COD,2017,6.1797157432252705,59.495
COD,2018,6.205188080464555,59.926
COD,2019,6.179031272111333,60.242
COD,2020,6.154545837203365,60.428
COD,2021,6.184480394602183,60.044
COD,2022,6.241274769806806,60.979
COD,2023,6.290567019787564,61.895
COD,2024,6.317376956567765,62.074
COG,1960,7.084105849276716,47.595
COG,1961,7.138473530670862,48.351
COG,1962,7.162988993493831,49.038
COG,1963,7.0951915779632,49.729
COG,1964,7.105424078371286,50.363
COG,1965,7.113773838266306,50.996
COG,1966,7.09898606342284,51.557
COG,1967,7.091243908013291,51.91
COG,1968,7.135631229784031,52.62
COG,1969,7.178720919930146,53.114
COG,1970,7.2102556467291965,53.555
COG,1971,7.254346652044765,53.983
COG,1972,7.305971015530733,54.361
COG,1973,7.353803167075294,54.744
COG,1974,7.398493613028231,55.053
COG,1975,7.445088966979246,55.402
COG,1976,7.429807038581055,55.699
COG,1977,7.312098440321877,56.027
COG,1978,7.350302386802753,56.248
COG,1979,7.421045659093799,56.524
COG,1980,7.561105261768252,56.803
COG,1981,7.701343427879286,57.065
COG,1982,7.891686375950339,57.236
COG,1983,7.927910998301214,57.428
COG,1984,7.970429369338166,57.54
COG,1985,7.929041602498226,57.608
COG,1986,7.8286302155012075,57.633
COG,1987,7.80130547322967,57.59
COG,1988,7.789844103639098,57.493
COG,1989,7.786610608255735,57.292
COG,1990,7.768011819585404,57.07
COG,1991,7.763245578429376,56.764
COG,1992,7.760756474934655,56.483
COG,1993,7.7213236158603245,56.041
COG,1994,7.635205526139932,55.641
COG,1995,7.6461355328787155,55.474
COG,1996,7.6604103135104875,55.24
COG,1997,7.632766178298456,48.575
COG,1998,7.647473036394757,52.551
COG,1999,7.594304688151498,54.427
COG,2000,7.62901323342822,55.371
COG,2001,7.6285979050774415,55.885
COG,2002,7.649772985789891,56.414
COG,2003,7.629920745221341,57.131
COG,2004,7.6299193817256485,57.957
COG,2005,7.668578333102363,58.73
COG,2006,7.7079720235763185,59.474
COG,2007,7.602950879905648,60.05
COG,2008,7.631217431546138,60.79
COG,2009,7.701342967506132,61.215
COG,2010,7.754603787237019,61.731
COG,2011,7.743917298549895,62.286
COG,2012,7.810782854394589,62.662
COG,2013,7.779323732351909,62.969
COG,2014,7.8195082047660645,63.349
COG,2015,7.799487665806785,63.662
COG,2016,7.684412887339258,63.911
COG,2017,7.602536728772284,64.203
COG,2018,7.5548355041327,64.472
COG,2019,7.541954049260771,63.152
COG,2020,7.4532781700479305,64.391
COG,2021,7.43943627252157,64.192
COG,2022,7.430115528782572,65.0
COG,2023,7.424812739688538,65.772
COG,2024,7.421612264618344,66.001
COL,1960,7.58132667004429,56.609
COL,1961,7.600113729606983,57.203
COL,1962,7.6219960556536845,57.737
COL,1963,7.623792259571984,58.296
COL,1964,7.653499075392334,58.77
COL,1965,7.659169003213088,59.247
COL,1966,7.681263596994993,59.713
COL,1967,7.6936838331183575,60.15
COL,1968,7.724081684130149,60.572
COL,1969,7.7570969681780575,61.031
COL,1970,7.7920288988013455,61.465
COL,1971,7.825843318953158,62.005
COL,1972,7.876532453653276,62.53
COL,1973,7.918681612005666,62.991
COL,1974,7.952045602949604,63.497
COL,1975,7.952872207836055,64.012
COL,1976,7.977286093226907,64.642
COL,1977,7.995866820790232,65.237
COL,1978,8.054598485942508,65.827
COL,1979,8.08458908468637,66.162
COL,1980,8.101832796633115,66.693
COL,1981,8.1012934884343,67.189
COL,1982,8.087603553598415,67.861
COL,1983,8.079728286951115,68.121
COL,1984,8.089569768657084,68.308
COL,1985,8.098555331466526,65.359
COL,1986,8.134514388189332,68.303
COL,1987,8.166262466352336,68.166
COL,1988,8.185620430741702,68.301
COL,1989,8.198660272462119,68.616
COL,1990,8.21991455026638,68.701
COL,1991,8.21964319754469,68.772
COL,1992,8.239486345038191,68.764
COL,1993,8.271972494361634,69.083
COL,1994,8.308771110830051,69.422
COL,1995,8.340391024919066,69.81
COL,1996,8.342528151552576,70.209
COL,1997,8.358360053638616,70.632
COL,1998,8.346126778320091,70.924
COL,1999,8.285794005781797,70.913
COL,2000,8.298243214136546,70.905
COL,2001,8.299163516306239,71.185
COL,2002,8.308515733738236,71.537
COL,2003,8.331869200280558,72.309
COL,2004,8.369137611599138,72.76
COL,2005,8.402292955782052,73.156
COL,2006,8.4540477111501,73.497
COL,2007,8.506587672816924,73.751
COL,2008,8.526860684740482,74.206
COL,2009,8.526543583446504,74.531
COL,2010,8.559149673592595,74.876
COL,2011,8.615607839856338,75.18
COL,2012,8.643959081011802,75.611
COL,2013,8.684537467094968,75.834
COL,2014,8.719617954543367,75.95
COL,2015,8.740099099350715,76.067
COL,2016,8.750852565595604,76.228
COL,2017,8.749839837418161,76.418
COL,2018,8.75676842867108,76.579
COL,2019,8.77027816661759,76.793
COL,2020,8.681343179480681,74.757
COL,2021,8.772946299201278,72.698
COL,2022,8.832985333472989,76.508
COL,2023,8.830159007195745,77.725
COL,2024,8.834236887367172,77.913
COM,1980,7.066016781250235,50.681
COM,1981,7.090992219412691,51.211
COM,1982,7.103069538601192,51.75
COM,1983,7.105659998636586,52.121
COM,1984,7.118543930008759,52.784
COM,1985,7.117977385490711,53.263
COM,1986,7.110630245121917,53.756
COM,1987,7.103725551936214,54.134
COM,1988,7.1251996256927015,54.678
COM,1989,7.089274476453057,54.983
COM,1990,7.133904150204903,55.62
COM,1991,7.045898196673481,56.104
COM,1992,7.096135461428246,56.576
COM,1993,7.103034054294604,57.026
COM,1994,7.044650026326286,57.458
COM,1995,7.082129254401234,57.83
COM,1996,7.059792591120147,58.151
COM,1997,7.0857300647122665,58.228
COM,1998,7.06875974273599,58.301
COM,1999,7.077557760535587,58.853
COM,2000,7.048237580026304,58.941
COM,2001,7.080448456754356,59.587
COM,2002,7.1042388652436435,59.723
COM,2003,7.104128229916015,60.24
COM,2004,7.115702183533342,60.557
COM,2005,7.150399223281719,60.883
COM,2006,7.112528479392811,61.229
COM,2007,7.100601768313676,61.475
COM,2008,7.119613635067539,61.955
COM,2009,7.131620467020026,62.302
COM,2010,7.148822958694272,62.747
COM,2011,7.169435412942694,63.105
COM,2012,7.18051294109739,63.463
COM,2013,7.203068286254512,63.839
COM,2014,7.202161880398047,64.143
COM,2015,7.192460787629863,64.473
COM,2016,7.2046147340973326,64.792
COM,2017,7.222136585577547,65.127
COM,2018,7.238385990233898,65.401
COM,2019,7.2366020009482295,65.662
COM,2020,7.215024579932339,65.756
COM,2021,7.2154801216689295,65.201
COM,2022,7.220338246882811,66.481
COM,2023,7.232474444913376,66.777
COM,2024,7.246030277494867,67.023
CPV,1980,6.366049510057376,61.031
CPV,1981,6.433222759842035,61.299
CPV,1982,6.446312049008127,61.519
CPV,1983,6.5225475047182035,61.767
CPV,1984,6.545417554126942,61.829
CPV,1985,6.6142163942803505,62.281
CPV,1986,6.62838536517524,62.584
CPV,1987,6.65650922210722,62.91
CPV,1988,6.700777182861965,63.242
CPV,1989,6.741197659168695,63.566
CPV,1990,6.7275762930536676,63.869
CPV,1991,6.717419372077533,64.066
CPV,1992,6.7985198874116275,64.253
CPV,1993,6.86051797018,64.458
CPV,1994,7.015656821782467,64.648
CPV,1995,7.12952271869502,63.691
CPV,1996,7.219274627134962,65.521
CPV,1997,7.307885162875432,66.082
CPV,1998,7.409809247340852,66.714
CPV,1999,7.500974840185456,67.409
CPV,2000,7.619389127778705,68.117
CPV,2001,7.626188719733243,68.707
CPV,2002,7.662800962786934,69.447
CPV,2003,7.690238010483442,70.006
CPV,2004,7.77477020092141,70.499
CPV,2005,7.8296971301820175,70.936
CPV,2006,7.89500367460655,71.341
CPV,2007,8.025179844747967,71.487
CPV,2008,8.082847503220249,71.888
CPV,2009,8.05819659770341,72.142
CPV,2010,8.069222383821266,72.507
CPV,2011,8.104462114909028,72.913
CPV,2012,8.114247538458907,73.315
CPV,2013,8.120021758612051,73.481
CPV,2014,8.12676711236428,73.788
CPV,2015,8.13595112243954,74.096
CPV,2016,8.177555169407254,74.35
CPV,2017,8.221401810012392,74.71
CPV,2018,8.25678365930564,74.84
CPV,2019,8.322613489944018,75.449
CPV,2020,8.088235159928717,73.818
CPV,2021,8.152386803047163,74.424
CPV,2022,8.293491392437424,75.907
CPV,2023,8.335354114388423,76.059
CPV,2024,8.398046395606697,76.224
CRI,1960,8.193207756091962,63.463
CRI,1961,8.174545464444142,63.86
CRI,1962,8.190828887620922,64.232
CRI,1963,8.221703421270258,64.326
CRI,1964,8.222913024866077,64.493
CRI,1965,8.268143020949624,64.76
CRI,1966,8.30331435143823,65.096
CRI,1967,8.327377661794594,65.552
CRI,1968,8.37942731262949,65.78
CRI,1969,8.40480978568844,66.363
CRI,1970,8.449776459510174,66.787
CRI,1971,8.48875361824706,67.413
CRI,1972,8.541380910050812,68.014
CRI,1973,8.590125932262195,68.731
CRI,1974,8.6186190370043,69.446
CRI,1975,8.61371288720649,70.253
CRI,1976,8.641452347953624,70.946
CRI,1977,8.700446388841609,71.519
CRI,1978,8.734617907747065,72.029
CRI,1979,8.755825837925595,72.537
CRI,1980,8.736119175082342,73.034
CRI,1981,8.686007785879898,73.441
CRI,1982,8.58299084960348,73.865
CRI,1983,8.583737352123514,74.245
CRI,1984,8.633389746700482,74.581
CRI,1985,8.613108248065933,74.765
CRI,1986,8.639892325069328,74.949
CRI,1987,8.659996617721234,75.224
CRI,1988,8.668009196708152,75.546
CRI,1989,8.697929378296358,75.85
CRI,1990,8.707579321171922,76.094
CRI,1991,8.70453209170455,76.237
CRI,1992,8.767242902523453,76.385
CRI,1993,8.810799186080569,76.315
CRI,1994,8.830449779507749,76.329
CRI,1995,8.84708602783741,76.44
CRI,1996,8.83706199787323,76.428
CRI,1997,8.867783015882976,76.603
CRI,1998,8.91458939715245,76.869
CRI,1999,8.934493445319093,77.058
CRI,2000,8.95241382755004,77.317
CRI,2001,8.968808025328064,77.609
CRI,2002,8.98589087591986,77.939
CRI,2003,9.012798468523023,78.214
CRI,2004,9.041392488708512,78.512
CRI,2005,9.065931713134097,78.877
CRI,2006,9.122633593956799,79.049
CRI,2007,9.188044813132949,79.098
CRI,2008,9.220776647630187,79.18
CRI,2009,9.198639754584931,79.372
CRI,2010,9.238450132413732,79.354
CRI,2011,9.269784956273197,79.624
CRI,2012,9.305788661192018,79.925
CRI,2013,9.319297354028341,80.189
CRI,2014,9.343355571154657,80.231
CRI,2015,9.368600648303643,80.407
CRI,2016,9.399673551623106,79.988
CRI,2017,9.430965994761966,79.994
CRI,2018,9.450050282876473,80.09
CRI,2019,9.468388678338293,80.296
CRI,2020,9.419160709731832,79.725
CRI,2021,9.493054244646686,78.05
CRI,2022,9.541932589325903,79.316
CRI,2023,9.584074021276846,80.799
CRI,2024,9.619326938629671,80.996
CSS,1960,8.405620011329022,60.296075668361
CSS,1961,8.476171171183005,60.6711127417416
CSS,1962,8.507543416608653,61.3667549797074
CSS,1963,8.506960037328513,61.7172822835503
CSS,1964,8.56420279696046,62.1169378577451
CSS,1965,8.613406359215166,62.4278990121485
CSS,1966,8.660811851242434,62.6884918476318
CSS,1967,8.706998709367593,62.9192125043111
CSS,1968,8.748679871605,63.1479760026189
CSS,1969,8.788927438803706,63.33755991721
CSS,1970,8.794756937590908,63.4911250565343
CSS,1971,8.803991220108276,63.6421609824809
CSS,1972,8.802527397869751,63.8575897472923
CSS,1973,8.817589567606523,64.0524260879545
CSS,1974,8.779239331194,64.2632555178344
CSS,1975,8.753677054234721,64.4830054154269
CSS,1976,8.797622007895946,64.7562510158021
CSS,1977,8.85450561197235,64.9726079530578
CSS,1978,8.923216897116633,65.124540894628
CSS,1979,8.987803200431447,65.3472416749228
CSS,1980,9.030761610226202,65.5015818836058
CSS,1981,9.026592794887257,65.663476004232
CSS,1982,9.023874854343168,65.7783229185472
CSS,1983,8.980155225158432,65.84727013816
CSS,1984,8.991944675257379,66.1398702250845
CSS,1985,8.994705624991072,66.3020597761834
CSS,1986,9.00006696530373,66.4113027349313
CSS,1987,8.994336576992646,66.5709445359728
CSS,1988,9.004708485069619,66.740440354245
CSS,1989,9.029505054898792,66.9248001727378
CSS,1990,9.02043547313401,67.0451505140017
CSS,1991,9.013476141138067,67.2193770605245
CSS,1992,9.025643850773312,67.353289397098
CSS,1993,9.022582376513641,67.4755646816358
CSS,1994,9.04770729541065,67.5216611384859
CSS,1995,9.069530252672195,67.5555715464801
CSS,1996,9.108746251144595,67.6264024288204
CSS,1997,9.145413298066291,67.7365433173653
CSS,1998,9.185151529820956,67.9849230739004
CSS,1999,9.226260690249378,68.2095641265771
CSS,2000,9.264232381543625,68.3976758324657
CSS,2001,9.277098635707938,68.6619722928042
CSS,2002,9.308134721865168,68.8997139018751
CSS,2003,9.359227843785357,69.0876488979237
CSS,2004,9.397393545941945,69.3609701933726
CSS,2005,9.448043458850282,69.6320513314341
CSS,2006,9.517614621475389,69.9344232165599
CSS,2007,9.548956776754112,70.2937333399206
CSS,2008,9.559425039767145,70.5499974705246
CSS,2009,9.51955375413565,70.797737511813
CSS,2010,9.52496324278722,71.0114366987074
CSS,2011,9.527434770593963,71.266093287793
CSS,2012,9.561266612514187,71.4019143290264
CSS,2013,9.569941289030576,71.5692506084297
CSS,2014,9.588826790510554,71.7739411761824
CSS,2015,9.581757701341092,71.8641021665476
CSS,2016,9.544125453448487,72.0516361154512
CSS,2017,9.530892700230748,72.1731041595093
CSS,2018,9.534445071053542,72.2210854022703
CSS,2019,9.535042256027356,72.1292604830284
CSS,2020,9.434091840343411,71.9394359303317
CSS,2021,9.499512601052505,69.9228107471769
CSS,2022,9.632980580352063,72.8322921090607
CSS,2023,9.712357716276426,73.1716450013098
CSS,2024,9.833246070052084,73.3126671321816
CUB,1970,7.870963072717996,67.935
CUB,1971,7.9359362433098015,68.432
CUB,1972,7.96707605889304,68.949
CUB,1973,7.986541296335545,69.347
CUB,1974,7.983578033328346,69.867
CUB,1975,8.062921094876259,70.375
CUB,1976,8.106171224596388,70.878
CUB,1977,8.181646985100082,71.411
CUB,1978,8.238958842455055,71.89
CUB,1979,8.244505978024172,72.272
CUB,1980,8.190560677828161,72.603
CUB,1981,8.365750878577979,72.996
CUB,1982,8.44476572608904,73.439
CUB,1983,8.489594557161196,73.564
CUB,1984,8.557703643702412,73.552
CUB,1985,8.565246951542486,73.464
CUB,1986,8.557668822107319,73.558
CUB,1987,8.524500865380576,73.596
CUB,1988,8.551521418617671,73.724
CUB,1989,8.548697054733655,73.69
CUB,1990,8.509454804908563,73.823
CUB,1991,8.388326316647266,73.757
CUB,1992,8.25890793364091,73.846
CUB,1993,8.092713591147147,73.874
CUB,1994,8.095715930069066,74.092
CUB,1995,8.116383519573382,74.346
CUB,1996,8.188501602851954,74.69
CUB,1997,8.212683743771962,75.064
CUB,1998,8.210935435648924,75.412
CUB,1999,8.267589239408926,75.719
CUB,2000,8.321728444095221,75.922
CUB,2001,8.349934362636903,76.429
CUB,2002,8.361099611879945,76.766
CUB,2003,8.39546975163608,77.405
CUB,2004,8.448954611389995,77.326
CUB,2005,8.553014447576277,77.54
CUB,2006,8.665511749438265,77.406
CUB,2007,8.734844252548541,77.55
CUB,2008,8.774789967677503,77.589
CUB,2009,8.7889368775586,77.584
CUB,2010,8.812321047837221,77.876
CUB,2011,8.8395902610853,78.051
CUB,2012,8.86915179876374,78.162
CUB,2013,8.896700292688333,78.028
CUB,2014,8.90821898541771,77.825
CUB,2015,8.952595020259022,77.745
CUB,2016,8.95854909596948,77.571
CUB,2017,8.978064963675275,77.3
CUB,2018,9.002138539575917,77.426
CUB,2019,9.00267058465408,77.413
CUB,2020,8.889072299684374,77.407
CUB,2021,8.906399200893967,73.201
CUB,2022,8.929611605456687,77.629
CUB,2023,8.913742519010999,78.085
CUB,2024,8.906718295391586,78.264
CUW,2000,9.976907418948718,73.283
CUW,2001,10.00654336397421,73.36
CUW,2002,10.009282542708544,73.472
CUW,2003,9.99153924023669,73.603
CUW,2004,9.976371385900896,73.735
CUW,2005,9.957612126362358,73.873
CUW,2006,9.948157958306481,73.978
CUW,2007,9.952808864297943,74.137
CUW,2008,9.961871100860245,74.314
CUW,2009,9.950032333202806,74.485
CUW,2010,9.938199919204488,75.117
CUW,2011,9.929062634597232,75.576
CUW,2012,9.917267727869245,75.96
CUW,2013,9.899553678159029,76.239
CUW,2014,9.879682889964425,76.384
CUW,2015,9.871058003185025,76.482
CUW,2016,9.849720344836463,76.322
CUW,2017,9.83368076853245,76.423
CUW,2018,9.817666923429613,76.493
CUW,2019,9.797044774649942,76.492
CUW,2020,9.605753113756846,76.501
CUW,2021,9.656653798917013,75.686
CUW,2022,9.727514682052218,76.729
CUW,2023,9.760019211461175,76.8
CUW,2024,9.800611452011243,76.989
CYM,2006,11.47279728265698,75.0
CYM,2007,11.474213097179659,75.152
CYM,2008,11.44159397005145,75.386
CYM,2009,11.338589001084165,75.671
CYM,2010,11.283299665224039,76.069
CYM,2011,11.267447072138475,76.562
CYM,2012,11.25252632651147,77.121
CYM,2013,11.23900006153898,77.652
CYM,2014,11.239864272265185,77.865
CYM,2015,11.243465811300291,78.119
CYM,2016,11.25197443844711,78.367
CYM,2017,11.260831557049615,78.615
CYM,2018,11.28106616251717,78.835
CYM,2019,11.298674405768027,79.052
CYM,2020,11.22790178387129,79.23
CYM,2021,11.254926887433509,79.3
CYM,2022,11.289058147163038,79.984
CYM,2023,11.325469294513065,80.358
CYM,2024,11.34310314397642,80.54
CYP,1975,8.727991319369243,70.336
CYP,1976,8.920633399234365,70.805
CYP,1977,9.072048671507703,71.258
CYP,1978,9.143237106358129,71.741
CYP,1979,9.229913289220686,72.179
CYP,1980,9.274988323161224,72.844
CYP,1981,9.28324244154031,73.053
CYP,1982,9.32988279649989,73.518
CYP,1983,9.375955440983555,73.708
CYP,1984,9.44695196135922,74.0
CYP,1985,9.482466182103705,74.64
CYP,1986,9.507367606900463,74.93
CYP,1987,9.564761332288786,75.264
CYP,1988,9.637089342326531,75.39
CYP,1989,9.699308060872676,75.841
CYP,1990,9.749430423020403,76.044
CYP,1991,9.730912600708493,76.246
CYP,1992,9.794148647460295,76.291
CYP,1993,9.776975772715524,76.294
CYP,1994,9.813618189141287,76.383
CYP,1995,9.875799650436148,76.583
CYP,1996,9.872269157134486,76.88
CYP,1997,9.884160776848361,77.119
CYP,1998,9.931213954110666,77.164
CYP,1999,9.968794851574556,77.572
CYP,2000,10.016099690028918,77.9
CYP,2001,10.044085677142808,78.185
CYP,2002,10.06917899799005,78.758
CYP,2003,10.082920501211705,78.908
CYP,2004,10.118584283608284,79.007
CYP,2005,10.15157170398194,79.198
CYP,2006,10.180948450086756,79.456
CYP,2007,10.209382998936231,79.798
CYP,2008,10.22009277223239,79.906
CYP,2009,10.172891359187945,80.375
CYP,2010,10.169308800489862,80.632
CYP,2011,10.147952950322953,80.855
CYP,2012,10.097634100020509,81.128
CYP,2013,10.03063588477268,81.317
CYP,2014,10.015635469861357,81.337
CYP,2015,10.047086891698926,81.464
CYP,2016,10.105528996658267,81.534
CYP,2017,10.152922057315555,81.543
CYP,2018,10.202198306568011,81.556
CYP,2019,10.245911559480287,81.454
CYP,2020,10.199720655804496,81.23
CYP,2021,10.292723632616772,80.573
CYP,2022,10.357908237719556,80.434
CYP,2023,10.374179055494048,81.648
CYP,2024,10.396888474576713,81.821
CZE,1990,9.38434279202315,71.3839024390244
CZE,1991,9.263276178534525,71.8982926829268
CZE,1992,9.25717547070601,72.2717073170732
CZE,1993,9.256754851177128,72.7678048780488
CZE,1994,9.285071557458073,72.9726829268293
CZE,1995,9.346040163575502,73.0748780487805
CZE,1996,9.388044379902533,73.7146341463415
CZE,1997,9.383145801253525,73.8248780487805
CZE,1998,9.380153998162905,74.5146341463415
CZE,1999,9.394865233681944,74.6682926829268
CZE,2000,9.436992675153617,74.9682926829268
CZE,2001,9.469504657410187,75.1731707317073
CZE,2002,9.486454883114803,75.2219512195122
CZE,2003,9.519216380120033,75.1707317073171
CZE,2004,9.56518798732511,75.7219512195122
CZE,2005,9.625605399742563,75.9243902439025
CZE,2006,9.687028128231754,76.5243902439024
CZE,2007,9.734627552346243,76.7243902439025
CZE,2008,9.7521207377691,76.9756097560976
CZE,2009,9.697250802198612,77.0780487804878
CZE,2010,9.721121901720869,77.4243902439025
CZE,2011,9.73662299844166,77.8731707317073
CZE,2012,9.727487210043492,78.0756097560976
CZE,2013,9.72673729898426,78.1756097560976
CZE,2014,9.74788830654419,78.8243902439024
CZE,2015,9.794319729778335,78.5780487804878
CZE,2016,9.817880524099502,79.0268292682927
CZE,2017,9.86566589978201,78.9780487804878
CZE,2018,9.890231555051948,79.0292682926829
CZE,2019,9.921330413792809,79.2292682926829
CZE,2020,9.864390473398958,78.2268292682927
CZE,2021,9.922008884046004,77.2219512195122
CZE,2022,9.934373078708143,78.9292682926829
CZE,2023,9.917024878154018,79.8268292682927
CZE,2024,9.925694815354555,79.9780487804878
DEU,1960,9.442003072213211,69.0640731707317
DEU,1961,9.476390743121556,69.6448780487805
DEU,1962,9.512794154920872,69.7992195121951
DEU,1963,9.530520961055279,69.9140731707317
DEU,1964,9.586753071129069,70.4355609756098
DEU,1965,9.629334003098126,70.4103658536585
DEU,1966,9.648722050298058,70.5215853658537
DEU,1967,9.64084193500096,70.7317317073171
DEU,1968,9.691533995496268,70.3784634146342
DEU,1969,9.755162694295647,70.2288048780488
DEU,1970,9.801608091665287,70.4471951219512
DEU,1971,9.83061965884345,70.676756097561
DEU,1972,9.867939296619488,70.9067073170732
DEU,1973,9.911458615363054,71.1128048780488
DEU,1974,9.919930232495858,71.4189268292683
DEU,1975,9.914953526442282,71.259243902439
DEU,1976,9.9675479895528,71.7122195121951
DEU,1977,10.002735938493684,72.3073170731707
DEU,1978,10.033247506716945,72.2904146341464
DEU,1979,10.073470902968449,72.6301707317073
DEU,1980,10.085386567784639,72.8003170731707
DEU,1981,10.089141932750506,73.0402195121951
DEU,1982,10.086136844219903,73.3331463414634
DEU,1983,10.10436012850061,73.6221463414634
DEU,1984,10.135655162620145,74.0722926829268
DEU,1985,10.16090258269361,74.1890975609756
DEU,1986,10.183060620450647,74.3968292682927
DEU,1987,10.195448568461778,74.8070243902439
DEU,1988,10.227943480792334,74.9987317073171
DEU,1989,10.258435633862934,75.1915365853659
DEU,1990,10.301031788724497,75.0856341463415
DEU,1991,10.343566428172002,75.319512195122
DEU,1992,10.355899041892014,75.819512195122
DEU,1993,10.339547149873038,75.8707317073171
DEU,1994,10.361715683436984,76.2707317073171
DEU,1995,10.373714450697191,76.4219512195122
DEU,1996,10.381144967876951,76.6731707317073
DEU,1997,10.398055229569003,77.0731707317073
DEU,1998,10.418643356899596,77.4756097560976
DEU,1999,10.439069127989208,77.7268292682927
DEU,2000,10.46607409047185,77.9268292682927
DEU,2001,10.480620848221173,78.3292682926829
DEU,2002,10.476654398864689,78.2292682926829
DEU,2003,10.470788667642328,78.3804878048781
DEU,2004,10.482559629672282,78.6804878048781
DEU,2005,10.491943290911498,78.9317073170732
DEU,2006,10.53100925685123,79.1317073170732
DEU,2007,10.56082813498111,79.5341463414634
DEU,2008,10.571569399997207,79.7365853658537
DEU,2009,10.517061295036783,79.8365853658537
DEU,2010,10.559107749483772,79.9878048780488
DEU,2011,10.614535674088017,80.4365853658537
DEU,2012,10.617282807358228,80.5390243902439
DEU,2013,10.618515901568854,80.490243902439
DEU,2014,10.635914726419337,81.090243902439
DEU,2015,10.643750994955075,80.6414634146341
DEU,2016,10.657657715704788,80.990243902439
DEU,2017,10.681515274290929,80.9926829268293
DEU,2018,10.689802961609656,80.8926829268293
DEU,2019,10.697277620874173,81.2926829268293
DEU,2020,10.65426364114353,81.0414634146342
DEU,2021,10.692195323889663,80.790243902439
DEU,2022,10.710345747831287,80.6080487804878
DEU,2023,10.700296126230926,81.0414634146342
DEU,2024,10.69257569472132,80.7926829268293
DMA,1977,8.077768257667346,69.715
DMA,1978,8.173554746126673,70.115
DMA,1979,7.9674864653527075,69.195
DMA,1980,8.091391212038493,71.013
DMA,1981,8.195540626181042,71.46
DMA,1982,8.240079645442956,71.749
DMA,1983,8.269775102013828,72.005
DMA,1984,8.315164027676232,71.913
DMA,1985,8.333612720013468,71.918
DMA,1986,8.406679037315,71.671
DMA,1987,8.473223394421996,71.368
DMA,1988,8.55434537312407,70.974
DMA,1989,8.55889706149698,70.663
DMA,1990,8.619186266600366,70.471
DMA,1991,8.637339180695367,70.398
DMA,1992,8.657011725880617,70.473
DMA,1993,8.67683899756622,70.612
DMA,1994,8.67655020968499,70.777
DMA,1995,8.706523788254263,70.832
DMA,1996,8.73794334868895,71.039
DMA,1997,8.761164671996386,71.195
DMA,1998,8.800740647132516,71.352
DMA,1999,8.807956493568108,71.527
DMA,2000,8.836315407810757,71.715
DMA,2001,8.838937030134108,71.862
DMA,2002,8.806419977385474,71.927
DMA,2003,8.860451194836433,71.942
DMA,2004,8.89889183470651,71.987
DMA,2005,8.906765649096409,72.016
DMA,2006,8.948785591716899,72.007
DMA,2007,9.000383186977029,71.901
DMA,2008,9.069073282341723,71.945
DMA,2009,9.05750555436405,71.835
DMA,2010,9.056521497224809,71.68
DMA,2011,9.054135404695808,71.517
DMA,2012,9.051619383651605,71.391
DMA,2013,9.043064108855313,71.228
DMA,2014,9.056753628667709,71.189
DMA,2015,9.021912056472,69.968
DMA,2016,9.047765313730453,71.189
DMA,2017,8.985399470171473,68.62
DMA,2018,9.0193208887177,71.378
DMA,2019,9.062364235686067,71.305
DMA,2020,8.896032908754442,71.269
DMA,2021,8.953939539938476,69.832
DMA,2022,9.05846135388528,71.081
DMA,2023,9.09907224356153,71.132
DMA,2024,9.1239881045895,71.294
DNK,1960,9.771140972246672,72.1765853658537
DNK,1961,9.825995979381291,72.4382926829268
DNK,1962,9.87333220024497,72.319756097561
DNK,1963,9.871804933883354,72.4004878048781
DNK,1964,9.952463937090192,72.4851219512195
DNK,1965,9.989217040047423,72.3707317073171
DNK,1966,10.008227176722222,72.4441463414634
DNK,1967,10.057538019929565,72.9221951219512
DNK,1968,10.108330824670348,73.1214634146341
DNK,1969,10.168580396665034,73.2209756097561
DNK,1970,10.179456051553872,73.3434146341463
DNK,1971,10.203790831628865,73.4146341463415
DNK,1972,10.23534356292093,73.4390243902439
DNK,1973,10.275413772362372,73.6821951219512
DNK,1974,10.261068366794355,73.8082926829268
DNK,1975,10.243986348473053,74.0751219512195
DNK,1976,10.299679501001767,73.739756097561
DNK,1977,10.316224822297196,74.6324390243903
DNK,1978,10.337001326784895,74.3929268292683
DNK,1979,10.374278101760483,74.2192682926829
DNK,1980,10.365519390951189,74.1017073170732
DNK,1981,10.358365989761541,74.2304878048781
DNK,1982,10.397283594241953,74.5512195121951
DNK,1983,10.42417201200271,74.4204878048781
DNK,1984,10.46717411379851,74.5621951219512
DNK,1985,10.507460435720581,74.4275609756098
DNK,1986,10.552371104036345,74.579756097561
DNK,1987,10.555723335488533,74.6912195121951
DNK,1988,10.55796319446478,74.7717073170732
DNK,1989,10.564310859759129,74.799756097561
DNK,1990,10.579152656281439,74.8053658536585
DNK,1991,10.591033982569158,75.1578048780488
DNK,1992,10.60775351046787,75.1941463414634
DNK,1993,10.603632530955617,75.1168292682927
DNK,1994,10.651848320145453,75.3751219512195
DNK,1995,10.676566573281972,75.2126829268293
DNK,1996,10.69945347035461,75.5914634146342
DNK,1997,10.72649102864881,75.9451219512195
DNK,1998,10.74585597116987,76.1390243902439
DNK,1999,10.771788436895628,76.3414634146341
DNK,2000,10.805009526732166,76.5926829268293
DNK,2001,10.810881848138775,76.7926829268293
DNK,2002,10.812241887698672,76.8951219512195
DNK,2003,10.813922993772907,77.1439024390244
DNK,2004,10.83872377073826,77.4926829268293
DNK,2005,10.859290957187323,77.8439024390244
DNK,2006,10.893459118759536,78.0951219512195
DNK,2007,10.898847789083996,78.1951219512195
DNK,2008,10.888791802611369,78.4463414634146
DNK,2009,10.832416323033874,78.5975609756098
DNK,2010,10.843679350166735,79.1
DNK,2011,10.852584842339224,79.8
DNK,2012,10.848767795421312,80.0512195121951
DNK,2013,10.858429430246288,80.3
DNK,2014,10.866057920734086,80.7
DNK,2015,10.879819458138824,80.7024390243902
DNK,2016,10.9022832621249,80.8536585365854
DNK,2017,10.925956727766048,81.1024390243903
DNK,2018,10.939427547508824,80.9536585365854
DNK,2019,10.952815452764716,81.4512195121951
DNK,2020,10.93193763621599,81.6024390243903
DNK,2021,10.990580679753318,81.4048780487805
DNK,2022,10.987134160931975,81.3048780487805
DNK,2023,10.985749980450018,81.7536585365854
DNK,2024,11.014898626662925,82.2536585365854
DOM,1960,7.226723222899305,51.705
DOM,1961,7.171728335540993,52.447
DOM,1962,7.297993500371906,53.199
DOM,1963,7.330334526904322,53.754
DOM,1964,7.365524880523944,54.653
DOM,1965,7.2027873894557715,52.842
DOM,1966,7.299891292520971,55.965
DOM,1967,7.303208477468523,56.646
DOM,1968,7.2767344196443755,57.272
DOM,1969,7.3516951031594315,57.886
DOM,1970,7.490945588399772,58.493
DOM,1971,7.5661418526299205,59.09
DOM,1972,7.637205134650982,59.661
DOM,1973,7.7308656430302864,60.228
DOM,1974,7.761930477663264,60.757
DOM,1975,7.785938197600336,61.254
DOM,1976,7.824919280659209,61.739
DOM,1977,7.847802631771372,62.2
DOM,1978,7.843639057461004,62.624
DOM,1979,7.862993409428438,62.425
DOM,1980,7.9150413260812496,63.391
DOM,1981,7.932905856453936,63.776
DOM,1982,7.9263968977305765,64.198
DOM,1983,7.948577332744599,64.63
DOM,1984,7.938224520693577,65.134
DOM,1985,7.894541743222184,65.614
DOM,1986,7.907495327147015,66.059
DOM,1987,7.982595901336602,66.49
DOM,1988,7.982814725147686,66.914
DOM,1989,8.004726805602205,67.331
DOM,1990,7.927602336131184,67.746
DOM,1991,7.9164206430407535,68.154
DOM,1992,8.002896986243554,68.525
DOM,1993,8.054417967228826,68.86
DOM,1994,8.060838373075482,69.16
DOM,1995,8.097536302435133,69.394
DOM,1996,8.137251376347463,69.595
DOM,1997,8.205084043170112,69.809
DOM,1998,8.253454651750511,69.875
DOM,1999,8.295098781667118,70.178
DOM,2000,8.324361976722292,70.365
DOM,2001,8.333026165468969,70.553
DOM,2002,8.36189561307953,70.719
DOM,2003,8.333911220254402,70.856
DOM,2004,8.345695352172381,70.73
DOM,2005,8.422717568691741,71.043
DOM,2006,8.497952706400847,71.054
DOM,2007,8.557333675012996,71.097
DOM,2008,8.577144956264481,71.331
DOM,2009,8.574452067694693,71.587
DOM,2010,8.642319216205266,72.039
DOM,2011,8.661046584483083,72.496
DOM,2012,8.675955893763161,72.817
DOM,2013,8.711942864856029,73.038
DOM,2014,8.76877306832018,73.145
DOM,2015,8.824818042218277,72.982
DOM,2016,8.87874176696129,72.889
DOM,2017,8.906447583754677,73.37
DOM,2018,8.964274338056054,73.555
DOM,2019,9.00172162213943,73.112
DOM,2020,8.908677478547647,72.636
DOM,2021,9.029406464326538,71.757
DOM,2022,9.070864019724837,74.211
DOM,2023,9.083638559314252,73.72
DOM,2024,9.123523978409294,73.868
DZA,1960,7.778387371380563,40.839
DZA,1961,7.614447073342742,40.792
DZA,1962,7.380559818479932,39.527
DZA,1963,7.660317452121095,43.143
DZA,1964,7.700705702482625,42.987
DZA,1965,7.7457556568964625,42.846
DZA,1966,7.678553697299326,42.745
DZA,1967,7.746412453491556,42.731
DZA,1968,7.826169393600003,42.806
DZA,1969,7.884366883331953,42.991
DZA,1970,7.946703002796042,43.328
DZA,1971,7.80382382114398,43.782
DZA,1972,8.023166396035771,44.384
DZA,1973,8.037019802644256,45.102
DZA,1974,8.085057975189367,45.953
DZA,1975,8.098894362626476,46.921
DZA,1976,8.133886230716685,48.034
DZA,1977,8.148822690651373,49.249
DZA,1978,8.208523826270165,50.615
DZA,1979,8.250831441610229,52.409
DZA,1980,8.227565292989,54.512
DZA,1981,8.224683231151886,57.422
DZA,1982,8.253377474452913,59.594
DZA,1983,8.272043417438272,61.251
DZA,1984,8.292397126736214,62.722
DZA,1985,8.294688484535756,64.155
DZA,1986,8.265743977725398,65.273
DZA,1987,8.22848810710273,66.13
DZA,1988,8.190428829173479,66.91
DZA,1989,8.207089101491729,67.461
DZA,1990,8.190267603580839,67.658
DZA,1991,8.154359251940686,67.692
DZA,1992,8.147846690751416,67.725
DZA,1993,8.102562055032175,67.797
DZA,1994,8.071396326109882,67.284
DZA,1995,8.08800508561311,67.691
DZA,1996,8.10860984106455,68.219
DZA,1997,8.100909583890244,68.859
DZA,1998,8.134726347353892,69.327
DZA,1999,8.152339740985397,70.088
DZA,2000,8.175638840160971,70.576
DZA,2001,8.191464728976442,71.025
DZA,2002,8.230753231325924,71.644
DZA,2003,8.280431878074173,71.906
DZA,2004,8.31048435923574,72.536
DZA,2005,8.348443720896721,72.836
DZA,2006,8.361618441364065,73.116
DZA,2007,8.375456929632021,73.346
DZA,2008,8.381961011598607,73.618
DZA,2009,8.374730730242145,73.871
DZA,2010,8.402143727831959,74.144
DZA,2011,8.41213358633255,74.383
DZA,2012,8.415922033938331,74.609
DZA,2013,8.421394469109343,74.809
DZA,2014,8.441197606306115,74.992
DZA,2015,8.452133793801268,75.159
DZA,2016,8.46983559480189,75.31
DZA,2017,8.4644042012069,75.431
DZA,2018,8.458929044050583,75.555
DZA,2019,8.449484656270382,75.682
DZA,2020,8.381072240246514,73.257
DZA,2021,8.402174378957262,75.208
DZA,2022,8.42166570173465,76.129
DZA,2023,8.44685773124866,76.261
DZA,2024,8.469205795295908,76.475
EAP,1960,5.784866305971799,37.8466800040122
EAP,1961,5.641075220342427,43.0718590813637
EAP,1962,5.621090720983283,51.1681121036194
EAP,1963,5.658324774646741,51.7681450573472
EAP,1964,5.73678432376265,52.4171588133588
EAP,1965,5.815125011623302,52.2581979727025
EAP,1966,5.865125309422345,53.3933594845253
EAP,1967,5.824743731558289,54.2892150551886
EAP,1968,5.815845119482109,54.8324592953438
EAP,1969,5.896973185737654,55.6285450052639
EAP,1970,5.99645264701046,56.3203931281955
EAP,1971,6.035276262569005,57.1303709633156
EAP,1972,6.0584987927884075,57.7156512884068
EAP,1973,6.114727175510822,58.6228455805158
EAP,1974,6.131818307524126,59.2392889521427
EAP,1975,6.177942481168088,59.9868509926584
EAP,1976,6.18791220146549,60.3573474938735
EAP,1977,6.244093253038511,61.4151431159235
EAP,1978,6.316304328498415,62.0075440158344
EAP,1979,6.368395328516087,62.6851715160871
EAP,1980,6.425141853015491,63.211273103632
EAP,1981,6.463847155377128,63.6998592239519
EAP,1982,6.50913262658884,64.1753657541559
EAP,1983,6.566449423882458,64.6556776282209
EAP,1984,6.64580973794424,65.0863045216249
EAP,1985,6.706020916074619,65.4852242844023
EAP,1986,6.758371650501131,65.8380343385992
EAP,1987,6.828916970583498,66.2183226855877
EAP,1988,6.904818898016781,66.5626810949702
EAP,1989,6.943444969859159,66.9037713059909
EAP,1990,6.977444331234123,67.1505842545801
EAP,1991,7.040013128144258,67.5660002700394
EAP,1992,7.132343346184848,68.000610788992
EAP,1993,7.225822003650288,68.4232238260309
EAP,1994,7.316327468564528,68.7211784784976
EAP,1995,7.397847765820174,69.0308782434899
EAP,1996,7.472229754651537,69.4257385136911
EAP,1997,7.531141351953142,69.7948438007995
EAP,1998,7.548876214910589,70.1277624206179
EAP,1999,7.600598323521716,70.4226591214606
EAP,2000,7.664970130694761,70.7357071585237
EAP,2001,7.723084504359218,71.0740923872156
EAP,2002,7.792538845719157,71.3967499620569
EAP,2003,7.8704402015156925,71.80399562865
EAP,2004,7.949909529134222,71.8588009229193
EAP,2005,8.037610327855063,72.3983266445825
EAP,2006,8.134661064877625,72.6518704363172
EAP,2007,8.24411820768296,72.9937536648265
EAP,2008,8.319250453065791,72.9241376220933
EAP,2009,8.38884646263782,73.4677878146597
EAP,2010,8.475776492848574,73.7616390609633
EAP,2011,8.550317420291634,73.9857453156401
EAP,2012,8.61464667837573,74.2597872053228
EAP,2013,8.676689058034825,74.4859323786011
EAP,2014,8.736419253993343,74.7194528121745
EAP,2015,8.793281046305752,74.9511243848739
EAP,2016,8.848856734815405,75.1559117663434
EAP,2017,8.905819624310233,75.2396714880306
EAP,2018,8.962723050909126,75.57828618156
EAP,2019,9.014402901086266,75.7689690321509
EAP,2020,9.023224136172509,75.6976393295064
EAP,2021,9.094444630155753,75.2781418410849
EAP,2022,9.1269717058772,75.9325409436903
EAP,2023,9.17637857639476,75.8806830895266
EAP,2024,9.223051056698399,75.9593161676786
EAR,1960,6.9735535041497645,46.9134137524997
EAR,1961,6.994158896552255,47.4049371428945
EAR,1962,7.009271814719307,47.8504747085533
EAR,1963,7.034968223292174,48.2540310248326
EAR,1964,7.090334119894894,48.7359855859096
EAR,1965,7.124350209029865,47.7516142402706
EAR,1966,7.14148849349706,48.7556114037242
EAR,1967,7.170897572258613,49.4353473393953
EAR,1968,7.21585076352836,50.4370799998856
EAR,1969,7.254717675667132,50.8367203829321
EAR,1970,7.31073381563394,50.7562265845122
EAR,1971,7.338705321652836,50.1319645082879
EAR,1972,7.379182048608286,51.9456584454006
EAR,1973,7.422621742500549,52.3605692852105
EAR,1974,7.463577419715062,52.8062312551309
EAR,1975,7.467362089766214,53.2230312637084
EAR,1976,7.510484879803207,53.7430270036141
EAR,1977,7.5254940699298,54.3131938907929
EAR,1978,7.522844357441651,54.8255944030019
EAR,1979,7.538060724021525,55.521187561392
EAR,1980,7.544371629061585,56.0689071700147
EAR,1981,7.553912793540545,56.5244719931505
EAR,1982,7.532902744920337,57.0197488498526
EAR,1983,7.510430792098674,57.4510681138408
EAR,1984,7.5061634280728375,57.9894302688143
EAR,1985,7.491429876072984,58.4763972056237
EAR,1986,7.481913290030767,58.9311533667492
EAR,1987,7.486237666513011,59.5262782264047
EAR,1988,7.493956630074067,59.9083479091239
EAR,1989,7.489799695337559,60.3479926774692
EAR,1990,7.5148719662012144,60.6383261325043
EAR,1991,7.534843380541295,60.9285000051494
EAR,1992,7.553153956462361,61.3966854252467
EAR,1993,7.566533175854622,61.7375698841275
EAR,1994,7.579501760885271,61.9773008421088
EAR,1995,7.584482304578041,62.4045286349908
EAR,1996,7.619225355631944,62.7427843008096
EAR,1997,7.647360274796871,63.0987415789804
EAR,1998,7.651362556708532,63.4369665976201
EAR,1999,7.654278704053037,63.7793798044262
EAR,2000,7.678207637787298,64.2196098284934
EAR,2001,7.67175271543999,64.55670545203
EAR,2002,7.671473147503521,64.9680746751559
EAR,2003,7.702562782185337,65.2791550496845
EAR,2004,7.747021014421776,65.5132392756465
EAR,2005,7.788194548005005,65.9797864104925
EAR,2006,7.831195581399889,66.3919300050345
EAR,2007,7.8709810479675975,66.7605467353128
EAR,2008,7.889373563269172,67.0218187568003
EAR,2009,7.880172657232127,67.496408245139
EAR,2010,7.926558064505383,67.8244434669729
EAR,2011,7.959442050519753,68.2600380693651
EAR,2012,7.985952569630834,68.6094630284121
EAR,2013,8.011000996158076,68.962837783411
EAR,2014,8.03636773809348,69.3249758824304
EAR,2015,8.064280173703114,69.6305484421664
EAR,2016,8.091614261819469,69.9484837084835
EAR,2017,8.122925498389876,70.2729949393554
EAR,2018,8.1462173028219,70.5486659921504
EAR,2019,8.156463008242856,70.8424064605001
EAR,2020,8.10052712277621,69.8801308490982
EAR,2021,8.16237448448107,68.1790994839634
EAR,2022,8.209682910566615,71.4304552508694
EAR,2023,8.238355531561957,71.7962449795855
EAR,2024,8.264721060667206,72.0081190674171
EAS,1960,7.052162092127073,41.7077571998044
EAS,1961,7.088002626610282,46.3219218941066
EAS,1962,7.127432900081095,53.3100671112346
EAS,1963,7.178138255553756,53.9106157683897
EAS,1964,7.253919816406474,54.5116155619844
EAS,1965,7.297983666491658,54.3828119308802
EAS,1966,7.355229404759751,55.3828850035083
EAS,1967,7.402197620825198,56.3184553539095
EAS,1968,7.4668963879009045,56.7807399684129
EAS,1969,7.5500502917366665,57.4977516700386
EAS,1970,7.562554129146284,58.1074187606119
EAS,1971,7.587869348954349,58.8951346655867
EAS,1972,7.633684883047376,59.4339117165802
EAS,1973,7.685416669248419,60.2382480997819
EAS,1974,7.674761673039696,60.8146155439201
EAS,1975,7.691309053809844,61.5247084281974
EAS,1976,7.715658533035251,61.8888637176415
EAS,1977,7.750983313261629,62.8630319979597
EAS,1978,7.792210918922171,63.4162170600045
EAS,1979,7.834561431354299,64.0552181360129
EAS,1980,7.856543100770253,64.5196525642241
EAS,1981,7.886547060281729,64.9915195437221
EAS,1982,7.911156352779212,65.4523671492189
EAS,1983,7.9378392764310295,65.8821127030231
EAS,1984,7.983003449118877,66.3052538575868
EAS,1985,8.023776912791389,66.6870005932968
EAS,1986,8.056442457354809,67.0393832784245
EAS,1987,8.101544763454084,67.4117708179475
EAS,1988,8.159405959156649,67.7134517924494
EAS,1989,8.193690655767456,68.0497123523571
EAS,1990,8.228465167534186,68.2825492584448
EAS,1991,8.261227041043913,68.6751933934946
EAS,1992,8.289212483704135,69.0651062725422
EAS,1993,8.317286562782924,69.4645680383496
EAS,1994,8.35533941839764,69.7609957361386
EAS,1995,8.397128807584163,70.0243977782735
EAS,1996,8.439674418484039,70.4333037747705
EAS,1997,8.469670885303179,70.790128954889
EAS,1998,8.461168658210587,71.0996369774154
EAS,1999,8.488248585519257,71.367553266776
EAS,2000,8.532669793763583,71.7028323240299
EAS,2001,8.55579593419336,72.0413059988773
EAS,2002,8.59086245034693,72.3571058107458
EAS,2003,8.630972595728968,72.7346908938812
EAS,2004,8.680364103589369,72.812660596894
EAS,2005,8.730801647930779,73.2984345512681
EAS,2006,8.786461978975348,73.5640440034614
EAS,2007,8.85158325252023,73.8948513504332
EAS,2008,8.887363415321852,73.8481629943997
EAS,2009,8.905175639345844,74.3683471715786
EAS,2010,8.971651445756914,74.6299790050688
EAS,2011,9.016779786999418,74.8252830592191
EAS,2012,9.059938722157677,75.1059726864745
EAS,2013,9.103313109353051,75.3347729864006
EAS,2014,9.14372305152479,75.5644270391791
EAS,2015,9.18303536572224,75.7926010192992
EAS,2016,9.221276516465228,75.9870166732102
EAS,2017,9.263363135113403,76.0789923585537
EAS,2018,9.304336598650272,76.3914229383171
EAS,2019,9.338773158959832,76.5862412994962
EAS,2020,9.333781371260615,76.5433946923267
EAS,2021,9.394170465021652,76.152941315904
EAS,2022,9.42233711361986,76.6767167147452
EAS,2023,9.460216845809866,76.6572021082574
EAS,2024,9.495168072160375,76.7378937238629
ECA,1987,8.14677897888849,67.9520523171406
ECA,1988,8.16559271338122,67.8511428551546
ECA,1989,8.164634480182919,68.2628351276386
ECA,1990,8.17993404811481,68.2078850416034
ECA,1991,8.12286783871116,68.0578562708201
ECA,1992,8.065531905481414,67.2516325508895
ECA,1993,8.038638286320884,67.0592633886878
ECA,1994,7.929274526881469,67.3074919162119
ECA,1995,7.935051099476528,67.4447367389633
ECA,1996,7.968345607558259,67.7208847902853
ECA,1997,8.018500031825,68.0432457554526
ECA,1998,8.036902398672403,68.3390752647748
ECA,1999,8.023550367183063,68.2027797821178
ECA,2000,8.085143425971562,68.8570531906331
ECA,2001,8.081679255516669,69.0902777061194
ECA,2002,8.139194862083208,69.3187306210866
ECA,2003,8.198643141997815,69.5879019097604
ECA,2004,8.285718898354174,69.7911486482047
ECA,2005,8.363311460676787,69.9595147646973
ECA,2006,8.437788027112136,70.2178659389806
ECA,2007,8.504545385405434,70.5579786921334
ECA,2008,8.528588542059946,70.9743175160426
ECA,2009,8.485952696247894,71.442292156273
ECA,2010,8.54671423170042,71.9125911481178
ECA,2011,8.618842205088733,72.1509502224104
ECA,2012,8.650833325296595,72.6735984954506
ECA,2013,8.705703112929811,73.1258294397593
ECA,2014,8.728902783105575,73.4195161256746
ECA,2015,8.754445924089323,73.755408258866
ECA,2016,8.773747479070162,74.0313769065099
ECA,2017,8.82353227203758,74.4033539029016
ECA,2018,8.852182134047835,74.5927989243036
ECA,2019,8.869244101252152,74.8158340567546
ECA,2020,8.865034306848372,73.5536868675669
ECA,2021,8.947737167814127,72.8823762052943
ECA,2022,8.983769463589823,74.5731684190474
ECA,2023,9.040234358037404,74.7901416269909
ECA,2024,9.073288473845544,75.1422790044247
ECS,1960,8.888762928476655,67.4196024070789
ECS,1961,8.926707992364642,67.7350311394087
ECS,1962,8.96087342654808,67.6933235402832
ECS,1963,8.997105732434752,68.0406325312611
ECS,1964,9.04343071315732,68.5255322940532
ECS,1965,9.077110220516683,68.5938024181629
ECS,1966,9.104722577077892,68.8080130632047
ECS,1967,9.129442736624858,68.8639036660679
ECS,1968,9.173332314825316,68.8261571131827
ECS,1969,9.222017261721808,68.6805439074408
ECS,1970,9.263047931263255,68.9792127591272
ECS,1971,9.287974334148156,69.1541549538501
ECS,1972,9.32375890657419,69.3852254169036
ECS,1973,9.37449628657991,69.4951524884982
ECS,1974,9.390724576447928,69.7092587055853
ECS,1975,9.38147061777098,69.6471268391087
ECS,1976,9.418287953464363,69.7716657665012
ECS,1977,9.437756441182325,69.9933484309869
ECS,1978,9.46080960735143,70.0704792740795
ECS,1979,9.48966338563391,70.2055155362787
ECS,1980,9.496108125173635,70.2816883304413
ECS,1981,9.493536164899878,70.5651599900075
ECS,1982,9.49837555577239,70.8722587878314
ECS,1983,9.51152671723753,70.9227626462274
ECS,1984,9.532956447224361,71.0629959165545
ECS,1985,9.552657298356117,71.3025072975798
ECS,1986,9.575146321422684,71.8116782483803
ECS,1987,9.598736714244003,72.0267255306422
ECS,1988,9.632268641478634,72.1057055746053
ECS,1989,9.65948518461942,72.2249939268903
ECS,1990,9.675963879880324,72.1943876550158
ECS,1991,9.672882821409926,72.1536904147041
ECS,1992,9.66245149228321,71.8543270329612
ECS,1993,9.652042361221456,71.5316171824395
ECS,1994,9.664355543300328,71.6871244068541
ECS,1995,9.68647124886166,71.830263572355
ECS,1996,9.70258921029502,72.2499242620434
ECS,1997,9.731466043629032,72.6453011952902
ECS,1998,9.755691971493892,72.9146929766169
ECS,1999,9.78317176170576,72.8389666506017
ECS,2000,9.82497301293268,73.1137123890211
ECS,2001,9.845658327925124,73.3558243150228
ECS,2002,9.859430536886038,73.4464115251961
ECS,2003,9.874828472386925,73.5627467942119
ECS,2004,9.903235155105657,73.9880374819429
ECS,2005,9.927384984557586,74.1536447949151
ECS,2006,9.962635415137493,74.6397717965131
ECS,2007,9.996173562415079,75.0086537519123
ECS,2008,10.002329970243332,75.3023142874929
ECS,2009,9.953278941320246,75.6891993778767
ECS,2010,9.975666689404344,75.9953558296811
ECS,2011,9.99637289723244,76.4793686032862
ECS,2012,9.995653061328085,76.6804966624792
ECS,2013,10.000601533106073,77.0324350526049
ECS,2014,10.015799499203345,77.3535744682317
ECS,2015,10.03198955584318,77.3309344089138
ECS,2016,10.046437876458553,77.6812778388278
ECS,2017,10.071808002044058,77.8990078299354
ECS,2018,10.089742953744075,78.030262884925
ECS,2019,10.104074093587414,78.3038616280055
ECS,2020,10.046940492264879,77.1754769112247
ECS,2021,10.112184256975493,76.7286208536036
ECS,2022,10.146008265174808,77.8345651348625
ECS,2023,10.155841806951983,78.3912342010497
ECS,2024,10.167763250017387,78.5976161914947
ECU,1960,7.779751344632783,53.396
ECU,1961,7.801497300224461,54.052
ECU,1962,7.820931657210495,54.681
ECU,1963,7.8128835286166645,55.322
ECU,1964,7.855141245210543,55.95
ECU,1965,7.857893706471796,56.524
ECU,1966,7.824811948961736,57.019
ECU,1967,7.840179834629789,57.482
ECU,1968,7.829233397643218,57.946
ECU,1969,7.845047623972394,58.267
ECU,1970,7.88180459494025,58.85
ECU,1971,7.91327079894516,59.343
ECU,1972,7.932856926306793,59.816
ECU,1973,8.034320843397232,60.306
ECU,1974,8.111738665802433,60.7
ECU,1975,8.18739527012126,61.085
ECU,1976,8.230686218623628,61.425
ECU,1977,8.21886962657843,61.935
ECU,1978,8.246935064098702,62.397
ECU,1979,8.256471965975493,62.854
ECU,1980,8.265953147387465,63.326
ECU,1981,8.293855117850777,63.809
ECU,1982,8.273581841790712,64.271
ECU,1983,8.24394848181799,64.659
ECU,1984,8.24369721604042,65.202
ECU,1985,8.256579068867586,65.625
ECU,1986,8.265731199407753,66.123
ECU,1987,8.238991974700127,66.587
ECU,1988,8.272828596052943,67.038
ECU,1989,8.260018979362053,67.817
ECU,1990,8.273774884441877,68.445
ECU,1991,8.294191679483152,69.04
ECU,1992,8.29405750555031,69.468
ECU,1993,8.29329780124654,70.07
ECU,1994,8.315649839551714,70.876
ECU,1995,8.318909885814428,71.349
ECU,1996,8.317239061213131,71.82
ECU,1997,8.341137220480002,72.007
ECU,1998,8.355154966713103,71.949
ECU,1999,8.288834297845295,71.92
ECU,2000,8.282330942924474,72.09
ECU,2001,8.306225262709143,72.571
ECU,2002,8.336845190471081,73.164
ECU,2003,8.347640876056564,73.632
ECU,2004,8.396208401073688,73.868
ECU,2005,8.431488994320295,73.909
ECU,2006,8.456801913123694,74.01
ECU,2007,8.458568582904595,74.226
ECU,2008,8.505100802337594,74.709
ECU,2009,8.498894143856889,74.901
ECU,2010,8.521624109159822,75.188
ECU,2011,8.586617988892254,75.179
ECU,2012,8.626918292108286,75.486
ECU,2013,8.681575078092347,75.832
ECU,2014,8.708646547394471,76.141
ECU,2015,8.695533446764424,76.222
ECU,2016,8.674049216381379,76.094
ECU,2017,8.716744220594295,76.22
ECU,2018,8.709975776667743,77.248
ECU,2019,8.694734906925728,77.286
ECU,2020,8.585914703255183,72.004
ECU,2021,8.66821236299871,72.746
ECU,2022,8.717271976290036,76.577
ECU,2023,8.726709881444197,77.392
ECU,2024,8.69847203437044,77.579
EGY,1960,6.626274110999807,44.436
EGY,1961,6.650744596984313,45.146
EGY,1962,6.662448079773482,45.844
EGY,1963,6.736167246086022,46.493
EGY,1964,6.819064637772428,47.075
EGY,1965,6.841566558028987,47.577
EGY,1966,6.865735334823635,47.988
EGY,1967,6.848918507231706,48.13
EGY,1968,6.808116876883685,48.602
EGY,1969,6.835217813837519,48.7
EGY,1970,6.86594952499234,49.0
EGY,1971,6.882614312527059,49.48
EGY,1972,6.8896984394932845,49.908
EGY,1973,6.901162913304516,50.098
EGY,1974,6.893516464213809,51.044
EGY,1975,6.955563543695143,51.734
EGY,1976,7.056857755296886,52.484
EGY,1977,7.119390543852767,53.272
EGY,1978,7.177611524739649,54.075
EGY,1979,7.197084634818923,54.876
EGY,1980,7.266409020991266,55.673
EGY,1981,7.310453115412181,56.454
EGY,1982,7.377384358228672,57.219
EGY,1983,7.397795585119257,57.967
EGY,1984,7.460677729657298,58.697
EGY,1985,7.487217631515715,59.405
EGY,1986,7.504984036401743,60.085
EGY,1987,7.514861571240864,60.736
EGY,1988,7.540232699875922,61.358
EGY,1989,7.561046822948377,61.949
EGY,1990,7.586873458191159,62.513
EGY,1991,7.570494896901921,63.059
EGY,1992,7.590357102859379,63.585
EGY,1993,7.5958794655070845,64.147
EGY,1994,7.613302133873521,64.663
EGY,1995,7.6376392785571525,65.214
EGY,1996,7.665588489380541,65.733
EGY,1997,7.6983311933636225,66.207
EGY,1998,7.730739244151649,66.635
EGY,1999,7.767206523053944,67.01
EGY,2000,7.807350757482065,67.332
EGY,2001,7.820854688756066,67.612
EGY,2002,7.823438311021506,67.846
EGY,2003,7.833919020683645,68.045
EGY,2004,7.853380872645033,68.211
EGY,2005,7.876905238391506,68.355
EGY,2006,7.923574230458158,68.493
EGY,2007,7.973178037610638,68.627
EGY,2008,8.02362217321319,68.761
EGY,2009,8.05041527015425,68.915
EGY,2010,8.081427176435344,69.078
EGY,2011,8.077874410142257,69.232
EGY,2012,8.077444647624214,69.464
EGY,2013,8.076011282035749,69.632
EGY,2014,8.08198896567844,69.911
EGY,2015,8.103791147239486,70.135
EGY,2016,8.125992598554863,70.437
EGY,2017,8.146972520522551,70.709
EGY,2018,8.179939755339994,70.974
EGY,2019,8.216424429768118,71.213
EGY,2020,8.235060884801872,69.79
EGY,2021,8.252529465257624,68.976
EGY,2022,8.301467796066554,71.01
EGY,2023,8.321497440966105,71.633
EGY,2024,8.327873434401413,71.806
EMU,1960,9.181596985083322,69.2639076844356
EMU,1961,9.22884123781145,69.6762517361031
EMU,1962,9.27628180586186,69.6326415063394
EMU,1963,9.315236521664133,69.8117701949832
EMU,1964,9.363585553502118,70.3679084672257
EMU,1965,9.404266157058464,70.4537395951948
EMU,1966,9.439237985742269,70.6957545005792
EMU,1967,9.466082965525786,70.849585483823
EMU,1968,9.514661695988782,70.7847565542294
EMU,1969,9.576693603982205,70.6814044478511
EMU,1970,9.625558738809419,71.1118366549764
EMU,1971,9.656707970711954,71.2475254454292
EMU,1972,9.697708979162922,71.5901049351489
EMU,1973,9.750763892109429,71.7111065165473
EMU,1974,9.77699141071512,72.0351413675114
EMU,1975,9.764429948572813,72.0978403744762
EMU,1976,9.80918646406219,72.4256860287628
EMU,1977,9.835673719977455,72.8337075016953
EMU,1978,9.862277085730971,72.9928797098568
EMU,1979,9.896487142608803,73.3260120811833
EMU,1980,9.913664506840075,73.4658093363859
EMU,1981,9.915323958195353,73.7450207858302
EMU,1982,9.919750703938494,74.0684148184191
EMU,1983,9.931623918572177,74.1429079240191
EMU,1984,9.953792277758042,74.532110248549
EMU,1985,9.974809372220756,74.6603081545583
EMU,1986,9.997426461741476,74.9602089304984
EMU,1987,10.019930621841164,75.2585168769323
EMU,1988,10.059270266589374,75.4474966911713
EMU,1989,10.095241481355705,75.6327834257106
EMU,1990,10.125851344091496,75.7055750121233
EMU,1991,10.144913095032663,75.8510068576846
EMU,1992,10.151913470342524,76.1821215982732
EMU,1993,10.141243130899149,76.2825527048644
EMU,1994,10.163194733149645,76.5828308487304
EMU,1995,10.18534125301999,76.7339305428791
EMU,1996,10.200581840214449,76.9903570684
EMU,1997,10.225115057660116,77.3294604812935
EMU,1998,10.252851729224968,77.5534412620789
EMU,1999,10.279851167373074,77.7845407019916
EMU,2000,10.315242863705045,78.039870197159
EMU,2001,10.334184077552319,78.3814988457687
EMU,2002,10.339475959427583,78.47640957321
EMU,2003,10.341918146281813,78.5041960429858
EMU,2004,10.35961465981315,79.0807404551257
EMU,2005,10.372368579986968,79.2220583562048
EMU,2006,10.400686834244715,79.6483122606306
EMU,2007,10.425465645808561,79.8861982263507
EMU,2008,10.425033447400734,80.093489056692
EMU,2009,10.376019989530752,80.304609573735
EMU,2010,10.394609843283357,80.5463865166925
EMU,2011,10.414203408307083,81.0342959599905
EMU,2012,10.403037945434528,81.0387114639645
EMU,2013,10.400225981380409,81.3323585033306
EMU,2014,10.413218578371518,81.7426558325458
EMU,2015,10.432014012196154,81.381552979083
EMU,2016,10.447461027724577,81.7681051866776
EMU,2017,10.47168494295048,81.747020423342
EMU,2018,10.487389472697803,81.8676373939947
EMU,2019,10.501283981635279,82.1461011396487
EMU,2020,10.437744408836371,81.3366927821764
EMU,2021,10.499683538906446,81.3931203059577
EMU,2022,10.532990542692328,81.4869473735593
EMU,2023,10.533239160440706,82.1378956135498
EMU,2024,10.538676547442162,82.246870032101
ERI,1992,6.464700810643073,52.436
ERI,1993,6.559598814069479,53.189
ERI,1994,6.721323330764587,54.027
ERI,1995,6.692955565000317,54.822
ERI,1996,6.731806062792611,55.498
ERI,1997,6.796861453263499,56.155
ERI,1998,6.801375326318383,49.997
ERI,1999,6.786777534795088,44.506
ERI,2000,6.739493337042711,56.285
ERI,2001,6.794887471146691,58.359
ERI,2002,6.790107486972024,58.941
ERI,2003,6.721883032683531,59.455
ERI,2004,6.695293746446187,60.063
ERI,2005,6.696780874173698,60.628
ERI,2006,6.671276244067787,61.457
ERI,2007,6.670858460762138,61.998
ERI,2008,6.541605409673738,62.422
ERI,2009,6.554547085315661,63.203
ERI,2010,6.556604156869258,63.665
ERI,2011,6.621904727996706,64.231
ESP,1960,8.745897563241188,69.1092682926829
ESP,1961,8.848494648126184,69.4804878048781
ESP,1962,8.934181126652007,69.5190243902439
ESP,1963,9.017045938896532,69.6812195121951
ESP,1964,9.058833025469665,70.399756097561
ESP,1965,9.10862870541484,70.8092682926829
ESP,1966,9.168344063310261,71.0551219512195
ESP,1967,9.198525259172095,71.2529268292683
ESP,1968,9.24933407348455,71.5378048780488
ESP,1969,9.324804030386856,71.0575609756098
ESP,1970,9.355271148531147,72.0273170731707
ESP,1971,9.388666533430197,71.630243902439
ESP,1972,9.455971784090842,72.8180487804878
ESP,1973,9.519922874275684,72.6107317073171
ESP,1974,9.563662862020943,72.969756097561
ESP,1975,9.558257313117798,73.3187804878049
ESP,1976,9.580192688225146,73.6426829268293
ESP,1977,9.597891703763745,74.1319512195122
ESP,1978,9.602786985126912,74.2956097560976
ESP,1979,9.594386518998467,74.8187804878049
ESP,1980,9.608203773692113,75.3492682926829
ESP,1981,9.599769429443164,75.5285365853659
ESP,1982,9.606153102196773,76.1341463414634
ESP,1983,9.61882758726932,75.9090243902439
ESP,1984,9.632364519709487,76.2953658536586
ESP,1985,9.65168986735926,76.259512195122
ESP,1986,9.680717260375822,76.5104878048781
ESP,1987,9.732111297951283,76.7280487804878
ESP,1988,9.779678733913478,76.7470731707317
ESP,1989,9.825252447413714,76.8136585365854
ESP,1990,9.861350674786204,76.8375609756098
ESP,1991,9.883946697788506,76.9712195121951
ESP,1992,9.888298367083596,77.41
ESP,1993,9.872744446053932,77.5465853658537
ESP,1994,9.891535846026347,77.9014634146342
ESP,1995,9.914323787594775,77.9807317073171
ESP,1996,9.93589860738898,78.1204878048781
ESP,1997,9.966951958998637,78.6041463414634
ESP,1998,10.004933619310549,78.6658536585366
ESP,1999,10.044024793043178,78.7170731707317
ESP,2000,10.090252632779737,78.9658536585366
ESP,2001,10.12175437006674,79.3682926829268
ESP,2002,10.134810182879763,79.5682926829268
ESP,2003,10.145694845257607,79.619512195122
ESP,2004,10.159110322815067,79.8707317073171
ESP,2005,10.177113069806827,80.1707317073171
ESP,2006,10.199847815939053,80.8219512195122
ESP,2007,10.216062049970796,80.8731707317073
ESP,2008,10.207751124941538,81.1756097560976
ESP,2009,10.160484139040701,81.4756097560976
ESP,2010,10.156820836433829,81.6268292682927
ESP,2011,10.146847683412647,82.4756097560976
ESP,2012,10.11712883089339,82.4268292682927
ESP,2013,10.106369454011844,83.0780487804878
ESP,2014,10.124542975250144,83.2292682926829
ESP,2015,10.165176266554539,82.8317073170732
ESP,2016,10.193139342327708,83.3292682926829
ESP,2017,10.219256993809829,83.2829268292683
ESP,2018,10.238412970115375,83.4317073170732
ESP,2019,10.250667944350491,83.8317073170732
ESP,2020,10.129707163242017,82.2317073170732
ESP,2021,10.192619682417382,83.1780487804878
ESP,2022,10.247187511200723,83.1341463414634
ESP,2023,10.259714515507623,83.9341463414634
ESP,2024,10.283471394692004,83.8878048780488
EST,1990,9.142192741143495,69.4756097560976
EST,1991,9.063834404081254,69.3731707317073
EST,1992,8.844216725974682,68.8634146341464
EST,1993,8.81084146234178,67.909756097561
EST,1994,8.815666682673223,66.5
EST,1995,8.877792874291018,67.5439024390244
EST,1996,8.94079379713045,69.6121951219512
EST,1997,9.074863185415811,69.809756097561
EST,1998,9.126951734890294,69.3585365853659
EST,1999,9.119747600406946,70.0634146341463
EST,2000,9.21101710574961,70.4170731707317
EST,2001,9.274529973063835,70.2585365853659
EST,2002,9.347896602878398,70.9048780487805
EST,2003,9.427388918715423,71.3170731707317
EST,2004,9.499161429013615,71.909756097561
EST,2005,9.59584886294519,72.5682926829268
EST,2006,9.69489482293567,72.6914634146341
EST,2007,9.772436862056837,72.8146341463415
EST,2008,9.722504965252952,73.7707317073171
EST,2009,9.566254604254663,74.8243902439024
EST,2010,9.592737434433703,75.4292682926829
EST,2011,9.669088541910629,76.2292682926829
EST,2012,9.70873004978842,76.3268292682927
EST,2013,9.729701425205867,77.1414634146341
EST,2014,9.765011771172404,77.0341463414634
EST,2015,9.782570874036644,77.590243902439
EST,2016,9.81274124557614,77.6414634146342
EST,2017,9.866347008624501,78.0926829268293
EST,2018,9.899195630013553,78.2439024390244
EST,2019,9.932068968224876,78.6463414634147
EST,2020,9.90083131269748,78.5951219512195
EST,2021,9.979089607962248,76.9439024390244
EST,2022,9.95338660136682,77.8439024390244
EST,2023,9.90978632598162,78.7926829268293
EST,2024,9.907386928184476,79.2951219512195
ETH,1961,5.442505636234063,40.198
ETH,1962,5.459658014508867,40.531
ETH,1963,5.47808056389873,40.967
ETH,1964,5.491845164898293,41.261
ETH,1965,5.521109781722627,41.413
ETH,1966,5.565095042703698,39.343
ETH,1967,5.578505294431946,41.941
ETH,1968,5.59146622835322,42.092
ETH,1969,5.577746297804478,42.131
ETH,1970,5.5844186716772635,42.115
ETH,1971,5.620314860258938,42.216
ETH,1972,5.63499721470172,41.035
ETH,1973,5.658222351075314,41.103
ETH,1974,5.664568028228955,39.083
ETH,1975,5.652510392079173,38.941
ETH,1976,5.628748758332311,41.32
ETH,1977,5.636375660307185,41.397
ETH,1978,5.646446887829376,41.506
ETH,1979,5.620546816959332,42.376
ETH,1980,5.677279372646841,42.815
ETH,1981,5.695050608905171,43.084
ETH,1982,5.665353755424788,43.434
ETH,1983,5.716558127910257,36.319
ETH,1984,5.661644447885709,36.737
ETH,1985,5.5153245489295335,37.747
ETH,1986,5.577988697600412,38.371
ETH,1987,5.673708963602865,45.892
ETH,1988,5.6396848320226765,45.682
ETH,1989,5.597656934540359,45.644
ETH,1990,5.5875412541989045,45.117
ETH,1991,5.470177958865092,46.657
ETH,1992,5.33738364893026,47.279
ETH,1993,5.4257131430296965,47.676
ETH,1994,5.422302960474391,47.926
ETH,1995,5.447730200346377,48.156
ETH,1996,5.531858614000982,48.697
ETH,1997,5.530665095885217,49.21
ETH,1998,5.464067008388046,49.785
ETH,1999,5.48315538475389,49.486
ETH,2000,5.511432455142027,50.88
ETH,2001,5.560844371931545,51.428
ETH,2002,5.545437707029065,52.085
ETH,2003,5.493376891606241,52.877
ETH,2004,5.5907015419850365,53.735
ETH,2005,5.672750530766828,54.364
ETH,2006,5.746247588025826,55.402
ETH,2007,5.825407202013486,56.566
ETH,2008,5.898916621193537,57.733
ETH,2009,5.954884635217175,58.715
ETH,2010,6.04476505384559,59.709
ETH,2011,6.122294607085325,60.595
ETH,2012,6.177196946836758,61.443
ETH,2013,6.250601806946336,62.161
ETH,2014,6.321420118177035,62.927
ETH,2015,6.39344377528803,63.592
ETH,2016,6.456511664605292,64.162
ETH,2017,6.5205996533333845,64.766
ETH,2018,6.55957106098399,65.257
ETH,2019,6.612985198835596,65.741
ETH,2020,6.644707833029646,65.969
ETH,2021,6.672864270197742,65.33
ETH,2022,6.698487178487321,66.897
ETH,2023,6.736310283223052,67.315
ETH,2024,6.7838444186917854,67.603
EUU,1960,9.059141153108847,69.0671020895382
EUU,1961,9.106779976610586,69.4392695905887
EUU,1962,9.153801777231235,69.2909076137991
EUU,1963,9.191924882387415,69.6489882848285
EUU,1964,9.241398810926354,70.1647343396653
EUU,1965,9.284267503699825,70.2771902460445
EUU,1966,9.318282369492511,70.5914564639663
EUU,1967,9.34559168374158,70.5976966281429
EUU,1968,9.39293420977634,70.5992917183003
EUU,1969,9.453965822611194,70.4245972154549
EUU,1970,9.50213300379987,70.8238607805578
EUU,1971,9.532451267828142,70.9648430220726
EUU,1972,9.572279993411438,71.3489565159984
EUU,1973,9.624116653024238,71.4688868369684
EUU,1974,9.64906975509371,71.7828836602127
EUU,1975,9.637528083793251,71.8015512727738
EUU,1976,9.679893087138554,72.0726505674169
EUU,1977,9.70405781782579,72.3957408451131
EUU,1978,9.729575403470319,72.4874680045248
EUU,1979,9.763291572443839,72.7686028234294
EUU,1980,9.779146274540036,72.7921827190342
EUU,1981,9.780462531772564,73.1262054825649
EUU,1982,9.785543712304804,73.4060845301011
EUU,1983,9.797266640927994,73.4512324564333
EUU,1984,9.819973332850134,73.7432948733931
EUU,1985,9.84054169214926,73.819846761556
EUU,1986,9.863296134544802,74.076710462605
EUU,1987,9.885506525271904,74.3236926397558
EUU,1988,9.922723292028849,74.5308842150422
EUU,1989,9.957453305246887,74.6599702422021
EUU,1990,9.986506924938976,74.7025399644901
EUU,1991,9.998116636853549,74.8156196057326
EUU,1992,10.00418595981773,75.1320469492226
EUU,1993,9.994960544838905,75.2586919339716
EUU,1994,10.019122195046386,75.529313881825
EUU,1995,10.044112382907926,75.674162689793
EUU,1996,10.061462443317813,75.92681219796
EUU,1997,10.086449384798891,76.2445492728609
EUU,1998,10.114489678581595,76.5133291555952
EUU,1999,10.142437480104634,76.7479622793438
EUU,2000,10.179823318555359,77.0782450771112
EUU,2001,10.199877455513212,77.4256390326754
EUU,2002,10.20843683675483,77.5340746440768
EUU,2003,10.214082753971667,77.5923748441053
EUU,2004,10.235872043841029,78.1178281794517
EUU,2005,10.251844941902048,78.2751410316852
EUU,2006,10.283520536819491,78.6721282949285
EUU,2007,10.310957554051228,78.9060450955774
EUU,2008,10.313763056130064,79.1296281887548
EUU,2009,10.2671490833286,79.362438680677
EUU,2010,10.287148445419295,79.6354307923887
EUU,2011,10.308090953945607,80.1439505204153
EUU,2012,10.298932969354686,80.1657773209271
EUU,2013,10.29779778517729,80.4734324600181
EUU,2014,10.312874668347698,80.8760173893061
EUU,2015,10.334349529972618,80.5707965259
EUU,2016,10.351378665445562,80.9529785979391
EUU,2017,10.377721856440067,80.9301511681956
EUU,2018,10.396324976305438,81.0303425240609
EUU,2019,10.412995623118183,81.3194524901835
EUU,2020,10.355678576219388,80.4414754678551
EUU,2021,10.418943916857064,80.3071959761974
EUU,2022,10.451785568903215,80.7133261894067
EUU,2023,10.452375379585597,81.4249329538218
EUU,2024,10.460222697800642,81.5608466061313
FIN,1960,9.31953360109149,68.819756097561
FIN,1961,9.385770350979119,68.8441463414634
FIN,1962,9.408353904207399,68.5778048780488
FIN,1963,9.433607065042144,69.0126829268293
FIN,1964,9.47910469785864,69.2209756097561
FIN,1965,9.527441327755197,68.9778048780488
FIN,1966,9.547144404331103,69.4770731707317
FIN,1967,9.563185347330352,69.6665853658537
FIN,1968,9.58146727031639,69.6163414634146
FIN,1969,9.673653528863559,69.5034146341464
FIN,1970,9.749486290073724,70.179512195122
FIN,1971,9.771520000020102,70.0175609756098
FIN,1972,9.840076869624784,70.7073170731707
FIN,1973,9.901905277833688,71.2236585365854
FIN,1974,9.928522458449178,71.1348780487805
FIN,1975,9.941971858139585,71.6736585365854
FIN,1976,9.942395287213962,71.8129268292683
FIN,1977,9.941990146689122,72.350243902439
FIN,1978,9.967897883027115,72.8970731707317
FIN,1979,10.034139587235654,73.1553658536586
FIN,1980,10.083517333998747,73.44
FIN,1981,10.09206360234873,73.7465853658537
FIN,1982,10.116861089202194,74.2980487804878
FIN,1983,10.141467711141,74.2009756097561
FIN,1984,10.167880017746775,74.5190243902439
FIN,1985,10.198497679464424,74.2229268292683
FIN,1986,10.222428025000145,74.56
FIN,1987,10.254582701150582,74.5919512195122
FIN,1988,10.302664630348694,74.5770731707317
FIN,1989,10.348643616306669,74.7921951219512
FIN,1990,10.35110248548658,74.8131707317073
FIN,1991,10.285034808846994,75.2275609756098
FIN,1992,10.2457413023434,75.4553658536585
FIN,1993,10.233074046260876,75.7051219512195
FIN,1994,10.267641642823316,76.3956097560976
FIN,1995,10.305296797077705,76.409512195122
FIN,1996,10.337988177898541,76.6934146341464
FIN,1997,10.397028185167853,76.8785365853659
FIN,1998,10.447480670849028,77.0907317073171
FIN,1999,10.488116317295356,77.2912195121951
FIN,2000,10.54198322818293,77.4658536585366
FIN,2001,10.565766442246437,77.9658536585366
FIN,2002,10.58007512397124,78.119512195122
FIN,2003,10.597608857738258,78.3682926829268
FIN,2004,10.633977792119145,78.7146341463415
FIN,2005,10.657949721074669,78.8170731707317
FIN,2006,10.693520849629339,79.2146341463415
FIN,2007,10.741031351305585,79.2634146341464
FIN,2008,10.744189564154127,79.5682926829268
FIN,2009,10.65519872389004,79.719512195122
FIN,2010,10.681815110699374,79.8707317073171
FIN,2011,10.700802242658,80.4707317073171
FIN,2012,10.680698603596396,80.6268292682927
FIN,2013,10.666245645191548,80.9756097560976
FIN,2014,10.657317894845738,81.1804878048781
FIN,2015,10.658678246085698,81.4804878048781
FIN,2016,10.68119819509062,81.4292682926829
FIN,2017,10.711351303153466,81.6317073170732
FIN,2018,10.721884069873319,81.7341463414634
FIN,2019,10.734189259287104,81.9829268292683
FIN,2020,10.70752697299843,81.9317073170732
FIN,2021,10.731865674190225,81.8853658536585
FIN,2022,10.736747683651803,81.1878048780488
FIN,2023,10.718774518542816,81.5853658536585
FIN,2024,10.716086786147034,82.3365853658537
FJI,1960,7.666222420286907,58.602
FJI,1961,7.670342353482338,59.102
FJI,1962,7.674796822104294,59.654
FJI,1963,7.7050296093126605,60.155
FJI,1964,7.721519968472372,60.714
FJI,1965,7.663525921291602,61.413
FJI,1966,7.634512205998753,61.565
FJI,1967,7.73469715192111,61.442
FJI,1968,7.788819072981092,61.719
FJI,1969,7.793506150588926,61.397
FJI,1970,7.893333764490199,61.652
FJI,1971,7.941427460191924,61.74
FJI,1972,7.9964289255242464,61.63
FJI,1973,8.090573699444978,60.649
FJI,1974,8.10157782003553,61.194
FJI,1975,8.092142838141585,61.689
FJI,1976,8.10255703383542,62.1
FJI,1977,8.139179620434604,62.691
FJI,1978,8.13402579833291,63.065
FJI,1979,8.225514334723378,62.305
FJI,1980,8.185526879251823,62.406
FJI,1981,8.223052775467625,62.255
FJI,1982,8.137446575873179,62.195
FJI,1983,8.072947738361858,62.916
FJI,1984,8.129364840126556,63.238
FJI,1985,8.058299637237466,63.998
FJI,1986,8.111691645186978,63.961
FJI,1987,8.028170938589795,64.278
FJI,1988,8.026873562083479,64.951
FJI,1989,8.088624545846155,65.386
FJI,1990,8.135918285091352,65.056
FJI,1991,8.100382018566348,65.457
FJI,1992,8.15232230485014,65.407
FJI,1993,8.167023413501319,65.51
FJI,1994,8.211211390927506,65.796
FJI,1995,8.230915018720152,66.007
FJI,1996,8.271504816929108,66.202
FJI,1997,8.238924501419651,66.293
FJI,1998,8.23945801631337,66.536
FJI,1999,8.31222767971811,66.728
FJI,2000,8.284223782733651,66.194
FJI,2001,8.293748919910334,66.205
FJI,2002,8.315347308535024,65.492
FJI,2003,8.315743728770713,65.653
FJI,2004,8.358103025929811,65.841
FJI,2005,8.355956018999155,65.983
FJI,2006,8.365301537907776,66.126
FJI,2007,8.348407139923859,66.161
FJI,2008,8.352500760158872,66.32
FJI,2009,8.334301827870611,66.347
FJI,2010,8.359921450632225,66.778
FJI,2011,8.383794552297468,66.88
FJI,2012,8.395698419208589,65.812
FJI,2013,8.440388013284181,66.545
FJI,2014,8.493564825962569,66.581
FJI,2015,8.536511597309282,66.48
FJI,2016,8.56003393008174,66.657
FJI,2017,8.612626709577842,67.06
FJI,2018,8.651761576246027,66.965
FJI,2019,8.64841517985015,67.009
FJI,2020,8.459801934372832,66.924
FJI,2021,8.413461022644697,64.904
FJI,2022,8.573860236940176,67.148
FJI,2023,8.658965195551744,67.316
FJI,2024,8.68865751407072,67.463
FRA,1960,9.28508816574754,69.8682926829268
FRA,1961,9.323023277606332,70.1170731707317
FRA,1962,9.37929490504753,70.3146341463415
FRA,1963,9.428502873181206,70.5146341463415
FRA,1964,9.48159281187096,70.6634146341463
FRA,1965,9.519252198267779,70.8121951219512
FRA,1966,9.560936808709645,70.9609756097561
FRA,1967,9.599698357515068,71.1609756097561
FRA,1968,9.636473240670538,71.309756097561
FRA,1969,9.696764324247663,71.4585365853659
FRA,1970,9.747819178900341,71.6585365853659
FRA,1971,9.789977090256293,71.9073170731707
FRA,1972,9.82535222574932,72.1073170731707
FRA,1973,9.877372609383741,72.3560975609756
FRA,1974,9.913957093164639,72.6048780487805
FRA,1975,9.899698995378332,72.8536585365854
FRA,1976,9.93791886398471,73.1024390243903
FRA,1977,9.968169240684041,73.3512195121951
FRA,1978,10.00236965524604,73.6024390243903
FRA,1979,10.034175228434984,73.8512195121951
FRA,1980,10.045461203597055,74.0512195121951
FRA,1981,10.051336759718543,74.3
FRA,1982,10.071816339678055,74.5
FRA,1983,10.078969182469933,74.8
FRA,1984,10.090050834547268,75.0
FRA,1985,10.100621293405823,75.3
FRA,1986,10.1191242077973,75.6
FRA,1987,10.13890036466416,75.8
FRA,1988,10.180138587991937,76.1
FRA,1989,10.217277825757316,76.3487804878049
FRA,1990,10.239708870077546,76.6
FRA,1991,10.24697923630889,76.8487804878049
FRA,1992,10.257045826063687,77.1
FRA,1993,10.249099899677633,77.3
FRA,1994,10.268911633641826,77.6487804878049
FRA,1995,10.288056374162641,77.7512195121951
FRA,1996,10.298356000726578,77.9536585365854
FRA,1997,10.319744975933151,78.3048780487805
FRA,1998,10.349982869744483,78.6048780487805
FRA,1999,10.378252352768595,78.7560975609756
FRA,2000,10.41196455938631,79.0560975609756
FRA,2001,10.423491143620433,79.1585365853659
FRA,2002,10.426841714324294,79.2609756097561
FRA,2003,10.429417063317526,79.1146341463415
FRA,2004,10.450369670643694,80.1634146341463
FRA,2005,10.46156035781355,80.1634146341463
FRA,2006,10.481375840933726,80.8121951219512
FRA,2007,10.500183536717612,81.1121951219512
FRA,2008,10.498397836691959,81.2146341463415
FRA,2009,10.46461223230059,81.4146341463415
FRA,2010,10.479488279806773,81.6634146341463
FRA,2011,10.498745023373234,82.1146341463415
FRA,2012,10.495744539126457,81.9682926829268
FRA,2013,10.498362554628631,82.219512195122
FRA,2014,10.503542950822526,82.719512195122
FRA,2015,10.510598309049092,82.3219512195122
FRA,2016,10.516523159928422,82.5731707317073
FRA,2017,10.534243183775834,82.5756097560976
FRA,2018,10.546983342576375,82.6756097560976
FRA,2019,10.563729425368221,82.8268292682927
FRA,2020,10.483163766260127,82.1756097560976
FRA,2021,10.546153139940396,82.3243902439024
FRA,2022,10.567935067766882,82.1292682926829
FRA,2023,10.579473701890324,82.8317073170732
FRA,2024,10.588688126006776,82.9804878048781
FRO,2008,10.70600540801825,80.1460804878049
FRO,2009,10.654410243991455,80.3695317073171
FRO,2010,10.653355075570099,80.604956097561
FRO,2011,10.690743215300568,80.8518097560976
FRO,2012,10.764368004177273,81.1060951219512
FRO,2013,10.822211161931463,81.356643902439
FRO,2014,10.871343204823827,81.5912048780488
FRO,2015,10.871198640340236,81.7995975609756
FRO,2016,10.873479467781884,81.962112195122
FRO,2017,10.893625264763804,82.1062926829268
FRO,2018,10.90471715427972,82.2486024390244
FRO,2019,10.93367221832935,82.3912829268293
FRO,2020,10.902386164733468,82.5341926829268
FRO,2021,10.93801509552012,82.6763219512195
FRO,2022,10.964479700868994,82.8162292682927
FRO,2023,10.986437215919842,82.9521195121951
FRO,2024,10.990400163688708,83.0832463414634
FSM,1970,7.437704196307363,59.774
FSM,1971,7.4317848337577,60.182
FSM,1972,7.415678017300789,60.608
FSM,1973,7.680769089240281,60.955
FSM,1974,7.796192728192787,61.319
FSM,1975,7.771719433217765,61.617
FSM,1976,7.751520296185889,61.885
FSM,1977,7.751114248401171,62.118
FSM,1978,7.7780941810968836,62.306
FSM,1979,7.767941018608961,62.46
FSM,1980,7.662386782883949,62.556
FSM,1981,7.724811113522014,62.668
FSM,1982,7.6683127454700015,62.747
FSM,1983,7.657935804270683,62.829
FSM,1984,7.588558877420921,62.923
FSM,1985,7.713095117339594,63.028
FSM,1986,7.761738005805944,63.151
FSM,1987,7.746106478612163,63.206
FSM,1988,7.747799041326284,63.461
FSM,1989,7.763012082025869,63.617
FSM,1990,7.7808777613911335,63.722
FSM,1991,7.834195300001076,63.881
FSM,1992,7.853720273639961,63.996
FSM,1993,7.9106482986301625,64.041
FSM,1994,7.886698575858363,64.082
FSM,1995,7.943959010859783,64.142
FSM,1996,7.905653204785781,64.253
FSM,1997,7.838274091740387,64.371
FSM,1998,7.863496140232297,64.509
FSM,1999,7.872004264366412,64.626
FSM,2000,7.913958250479542,64.317
FSM,2001,7.92913536911539,64.801
FSM,2002,7.932819383879342,63.907
FSM,2003,7.95174399392398,64.915
FSM,2004,7.922531472803548,64.898
FSM,2005,7.954190477656835,64.906
FSM,2006,7.956198951917812,64.859
FSM,2007,7.947159073028202,64.844
FSM,2008,7.930144949819663,64.849
FSM,2009,7.952075908783794,64.865
FSM,2010,7.972895595410089,64.892
FSM,2011,8.00854511586034,64.969
FSM,2012,7.990437046897446,65.08
FSM,2013,7.950557938129758,65.179
FSM,2014,7.922042234118877,65.294
FSM,2015,7.96201948938421,65.306
FSM,2016,7.971249007601128,65.576
FSM,2017,7.9880683108333255,65.761
FSM,2018,7.9882233790619,65.943
FSM,2019,8.020624515953862,66.196
FSM,2020,7.994107251281418,65.878
FSM,2021,8.018270617041075,66.152
FSM,2022,7.98225404019804,66.961
FSM,2023,7.988908443520114,67.198
FSM,2024,8.006966287538413,67.357
GAB,1960,8.105095215839636,46.443
GAB,1961,8.231280647793021,47.115
GAB,1962,8.29088790387188,47.777
GAB,1963,8.337145047287095,48.425
GAB,1964,8.368216762949805,48.994
GAB,1965,8.43415557754845,49.71
GAB,1966,8.463431900235856,50.322
GAB,1967,8.488287878390995,50.928
GAB,1968,8.496949597598956,51.545
GAB,1969,8.555605736883422,52.127
GAB,1970,8.617515525868164,52.697
GAB,1971,8.694410200782732,53.259
GAB,1972,8.781281808401832,53.811
GAB,1973,8.857474701526439,54.352
GAB,1974,9.16890394204251,54.911
GAB,1975,9.322304214660443,55.455
GAB,1976,9.60399487485839,55.97
GAB,1977,9.445674416395848,56.467
GAB,1978,9.146021862666503,56.954
GAB,1979,9.125583650407084,57.438
GAB,1980,9.125057696523859,57.893
GAB,1981,9.148387333346493,58.332
GAB,1982,9.090084425517226,58.644
GAB,1983,9.117505164488941,58.994
GAB,1984,9.162547952185298,59.34
GAB,1985,9.111458772712636,59.665
GAB,1986,9.075785757304521,59.956
GAB,1987,8.85995372218785,60.2
GAB,1988,8.95298518838255,60.398
GAB,1989,9.007315869435168,60.584
GAB,1990,9.030527237260394,60.736
GAB,1991,9.062697288432139,60.891
GAB,1992,9.004406409901417,61.013
GAB,1993,9.01648172464911,61.125
GAB,1994,9.026731199572637,61.183
GAB,1995,9.049577558309386,61.27
GAB,1996,9.059867204105455,61.265
GAB,1997,9.090444224993844,61.395
GAB,1998,9.09931060542301,61.506
GAB,1999,8.98025341835928,61.658
GAB,2000,8.935390198031547,61.81
GAB,2001,8.930199122999735,61.982
GAB,2002,8.900924653044678,62.175
GAB,2003,8.895858579613689,62.463
GAB,2004,8.874725966139406,62.694
GAB,2005,8.872098077807452,62.978
GAB,2006,8.813450613695512,63.259
GAB,2007,8.840533001332654,63.619
GAB,2008,8.774681778845467,64.011
GAB,2009,8.742707708137507,64.361
GAB,2010,8.776706645526552,64.715
GAB,2011,8.80974846243396,65.102
GAB,2012,8.82515229050023,65.438
GAB,2013,8.844805946849753,65.751
GAB,2014,8.853466187389746,66.07
GAB,2015,8.860375230643234,66.336
GAB,2016,8.852425394466891,66.583
GAB,2017,8.830551723075429,66.816
GAB,2018,8.813527149568015,67.043
GAB,2019,8.82725820556544,67.337
GAB,2020,8.784817392789964,67.073
GAB,2021,8.776329020385727,67.072
GAB,2022,8.783776555110856,67.713
GAB,2023,8.7858841212147,68.337
GAB,2024,8.797697594713325,68.511
GBR,1960,9.637151271720123,71.1268292682927
GBR,1961,9.656201399823429,70.8780487804878
GBR,1962,9.658641830117807,70.9268292682927
GBR,1963,9.698609769589343,70.8268292682927
GBR,1964,9.746546238477258,71.6243902439024
GBR,1965,9.761201137678313,71.6243902439024
GBR,1966,9.771241025102714,71.5731707317073
GBR,1967,9.793234712101219,72.1243902439024
GBR,1968,9.84164892955919,71.7243902439025
GBR,1969,9.85669665738178,71.7219512195122
GBR,1970,9.879434919055969,71.9731707317073
GBR,1971,9.895105365475754,72.2731707317073
GBR,1972,9.927336448650737,72.1243902439024
GBR,1973,9.995988963892128,72.3243902439024
GBR,1974,9.978418723406538,72.5243902439024
GBR,1975,9.97170124353255,72.7243902439024
GBR,1976,9.999607739649743,72.7756097560976
GBR,1977,10.023295039751096,73.2243902439024
GBR,1978,10.056708845131288,73.1756097560976
GBR,1979,10.082908811273999,73.2756097560976
GBR,1980,10.059681685874784,73.6756097560976
GBR,1981,10.046010529294433,74.0268292682927
GBR,1982,10.067083608355079,74.1780487804878
GBR,1983,10.102344714891201,74.3780487804878
GBR,1984,10.127120880115712,74.7780487804878
GBR,1985,10.160212541006658,74.6292682926829
GBR,1986,10.197235701286083,74.9292682926829
GBR,1987,10.239720112590565,75.280487804878
GBR,1988,10.28659532256088,75.3804878048781
GBR,1989,10.306550317089005,75.5829268292683
GBR,1990,10.311323466784343,75.8804878048781
GBR,1991,10.295222343281756,76.0829268292683
GBR,1992,10.305382216834882,76.4341463414634
GBR,1993,10.337294276206352,76.3853658536585
GBR,1994,10.383094771593255,76.8853658536585
GBR,1995,10.41517329011568,76.8365853658537
GBR,1996,10.43844014324964,77.0878048780488
GBR,1997,10.483511123360252,77.2109756097561
GBR,1998,10.51254441599142,77.190243902439
GBR,1999,10.53822977803471,77.390243902439
GBR,2000,10.578906935959393,77.7414634146342
GBR,2001,10.598686026147227,77.9926829268293
GBR,2002,10.611398533105135,78.1439024390244
GBR,2003,10.638420192766988,78.4463414634146
GBR,2004,10.655724551877935,78.7463414634146
GBR,2005,10.676382694300225,79.0487804878049
GBR,2006,10.690694098683508,79.2487804878049
GBR,2007,10.711795251008132,79.4487804878049
GBR,2008,10.703430685941642,79.6
GBR,2009,10.648907150700913,80.0512195121951
GBR,2010,10.663421993615653,80.4024390243902
GBR,2011,10.664085262516195,80.9512195121951
GBR,2012,10.672129437639674,80.9048780487805
GBR,2013,10.68248836713804,81.0048780487805
GBR,2014,10.706129570954941,81.3048780487805
GBR,2015,10.720091425900469,80.9560975609756
GBR,2016,10.733974395454329,81.1560975609756
GBR,2017,10.758316647036539,81.2560975609756
GBR,2018,10.768826194480233,81.2560975609756
GBR,2019,10.776179814785435,81.3691219512195
GBR,2020,10.668607408899039,80.331756097561
GBR,2021,10.747024927230289,80.6473170731707
GBR,2022,10.787463648853766,81.0112195121951
GBR,2023,10.777103616697978,81.2380975609756
GBR,2024,10.776890992264004,81.3868536585366
GEO,1960,7.271158523170617,61.347
GEO,1961,7.302886757736534,61.72
GEO,1962,7.337559268785751,62.078
GEO,1963,7.363989028271705,62.457
GEO,1964,7.40275909201335,62.818
GEO,1965,7.489967223966082,63.097
GEO,1966,7.551184799767984,63.397
GEO,1967,7.602029633600013,63.772
GEO,1968,7.636550863430773,64.139
GEO,1969,7.67385354791936,64.509
GEO,1970,7.77798871177928,64.869
GEO,1971,7.79199451844653,65.189
GEO,1972,7.809854628800829,65.516
GEO,1973,7.86385843994892,65.851
GEO,1974,7.939605650030222,66.18
GEO,1975,8.003433291123946,66.512
GEO,1976,8.055429840180647,66.894
GEO,1977,8.115283898610782,67.246
GEO,1978,8.181110859565953,67.597
GEO,1979,8.24486440085122,67.942
GEO,1980,8.281183563666872,68.273
GEO,1981,8.324306400478697,68.741
GEO,1982,8.335666337354157,69.109
GEO,1983,8.368994463896867,69.135
GEO,1984,8.41331338713032,68.795
GEO,1985,8.452776660757653,69.006
GEO,1986,8.358601820452616,69.225
GEO,1987,8.363079449810996,69.219
GEO,1988,8.407244428679931,68.825
GEO,1989,8.329961232220988,68.635
GEO,1990,8.170194786207436,68.679
GEO,1991,7.926172962096592,68.202
GEO,1992,7.322411468760094,67.78
GEO,1993,6.96799891604681,67.405
GEO,1994,6.8735981045261685,68.669
GEO,1995,6.93680963001293,69.398
GEO,1996,7.079288185532387,70.637
GEO,1997,7.211396958204062,69.683
GEO,1998,7.2666830359156025,69.787
GEO,1999,7.315526384744354,70.012
GEO,2000,7.3532091874893375,70.091
GEO,2001,7.415674798754026,70.371
GEO,2002,7.47794186249235,70.438
GEO,2003,7.589569196739825,71.377
GEO,2004,7.65207299240279,71.011
GEO,2005,7.750012245177596,70.689
GEO,2006,7.845734128141321,70.983
GEO,2007,7.969405137405952,70.985
GEO,2008,7.996370625261619,70.949
GEO,2009,7.968061876581072,71.058
GEO,2010,8.035947449482942,71.732
GEO,2011,8.120321950975983,72.485
GEO,2012,8.19140232888114,72.672
GEO,2013,8.244466988701284,73.025
GEO,2014,8.28408788641567,73.105
GEO,2015,8.315474075721646,73.241
GEO,2016,8.34879620797026,73.136
GEO,2017,8.398974235046817,73.435
GEO,2018,8.45821858661897,73.985
GEO,2019,8.51234374824076,74.165
GEO,2020,8.446686872355555,73.509
GEO,2021,8.551633004229327,71.635
GEO,2022,8.65457046590989,74.141
GEO,2023,8.72917396650096,74.496
GEO,2024,8.79578775566817,74.657
GHA,1960,7.003758902101262,46.942
GHA,1961,7.008952250175267,47.127
GHA,1962,7.025123263281164,47.335
GHA,1963,7.044358159209035,47.476
GHA,1964,7.042407080162253,47.637
GHA,1965,7.032012446727959,47.689
GHA,1966,6.96444131294941,47.708
GHA,1967,6.970579285604254,47.734
GHA,1968,6.949920235712723,47.758
GHA,1969,6.983237051850899,47.895
GHA,1970,7.04929977696728,47.888
GHA,1971,7.072473420629204,47.949
GHA,1972,7.019138459382059,48.274
GHA,1973,7.018708339696461,48.577
GHA,1974,7.055981956867233,48.918
GHA,1975,6.894277912235683,49.323
GHA,1976,6.829555051332443,49.732
GHA,1977,6.822564101205771,50.079
GHA,1978,6.873543209718409,50.461
GHA,1979,6.817534053864004,50.787
GHA,1980,6.7929929818377515,51.059
GHA,1981,6.7292380688164,51.313
GHA,1982,6.62843085002472,51.425
GHA,1983,6.551645954724565,51.78
GHA,1984,6.608769390726805,52.232
GHA,1985,6.6369274178709645,52.732
GHA,1986,6.665604636514685,53.276
GHA,1987,6.689511715817729,53.818
GHA,1988,6.720241129084021,54.396
GHA,1989,6.744867551084775,54.936
GHA,1990,6.752098056484593,55.395
GHA,1991,6.778370368168698,55.722
GHA,1992,6.791573282627406,56.055
GHA,1993,6.814238677281984,56.286
GHA,1994,6.822664299746003,56.234
GHA,1995,6.8393643459342695,56.662
GHA,1996,6.861004690804822,56.957
GHA,1997,6.878322080395633,57.241
GHA,1998,6.89993106750372,57.525
GHA,1999,6.91857844579669,57.835
GHA,2000,6.929786017434901,58.139
GHA,2001,6.942375677407058,58.403
GHA,2002,6.958891181606044,58.709
GHA,2003,6.982584334854198,59.014
GHA,2004,7.010586877806363,59.316
GHA,2005,7.041684408174118,59.638
GHA,2006,7.077722254076571,59.975
GHA,2007,7.094497930022228,60.282
GHA,2008,7.156671186674488,60.578
GHA,2009,7.17902632740855,60.928
GHA,2010,7.2307282015915675,61.297
GHA,2011,7.338120028780592,61.617
GHA,2012,7.402781174330231,61.995
GHA,2013,7.449263567025663,62.397
GHA,2014,7.453775812456562,62.832
GHA,2015,7.4516903812515745,63.175
GHA,2016,7.462106386506756,63.522
GHA,2017,7.518306607865188,63.829
GHA,2018,7.5577095484827375,64.138
GHA,2019,7.600679295743949,64.455
GHA,2020,7.585887352209717,64.309
GHA,2021,7.615815044659655,64.286
GHA,2022,7.6339546472453055,65.246
GHA,2023,7.645786603214523,65.498
GHA,2024,7.6838654979736445,65.695
GIN,1970,6.118145419013093,39.06
GIN,1971,6.152419888627142,39.372
GIN,1972,6.157987091204242,39.683
GIN,1973,6.156747854093513,39.937
GIN,1974,6.191589640072807,40.229
GIN,1975,6.204062706773579,40.606
GIN,1976,6.264718958281408,41.028
GIN,1977,6.215057730568784,41.409
GIN,1978,6.264956014927771,41.882
GIN,1979,6.236248063548375,42.343
GIN,1980,6.244313488445076,42.842
GIN,1981,6.23157680610463,43.33
GIN,1982,6.229324784995534,43.863
GIN,1983,6.221096403789645,44.226
GIN,1984,6.212806056180632,44.858
GIN,1985,6.238100972559922,45.31
GIN,1986,6.244067530888174,45.719
GIN,1987,6.250864241294681,46.107
GIN,1988,6.285877310288806,46.478
GIN,1989,6.299179532538323,46.86
GIN,1990,6.306953040468329,47.252
GIN,1991,6.292721711139453,47.781
GIN,1992,6.292990791527753,48.266
GIN,1993,6.31174704620104,48.819
GIN,1994,6.320701353675846,49.188
GIN,1995,6.337804649636086,49.836
GIN,1996,6.3531568978464685,50.546
GIN,1997,6.383124011279517,51.113
GIN,1998,6.400104598221943,51.61
GIN,1999,6.415109538216811,51.987
GIN,2000,6.42021841308073,52.42
GIN,2001,6.443050473922217,52.669
GIN,2002,6.477825789345846,53.2
GIN,2003,6.467809306805135,53.589
GIN,2004,6.469533754748539,53.975
GIN,2005,6.479061881204382,54.422
GIN,2006,6.469981835099149,54.875
GIN,2007,6.5127834197966274,55.233
GIN,2008,6.529091456762496,55.703
GIN,2009,6.493385695438696,56.052
GIN,2010,6.515803824743778,56.431
GIN,2011,6.545636963018205,56.778
GIN,2012,6.578564749774563,57.117
GIN,2013,6.592815937106983,57.459
GIN,2014,6.604312692171993,57.581
GIN,2015,6.616542938138529,57.899
GIN,2016,6.693616588244367,58.49
GIN,2017,6.766085145131337,58.715
GIN,2018,6.802291789183961,59.043
GIN,2019,6.831330091363277,59.379
GIN,2020,6.851788875651407,59.35
GIN,2021,6.881048702074966,59.373
GIN,2022,6.895179029901524,60.432
GIN,2023,6.924495327252559,60.74
GIN,2024,6.952654143530342,60.904
GMB,1966,6.293567491103051,37.559
GMB,1967,6.266048767005213,38.063
GMB,1968,6.3294861902247135,38.533
GMB,1969,6.325338525910113,39.004
GMB,1970,6.356677801845991,39.532
GMB,1971,6.327275696776968,40.048
GMB,1972,6.300490433492826,40.549
GMB,1973,6.359473396536815,41.088
GMB,1974,6.38715096526583,41.676
GMB,1975,6.4743228859606425,42.192
GMB,1976,6.514674216297685,42.876
GMB,1977,6.516866543794974,43.366
GMB,1978,6.5456152936301,43.573
GMB,1979,6.4988147704962715,44.517
GMB,1980,6.5252414087120805,44.977
GMB,1981,6.523214574319215,44.489
GMB,1982,6.480146759477459,46.25
GMB,1983,6.54656943058523,46.892
GMB,1984,6.542907958893158,47.513
GMB,1985,6.4952778572964265,48.151
GMB,1986,6.495269068760056,48.798
GMB,1987,6.478886057311622,49.392
GMB,1988,6.481577176696145,50.146
GMB,1989,6.497274578628008,50.725
GMB,1990,6.490285146060383,51.278
GMB,1991,6.478862291819818,51.857
GMB,1992,6.471451043702028,52.477
GMB,1993,6.4644617201147385,53.15
GMB,1994,6.433826064765986,53.768
GMB,1995,6.41283333764244,54.292
GMB,1996,6.405905790310624,54.849
GMB,1997,6.4253512377342945,55.225
GMB,1998,6.431695038610479,56.007
GMB,1999,6.465948289846352,56.466
GMB,2000,6.492105337553578,56.899
GMB,2001,6.521415739529363,57.283
GMB,2002,6.461529005966263,57.736
GMB,2003,6.501040724129667,58.223
GMB,2004,6.5418425326274106,58.749
GMB,2005,6.490232192938562,59.11
GMB,2006,6.4561352737177184,59.667
GMB,2007,6.45709818241037,60.001
GMB,2008,6.48871192105011,60.473
GMB,2009,6.5241986221400285,60.735
GMB,2010,6.552528606636002,61.167
GMB,2011,6.438494350299619,61.561
GMB,2012,6.460123337915383,61.9
GMB,2013,6.459156707798993,62.252
GMB,2014,6.416535323496578,62.576
GMB,2015,6.428971398775769,62.971
GMB,2016,6.421936633826368,63.386
GMB,2017,6.44377713879812,63.708
GMB,2018,6.489399187925223,64.034
GMB,2019,6.526198538864571,64.427
GMB,2020,6.508409374636435,64.418
GMB,2021,6.535956892337384,63.847
GMB,2022,6.566232078596093,64.859
GMB,2023,6.600703327910118,65.86
GMB,2024,6.6319568341287205,66.057
GNB,1970,6.2729490942157735,37.258
GNB,1971,6.229948053962049,37.538
GNB,1972,6.291066748009591,37.82
GNB,1973,6.291611216375758,38.17
GNB,1974,6.3021492397136605,41.613
GNB,1975,6.318138240030904,41.934
GNB,1976,6.302100012962328,42.253
GNB,1977,6.161381239262261,42.578
GNB,1978,6.219603561132616,42.908
GNB,1979,6.204381600109852,43.239
GNB,1980,6.019148269818821,43.57
GNB,1981,6.17037407369765,43.926
GNB,1982,6.195666720486999,44.293
GNB,1983,6.145211899491652,44.6
GNB,1984,6.21650247899412,44.943
GNB,1985,6.241403007345555,45.266
GNB,1986,6.21748731007797,45.523
GNB,1987,6.230048218259394,45.844
GNB,1988,6.258756242643217,46.279
GNB,1989,6.301410627604298,46.614
GNB,1990,6.34417858014074,46.89
GNB,1991,6.372612225265042,47.201
GNB,1992,6.354112620808807,47.518
GNB,1993,6.341875037910797,47.84
GNB,1994,6.34241868438018,47.775
GNB,1995,6.360234290541346,48.531
GNB,1996,6.4491439613002965,48.772
GNB,1997,6.493054313406448,48.033
GNB,1998,6.2202233835715255,48.123
GNB,1999,6.356681793240114,48.492
GNB,2000,6.34755384615281,50.565
GNB,2001,6.373043267881404,51.054
GNB,2002,6.386947558030213,51.608
GNB,2003,6.36146223479703,52.186
GNB,2004,6.350058960783207,52.8
GNB,2005,6.39014427920185,52.949
GNB,2006,6.392347760553726,54.089
GNB,2007,6.392724192869169,54.87
GNB,2008,6.411750318762545,55.3
GNB,2009,6.41050728046547,56.297
GNB,2010,6.439197048309351,56.999
GNB,2011,6.49065292583089,57.663
GNB,2012,6.446780562992153,58.27
GNB,2013,6.452199504759086,58.879
GNB,2014,6.435525428108276,59.476
GNB,2015,6.469353935004025,60.071
GNB,2016,6.497140847885263,60.619
GNB,2017,6.518359560819951,61.148
GNB,2018,6.5315433242342085,61.652
GNB,2019,6.56003804168958,62.161
GNB,2020,6.565653388613085,61.343
GNB,2021,6.5922180046582115,61.653
GNB,2022,6.6229347819382625,63.605
GNB,2023,6.64574699934486,64.085
GNB,2024,6.6668425614326265,64.254
GNQ,1980,6.126014796396328,48.78
GNQ,1981,6.132736008742977,49.107
GNQ,1982,6.093855913996278,49.666
GNQ,1983,6.078952888449562,50.046
GNQ,1984,6.028352399565587,50.195
GNQ,1985,6.094688052774702,50.599
GNQ,1986,6.022554488547708,50.848
GNQ,1987,6.02293952664724,50.99
GNQ,1988,6.009406032245864,51.184
GNQ,1989,5.95875614173908,51.292
GNQ,1990,5.903491994010259,51.397
GNQ,1991,5.856082535389409,51.497
GNQ,1992,6.117299112953656,51.579
GNQ,1993,6.184957289276768,51.671
GNQ,1994,6.30187780527586,51.785
GNQ,1995,6.425346747911225,51.926
GNQ,1996,6.897479934718797,52.123
GNQ,1997,7.774990660202406,52.365
GNQ,1998,7.949208628972547,52.646
GNQ,1999,8.13830806344438,53.001
GNQ,2000,8.25298970773808,53.395
GNQ,2001,8.679796702858056,53.827
GNQ,2002,8.79543163228197,54.324
GNQ,2003,8.865404101125852,54.791
GNQ,2004,9.127893724419232,55.307
GNQ,2005,9.231363284338242,55.766
GNQ,2006,9.261223551639041,56.354
GNQ,2007,9.358322109245476,56.857
GNQ,2008,9.476395532469718,57.384
GNQ,2009,9.443660951736412,57.881
GNQ,2010,9.304224480263949,58.344
GNQ,2011,9.324017868576194,58.827
GNQ,2012,9.363123227651652,59.301
GNQ,2013,9.280952185741047,59.784
GNQ,2014,9.246044066061625,60.228
GNQ,2015,9.112607363052838,60.635
GNQ,2016,8.983669860624934,61.081
GNQ,2017,8.890012423233896,61.481
GNQ,2018,8.791622897536392,61.915
GNQ,2019,8.70253030737427,62.297
GNQ,2020,8.626094665196334,62.141
GNQ,2021,8.610305465233816,62.447
GNQ,2022,8.616901525904222,63.355
GNQ,2023,8.515644145893624,63.707
GNQ,2024,8.495551307140532,63.906
GRC,1960,8.514341227462525,70.4343170731707
GRC,1961,8.630432098139318,70.2830243902439
GRC,1962,8.628115811744454,70.2246097560976
GRC,1963,8.73634949777825,70.5639756097561
GRC,1964,8.82265253056716,70.4581707317073
GRC,1965,8.920242490605844,71.3916829268293
GRC,1966,8.97578761739278,71.800512195122
GRC,1967,9.022789486576427,71.307
GRC,1968,9.085844899580389,71.4037317073171
GRC,1969,9.191615951013492,71.9788780487805
GRC,1970,9.274874600381828,72.6807804878049
GRC,1971,9.346025524020765,72.8671707317073
GRC,1972,9.436290196669242,72.656243902439
GRC,1973,9.509564902842785,72.9059268292683
GRC,1974,9.439334630614145,73.3943658536585
GRC,1975,9.49167141393475,73.4011707317073
GRC,1976,9.542412843655095,73.6791219512195
GRC,1977,9.558387580155376,73.6803414634146
GRC,1978,9.61538466767433,74.3631707317073
GRC,1979,9.635211382797284,74.5928292682927
GRC,1980,9.632137674323634,74.5065609756098
GRC,1981,9.607512333509247,74.9156829268293
GRC,1982,9.589956606191192,75.2026829268293
GRC,1983,9.573294536411142,75.4804146341463
GRC,1984,9.588219327242173,75.7576097560976
GRC,1985,9.60912227888884,76.0950487804878
GRC,1986,9.610977935683731,76.4882195121951
GRC,1987,9.584786687140703,76.0558536585366
GRC,1988,9.623139498071962,76.9481951219512
GRC,1989,9.655216772560832,76.6878048780488
GRC,1990,9.644638692441006,76.9390243902439
GRC,1991,9.66316436926025,77.1365853658537
GRC,1992,9.662501159119884,77.3829268292683
GRC,1993,9.640489157775415,77.390243902439
GRC,1994,9.655284749195323,77.6390243902439
GRC,1995,9.67139256849239,77.5853658536585
GRC,1996,9.680715879377358,77.6853658536585
GRC,1997,9.711178182123922,78.1365853658537
GRC,1998,9.739427988128861,77.8390243902439
GRC,1999,9.761833816973311,77.9878048780488
GRC,2000,9.798288493921106,77.8878048780488
GRC,2001,9.838544873901602,78.3878048780488
GRC,2002,9.88064707061025,78.6414634146341
GRC,2003,9.93461094105719,78.8414634146341
GRC,2004,9.984519236978075,79.0390243902439
GRC,2005,9.993352323137543,79.2390243902439
GRC,2006,10.05279218530422,79.4390243902439
GRC,2007,10.08471240855404,79.4390243902439
GRC,2008,10.08263240532506,79.9390243902439
GRC,2009,10.037936915266377,80.1878048780488
GRC,2010,9.97802548337689,80.3878048780488
GRC,2011,9.875512669062738,80.7317073170732
GRC,2012,9.793932811716232,80.6341463414634
GRC,2013,9.77820074620124,81.2853658536585
GRC,2014,9.792752913444167,81.3853658536585
GRC,2015,9.797055898070218,81.0365853658537
GRC,2016,9.800897030118499,81.3878048780488
GRC,2017,9.81749865878462,81.2878048780488
GRC,2018,9.83996392753441,81.7878048780488
GRC,2019,9.863533720531763,81.6390243902439
GRC,2020,9.769210243689429,81.2878048780488
GRC,2021,9.864293860796053,80.0829268292683
GRC,2022,9.930640789735907,80.7878048780488
GRC,2023,9.954696921932085,81.7365853658537
GRC,2024,9.975561002447975,81.8390243902439
GRD,1977,8.019626466744192,67.869
GRD,1978,8.079028788108246,67.856
GRD,1979,8.142035411751962,67.941
GRD,1980,8.146692880872441,68.117
GRD,1981,8.167072308315278,68.348
GRD,1982,8.203973979656233,68.597
GRD,1983,8.233687102448023,64.333
GRD,1984,8.262973879776286,69.095
GRD,1985,8.314652868277047,69.338
GRD,1986,8.37708560353504,69.574
GRD,1987,8.456581382927977,69.808
GRD,1988,8.477831324111342,70.045
GRD,1989,8.506580262876486,70.289
GRD,1990,8.537523469640087,70.546
GRD,1991,8.542955002899502,70.823
GRD,1992,8.52641277455624,71.125
GRD,1993,8.498982532213708,71.45
GRD,1994,8.508419303463445,71.78
GRD,1995,8.522427897551195,72.094
GRD,1996,8.558993466391865,72.373
GRD,1997,8.601174823444964,72.6
GRD,1998,8.70552316117204,72.762
GRD,1999,8.765481298371057,72.873
GRD,2000,8.806443012771073,72.955
GRD,2001,8.781020477934666,73.034
GRD,2002,8.810962012272697,73.142
GRD,2003,8.896969204973345,73.291
GRD,2004,8.886449943613586,72.447
GRD,2005,9.007356286397378,73.7
GRD,2006,8.962935324229575,73.93
GRD,2007,9.018860476148145,74.159
GRD,2008,9.024913063113436,74.374
GRD,2009,8.953268963381756,74.567
GRD,2010,8.945164674708524,74.731
GRD,2011,8.948374928791383,74.861
GRD,2012,8.930568643215393,74.961
GRD,2013,8.947513887713324,75.022
GRD,2014,9.012697475128231,75.045
GRD,2015,9.070402717871168,75.037
GRD,2016,9.10316531919438,75.01
GRD,2017,9.143923532044312,74.977
GRD,2018,9.18442435389704,74.957
GRD,2019,9.188663149769775,74.971
GRD,2020,9.037567087597413,75.019
GRD,2021,9.08049610887162,74.522
GRD,2022,9.14912362113188,75.151
GRD,2023,9.191958845693058,75.205
GRD,2024,9.214596333928869,75.367
GRL,1970,9.640510233337924,63.1156585365854
GRL,1971,9.74617179538095,63.0539756097561
GRL,1972,9.78307403057663,62.7973658536585
GRL,1973,9.834529295958271,62.4474878048781
GRL,1974,9.879870797018695,62.025512195122
GRL,1975,9.88429424250491,61.8320243902439
GRL,1976,9.940164151778271,61.8058292682927
GRL,1977,10.030764891921894,61.8398780487805
GRL,1978,10.093248297656514,63.4146341463415
GRL,1979,10.13261272629689,63.9548780487805
GRL,1980,10.203789383566884,63.449756097561
GRL,1981,10.194609541077101,63.0748780487805
GRL,1982,10.13965032170722,63.1926829268293
GRL,1983,10.162055156282637,63.3
GRL,1984,10.097418876152062,63.4665853658537
GRL,1985,10.123887216732154,63.8336585365854
GRL,1986,10.186831752514774,64.2487804878049
GRL,1987,10.22937042264959,64.6541463414634
GRL,1988,10.271036791555684,64.5824390243903
GRL,1989,10.326425830524796,64.6675609756098
GRL,1990,10.196364223324048,65.0682926829268
GRL,1991,10.197029113687783,65.0317073170732
GRL,1992,10.148169449927282,65.1960975609756
GRL,1993,10.098392039872202,65.5853658536585
GRL,1994,10.150527133431217,65.9009756097561
GRL,1995,10.181744718620061,65.6441463414634
GRL,1996,10.195134771425812,65.7673170731707
GRL,1997,10.20792988244396,65.7980487804878
GRL,1998,10.280863377420795,66.1570731707317
GRL,1999,10.294548156684112,65.8336585365854
GRL,2000,10.361641853401716,64.8034146341463
GRL,2001,10.370805425128156,65.0058536585366
GRL,2002,10.357222291836427,65.419512195122
GRL,2003,10.397816898888992,66.1229268292683
GRL,2004,10.462015194647726,66.8080487804878
GRL,2005,10.510036150596761,67.3051219512195
GRL,2006,10.566918870249955,67.8180487804878
GRL,2007,10.594053288134592,68.2739024390244
GRL,2008,10.657910127748668,68.5660975609756
GRL,2009,10.666621142161413,69.0321951219512
GRL,2010,10.68009120973442,69.349756097561
GRL,2011,10.668836296594826,69.6146341463415
GRL,2012,10.684089147618998,69.959512195122
GRL,2013,10.676793986086187,70.2917073170732
GRL,2014,10.726459265641253,70.5082926829268
GRL,2015,10.704061100249618,70.909756097561
GRL,2016,10.748535379425444,71.1990243902439
GRL,2017,10.749311725730324,71.2563414634146
GRL,2018,10.758179141146371,71.3609756097561
GRL,2019,10.782508093418706,71.4092682926829
GRL,2020,10.782490468478375,71.2858536585366
GRL,2021,10.793638271346776,71.2614634146342
GRL,2022,10.813344361878281,71.230243902439
GRL,2023,10.81837280804815,70.9724390243902
GTM,1960,7.541450456323349,45.76
GTM,1961,7.5538266014414885,46.12
GTM,1962,7.558962237626866,46.492
GTM,1963,7.620789564580246,46.622
GTM,1964,7.637036284794122,47.055
GTM,1965,7.650867023819745,47.185
GTM,1966,7.676028213020055,47.511
GTM,1967,7.688238240750746,47.727
GTM,1968,7.744683087841879,47.758
GTM,1969,7.764173975166231,47.521
GTM,1970,7.793422249854373,48.507
GTM,1971,7.821896002352458,50.276
GTM,1972,7.866910097847471,51.817
GTM,1973,7.906690253186218,52.848
GTM,1974,7.9431669411435335,53.023
GTM,1975,7.938112163467399,52.832
GTM,1976,7.98780715980587,47.617
GTM,1977,8.041029619587274,55.184
GTM,1978,8.065098521751034,56.412
GTM,1979,8.086132633118257,56.6
GTM,1980,8.097738390688543,55.297
GTM,1981,8.07907925160287,54.709
GTM,1982,8.020144758435992,48.863
GTM,1983,7.969610962631556,57.913
GTM,1984,7.946519228144643,59.074
GTM,1985,7.912110000692723,59.788
GTM,1986,7.885759056994575,60.341
GTM,1987,7.893008262015806,60.991
GTM,1988,7.903190226893167,61.538
GTM,1989,7.91372517805622,61.745
GTM,1990,7.916274881935203,61.767
GTM,1991,7.9251153765552695,61.926
GTM,1992,7.945793967943076,61.992
GTM,1993,7.957631580718298,62.442
GTM,1994,7.970544360401332,63.026
GTM,1995,7.9923868976441375,63.662
GTM,1996,7.9956419180908895,64.54
GTM,1997,8.012776544463264,65.249
GTM,1998,8.035919064777675,65.969
GTM,1999,8.048507818077956,66.634
GTM,2000,8.06020335773018,67.102
GTM,2001,8.060288996538507,67.436
GTM,2002,8.075044360452877,67.835
GTM,2003,8.077806048320397,68.204
GTM,2004,8.08647353853656,68.245
GTM,2005,8.097064481541459,68.167
GTM,2006,8.128039815933025,68.79
GTM,2007,8.168424044493321,69.299
GTM,2008,8.180301355090869,69.493
GTM,2009,8.165134421048453,69.676
GTM,2010,8.173752433555334,69.885
GTM,2011,8.194609295168963,70.321
GTM,2012,8.204008652015611,70.722
GTM,2013,8.220754109259989,70.878
GTM,2014,8.24528363451438,70.942
GTM,2015,8.267065144732472,70.915
GTM,2016,8.275065313803355,71.215
GTM,2017,8.287211461114792,71.583
GTM,2018,8.30405248040512,71.496
GTM,2019,8.328238982347058,71.639
GTM,2020,8.29550836654481,69.971
GTM,2021,8.35904789412786,67.858
GTM,2022,8.38569476214461,71.206
GTM,2023,8.404932288649032,72.602
GTM,2024,8.426001551477633,72.746
GUM,2002,10.294725995899137,75.506
GUM,2003,10.298429255825981,75.885
GUM,2004,10.357228857674471,76.114
GUM,2005,10.389622032124127,76.427
GUM,2006,10.34953343890455,76.477
GUM,2007,10.354086864728862,76.397
GUM,2008,10.371654201897845,76.233
GUM,2009,10.37313871141603,76.141
GUM,2010,10.393420896762493,76.095
GUM,2011,10.394071042136083,76.153
GUM,2012,10.41645882566003,76.237
GUM,2013,10.435418456000052,76.361
GUM,2014,10.45608646858416,76.423
GUM,2015,10.467826496345793,76.444
GUM,2016,10.473728077930526,76.449
GUM,2017,10.487124021500279,76.463
GUM,2018,10.4837801058864,76.561
GUM,2019,10.514071442533877,76.645
GUM,2020,10.400768416742856,75.529
GUM,2021,10.411493744420413,75.434
GUM,2022,10.452417486071976,77.102
GUY,1960,7.913400371297678,57.51
GUY,1961,7.935915047679562,57.912
GUY,1962,7.925013730039958,58.303
GUY,1963,7.772286954218343,58.644
GUY,1964,7.858384616871518,58.958
GUY,1965,7.937335139610881,59.137
GUY,1966,7.967283935723206,59.329
GUY,1967,7.988667584807367,59.53
GUY,1968,7.978169202522771,59.69
GUY,1969,8.025190389120654,59.835
GUY,1970,8.048941966937383,59.961
GUY,1971,8.065525727531528,60.068
GUY,1972,8.019298915033579,60.133
GUY,1973,8.019930248983936,60.211
GUY,1974,8.083348515867351,60.305
GUY,1975,8.154881468190819,60.375
GUY,1976,8.160972584723526,60.449
GUY,1977,8.12575830179041,60.558
GUY,1978,8.099742606670722,60.646
GUY,1979,8.074078544031023,60.735
GUY,1980,8.085693947579305,60.808
GUY,1981,8.097854593845884,60.91
GUY,1982,7.956071168492034,61.01
GUY,1983,7.886787967628995,61.157
GUY,1984,7.837488895889466,61.255
GUY,1985,7.864610589877508,61.379
GUY,1986,7.859953298271305,61.521
GUY,1987,7.8740995436655865,61.698
GUY,1988,7.842314758913281,61.849
GUY,1989,7.7982342615891485,62.054
GUY,1990,7.77368615589941,62.254
GUY,1991,7.835215553858066,62.463
GUY,1992,7.907194879039629,62.816
GUY,1993,7.981711741215527,63.016
GUY,1994,8.059803361850589,63.007
GUY,1995,8.105503742901881,62.668
GUY,1996,8.179237653457996,62.691
GUY,1997,8.236951776132331,62.879
GUY,1998,8.218260432299608,63.429
GUY,1999,8.246258253098803,63.772
GUY,2000,8.232069948233324,64.075
GUY,2001,8.255073497852399,64.38
GUY,2002,8.26741585741093,64.183
GUY,2003,8.261795326719266,64.117
GUY,2004,8.278203336253496,64.214
GUY,2005,8.260475555902968,64.392
GUY,2006,8.313062695267439,64.848
GUY,2007,8.38528436666892,65.462
GUY,2008,8.405668198550513,65.721
GUY,2009,8.444480864450162,66.03
GUY,2010,8.488812463592412,66.204
GUY,2011,8.543619986883122,66.469
GUY,2012,8.594857502660926,66.443
GUY,2013,8.625750185118779,66.71
GUY,2014,8.63687966614777,67.334
GUY,2015,8.637713030730161,67.719
GUY,2016,8.668817853037813,68.069
GUY,2017,8.69904509031623,68.543
GUY,2018,8.71290899696895,68.829
GUY,2019,8.74490716892993,69.067
GUY,2020,9.10615805138486,67.751
GUY,2021,9.279119638809998,64.323
GUY,2022,9.762231178518745,69.888
GUY,2023,10.047646502077137,70.18
GUY,2024,10.405321336799007,70.319
HKG,1961,8.282988667096703,66.4416585365854
HKG,1962,8.374200097316443,66.9104634146342
HKG,1963,8.486171342535041,67.6451707317073
HKG,1964,8.544756682149913,68.2190975609756
HKG,1965,8.655130122822547,68.8668048780488
HKG,1966,8.664063913621431,69.2658536585366
HKG,1967,8.654700820624301,69.8278536585366
HKG,1968,8.66687577058884,70.2170243902439
HKG,1969,8.758359659180478,70.6271707317073
HKG,1970,8.822117133010089,70.9346829268293
HKG,1971,8.870944264656332,71.4680487804878
HKG,1972,8.952632244810054,71.4509756097561
HKG,1973,9.0402405249032,72.090243902439
HKG,1974,9.032501044064857,72.5978048780488
HKG,1975,9.018448129869284,73.3621951219512
HKG,1976,9.155721555013077,72.7890243902439
HKG,1977,9.252162034627913,73.3492682926829
HKG,1978,9.313418715126105,73.5407317073171
HKG,1979,9.368127751182596,73.6631707317073
HKG,1980,9.437720049701861,74.6534146341464
HKG,1981,9.50280602371628,75.3490243902439
HKG,1982,9.516353143645018,75.4385365853659
HKG,1983,9.5592116205709,75.2863414634146
HKG,1984,9.644454438119899,76.009512195122
HKG,1985,9.641253963422614,76.4292682926829
HKG,1986,9.733661023536392,76.6843902439024
HKG,1987,9.84933109577969,76.8978048780488
HKG,1988,9.922612663474856,77.0834146341464
HKG,1989,9.93476914082742,77.0287804878049
HKG,1990,9.969146056010699,77.3707317073171
HKG,1991,10.016306793183944,77.8729268292683
HKG,1992,10.06839395295924,77.6734146341464
HKG,1993,10.111381327572744,78.0160975609756
HKG,1994,10.147469782821615,78.5436585365854
HKG,1995,10.151129370477623,78.6787804878049
HKG,1996,10.148446265871645,79.6275609756098
HKG,1997,10.189860374283834,80.1121951219512
HKG,1998,10.120884640764427,80.1068292682927
HKG,1999,10.136091515488857,80.3726829268293
HKG,2000,10.201115490811441,80.8731707317073
HKG,2001,10.199338865476035,81.4192682926829
HKG,2002,10.211341678025693,81.4521951219512
HKG,2003,10.243421545349632,81.3434146341464
HKG,2004,10.319044570978237,81.7992682926829
HKG,2005,10.385955548517714,81.6090243902439
HKG,2006,10.447496563969208,82.3848780487805
HKG,2007,10.50154472319604,82.3668292682927
HKG,2008,10.516618459525374,82.3404878048781
HKG,2009,10.489566604511879,82.7751219512195
HKG,2010,10.54770746488115,82.9575609756098
HKG,2011,10.588005570004386,83.4119512195122
HKG,2012,10.593826274692525,83.450243902439
HKG,2013,10.620350713690899,83.8312195121951
HKG,2014,10.64057647968543,83.9356097560976
HKG,2015,10.655661890799847,84.2526829268293
HKG,2016,10.67098945742284,84.2114634146342
HKG,2017,10.700562620726833,84.6956097560976
HKG,2018,10.720631693143805,84.869756097561
HKG,2019,10.696373141858224,85.1558536585366
HKG,2020,10.63227449803691,85.4963414634146
HKG,2021,10.703939089396906,85.5326829268293
HKG,2022,10.67546917413164,83.6609756097561
HKG,2023,10.680951321921984,85.2473170731707
HKG,2024,10.708498876164882,85.3926829268293
HND,1960,5.336649417321932,47.149
HND,1961,5.324851923774692,47.71
HND,1962,5.318199496794013,48.647
HND,1963,5.302422575884581,49.385
HND,1964,5.28924209690966,50.197
HND,1965,5.28602692773184,50.863
HND,1966,5.245914743688003,51.588
HND,1967,5.253905986012012,52.331
HND,1968,5.212939245257257,53.041
HND,1969,5.192365091444616,53.712
HND,1970,5.21092747261376,54.36
HND,1971,5.226380312056245,55.012
HND,1972,5.234307035368317,55.689
HND,1973,5.247627465473353,54.565
HND,1974,5.308645795617159,52.519
HND,1975,5.330794157317622,57.523
HND,1976,5.448869224707254,58.151
HND,1977,5.500952306513034,58.704
HND,1978,5.5916810392877005,59.248
HND,1979,5.670042819326368,59.829
HND,1980,5.762105552115039,60.388
HND,1981,5.8018530601029115,61.033
HND,1982,5.8148417882276275,61.688
HND,1983,5.852735233231779,62.408
HND,1984,5.846646569207681,62.819
HND,1985,5.863292074801673,63.223
HND,1986,5.888542695542675,63.651
HND,1987,5.877426526987131,64.066
HND,1988,5.922268755824991,64.393
HND,1989,5.9630256461466695,64.782
HND,1990,6.126827786079542,65.183
HND,1991,6.329944752694043,65.584
HND,1992,6.388038581740054,65.908
HND,1993,6.487485867726333,66.074
HND,1994,6.713917677025086,66.523
HND,1995,6.906110491243271,66.919
HND,1996,7.08455185871165,67.263
HND,1997,7.258926875145865,67.542
HND,1998,7.341974948869521,62.432
HND,1999,7.4252264669323385,68.005
HND,2000,7.4896792278819415,68.302
HND,2001,7.48951725423363,68.491
HND,2002,7.499961637894678,68.714
HND,2003,7.518768713105256,68.874
HND,2004,7.554287415846978,69.05
HND,2005,7.588757243651944,69.198
HND,2006,7.628777765251771,69.364
HND,2007,7.6658449958021375,69.539
HND,2008,7.6848515706753915,69.657
HND,2009,7.638346883988053,69.823
HND,2010,7.653719336371345,69.77
HND,2011,7.670690920319553,70.116
HND,2012,7.6909231236638504,70.46
HND,2013,7.698664751950635,70.765
HND,2014,7.709419463290649,71.032
HND,2015,7.728064776258591,71.323
HND,2016,7.747480178426329,71.615
HND,2017,7.776272403264893,71.805
HND,2018,7.7957021053986795,72.001
HND,2019,7.802869969930534,72.124
HND,2020,7.691397285335537,70.864
HND,2021,7.793077951936529,69.492
HND,2022,7.81691015067728,72.715
HND,2023,7.834896397263408,72.884
HND,2024,7.85372939247482,73.044
HPC,1960,6.602950999412428,40.7990378002816
HPC,1961,6.5765839729431566,41.1148194802076
HPC,1962,6.622760630886889,41.6934168347182
HPC,1963,6.631058995830714,41.9318462370256
HPC,1964,6.6384735895577265,42.2693111790519
HPC,1965,6.650219695252471,42.6002566918336
HPC,1966,6.662002740396679,42.71741593298
HPC,1967,6.658470434695729,43.3591435236991
HPC,1968,6.675382976834364,43.6802848615519
HPC,1969,6.6939076488194384,43.9717653355145
HPC,1970,6.666963688202444,44.2856632537734
HPC,1971,6.684259187477158,44.4343532620895
HPC,1972,6.678065607038267,44.245326381898
HPC,1973,6.681059639422795,44.8131639152978
HPC,1974,6.70534364811834,44.890318446967
HPC,1975,6.698574069521819,45.2620946064341
HPC,1976,6.708072572450709,45.9058839237237
HPC,1977,6.715113623261237,46.2670521923261
HPC,1978,6.710694333551421,46.422840791434
HPC,1979,6.687498015521273,46.7723312646236
HPC,1980,6.669978651009037,47.19442832537
HPC,1981,6.677642552269187,47.4426806687785
HPC,1982,6.658619726398134,47.6242104048538
HPC,1983,6.634176138918495,46.6095840328944
HPC,1984,6.617564691260789,46.5754545564454
HPC,1985,6.6043670594218895,46.9850143791163
HPC,1986,6.6065436318885,47.8457224779644
HPC,1987,6.609856831067157,49.0865351104801
HPC,1988,6.596152450775579,49.3796767955679
HPC,1989,6.583176690281602,49.6275219136238
HPC,1990,6.545011653594678,49.6690119146523
HPC,1991,6.527404845648774,49.6362117885946
HPC,1992,6.483796922626405,49.8824379377131
HPC,1993,6.455229801861433,50.5309158141043
HPC,1994,6.428629277292312,50.3138026476569
HPC,1995,6.45047551302086,51.1149172636864
HPC,1996,6.476123808360646,51.2584097766217
HPC,1997,6.50610765435007,51.5918802906055
HPC,1998,6.514612642063428,51.6840105029194
HPC,1999,6.52036526770154,52.1639761075431
HPC,2000,6.52159549264855,53.0016053702188
HPC,2001,6.530596855477249,53.534081588322
HPC,2002,6.540143690626556,54.0571476517769
HPC,2003,6.550419331264435,54.6072034004947
HPC,2004,6.5782591561763635,55.1510876118445
HPC,2005,6.603693786338916,55.7774195124879
HPC,2006,6.630783658619397,56.574273244383
HPC,2007,6.6565370504986126,57.2467051523111
HPC,2008,6.68337458531491,57.8565431037631
HPC,2009,6.68918796891619,58.2402216249579
HPC,2010,6.72166113859413,58.7335452944083
HPC,2011,6.734585845060782,59.2312188364054
HPC,2012,6.746300926443596,60.0870140052247
HPC,2013,6.778090389108968,60.6299359643784
HPC,2014,6.802653921748543,61.0420808723887
HPC,2015,6.8221147519970575,61.5637757860854
HPC,2016,6.835510550053597,62.005914221112
HPC,2017,6.855692696862935,62.3173413995614
HPC,2018,6.868105366744609,62.8008051848255
HPC,2019,6.8814831345805585,63.0919384793173
HPC,2020,6.853911536700031,63.0748180653434
HPC,2021,6.8696156024916055,62.5327589317045
HPC,2022,6.891470519219584,63.8422370507134
HPC,2023,6.899899419383557,64.7182457242664
HPC,2024,6.923898264634539,64.9203978854631
HRV,1990,9.185510984029307,72.1704878048781
HRV,1991,8.967331342034319,72.1853658536586
HRV,1992,8.867189288291708,71.2414634146342
HRV,1993,8.778158106684547,71.5224390243903
HRV,1994,8.824058887246858,71.8034146341463
HRV,1995,8.896276941184732,72.0843902439024
HRV,1996,8.969311936015679,72.3653658536585
HRV,1997,9.034017637805015,72.4951219512195
HRV,1998,9.056916327025583,72.3170731707317
HRV,1999,9.05269579320283,72.6419512195122
HRV,2000,9.09161065112197,72.8078048780488
HRV,2001,9.160722215315799,74.5129268292683
HRV,2002,9.216527219075166,74.7173170731707
HRV,2003,9.270431692789243,74.6139024390244
HRV,2004,9.311011376440927,75.520243902439
HRV,2005,9.352095509637103,75.2446341463415
HRV,2006,9.401315604307257,75.8368292682927
HRV,2007,9.450789337095587,75.7056097560976
HRV,2008,9.47043393506152,75.9121951219512
HRV,2009,9.400936311686397,76.1682926829268
HRV,2010,9.389752826070092,76.4756097560976
HRV,2011,9.392089574727283,76.7756097560976
HRV,2012,9.374208146049614,77.1682926829268
HRV,2013,9.379108447129262,77.5707317073171
HRV,2014,9.381161178832615,77.7243902439024
HRV,2015,9.416042708105977,77.2756097560976
HRV,2016,9.460980308816126,77.9219512195122
HRV,2017,9.509360757335081,77.7268292682927
HRV,2018,9.551164535233514,77.919512195122
HRV,2019,9.591640754590063,78.2243902439024
HRV,2020,9.513827402634133,77.5243902439024
HRV,2021,9.641816648072357,76.4243902439025
HRV,2022,9.718261785319784,77.5756097560976
HRV,2023,9.754143246574452,78.4731707317073
HRV,2024,9.790001125619488,78.9292682926829
HTI,1960,7.45877800709083,43.44
HTI,1961,7.410890946115546,43.825
HTI,1962,7.468515023583775,44.196
HTI,1963,7.4316971816839015,42.724
HTI,1964,7.397280069480705,44.928
HTI,1965,7.400130625876932,45.371
HTI,1966,7.375867493917657,45.565
HTI,1967,7.335958547461414,46.135
HTI,1968,7.34866959333024,46.522
HTI,1969,7.3674422552567504,46.903
HTI,1970,7.355250580858679,47.265
HTI,1971,7.399208242372295,47.619
HTI,1972,7.389926824382042,47.884
HTI,1973,7.417274540846618,48.194
HTI,1974,7.454278106221881,48.458
HTI,1975,7.446178830040004,48.72
HTI,1976,7.507913623178891,48.972
HTI,1977,7.525058773448795,49.226
HTI,1978,7.566027484078661,49.484
HTI,1979,7.619659523647443,49.749
HTI,1980,7.671589662160128,49.971
HTI,1981,7.623379232616183,50.31
HTI,1982,7.567676246102639,50.626
HTI,1983,7.55717650029796,50.946
HTI,1984,7.5405248127971225,51.254
HTI,1985,7.526700389969204,51.583
HTI,1986,7.50168184697246,51.874
HTI,1987,7.473495389884217,52.245
HTI,1988,7.455068582463956,52.554
HTI,1989,7.404950678907839,52.88
HTI,1990,7.394685249334054,53.215
HTI,1991,7.392952885823108,53.524
HTI,1992,7.318419335041637,54.041
HTI,1993,7.242980056694031,54.478
HTI,1994,7.096440332796757,54.731
HTI,1995,7.171760436206547,55.582
HTI,1996,7.1933404536190775,56.111
HTI,1997,7.20116866177889,56.675
HTI,1998,7.204103967272506,57.137
HTI,1999,7.212378126918717,57.692
HTI,2000,7.202582939183647,58.175
HTI,2001,7.180918103137151,58.591
HTI,2002,7.173597627158334,59.041
HTI,2003,7.190277771480788,59.44
HTI,2004,7.159993696806028,58.517
HTI,2005,7.173447106590304,60.318
HTI,2006,7.17398754397046,60.74
HTI,2007,7.203116129675107,61.09
HTI,2008,7.212688197321512,61.28
HTI,2009,7.253397156531718,61.694
HTI,2010,7.18355495459128,45.577
HTI,2011,7.221959420687856,61.581
HTI,2012,7.2114721992944,62.273
HTI,2013,7.238771262553812,62.624
HTI,2014,7.25259834511913,62.969
HTI,2015,7.252143846797231,63.224
HTI,2016,7.256119961308058,63.325
HTI,2017,7.267296710882687,63.832
HTI,2018,7.270558172127199,64.077
HTI,2019,7.240234655243435,64.328
HTI,2020,7.194209937271243,63.773
HTI,2021,7.1645034562787515,62.613
HTI,2022,7.136261573788014,63.948
HTI,2023,7.105883513138402,64.936
HTI,2024,7.051585819855272,65.119
HUN,1960,7.641917010711946,68.0031707317073
HUN,1961,7.683403882764446,68.9360975609756
HUN,1962,7.73934356513436,67.8658536585366
HUN,1963,7.792086096353255,68.8741463414634
HUN,1964,7.834859013702672,69.3809756097561
HUN,1965,8.185629080827784,69.0712195121951
HUN,1966,8.253996629331263,69.8224390243902
HUN,1967,8.322595735095913,69.4070731707317
HUN,1968,8.366602442611967,69.230243902439
HUN,1969,8.429151029477696,69.3146341463415
HUN,1970,8.471282147362311,69.1646341463415
HUN,1971,8.528574309202554,69.0524390243903
HUN,1972,8.58480514369665,69.6646341463415
HUN,1973,8.648306005438698,69.5180487804878
HUN,1974,8.70116781544926,69.2480487804878
HUN,1975,8.755440920179666,69.29
HUN,1976,8.785306234143102,69.5731707317073
HUN,1977,8.853910885440275,69.8480487804878
HUN,1978,8.89352113755832,69.3939024390244
HUN,1979,8.918355594684936,69.6153658536585
HUN,1980,8.919702660057311,69.0617073170732
HUN,1981,8.947899108734637,69.1392682926829
HUN,1982,8.976503411068954,69.3578048780488
HUN,1983,8.985209468620258,68.9736585365854
HUN,1984,9.013443800772762,69.0258536585366
HUN,1985,9.012728389994221,68.9721951219512
HUN,1986,9.02966705807808,69.1734146341463
HUN,1987,9.071058230130761,69.6512195121951
HUN,1988,9.071938114984802,70.0234146341463
HUN,1989,9.090165218440077,69.4617073170732
HUN,1990,9.064903827042096,69.3156097560976
HUN,1991,8.938353193850011,69.3770731707317
HUN,1992,8.907623480161726,69.1170731707317
HUN,1993,8.902986091856473,69.1012195121951
HUN,1994,8.933400530910587,69.469756097561
HUN,1995,8.949578140833673,69.7917073170732
HUN,1996,8.952307687123419,70.3287804878049
HUN,1997,8.983666289307687,70.7024390243902
HUN,1998,9.023752229651365,70.5578048780488
HUN,1999,9.056978804837003,70.6770731707317
HUN,2000,9.102725738372246,71.2463414634146
HUN,2001,9.144836471082037,72.2487804878049
HUN,2002,9.19390003223576,72.3487804878049
HUN,2003,9.235396227928526,72.3
HUN,2004,9.286049537171168,72.6487804878049
HUN,2005,9.330142216715485,72.6487804878049
HUN,2006,9.370284620027851,73.0975609756098
HUN,2007,9.375151804223755,73.1512195121951
HUN,2008,9.386788127288737,73.7024390243903
HUN,2009,9.318556539942156,73.9048780487805
HUN,2010,9.331439562362826,74.2073170731707
HUN,2011,9.353258883634082,74.8585365853659
HUN,2012,9.344937894871526,75.0634146341463
HUN,2013,9.369868460150887,75.5658536585366
HUN,2014,9.416327831067596,75.7634146341463
HUN,2015,9.455866846819694,75.5682926829269
HUN,2016,9.48384663995505,76.0634146341464
HUN,2017,9.527647575569224,75.8170731707317
HUN,2018,9.584230758165745,76.0658536585366
HUN,2019,9.635007178272721,76.3195121951219
HUN,2020,9.593171051148595,75.419512195122
HUN,2021,9.667002494211667,74.0658536585366
HUN,2022,9.710375834381889,75.8682926829268
HUN,2023,9.703513886296053,76.5707317073171
HUN,2024,9.713724672212992,76.7243902439025
IBD,1960,6.902025672340965,45.9222319592731
IBD,1961,6.902344279956357,48.6188863777997
IBD,1962,6.916298086111927,52.5176859347976
IBD,1963,6.938780178418141,53.0470161729532
IBD,1964,6.995349901846004,53.5207236953076
IBD,1965,7.03244862746839,53.2276728664324
IBD,1966,7.0628194906983754,53.9198980865839
IBD,1967,7.080001167315679,54.432445384207
IBD,1968,7.118849744925529,55.1353526955382
IBD,1969,7.170203609370597,55.589580888257
IBD,1970,7.221306791087057,56.0523232965793
IBD,1971,7.2565169578779996,56.6438476455896
IBD,1972,7.297838398964763,57.0844300351355
IBD,1973,7.344328707359748,57.6915114559562
IBD,1974,7.378566713327004,58.2101440604901
IBD,1975,7.403925726208791,58.7807433838336
IBD,1976,7.445730549938084,59.1161780031591
IBD,1977,7.472936869074668,59.8495588581531
IBD,1978,7.494314571430102,60.3258132999466
IBD,1979,7.522283932431754,60.8141772600449
IBD,1980,7.551548137463906,61.2147146827509
IBD,1981,7.553956537508477,61.6530506456677
IBD,1982,7.563013639757209,62.1049280992821
IBD,1983,7.559186887989877,62.5722736568982
IBD,1984,7.588707252348905,62.9820633806123
IBD,1985,7.613200471839349,63.3920268470503
IBD,1986,7.632665045127999,63.8672195495693
IBD,1987,7.661505726868738,64.2242979588009
IBD,1988,7.682942092186546,64.5337065694299
IBD,1989,7.6937788646698,64.8906182365454
IBD,1990,7.696147089025855,65.1082721278043
IBD,1991,7.691973804359943,65.475124648066
IBD,1992,7.692616139311036,65.7241729370535
IBD,1993,7.713824120587836,65.9754422728565
IBD,1994,7.734516527080976,66.2560726849176
IBD,1995,7.760049217276567,66.6322482807213
IBD,1996,7.799167190771025,67.025304422088
IBD,1997,7.838004015389506,67.3967409138273
IBD,1998,7.8509301432153435,67.7244400733993
IBD,1999,7.874327868170607,67.9673264507647
IBD,2000,7.919420504031282,68.2869649318369
IBD,2001,7.943375973576189,68.5847135093888
IBD,2002,7.976138162693969,68.9043764886684
IBD,2003,8.022270375107535,69.1727555942431
IBD,2004,8.085671049211323,69.3984001306866
IBD,2005,8.144836868521551,69.8265165341661
IBD,2006,8.21429477953799,70.1501236836392
IBD,2007,8.289980840026496,70.5142450680001
IBD,2008,8.33745366063454,70.7624457262186
IBD,2009,8.354632077352864,71.1602132108325
IBD,2010,8.419141267407545,71.5021795019761
IBD,2011,8.470275205786558,71.8270333930904
IBD,2012,8.512600843923114,72.1636704451454
IBD,2013,8.552490088254178,72.4633474422255
IBD,2014,8.588621342473859,72.7509651570745
IBD,2015,8.620979950816906,73.0328490236398
IBD,2016,8.654957631613916,73.2592309044272
IBD,2017,8.695968396430384,73.4857607809887
IBD,2018,8.73482982846683,73.794943952938
IBD,2019,8.76604214711527,74.031271888226
IBD,2020,8.746255744618953,73.2951356970762
IBD,2021,8.814231367608983,71.974203378406
IBD,2022,8.846558206975983,74.2512821129351
IBD,2023,8.887044646039076,74.5179764623959
IBD,2024,8.924820107390358,74.6728746420716
IBT,1960,6.862632424565237,45.3479418720368
IBT,1961,6.860587036406119,47.655264176054
IBT,1962,6.877271448074942,50.9683262080383
IBT,1963,6.899629303100687,51.4611995878149
IBT,1964,6.950749777763925,51.9529849388509
IBT,1965,6.984785046950568,51.7527938371336
IBT,1966,7.009262787683929,52.4143142671652
IBT,1967,7.01696313824344,52.9138308009596
IBT,1968,7.052060172030375,53.5811610315092
IBT,1969,7.104365822724263,54.0204939348263
IBT,1970,7.155551268945965,54.3094735630305
IBT,1971,7.190906683137524,54.3696200481548
IBT,1972,7.225525743007456,55.4008224452952
IBT,1973,7.2674250891520495,55.9739208815672
IBT,1974,7.3026582858735996,56.4253907324012
IBT,1975,7.320483451525797,56.9186340975308
IBT,1976,7.3600391688932225,57.2899300963407
IBT,1977,7.385045068504631,57.958407359557
IBT,1978,7.401429531488868,58.3955108759501
IBT,1979,7.426171347932406,58.8996769285617
IBT,1980,7.452147677954261,59.3085065737435
IBT,1981,7.450019863420253,59.7139808052384
IBT,1982,7.454107441608504,60.1138871222381
IBT,1983,7.445886435502552,60.4438232585934
IBT,1984,7.470191475347716,60.7837005322486
IBT,1985,7.492689798955035,61.1511937935468
IBT,1986,7.509493985704454,61.6116422740194
IBT,1987,7.535369666093325,61.9997256121563
IBT,1988,7.5559365218472285,62.2650370522107
IBT,1989,7.564370371902051,62.5952806545095
IBT,1990,7.566597565063633,62.7732635893125
IBT,1991,7.561234837438122,62.9918046222159
IBT,1992,7.559958606593198,63.2546777879749
IBT,1993,7.576195623072136,63.503539368631
IBT,1994,7.5922369677689,63.7272449294539
IBT,1995,7.614864872181578,64.0778593656998
IBT,1996,7.65098743547378,64.3999778000763
IBT,1997,7.686040118069012,64.733076637455
IBT,1998,7.6971251765262005,65.0012853792959
IBT,1999,7.717407163067828,65.2881256380568
IBT,2000,7.758260313063174,65.6568764523372
IBT,2001,7.779828917024042,65.9675772813036
IBT,2002,7.810504881905821,66.2945209481454
IBT,2003,7.8528113268845585,66.5877558604324
IBT,2004,7.9124997103510575,66.8247049419343
IBT,2005,7.967852861063488,67.2256354770038
IBT,2006,8.032425581803238,67.6024062399178
IBT,2007,8.102533520781181,67.9670001124436
IBT,2008,8.146077449647041,68.1843907566277
IBT,2009,8.161795654642233,68.58797297018
IBT,2010,8.221917343116715,68.9266614063009
IBT,2011,8.268252036723096,69.2357087629053
IBT,2012,8.306231147688148,69.574186280902
IBT,2013,8.343818242234287,69.8695763064636
IBT,2014,8.37781655352524,70.1214372145127
IBT,2015,8.406762979099456,70.3727711035674
IBT,2016,8.436869262922306,70.6151792552285
IBT,2017,8.473889952396043,70.8321134052096
IBT,2018,8.508971155558783,71.1543116878265
IBT,2019,8.536433913557948,71.3952528317139
IBT,2020,8.512219252112626,70.7501213262472
IBT,2021,8.57328757031727,69.6690947451642
IBT,2022,8.60167729169786,71.6790095761174
IBT,2023,8.636604203763287,71.9999928217283
IBT,2024,8.670001041996413,72.1341361054704
IDA,1960,6.594690454989961,42.5980797146975
IDA,1961,6.581366176256339,43.102658560532
IDA,1962,6.613939813553204,43.7019345236643
IDA,1963,6.635872808215978,44.0385158727066
IDA,1964,6.6575650616578415,44.635241512934
IDA,1965,6.67499846283107,44.8919988376327
IDA,1966,6.665965294030232,45.430736877844
IDA,1967,6.61643956391142,45.8954996867264
IDA,1968,6.628926939991819,46.425922871266
IDA,1969,6.688447066870104,46.8226402455698
IDA,1970,6.741096413142473,46.3386229207487
IDA,1971,6.777847728624861,43.98551044983
IDA,1972,6.770690004191456,47.7355051770958
IDA,1973,6.784167151481464,48.1941865606285
IDA,1974,6.828393289628397,48.3908885307007
IDA,1975,6.797912874738775,48.5890531138191
IDA,1976,6.824918450789438,49.1744528452762
IDA,1977,6.837911366349544,49.6135957056999
IDA,1978,6.8230447179479095,49.9465314249443
IDA,1979,6.82942123516932,50.5965205385291
IDA,1980,6.836444558025623,51.1151732940435
IDA,1981,6.805291532380317,51.4474033182988
IDA,1982,6.776560997943887,51.6960498674964
IDA,1983,6.739935478905847,51.5229733330108
IDA,1984,6.728521464690521,51.6474419394722
IDA,1985,6.741497523855723,51.9187727659844
IDA,1986,6.743312049538597,52.3971486498478
IDA,1987,6.751580647435524,52.9868225108107
IDA,1988,6.771718731753981,53.1482557702086
IDA,1989,6.767588671554137,53.4490197280082
IDA,1990,6.778771451642597,53.5505329511208
IDA,1991,6.773104587633466,53.2748724672428
IDA,1992,6.766322669802728,53.697103081756
IDA,1993,6.747999081906809,54.0521369478466
IDA,1994,6.73231182202279,54.174153356852
IDA,1995,6.741645648247453,54.5445932787595
IDA,1996,6.763985897271693,54.7215406221136
IDA,1997,6.776577755674203,55.0299568553402
IDA,1998,6.786012331755417,55.1975204310767
IDA,1999,6.791209932498048,55.7552309366891
IDA,2000,6.805421155265215,56.4104989348264
IDA,2001,6.821349543825462,56.8798581050815
IDA,2002,6.850935309426845,57.3489936510874
IDA,2003,6.873900024597588,57.8426411102076
IDA,2004,6.91514864466335,58.2280770979486
IDA,2005,6.951441048763558,58.6492614977887
IDA,2006,6.986183819547219,59.3132154681105
IDA,2007,7.01974253888446,59.7951639068012
IDA,2008,7.045119805410745,60.02592521814
IDA,2009,7.070621723068302,60.5550916523175
IDA,2010,7.10738553778706,60.9887312592622
IDA,2011,7.124732695923629,61.3496821632737
IDA,2012,7.136398340003816,61.7836144097129
IDA,2013,7.168489658858821,62.1423584064168
IDA,2014,7.200349229550958,62.3681207907556
IDA,2015,7.213698492178104,62.614846093746
IDA,2016,7.22455647757306,62.9933197277529
IDA,2017,7.242356984831652,63.2751134869149
IDA,2018,7.263433910666109,63.732426814433
IDA,2019,7.28013440263033,64.0900291161311
IDA,2020,7.24023060990671,63.8036707405637
IDA,2021,7.257688180901063,63.4785278004251
IDA,2022,7.28115869665138,64.8837178854478
IDA,2023,7.290568885396017,65.4550660808135
IDA,2024,7.312138517922013,65.6366628053028
IDB,1960,6.895783801682678,42.5431247039146
IDB,1961,6.888308091999685,43.1190326843742
IDB,1962,6.903392256588266,43.9750474568048
IDB,1963,6.956452498167308,44.5600815712563
IDB,1964,6.987092228400461,45.1855337757565
IDB,1965,7.011363362050363,45.6886867812749
IDB,1966,6.990636961790444,46.3846575767366
IDB,1967,6.893062339956205,46.6078021602607
IDB,1968,6.8966270020615665,47.5024041128975
IDB,1969,7.009912872792157,48.0290098035867
IDB,1970,7.140957925101179,48.7838526739504
IDB,1971,7.213122363007056,47.6730532778321
IDB,1972,7.225297487335514,49.8239662402422
IDB,1973,7.251999957947947,50.2346031204067
IDB,1974,7.301842433503159,50.6407109948696
IDB,1975,7.259443512342704,51.0816474482981
IDB,1976,7.295697879820367,51.688385894367
IDB,1977,7.318375310588997,52.1478233476654
IDB,1978,7.292502623008109,52.5625373286159
IDB,1979,7.3151400243764675,53.0009671534034
IDB,1980,7.319837622290422,53.5517138048301
IDB,1981,7.248648356499526,53.9979698190557
IDB,1982,7.205928418056427,54.3521614304047
IDB,1983,7.145281602006364,54.6099438830929
IDB,1984,7.129104096790822,54.8021457939447
IDB,1985,7.1565134535225114,54.9200438763528
IDB,1986,7.154628945586618,54.9385202722126
IDB,1987,7.158245789810798,55.0073967177056
IDB,1988,7.186983963023613,55.0375298345347
IDB,1989,7.18774316656348,55.0881932223756
IDB,1990,7.215060693756,54.9664973426319
IDB,1991,7.204025519351391,54.8353887000916
IDB,1992,7.203292658384437,54.783650974874
IDB,1993,7.17372512377379,54.7603761029954
IDB,1994,7.155563250017888,54.6642328964788
IDB,1995,7.151012756395351,54.6459046354829
IDB,1996,7.1702226812163685,54.6170968700042
IDB,1997,7.167937722301089,54.6534354528845
IDB,1998,7.169110384602422,54.8967990190859
IDB,1999,7.163605746718356,55.2249658950202
IDB,2000,7.172264727093846,55.5992722966425
IDB,2001,7.184844246980103,55.889906446422
IDB,2002,7.221634431363779,56.270235525387
IDB,2003,7.241185615496766,56.6359126305936
IDB,2004,7.287243114331326,57.0294559998555
IDB,2005,7.320385002858018,56.9989286118874
IDB,2006,7.351286270194076,57.7016203087693
IDB,2007,7.378306569245965,58.0600906051007
IDB,2008,7.393302237161309,58.4143046583873
IDB,2009,7.4247685286339395,58.7507843707772
IDB,2010,7.457088108035509,59.0515129063523
IDB,2011,7.474449441722547,59.364406133511
IDB,2012,7.496090018152251,59.6305637403653
IDB,2013,7.530587791751368,59.8685731055257
IDB,2014,7.566433495229293,60.0998681978251
IDB,2015,7.584719272598322,60.2944946354402
IDB,2016,7.588579121089002,60.5761664527178
IDB,2017,7.596646325057092,60.818392907263
IDB,2018,7.614874849674842,61.0740542759518
IDB,2019,7.625254705325175,61.3259973798573
IDB,2020,7.572437364602468,60.8180066140619
IDB,2021,7.594956400459274,60.876535738179
IDB,2022,7.622381978574968,62.1288641416852
IDB,2023,7.631734026326003,62.4621643327349
IDB,2024,7.653335441003634,62.619940785485
IDN,1960,6.393146686634786,46.835
IDN,1961,6.421098554030476,47.385
IDN,1962,6.411280899624365,48.141
IDN,1963,6.3604056210421165,48.742
IDN,1964,6.366538524469116,49.44
IDN,1965,6.352006334792871,42.762
IDN,1966,6.355870308867273,48.406
IDN,1967,6.343583314075965,51.309
IDN,1968,6.420103777523865,51.888
IDN,1969,6.458458159696842,52.588
IDN,1970,6.503763726487465,53.254
IDN,1971,6.544554763309826,53.823
IDN,1972,6.585942652165088,54.364
IDN,1973,6.637594325915507,54.916
IDN,1974,6.685428993959472,55.443
IDN,1975,6.708741878279382,55.998
IDN,1976,6.750397791447104,56.445
IDN,1977,6.80983122902377,57.09
IDN,1978,6.850925891779306,57.607
IDN,1979,6.897379941185825,58.18
IDN,1980,6.96771312740259,58.701
IDN,1981,7.020547311573863,59.096
IDN,1982,7.019639356518234,59.7
IDN,1983,7.037911495681642,60.343
IDN,1984,7.083044321947273,60.891
IDN,1985,7.086004484563878,61.387
IDN,1986,7.122918880214074,61.736
IDN,1987,7.15158915755573,62.087
IDN,1988,7.188696479866229,62.386
IDN,1989,7.241867382016436,62.883
IDN,1990,7.293642125980137,63.249
IDN,1991,7.342776476671383,63.703
IDN,1992,7.388395605409814,64.182
IDN,1993,7.434320833173176,64.851
IDN,1994,7.4901537310722315,65.041
IDN,1995,7.55252195103631,65.263
IDN,1996,7.611343502315614,65.465
IDN,1997,7.641008198923033,65.774
IDN,1998,7.484481274835612,65.942
IDN,1999,7.477329696065892,66.001
IDN,2000,7.511033910001544,66.292
IDN,2001,7.532940336868642,66.583
IDN,2002,7.56339494454081,66.954
IDN,2003,7.596853375586996,67.134
IDN,2004,7.633227420160034,65.521
IDN,2005,7.6757537775135924,67.531
IDN,2006,7.716051015834325,67.664
IDN,2007,7.7643609115767465,67.914
IDN,2008,7.809785586289368,68.085
IDN,2009,7.842365066469774,68.267
IDN,2010,7.890138165690505,68.364
IDN,2011,7.937240647144549,68.629
IDN,2012,7.982934630154651,68.862
IDN,2013,8.024614233453086,69.064
IDN,2014,8.061714295302249,69.292
IDN,2015,8.09810248419129,69.52
IDN,2016,8.136462661371946,69.733
IDN,2017,8.175693938429035,69.953
IDN,2018,8.21644521178391,70.08
IDN,2019,8.25606300168653,70.349
IDN,2020,8.226693570902942,68.817
IDN,2021,8.256007313238973,67.452
IDN,2022,8.300258389089292,70.925
IDN,2023,8.341086842622474,71.146
IDN,2024,8.382048479458371,71.288
IDX,1961,6.425054098405905,43.0951316972524
IDX,1962,6.472265600303306,43.5762601011737
IDX,1963,6.46689012723504,43.7981872948075
IDX,1964,6.480134201260919,44.3813406993552
IDX,1965,6.490904800510379,44.5239312680811
IDX,1966,6.492111137987307,44.989412737207
IDX,1967,6.483752613526222,45.5656097754952
IDX,1968,6.503201300496238,45.9269124929527
IDX,1969,6.51727928604996,46.2627254230036
IDX,1970,6.494409490072056,45.2012632005957
IDX,1971,6.492297042573858,42.2640297399083
IDX,1972,6.461827360762936,46.7570577106736
IDX,1973,6.458758185489397,47.2360484676255
IDX,1974,6.494924657169763,47.331557187091
IDX,1975,6.476470950667142,47.4101020399109
IDX,1976,6.490019149561652,47.9787883579105
IDX,1977,6.4881765926305714,48.4005587745052
IDX,1978,6.483904436803623,48.6872357946026
IDX,1979,6.467221328578876,49.4323853887795
IDX,1980,6.470788911690611,49.9210818235144
IDX,1981,6.481711729012526,50.1799845629283
IDX,1982,6.465604209012383,50.3651890033338
IDX,1983,6.45386061844778,49.9695553537365
IDX,1984,6.446189747096056,50.0541072758356
IDX,1985,6.441420341859792,50.3950393105084
IDX,1986,6.445019100557535,51.0993436342229
IDX,1987,6.456136634514678,51.9490072183665
IDX,1988,6.463442619693773,52.1721019571172
IDX,1989,6.450824035251612,52.5973601374035
IDX,1990,6.438761511567151,52.8102291496244
IDX,1991,6.436863623762182,52.4540767724865
IDX,1992,6.421768544834432,53.1242446068874
IDX,1993,6.416782555092635,53.6786742663188
IDX,1994,6.403722531383382,53.9155574209372
IDX,1995,6.42860677249042,54.4910697745614
IDX,1996,6.453859805583026,54.7768088557122
IDX,1997,6.482402742569836,55.2295575204067
IDX,1998,6.500150552969056,55.3572541945218
IDX,1999,6.516272123784269,56.0373584575258
IDX,2000,6.535503631701785,56.843202730123
IDX,2001,6.553862935506429,57.4095843162393
IDX,2002,6.575531171664279,57.9268624074352
IDX,2003,6.601835080530901,58.4895588317437
IDX,2004,6.637295629389561,58.8719775064056
IDX,2005,6.676318122462202,59.5374266334029
IDX,2006,6.714652048580747,60.1817423826443
IDX,2007,6.754131245429707,60.7328901331075
IDX,2008,6.789097820195434,60.9000867842919
IDX,2009,6.807592404928026,61.5371473230212
IDX,2010,6.847870564085712,62.0465381671517
IDX,2011,6.864596442950291,62.4359401192322
IDX,2012,6.865884156187656,62.962468993378
IDX,2013,6.895236754621885,63.3883167400328
IDX,2014,6.923011780997125,63.6108317883765
IDX,2015,6.931509818046375,63.8848479810589
IDX,2016,6.95044796677675,64.3130750207169
IDX,2017,6.979002557185889,64.6129528273956
IDX,2018,7.003736668594687,65.1762396022628
IDX,2019,7.027673551340415,65.586275114442
IDX,2020,7.001161239078821,65.4148502167518
IDX,2021,7.01441248276723,64.8793395181521
IDX,2022,7.034691598705698,66.3634983426878
IDX,2023,7.045047363227748,67.0575957681524
IDX,2024,7.067560116764531,67.2462931175477
IMN,1984,9.814844062460974,69.754
IMN,1985,9.820994620152787,70.02
IMN,1986,9.991279652857932,70.34
IMN,1987,10.071801041765871,70.685
IMN,1988,10.167229868285945,71.057
IMN,1989,10.216931229344052,71.406
IMN,1990,10.24147450284592,71.8
IMN,1991,10.244536748234996,72.183
IMN,1992,10.244728132391126,72.544
IMN,1993,10.264457821634464,72.822
IMN,1994,10.298098709424565,73.14
IMN,1995,10.33536389607612,73.371
IMN,1996,10.402103919413799,73.634
IMN,1997,10.472711684386018,73.9
IMN,1998,10.586371527549078,74.204
IMN,1999,10.7022654783375,74.469
IMN,2000,10.74235651008635,74.842
IMN,2001,10.784208386988302,75.289
IMN,2002,10.833968770912916,75.785
IMN,2003,10.882271329533314,76.319
IMN,2004,10.923489839066924,76.876
IMN,2005,10.971668109009052,77.453
IMN,2006,11.036110856141088,77.971
IMN,2007,11.097864093518979,78.451
IMN,2008,11.134890913895937,78.899
IMN,2009,11.144640901182155,79.303
IMN,2010,11.166877309863064,79.613
IMN,2011,11.180629572386826,79.836
IMN,2012,11.251681444990123,80.007
IMN,2013,11.294568282058139,80.12
IMN,2014,11.347798203364444,80.199
IMN,2015,11.347502543463673,80.267
IMN,2016,11.416235746009116,80.391
IMN,2017,11.442506335522046,80.506
IMN,2018,11.462057408313074,80.614
IMN,2019,11.462790852725645,80.74
IMN,2020,11.368998136923016,80.591
IMN,2021,11.40615887246458,80.42
IMN,2022,11.363271279147934,80.956
IMN,2023,11.342316700738824,80.999
IND,1960,5.7454931872051525,45.61
IND,1961,5.758080126212581,45.824
IND,1962,5.763251749556426,46.133
IND,1963,5.798005684688899,46.458
IND,1964,5.846473119360649,46.742
IND,1965,5.797250274860954,45.558
IND,1966,5.77530069892695,45.884
IND,1967,5.829180959753901,46.184
IND,1968,5.8410145183115105,47.925
IND,1969,5.883229903458417,48.26
IND,1970,5.911318135788494,48.585
IND,1971,5.9054526062577075,48.902
IND,1972,5.877954046895835,49.213
IND,1973,5.887874252723615,49.642
IND,1974,5.876656963805792,50.259
IND,1975,5.940592062547445,50.761
IND,1976,5.933560039934916,51.302
IND,1977,5.980007431343878,51.822
IND,1978,6.012533393009033,52.42
IND,1979,5.935474960253333,53.014
IND,1980,5.9768133402308585,53.593
IND,1981,6.011643451135807,54.173
IND,1982,6.0224706924726314,54.735
IND,1983,6.069418695377619,55.283
IND,1984,6.083454916783151,55.813
IND,1985,6.111393509406721,56.324
IND,1986,6.134970800091388,56.819
IND,1987,6.15105033628222,57.291
IND,1988,6.220465594123904,57.744
IND,1989,6.255890883733178,58.196
IND,1990,6.287617396392882,58.618
IND,1991,6.276452489586095,59.032
IND,1992,6.308526528309732,59.445
IND,1993,6.3339417043660005,59.823
IND,1994,6.3779640941892985,60.237
IND,1995,6.430847799851643,60.63
IND,1996,6.483651436495677,61.027
IND,1997,6.503686829731863,61.439
IND,1998,6.544334359655849,61.852
IND,1999,6.6100756752060645,62.284
IND,2000,6.628972304547612,62.749
IND,2001,6.657378467815533,63.158
IND,2002,6.676599607308194,63.649
IND,2003,6.7349232275457975,64.086
IND,2004,6.794134759426066,64.484
IND,2005,6.854072358705506,64.939
IND,2006,6.915954328175172,65.373
IND,2007,6.974709911584962,65.803
IND,2008,6.990722370329887,66.247
IND,2009,7.051943612797376,66.7
IND,2010,7.118955302539494,67.162
IND,2011,7.155872803144619,67.623
IND,2012,7.195259534807846,68.076
IND,2013,7.243837295211632,68.499
IND,2014,7.302709613150179,68.932
IND,2015,7.3677074101766316,69.326
IND,2016,7.43512254217345,69.709
IND,2017,7.489243093928834,70.068
IND,2018,7.540811487804716,70.415
IND,2019,7.568395113480933,70.746
IND,2020,7.499147162731792,70.156
IND,2021,7.58340498487003,67.282
IND,2022,7.64884047252486,71.698
IND,2023,7.709629014232512,72.003
IND,2024,7.76930800754234,72.235
IRL,1960,9.05061309417476,70.1942682926829
IRL,1961,9.101043175515407,69.6782926829268
IRL,1962,9.128584883758172,69.9910487804878
IRL,1963,9.169103880328201,70.2300975609756
IRL,1964,9.201403595191806,70.4899268292683
IRL,1965,9.216810407489216,70.695
IRL,1966,9.221712852794504,70.2169512195122
IRL,1967,9.273244035590052,71.2453658536585
IRL,1968,9.347957849573522,70.941
IRL,1969,9.39909357846679,70.8528292682927
IRL,1970,9.416997774473884,70.9015609756098
IRL,1971,9.439409239341728,71.6758536585366
IRL,1972,9.487426309258096,71.021756097561
IRL,1973,9.517521123902677,71.2399756097561
IRL,1974,9.54267417331676,71.1755609756098
IRL,1975,9.581245103655705,71.7530487804878
IRL,1976,9.580005335619084,71.8566097560976
IRL,1977,9.645378319037201,71.9973902439024
IRL,1978,9.700592496463727,71.9963170731707
IRL,1979,9.717537250452262,72.2680243902439
IRL,1980,9.736357759114885,72.5954146341464
IRL,1981,9.757358687081018,72.9517804878049
IRL,1982,9.770482407397498,73.2090487804878
IRL,1983,9.76094701630084,73.2400975609756
IRL,1984,9.797372292208408,73.6637317073171
IRL,1985,9.826161224809075,73.6219024390244
IRL,1986,9.821414342865046,73.6655365853659
IRL,1987,9.866887011152564,74.4319024390244
IRL,1988,9.922022499243276,74.4394146341463
IRL,1989,9.982496900027881,74.4552195121951
IRL,1990,10.062924209346573,74.8460731707317
IRL,1991,10.07628751859306,75.025
IRL,1992,10.102350970228867,75.4150975609756
IRL,1993,10.123922521120674,75.2921951219512
IRL,1994,10.175943385987138,75.7866341463415
IRL,1995,10.262797638206795,75.4693170731707
IRL,1996,10.326085188278505,75.8317073170732
IRL,1997,10.420613118851946,75.9853658536585
IRL,1998,10.494212077801306,76.1804878048781
IRL,1999,10.583054838943854,76.0829268292683
IRL,2000,10.659597334815277,76.5365853658537
IRL,2001,10.69537433486981,77.1341463414634
IRL,2002,10.735841917249259,77.6341463414634
IRL,2003,10.749245557098549,78.1390243902439
IRL,2004,10.796639103723713,78.5390243902439
IRL,2005,10.830663076992838,78.9439024390244
IRL,2006,10.852377498467067,79.2414634146342
IRL,2007,10.875207217259875,79.6414634146341
IRL,2008,10.80894298253408,80.0951219512195
IRL,2009,10.746484306991263,80.190243902439
IRL,2010,10.757725130159226,80.7439024390244
IRL,2011,10.76932501970944,80.7463414634146
IRL,2012,10.76102906285345,80.8463414634146
IRL,2013,10.777455886695826,80.9487804878049
IRL,2014,10.859856708820013,81.3487804878049
IRL,2015,11.070539158679278,81.4536585365854
IRL,2016,11.06985162828991,81.6536585365854
IRL,2017,11.15265294469854,82.1560975609756
IRL,2018,11.212212931086379,82.2048780487805
IRL,2019,11.244858235578402,82.7024390243903
IRL,2020,11.301314364517266,82.4560975609756
IRL,2021,11.437999659259562,82.2536585365854
IRL,2022,11.490613766591297,82.509756097561
IRL,2023,11.446165431356981,82.8073170731707
IRL,2024,11.45609040088989,83.009756097561
IRN,1960,7.760087959988569,43.297
IRN,1961,7.828881465206466,43.9
IRN,1962,7.87463577131803,43.769
IRN,1963,7.911986025310643,45.105
IRN,1964,7.962199747996513,45.735
IRN,1965,8.088101569737853,46.372
IRN,1966,8.165823071465834,47.072
IRN,1967,8.241986830442938,47.803
IRN,1968,8.34662708354933,47.946
IRN,1969,8.460854034697,49.382
IRN,1970,8.53419913059755,50.222
IRN,1971,8.632727124645026,51.12
IRN,1972,8.738847758539627,51.729
IRN,1973,8.78134885691166,52.944
IRN,1974,8.808136721511447,53.862
IRN,1975,8.774641143660755,54.819
IRN,1976,8.91222116949678,55.771
IRN,1977,8.853120181427357,56.66
IRN,1978,8.683014864109287,56.042
IRN,1979,8.520570455613822,58.453
IRN,1980,8.241005945415779,58.369
IRN,1981,8.129865672762673,56.625
IRN,1982,8.285330615817571,57.633
IRN,1983,8.351543911218926,58.518
IRN,1984,8.239851506694498,60.875
IRN,1985,8.22162211517186,61.537
IRN,1986,8.08174879095022,62.136
IRN,1987,8.04418281660453,62.685
IRN,1988,7.949157709398403,63.255
IRN,1989,7.979465363745482,65.314
IRN,1990,8.077819953797071,64.066
IRN,1991,8.170370685044954,66.233
IRN,1992,8.183043277117365,66.653
IRN,1993,8.164658142203267,67.037
IRN,1994,8.145624909929019,67.49
IRN,1995,8.158279185417838,67.904
IRN,1996,8.209045162313505,68.328
IRN,1997,8.21047109577509,68.649
IRN,1998,8.2173212921071,69.214
IRN,1999,8.222907350883728,69.686
IRN,2000,8.26495595183188,70.166
IRN,2001,8.273157755277195,70.619
IRN,2002,8.342590621039152,71.112
IRN,2003,8.414369752510055,70.464
IRN,2004,8.435430204601783,72.04
IRN,2005,8.44469957408565,72.446
IRN,2006,8.471943379078233,72.895
IRN,2007,8.533994841936796,73.299
IRN,2008,8.524355497821062,73.683
IRN,2009,8.521960438739798,74.041
IRN,2010,8.56580454601878,74.39
IRN,2011,8.57955911181092,74.721
IRN,2012,8.528854212287344,75.039
IRN,2013,8.500448359868757,75.349
IRN,2014,8.535662223403056,75.635
IRN,2015,8.507694936536325,75.907
IRN,2016,8.57783988349113,76.155
IRN,2017,8.593272332655868,76.396
IRN,2018,8.542319847097776,76.621
IRN,2019,8.507639033619936,76.855
IRN,2020,8.543411333963832,74.141
IRN,2021,8.575579586906029,73.752
IRN,2022,8.606176942485563,76.799
IRN,2023,8.646086538386578,77.654
IRN,2024,8.671534076478812,77.854
IRQ,1960,6.905678705902316,51.462
IRQ,1961,6.952108561528985,52.339
IRQ,1962,6.967084880167923,53.482
IRQ,1963,6.957573950704128,54.36
IRQ,1964,7.0622743126915815,55.245
IRQ,1965,7.130708066020295,56.387
IRQ,1966,7.14522755188976,57.321
IRQ,1967,7.01845366381481,58.422
IRQ,1968,7.162422222322495,58.969
IRQ,1969,7.159908777279659,59.64
IRQ,1970,7.169626288902379,60.532
IRQ,1971,7.187431794977286,61.333
IRQ,1972,7.189737992963806,61.816
IRQ,1973,7.198515549098288,62.344
IRQ,1974,7.314044797264676,60.995
IRQ,1975,7.3986414448473665,61.434
IRQ,1976,7.524415919141233,63.569
IRQ,1977,7.509976445728803,63.896
IRQ,1978,7.633792726600032,64.175
IRQ,1979,7.791157112769524,64.417
IRQ,1980,7.980816969572883,60.916
IRQ,1981,7.943470796881691,58.652
IRQ,1982,7.9490965901860395,58.977
IRQ,1983,7.779278408278107,59.287
IRQ,1984,7.7331241399621184,59.544
IRQ,1985,7.72350776998165,59.8
IRQ,1986,7.74432866943352,60.031
IRQ,1987,7.805880013261434,60.259
IRQ,1988,7.782489570496703,56.692
IRQ,1989,7.7242126124068715,57.501
IRQ,1990,8.168083629462082,57.587
IRQ,1991,7.134596444771078,61.338
IRQ,1992,7.387114405908147,65.344
IRQ,1993,7.6036803634124865,65.31
IRQ,1994,7.5937755833377505,65.027
IRQ,1995,7.5812570208424725,64.761
IRQ,1996,7.653885385304301,64.618
IRQ,1997,7.815547240174896,64.241
IRQ,1998,8.084240951402158,64.405
IRQ,1999,8.213853309680882,64.532
IRQ,2000,8.336337819500319,64.86
IRQ,2001,8.322659947325228,65.292
IRQ,2002,8.205471201841664,65.724
IRQ,2003,7.718716561930863,64.834
IRQ,2004,8.117988214007669,64.634
IRQ,2005,8.104964293791246,64.899
IRQ,2006,8.15248246027419,64.029
IRQ,2007,8.179082164132152,64.428
IRQ,2008,8.237950081775155,66.465
IRQ,2009,8.234345506005615,67.834
IRQ,2010,8.264091150137638,68.092
IRQ,2011,8.301525840691239,68.435
IRQ,2012,8.386607100691377,68.827
IRQ,2013,8.412904739864173,69.047
IRQ,2014,8.399979016206505,69.679
IRQ,2015,8.398441612691233,69.977
IRQ,2016,8.503687861847576,68.683
IRQ,2017,8.463017242611702,69.788
IRQ,2018,8.465691289665148,71.116
IRQ,2019,8.496612652869452,71.245
IRQ,2020,8.346167223614328,69.651
IRQ,2021,8.338664585989061,70.704
IRQ,2022,8.392309404570774,72.037
IRQ,2023,8.37495821585947,72.324
IRQ,2024,8.338137383001932,72.424
ISL,1960,9.562485210378142,74.0400731707317
ISL,1961,9.542255896893352,73.5034146341464
ISL,1962,9.60359361633831,73.7219512195122
ISL,1963,9.683657330062323,73.0429268292683
ISL,1964,9.760115702219403,73.5417073170732
ISL,1965,9.813213646709526,73.8687804878049
ISL,1966,9.880166664628256,73.3004878048781
ISL,1967,9.85134915447302,73.7831707317073
ISL,1968,9.7811199437785,74.0058536585366
ISL,1969,9.795442766876421,73.7763414634147
ISL,1970,9.862131298436944,73.9339024390244
ISL,1971,9.976800139184121,73.5704878048781
ISL,1972,10.02210286109211,74.4558536585366
ISL,1973,10.072855969380596,74.4509756097561
ISL,1974,10.114820994296817,74.5117073170732
ISL,1975,10.10847267959034,75.5787804878049
ISL,1976,10.15642961579009,76.9721951219512
ISL,1977,10.233531232655245,76.3736585365854
ISL,1978,10.284152430505266,76.6492682926829
ISL,1979,10.321829129515539,76.7731707317073
ISL,1980,10.367128135015578,76.8465853658537
ISL,1981,10.397487919222828,76.5214634146341
ISL,1982,10.405438650767453,77.0378048780488
ISL,1983,10.370451841751878,76.8456097560976
ISL,1984,10.400277051648125,77.5765853658537
ISL,1985,10.424798264433708,77.6024390243903
ISL,1986,10.478290314373682,77.9907317073171
ISL,1987,10.549337328430402,77.3390243902439
ISL,1988,10.532777490061873,77.0829268292683
ISL,1989,10.522974593654896,78.1409756097561
ISL,1990,10.526823832292155,78.0363414634146
ISL,1991,10.512994581191352,77.9919512195122
ISL,1992,10.466107025840216,78.760243902439
ISL,1993,10.468987892010935,78.9346341463415
ISL,1994,10.49577217397337,79.2470731707317
ISL,1995,10.491512651497155,77.9843902439024
ISL,1996,10.530107950686517,78.7778048780488
ISL,1997,10.562490299975094,78.8853658536585
ISL,1998,10.619538327333515,79.6024390243903
ISL,1999,10.64568528302146,79.3512195121951
ISL,2000,10.679880083640375,79.6536585365854
ISL,2001,10.704277244182164,80.690243902439
ISL,2002,10.700759496888027,80.5024390243903
ISL,2003,10.71639187687901,80.9634146341464
ISL,2004,10.781073040524634,80.9975609756098
ISL,2005,10.833176942954799,81.5024390243902
ISL,2006,10.86486882264863,81.1585365853659
ISL,2007,10.92336971907279,81.4536585365854
ISL,2008,10.92162728673776,81.609756097561
ISL,2009,10.831332963583085,81.7512195121951
ISL,2010,10.81030326733911,81.8975609756097
ISL,2011,10.820954198083005,82.3585365853659
ISL,2012,10.827258472027884,82.9170731707317
ISL,2013,10.853137383566025,82.0609756097561
ISL,2014,10.860969666254384,82.8609756097561
ISL,2015,10.8875434021307,82.4682926829268
ISL,2016,10.933986812313744,82.2048780487805
ISL,2017,10.944788122065628,82.6609756097561
ISL,2018,10.963560869920638,82.8609756097561
ISL,2019,10.952889381082931,83.1634146341463
ISL,2020,10.867888356875653,83.0634146341463
ISL,2021,10.902003610045343,83.1658536585366
ISL,2022,10.96173353054846,82.119512195122
ISL,2023,11.001295413972212,82.4560975609756
ISL,2024,10.986200189609338,82.809756097561
ISR,1961,9.154683841389645,72.0065853658537
ISR,1962,9.20316708348329,72.1121951219512
ISR,1966,9.329780910962215,72.2856097560976
ISR,1967,9.316113896146462,71.509756097561
ISR,1968,9.445708322408095,71.0565853658537
ISR,1969,9.546861866923006,70.9704878048781
ISR,1970,9.584228930328324,71.2134146341463
ISR,1971,9.656704117830417,71.7190243902439
ISR,1972,9.745924913963316,71.0780487804878
ISR,1973,9.759828229764281,71.6934146341464
ISR,1974,9.792824906582391,71.6617073170732
ISR,1975,9.801903687253242,72.0451219512195
ISR,1976,9.782798623341948,72.9560975609756
ISR,1977,9.770707306481206,72.9585365853659
ISR,1978,9.80368208436407,73.2073170731707
ISR,1979,9.838226004970824,73.5073170731707
ISR,1980,9.830782935284194,73.8756097560976
ISR,1981,9.862891410635395,74.2609756097561
ISR,1982,9.86472146831329,74.109756097561
ISR,1983,9.879569369426028,74.4585365853658
ISR,1984,9.87578931628147,74.8073170731707
ISR,1985,9.897728859885605,75.2073170731707
ISR,1986,9.923304738525722,74.9560975609756
ISR,1987,9.976116536860793,75.2585365853659
ISR,1988,9.988230753729296,74.4365853658537
ISR,1989,9.976997075884361,76.3073170731707
ISR,1990,10.016651150198728,76.6073170731707
ISR,1991,10.030902910951882,76.7585365853659
ISR,1992,10.071077778875997,76.5048780487805
ISR,1993,10.084839602454164,77.1536585365854
ISR,1994,10.130596204123886,77.4024390243903
ISR,1995,10.16785409529863,77.4512195121951
ISR,1996,10.19843718954528,78.1048780487805
ISR,1997,10.208919470437998,78.0
ISR,1998,10.226251055260361,78.1487804878049
ISR,1999,10.233141198273962,78.6585365853659
ISR,2000,10.289141031365471,78.9536585365854
ISR,2001,10.268270921364092,79.4073170731707
ISR,2002,10.246600363683719,79.4512195121951
ISR,2003,10.24278883351691,79.6487804878049
ISR,2004,10.27055855276798,80.1463414634146
ISR,2005,10.295534597203016,80.1512195121951
ISR,2006,10.332260113175682,80.5536585365854
ISR,2007,10.37571716308418,80.5048780487805
ISR,2008,10.38960325878136,80.9512195121951
ISR,2009,10.37782909221301,81.4048780487805
ISR,2010,10.413525999508337,81.6024390243903
ISR,2011,10.448713180591845,81.6560975609756
ISR,2012,10.45406523667223,81.7048780487805
ISR,2013,10.475491751594292,82.0560975609756
ISR,2014,10.492803195240448,82.1536585365854
ISR,2015,10.49510397493118,82.0512195121951
ISR,2016,10.51986199451407,82.4073170731707
ISR,2017,10.542997159561487,82.5512195121951
ISR,2018,10.563465930341833,82.8024390243903
ISR,2019,10.579540405100516,82.8048780487805
ISR,2020,10.543718568236718,82.6487804878049
ISR,2021,10.616149063410235,82.5
ISR,2022,10.658183042926506,82.7
ISR,2023,10.64855669206267,83.1951219512195
ISR,2024,10.642612552753754,83.1975609756098
ITA,1960,9.183092114984875,69.1239024390244
ITA,1961,9.255286432776723,69.760243902439
ITA,1962,9.308708497852754,69.149756097561
ITA,1963,9.355993266776471,69.2480487804878
ITA,1964,9.375359845400322,70.3117073170732
ITA,1965,9.399096353058248,70.1717073170732
ITA,1966,9.449448756015894,70.9260975609756
ITA,1967,9.511537506134973,70.9565853658537
ITA,1968,9.568613198216548,70.78
ITA,1969,9.622146187350925,70.8119512195122
ITA,1970,9.668600383829645,71.5587804878049
ITA,1971,9.68195363508093,71.8068292682927
ITA,1972,9.71251668762716,72.0753658536586
ITA,1973,9.774569051813934,72.0263414634146
ITA,1974,9.821567266796057,72.7343902439025
ITA,1975,9.794471634298821,72.6473170731708
ITA,1976,9.85831290951339,72.9919512195122
ITA,1977,9.879348379361527,73.3646341463415
ITA,1978,9.907672792657602,73.6931707317073
ITA,1979,9.962664866980612,74.0026829268293
ITA,1980,9.994329896904684,73.9431707317073
ITA,1981,10.001536193275344,74.3539024390244
ITA,1982,10.00492270247099,74.8146341463415
ITA,1983,10.016183966698364,74.640243902439
ITA,1984,10.047709600912873,75.389512195122
ITA,1985,10.075017147318167,75.4707317073171
ITA,1986,10.103161035368542,75.7707317073171
ITA,1987,10.134479747242512,76.219512195122
ITA,1988,10.175084522020061,76.3707317073171
ITA,1989,10.207656856537419,76.819512195122
ITA,1990,10.226482926786023,76.9707317073171
ITA,1991,10.241057949676414,77.0195121951219
ITA,1992,10.24868685109907,77.419512195122
ITA,1993,10.239510863295493,77.7219512195122
ITA,1994,10.260589299031958,77.9219512195122
ITA,1995,10.289032939038652,78.1707317073171
ITA,1996,10.302118016755056,78.5219512195122
ITA,1997,10.32066308599159,78.8243902439024
ITA,1998,10.338258222585209,78.9756097560976
ITA,1999,10.35473070247277,79.4243902439024
ITA,2000,10.39236407133272,79.7780487804878
ITA,2001,10.411617526620265,80.1268292682927
ITA,2002,10.412334643742938,80.2292682926829
ITA,2003,10.407595760382595,79.9829268292683
ITA,2004,10.414782300707424,80.7804878048781
ITA,2005,10.41654095710411,80.7829268292683
ITA,2006,10.430374973291826,81.2829268292683
ITA,2007,10.438808040299792,81.4341463414634
ITA,2008,10.420811041774327,81.4853658536585
ITA,2009,10.36050294365907,81.6365853658537
ITA,2010,10.371256009460247,82.0365853658537
ITA,2011,10.374724896986937,82.1878048780488
ITA,2012,10.34023860303618,82.2390243902439
ITA,2013,10.319893331311004,82.690243902439
ITA,2014,10.319728682843698,83.090243902439
ITA,2015,10.330057804498121,82.5439024390244
ITA,2016,10.344245132051489,83.2439024390244
ITA,2017,10.362035906529954,82.9463414634147
ITA,2018,10.372354339411459,83.3463414634146
ITA,2019,10.379113910254729,83.4975609756098
ITA,2020,10.291121252629488,82.1951219512195
ITA,2021,10.381822291048463,82.6463414634146
ITA,2022,10.430930932943047,82.7
ITA,2023,10.440615759301478,83.3512195121951
ITA,2024,10.448950039624505,83.9512195121951
JAM,1966,8.327261728376785,65.928
JAM,1967,8.333317336750664,66.086
JAM,1968,8.377706716208996,66.319
JAM,1969,8.420373115032191,66.516
JAM,1970,8.521918131389446,66.731
JAM,1971,8.532699293471309,66.997
JAM,1972,8.68378165317027,67.304
JAM,1973,8.612117061828293,67.607
JAM,1974,8.553880479695058,67.913
JAM,1975,8.537313155178829,68.168
JAM,1976,8.454937295406914,68.412
JAM,1977,8.416432929048579,68.586
JAM,1978,8.404286461199371,68.739
JAM,1979,8.381931125640902,68.813
JAM,1980,8.310819308159887,68.992
JAM,1981,8.323832661089137,69.12
JAM,1982,8.3305753410538,69.253
JAM,1983,8.335543652206264,69.546
JAM,1984,8.306784710067324,69.809
JAM,1985,8.265449533695884,70.101
JAM,1986,8.274771626083881,70.446
JAM,1987,8.34272511117581,70.87
JAM,1988,8.37487001433641,71.161
JAM,1989,8.437290555585525,71.512
JAM,1990,8.470861982746346,71.705
JAM,1991,8.509328426231923,71.787
JAM,1992,8.518817638005519,71.816
JAM,1993,8.598469139934071,71.758
JAM,1994,8.60193268036915,71.624
JAM,1995,8.615138537638924,71.488
JAM,1996,8.604323341558661,71.328
JAM,1997,8.58363249721581,71.216
JAM,1998,8.551456049324598,71.17
JAM,1999,8.554102735193771,71.189
JAM,2000,8.555913187328995,71.281
JAM,2001,8.562936326480635,71.287
JAM,2002,8.576570275281398,71.478
JAM,2003,8.606517138498294,71.585
JAM,2004,8.61381185135065,71.542
JAM,2005,8.617171690068984,71.493
JAM,2006,8.640590311599004,71.395
JAM,2007,8.65006865624898,71.405
JAM,2008,8.637566602260277,71.502
JAM,2009,8.588982054256928,71.717
JAM,2010,8.570083930018189,71.979
JAM,2011,8.582910087101729,72.245
JAM,2012,8.572440279110992,72.405
JAM,2013,8.573551669313158,72.435
JAM,2014,8.576818095574732,72.357
JAM,2015,8.582851182445014,72.214
JAM,2016,8.607451201426887,72.052
JAM,2017,8.628043195241927,71.879
JAM,2018,8.651352723657938,71.606
JAM,2019,8.668160424268962,71.532
JAM,2020,8.578822757582605,71.452
JAM,2021,8.63185202428082,69.085
JAM,2022,8.693741661743152,71.481
JAM,2023,8.72060865135832,71.479
JAM,2024,8.715459076326468,71.606
JOR,1976,8.06942452320793,64.654
JOR,1977,8.118555407564429,65.127
JOR,1978,8.224035641015066,65.602
JOR,1979,8.37984879531562,66.049
JOR,1980,8.449267548555733,66.493
JOR,1981,8.56773220740864,66.92
JOR,1982,8.592949819959447,67.36
JOR,1983,8.526024930576552,67.778
JOR,1984,8.522822556673345,68.206
JOR,1985,8.449684313059327,68.587
JOR,1986,8.457177535177271,68.962
JOR,1987,8.433893204226308,69.297
JOR,1988,8.401801460077122,69.605
JOR,1989,8.240429636362231,69.865
JOR,1990,8.15951482166956,70.094
JOR,1991,8.097619705891182,70.24
JOR,1992,8.178846214202164,70.4
JOR,1993,8.170736678348156,70.568
JOR,1994,8.17134481486408,70.738
JOR,1995,8.190552097041618,70.915
JOR,1996,8.178007055223922,71.105
JOR,1997,8.183690193481418,71.324
JOR,1998,8.19025303160613,71.521
JOR,1999,8.20210063461462,71.737
JOR,2000,8.222955127900047,71.926
JOR,2001,8.25374446993928,72.141
JOR,2002,8.288887309809377,72.359
JOR,2003,8.307515103970857,72.585
JOR,2004,8.3655848010961,72.788
JOR,2005,8.419130974397747,72.977
JOR,2006,8.433065454961849,73.225
JOR,2007,8.45130337212254,73.407
JOR,2008,8.497476790473112,73.563
JOR,2009,8.525880623622372,73.707
JOR,2010,8.530404970293183,73.797
JOR,2011,8.534243023491843,73.929
JOR,2012,8.543841508702323,74.087
JOR,2013,8.518744311940884,74.282
JOR,2014,8.456040813458008,74.606
JOR,2015,8.398774219626274,75.06
JOR,2016,8.372438507639053,75.55
JOR,2017,8.374690275187968,76.071
JOR,2018,8.371017576451653,76.491
JOR,2019,8.369576299825674,76.865
JOR,2020,8.34002928726532,75.583
JOR,2021,8.358520744099787,74.204
JOR,2022,8.368603696163108,77.088
JOR,2023,8.383291646825054,77.814
JOR,2024,8.398643805763983,77.981
JPN,1960,8.776687869130587,67.6956097560976
JPN,1961,8.881444859611976,68.3519512195122
JPN,1962,8.95749543511191,68.6348780487805
JPN,1963,9.028697863477147,69.7124390243902
JPN,1964,9.12873134495535,70.2065853658537
JPN,1965,9.174530850928349,70.2668292682927
JPN,1966,9.266493248260296,70.9158536585366
JPN,1967,9.361247223475846,71.4660975609756
JPN,1968,9.471154241776972,71.6109756097561
JPN,1969,9.57685261649718,71.8580487804878
JPN,1970,9.569318776934745,71.919756097561
JPN,1971,9.59329554660564,72.8090243902439
JPN,1972,9.660070624678498,73.1536585365854
JPN,1973,9.723261584477667,73.2951219512195
JPN,1974,9.6976376865777,73.6721951219512
JPN,1975,9.71535810485492,74.2470731707317
JPN,1976,9.743622653386945,74.6865853658537
JPN,1977,9.776909262931316,75.2558536585366
JPN,1978,9.819185688357491,75.5846341463415
JPN,1979,9.864109036563212,76.1087804878049
JPN,1980,9.884013774892239,75.9890243902439
JPN,1981,9.917960707243084,76.3948780487805
JPN,1982,9.943611916587155,76.8736585365854
JPN,1983,9.97128014235034,76.9219512195122
JPN,1984,10.008832949368063,77.2912195121951
JPN,1985,10.053583963096337,77.5604878048781
JPN,1986,10.080984328952225,78.0104878048781
JPN,1987,10.122385755635676,78.429512195122
JPN,1988,10.183872121767749,78.349756097561
JPN,1989,10.22731173744906,78.7685365853659
JPN,1990,10.271761770065243,78.8370731707317
JPN,1991,10.301437547842584,79.0368292682927
JPN,1992,10.306170560714337,79.080243902439
JPN,1993,10.297736227713578,79.3036585365854
JPN,1994,10.304825982701454,79.6968292682927
JPN,1995,10.325630582793613,79.5360975609756
JPN,1996,10.353652961792374,80.219756097561
JPN,1997,10.364807911505208,80.4241463414634
JPN,1998,10.34420521177245,80.5014634146342
JPN,1999,10.338897288706109,80.4609756097561
JPN,2000,10.366572894459264,81.0760975609756
JPN,2001,10.367005411714585,81.4163414634146
JPN,2002,10.365529666943539,81.6907317073171
JPN,2003,10.377096583208331,81.76
JPN,2004,10.397669310937012,82.030243902439
JPN,2005,10.415889472065903,81.9551219512195
JPN,2006,10.430600485316745,82.3219512195122
JPN,2007,10.446587522458808,82.5070731707317
JPN,2008,10.43436846328704,82.5875609756098
JPN,2009,10.373299251032167,82.9314634146342
JPN,2010,10.413651574637631,82.8426829268293
JPN,2011,10.41349825111993,82.5912195121951
JPN,2012,10.43145023015675,83.0960975609756
JPN,2013,10.452668875283202,83.3319512195122
JPN,2014,10.463014184373353,83.5878048780488
JPN,2015,10.481915130021003,83.7939024390244
JPN,2016,10.489451635006422,83.9848780487805
JPN,2017,10.506374513703035,84.099756097561
JPN,2018,10.515950155308118,84.2109756097561
JPN,2019,10.514265067548665,84.3563414634146
JPN,2020,10.473429829569152,84.56
JPN,2021,10.51305083275929,84.4456097560976
JPN,2022,10.530717942113768,83.9963414634146
JPN,2023,10.54277365056161,84.0412195121951
JPN,2024,10.544726438551262,84.0363414634146
KAZ,1990,8.622828457653226,65.701
KAZ,1991,8.49906043032015,65.379
KAZ,1992,8.441482422416863,64.978
KAZ,1993,8.34833141258714,64.538
KAZ,1994,8.227102382665759,64.108
KAZ,1995,8.160093741285296,63.717
KAZ,1996,8.18405872183327,63.455
KAZ,1997,8.223885689919184,63.318
KAZ,1998,8.22966175978465,63.349
KAZ,1999,8.268643938870055,63.528
KAZ,2000,8.35921222455624,63.793
KAZ,2001,8.481053681107872,64.108
KAZ,2002,8.569348929876957,64.441
KAZ,2003,8.652498608213037,64.753
KAZ,2004,8.737660267160361,65.04
KAZ,2005,8.822824933568548,65.356
KAZ,2006,8.91602258117973,65.722
KAZ,2007,8.99179572921663,66.18
KAZ,2008,9.013902261750278,66.759
KAZ,2009,9.014130715501834,67.46
KAZ,2010,9.071619141679536,68.257
KAZ,2011,9.129488401414495,69.108
KAZ,2012,9.162400897365673,69.939
KAZ,2013,9.20630482703776,70.719
KAZ,2014,9.232758209369432,71.415
KAZ,2015,9.22976279225756,72.024
KAZ,2016,9.225369202550446,72.549
KAZ,2017,9.249971757006811,72.996
KAZ,2018,9.275211214279073,73.369
KAZ,2019,9.304712300109017,73.658
KAZ,2020,9.265305335782502,71.195
KAZ,2021,9.294073939503082,70.131
KAZ,2022,9.310940918655643,73.503
KAZ,2023,9.346041495378465,74.402
KAZ,2024,9.382004023082937,74.531
KEN,1960,6.675770282285726,48.477
KEN,1961,6.557534339110814,49.33
KEN,1962,6.609638692759923,50.104
KEN,1963,6.654943512941025,50.758
KEN,1964,6.664124890579816,51.323
KEN,1965,6.644195912813805,51.886
KEN,1966,6.741734320761126,52.383
KEN,1967,6.735125418905672,52.796
KEN,1968,6.772389427731251,53.302
KEN,1969,6.809741247933655,53.734
KEN,1970,6.723594214468142,54.143
KEN,1971,6.887582621589937,54.543
KEN,1972,7.010516847064664,55.013
KEN,1973,7.033284488463333,55.5
KEN,1974,7.0392681250156475,56.039
KEN,1975,7.0148231350124215,56.62
KEN,1976,7.003662099991149,57.153
KEN,1977,7.060792721297346,57.684
KEN,1978,7.093211814204807,58.234
KEN,1979,7.131953580492866,58.691
KEN,1980,7.150923156383024,59.175
KEN,1981,7.152212306130483,59.562
KEN,1982,7.131389885141723,59.904
KEN,1983,7.107863428078844,60.342
KEN,1984,7.088487550548152,60.611
KEN,1985,7.094167892378321,60.856
KEN,1986,7.127684477999858,60.818
KEN,1987,7.150090195999348,60.721
KEN,1988,7.17500324247396,60.32
KEN,1989,7.185771597073239,59.99
KEN,1990,7.192432687696195,58.334
KEN,1991,7.174313932392281,57.826
KEN,1992,7.135638545059951,57.095
KEN,1993,7.109475923538286,56.668
KEN,1994,7.106429164142582,56.101
KEN,1995,7.121157541371207,55.856
KEN,1996,7.134261372598504,55.575
KEN,1997,7.1116715011292895,55.478
KEN,1998,7.116448185706527,55.568
KEN,1999,7.110397340714268,55.866
KEN,2000,7.086246985015062,56.084
KEN,2001,7.091986251347937,56.501
KEN,2002,7.065977303968766,56.759
KEN,2003,7.064027424115863,57.369
KEN,2004,7.082762178819241,57.947
KEN,2005,7.1094278780513624,58.51
KEN,2006,7.141673887632175,59.059
KEN,2007,7.177714421121875,59.407
KEN,2008,7.149738061150247,59.955
KEN,2009,7.152061344182959,60.483
KEN,2010,7.200547776505329,60.915
KEN,2011,7.222989293276212,61.283
KEN,2012,7.24158243982813,61.537
KEN,2013,7.254136420722833,61.729
KEN,2014,7.279727980684498,61.99
KEN,2015,7.305940350326721,62.279
KEN,2016,7.325134439126475,62.526
KEN,2017,7.341054557205019,62.725
KEN,2018,7.375688302972038,62.825
KEN,2019,7.405926948771305,62.939
KEN,2020,7.383575795278356,61.596
KEN,2021,7.4377337794223415,61.225
KEN,2022,7.465959778972922,63.549
KEN,2023,7.5017540080999225,63.646
KEN,2024,7.52772755210972,63.834
KGZ,1986,6.930364361057313,64.4399512195122
KGZ,1987,6.943807641521099,65.1416341463415
KGZ,1988,7.050144259699963,65.0037073170732
KGZ,1989,7.056757942537597,67.9073170731707
KGZ,1990,7.092966060273132,68.2975609756098
KGZ,1991,6.993841277909055,68.5512195121951
KGZ,1992,6.833371675592782,68.1024390243903
KGZ,1993,6.665129321077302,67.1926829268293
KGZ,1994,6.44129893456379,66.0390243902439
KGZ,1995,6.375532664732475,65.790243902439
KGZ,1996,6.429183477343847,66.5439024390244
KGZ,1997,6.509141657984058,66.8926829268293
KGZ,1998,6.514798980701419,67.0512195121951
KGZ,1999,6.53584236492931,68.6560975609756
KGZ,2000,6.576946937537752,68.5585365853659
KGZ,2001,6.619304617323415,68.7073170731707
KGZ,2002,6.609946101559569,68.1560975609756
KGZ,2003,6.667402589947659,68.2560975609756
KGZ,2004,6.723209775784868,68.1536585365854
KGZ,2005,6.710169233736901,67.9560975609756
KGZ,2006,6.729988963282616,67.6951219512195
KGZ,2007,6.802425834949683,67.8951219512195
KGZ,2008,6.8735881449924054,68.4512195121951
KGZ,2009,6.8887976173607335,69.1024390243903
KGZ,2010,6.8698091346426935,69.3
KGZ,2011,6.913223479268187,69.6024390243903
KGZ,2012,6.893501460859957,70.0024390243902
KGZ,2013,6.975212079410454,70.2024390243902
KGZ,2014,6.992631341580301,70.4024390243902
KGZ,2015,7.008190429517273,70.6512195121951
KGZ,2016,7.028481677609842,70.9512195121951
KGZ,2017,7.05374367287057,71.2
KGZ,2018,7.069084086759415,71.4
KGZ,2019,7.091639792303957,71.6
KGZ,2020,6.996982051067232,71.8
KGZ,2021,7.032231137099607,71.9
KGZ,2022,7.100174125481829,72.0487804878049
KGZ,2023,7.168778063161089,72.2487804878049
KGZ,2024,7.260934492522644,72.4
KHM,1975,6.653653701339492,12.784
KHM,1976,6.723888172466546,11.632
KHM,1977,6.644244069203329,11.295
KHM,1978,6.728280518811006,11.573
KHM,1979,6.6148405053106565,41.072
KHM,1980,6.5348960967867695,47.498
KHM,1981,6.5191638821434,48.035
KHM,1982,6.490817980116926,48.755
KHM,1983,6.498109753702534,49.383
KHM,1984,6.50985684438878,50.089
KHM,1985,6.522077431996114,50.799
KHM,1986,6.520135139220968,51.555
KHM,1987,6.672733594849934,53.674
KHM,1988,6.747849374071667,54.433
KHM,1989,6.744387812811979,54.768
KHM,1990,6.714233217053192,55.205
KHM,1991,6.745953999174678,55.582
KHM,1992,6.759809677146138,55.747
KHM,1993,6.739788601286619,56.036
KHM,1994,6.24215934895316,56.221
KHM,1995,6.255609692530873,56.562
KHM,1996,6.237680569238105,56.832
KHM,1997,6.20812825211302,57.266
KHM,1998,6.212639460026254,57.859
KHM,1999,6.315179852259838,58.611
KHM,2000,6.394529970361067,59.491
KHM,2001,6.45020747127365,60.457
KHM,2002,6.495550018922903,61.395
KHM,2003,6.578325080839253,62.345
KHM,2004,6.6539555149941485,63.256
KHM,2005,6.764277776094901,64.113
KHM,2006,6.853367960984321,64.886
KHM,2007,6.937538498960448,65.549
KHM,2008,6.994460137222709,66.147
KHM,2009,7.01863305428391,66.747
KHM,2010,7.0525933322247685,67.311
KHM,2011,7.107743522237734,67.869
KHM,2012,7.166461101642464,68.371
KHM,2013,7.227150803535258,68.755
KHM,2014,7.289290442019109,69.117
KHM,2015,7.344279748653593,69.398
KHM,2016,7.405779340759346,69.635
KHM,2017,7.4696172880139295,69.842
KHM,2018,7.541303053228362,69.993
KHM,2019,7.60505429875074,70.127
KHM,2020,7.554143226107224,70.059
KHM,2021,7.569806125123396,69.301
KHM,2022,7.606523796745585,70.528
KHM,2023,7.642551704414577,70.668
KHM,2024,7.688710396867581,70.817
KIR,1970,7.295461764197308,54.38
KIR,1971,7.252632042481383,54.934
KIR,1972,7.3476518370981605,55.313
KIR,1973,7.520180402080494,55.79
KIR,1974,7.887356584741577,56.102
KIR,1975,7.943218441249612,56.358
KIR,1976,7.637037305518042,56.562
KIR,1977,7.59632960038012,56.057
KIR,1978,7.613579159564817,56.924
KIR,1979,7.485318873086255,57.106
KIR,1980,7.458376514478032,57.303
KIR,1981,7.5020105939167,57.525
KIR,1982,7.474873861881926,57.773
KIR,1983,7.355716844898324,58.05
KIR,1984,7.469661232790366,58.357
KIR,1985,7.30838234819726,58.719
KIR,1986,7.260182850422388,59.118
KIR,1987,7.248728657647856,59.576
KIR,1988,7.423949416310982,60.055
KIR,1989,7.324434069751375,60.539
KIR,1990,7.235369145524365,61.018
KIR,1991,7.157226422811893,61.502
KIR,1992,7.355464011329636,61.968
KIR,1993,7.339085995474372,62.406
KIR,1994,7.344476282048007,62.797
KIR,1995,7.356581662633665,63.146
KIR,1996,7.339106846031924,63.47
KIR,1997,7.3325322565625894,63.797
KIR,1998,7.358210907345113,64.1
KIR,1999,7.301277534240078,64.393
KIR,2000,7.349605062051061,64.674
KIR,2001,7.2984124732438955,64.918
KIR,2002,7.291651258492282,65.123
KIR,2003,7.255270445034322,65.287
KIR,2004,7.2290836885574805,65.416
KIR,2005,7.221833844028582,65.517
KIR,2006,7.257980529512165,65.601
KIR,2007,7.267774858027147,65.677
KIR,2008,7.216589066651676,65.746
KIR,2009,7.200630883669358,65.808
KIR,2010,7.192022350240474,65.859
KIR,2011,7.206421976666213,65.896
KIR,2012,7.248150478211144,65.908
KIR,2013,7.308871937448435,65.898
KIR,2014,7.308442872954196,65.869
KIR,2015,7.402361728620289,65.831
KIR,2016,7.456706990103825,65.799
KIR,2017,7.478101149368208,65.787
KIR,2018,7.4968458196612024,65.807
KIR,2019,7.51448705669647,65.866
KIR,2020,7.484160604933704,65.205
KIR,2021,7.547297880177428,64.148
KIR,2022,7.580778707500248,66.269
KIR,2023,7.595963311618627,66.473
KIR,2024,7.626966320683992,66.6
KNA,1977,8.406136845607563,63.73
KNA,1978,8.447748171608106,63.995
KNA,1979,8.525243698710938,64.198
KNA,1980,8.610533271698824,64.385
KNA,1981,8.6294374440761,64.62
KNA,1982,8.63879522516938,64.868
KNA,1983,8.655258754858734,65.118
KNA,1984,8.74543863247579,65.334
KNA,1985,8.833171344072525,65.482
KNA,1986,8.942374528338597,65.554
KNA,1987,9.012330654234077,65.516
KNA,1988,9.10751480923026,65.451
KNA,1989,9.168295012649306,65.45
KNA,1990,9.223946048577238,65.641
KNA,1991,9.206955022514443,65.958
KNA,1992,9.239951749090926,66.339
KNA,1993,9.292897162762314,66.708
KNA,1994,9.33169186367455,67.002
KNA,1995,9.371044821680513,67.23
KNA,1996,9.414895972252697,67.488
KNA,1997,9.468139252889527,67.811
KNA,1998,9.450220126473834,67.891
KNA,1999,9.468299370895547,68.725
KNA,2000,9.549596452429759,69.249
KNA,2001,9.589523786244692,69.767
KNA,2002,9.597464364299077,70.194
KNA,2003,9.55395183476241,70.614
KNA,2004,9.590131718926978,70.92
KNA,2005,9.680379368907888,71.151
KNA,2006,9.708558589563527,71.356
KNA,2007,9.711609096197526,71.437
KNA,2008,9.81606306843104,71.479
KNA,2009,9.779694570544565,71.488
KNA,2010,9.780645624064096,71.452
KNA,2011,9.795828920324889,71.4
KNA,2012,9.785294853457382,71.362
KNA,2013,9.840222496988394,71.29
KNA,2014,9.912834047530385,71.228
KNA,2015,9.9197938961755,71.211
KNA,2016,9.958622195083098,71.227
KNA,2017,9.96136037790753,71.284
KNA,2018,9.982090634352296,71.336
KNA,2019,10.01224170576713,71.54
KNA,2020,9.847912808211433,71.181
KNA,2021,9.853867656765281,69.271
KNA,2022,9.954691879018279,70.313
KNA,2023,9.983408717368407,72.145
KNA,2024,9.984709901357247,72.281
KOR,1960,6.94478994323622,53.7975609756098
KOR,1961,6.982031831569327,54.4768536585366
KOR,1962,6.991906724025599,55.0549512195122
KOR,1963,7.050326202184437,55.0254634146342
KOR,1964,7.114257113146437,55.392243902439
KOR,1965,7.159421176440584,55.8645853658537
KOR,1966,7.247677351796915,55.5229756097561
KOR,1967,7.31189317102554,60.9287317073171
KOR,1968,7.412877794932227,60.9432682926829
KOR,1969,7.526439756375067,61.4829024390244
KOR,1970,7.601425604861564,62.1634146341463
KOR,1971,7.6829269084900655,62.6121951219512
KOR,1972,7.7349685016009895,63.009756097561
KOR,1973,7.856827414785874,63.4073170731707
KOR,1974,7.9318136974555955,63.8048780487805
KOR,1975,7.991320387943722,64.1536585365854
KOR,1976,8.099898884698433,64.5024390243902
KOR,1977,8.201000212364653,64.9
KOR,1978,8.290793790206239,65.1975609756098
KOR,1979,8.359386199557783,65.5463414634146
KOR,1980,8.328441570508764,66.0463414634146
KOR,1981,8.384265106461191,66.5463414634146
KOR,1982,8.450097919136908,67.0951219512195
KOR,1983,8.561695878701718,67.5463414634146
KOR,1984,8.650436515878706,68.1951219512195
KOR,1985,8.716985031863077,68.7951219512195
KOR,1986,8.815918969468035,69.4463414634146
KOR,1987,8.92733091308637,69.9975609756098
KOR,1988,9.032056241623657,70.5487804878049
KOR,1989,9.091364987912774,71.0487804878049
KOR,1990,9.177050197353761,71.5975609756098
KOR,1991,9.270385357027417,72.0463414634146
KOR,1992,9.32157406842132,72.4975609756098
KOR,1993,9.379025136044673,72.9975609756098
KOR,1994,9.458546791815053,73.3975609756098
KOR,1995,9.541391110228904,73.7
KOR,1996,9.608735740491174,74.1512195121951
KOR,1997,9.660286168009058,74.6024390243903
KOR,1998,9.602416861685054,75.0048780487805
KOR,1999,9.705214453736211,75.409756097561
KOR,2000,9.784880540476703,75.909756097561
KOR,2001,9.823384737439417,76.4121951219512
KOR,2002,9.892193011946176,76.7658536585366
KOR,2003,9.917293837757375,77.2146341463415
KOR,2004,9.963868082449396,77.6658536585366
KOR,2005,10.004407482170322,78.1682926829268
KOR,2006,10.050276314587203,78.6682926829268
KOR,2007,10.102000858470229,79.119512195122
KOR,2008,10.12400925527797,79.5170731707317
KOR,2009,10.127027618476019,79.9682926829268
KOR,2010,10.18953261252483,80.1170731707317
KOR,2011,10.21805940827161,80.5682926829269
KOR,2012,10.237959805487082,80.819512195122
KOR,2013,10.265791514107688,81.2707317073171
KOR,2014,10.29115092240545,81.7219512195122
KOR,2015,10.31466268254703,82.0243902439024
KOR,2016,10.341916896889888,82.2756097560976
KOR,2017,10.372862944802542,82.6268292682927
KOR,2018,10.399794957607943,82.6268292682927
KOR,2019,10.41919060373782,83.2268292682927
KOR,2020,10.410784855878186,83.4268292682927
KOR,2021,10.45716976361207,83.5268292682927
KOR,2022,10.485954923113521,82.6804878048781
KOR,2023,10.500886307355545,83.4292682926829
KOR,2024,10.519981157491612,83.6292682926829
KWT,1970,11.135926926042591,68.2020487804878
KWT,1971,11.137116181931697,68.7147317073171
KWT,1972,11.113443525081044,69.1198048780488
KWT,1973,10.985085413458348,69.4439756097561
KWT,1974,10.78569459840215,69.7139512195122
KWT,1975,10.592645791431151,69.9550243902439
KWT,1976,10.59191700840106,70.2014390243903
KWT,1977,10.487561939211977,70.4684146341463
KWT,1978,10.495164547158367,70.7654146341463
KWT,1979,10.56508748197912,71.0943170731707
KWT,1980,10.293763046436386,71.4554878048781
KWT,1981,10.033028011499091,71.8493170731707
KWT,1982,9.8593220782191,72.2716829268293
KWT,1983,9.887673258028412,72.7137073170732
KWT,1984,9.895897792169746,73.1655609756098
KWT,1985,9.812711524751839,73.6203902439024
KWT,1986,9.854422241437032,74.0703414634146
KWT,1987,9.892748320406815,74.5105365853659
KWT,1988,9.7477728151125,74.9282682926829
KWT,1989,9.939997230509535,75.3036341463415
KWT,1990,9.910502066696429,73.4171463414634
KWT,1991,9.603255058148148,73.907243902439
KWT,1992,10.016049965246966,76.0023902439025
KWT,1993,10.286156568301067,76.0514878048781
KWT,1994,10.371817602689537,76.0328292682927
KWT,1995,10.409004530819574,75.979756097561
KWT,1996,10.386467955419901,75.9250487804878
KWT,1997,10.37824351972098,75.9071463414634
KWT,1998,10.383028949939465,75.9642926829269
KWT,1999,10.33520810703148,76.0779512195122
KWT,2000,10.352713630763853,76.2258780487805
KWT,2001,10.327886558495795,76.3843414634146
KWT,2002,10.332090120116751,76.5316341463415
KWT,2003,10.46793830669855,76.6445609756098
KWT,2004,10.543195468891083,76.7276829268293
KWT,2005,10.60785295205954,76.8007804878049
KWT,2006,10.624686816526902,76.8876829268293
KWT,2007,10.624100798407747,77.0101707317073
KWT,2008,10.592940741491688,77.1890487804878
KWT,2009,10.466642367694975,77.4333658536585
KWT,2010,10.39110078653629,77.7262195121951
KWT,2011,10.420653422550329,78.052243902439
KWT,2012,10.421636226156155,78.3950243902439
KWT,2013,10.383168579378946,78.7418048780488
KWT,2014,10.34409950126109,79.0803414634146
KWT,2015,10.30501868769552,79.3765609756098
KWT,2016,10.290600031314794,79.6775853658537
KWT,2017,10.205382049321752,79.9160731707317
KWT,2018,10.19264425591333,80.1063658536585
KWT,2019,10.1879228527035,81.969756097561
KWT,2020,10.14806134307479,78.7609756097561
KWT,2021,10.173639175351129,78.7365853658537
KWT,2022,10.187908017901462,80.5878048780488
KWT,2023,10.115481755017822,83.1878048780488
KWT,2024,10.091638990685487,84.580487804878
LAC,1960,8.082617929200008,54.5220693341467
LAC,1961,8.113235486989902,55.0542330803469
LAC,1962,8.129474865507694,55.4942242074526
LAC,1963,8.11946065485005,55.9099293992967
LAC,1964,8.16698006229069,56.3623601770665
LAC,1965,8.195209180090634,56.8031300654121
LAC,1966,8.211462920037595,57.3180230403275
LAC,1967,8.227255054995615,57.7392413520008
LAC,1968,8.272640413787727,58.0650920334649
LAC,1969,8.310771872405777,58.3528852571318
LAC,1970,8.351751884532344,58.4040289724034
LAC,1971,8.391747210030001,59.2717251139914
LAC,1972,8.438655515948911,59.7089233759264
LAC,1973,8.496867197327546,60.1686590825431
LAC,1974,8.535406612587881,60.579040944398
LAC,1975,8.552679675469335,61.1282860484158
LAC,1976,8.583399149907828,61.4697501207849
LAC,1977,8.606583314233124,62.0702941292337
LAC,1978,8.62443493290746,62.4994690135067
LAC,1979,8.670074793233859,62.8322628979981
LAC,1980,8.708143152547285,63.1751022784197
LAC,1981,8.69585107461042,63.6009683568557
LAC,1982,8.677906341952772,63.9187372762853
LAC,1983,8.632005801551555,64.4774342269563
LAC,1984,8.648870607304403,64.8513087774091
LAC,1985,8.658024860800998,65.0472486105012
LAC,1986,8.671219773003044,65.7103355633168
LAC,1987,8.682520401427318,66.0659119021556
LAC,1988,8.66805564774397,66.4380383279018
LAC,1989,8.656785386543955,66.8008472915683
LAC,1990,8.6348899145262,67.1289430678739
LAC,1991,8.646524047466997,67.4425298510588
LAC,1992,8.650197316583236,67.7211583963268
LAC,1993,8.673515340323522,68.0688162529843
LAC,1994,8.705674221113243,68.4557287986117
LAC,1995,8.693902440268435,68.8547351944501
LAC,1996,8.714742456132601,69.2452481011101
LAC,1997,8.750799173333803,69.6500555644035
LAC,1998,8.76146301830049,69.8402897313292
LAC,1999,8.74923364888418,70.2307319473221
LAC,2000,8.769967169666709,70.5498986335483
LAC,2001,8.75816599760936,70.8246679458028
LAC,2002,8.745155757926442,71.2447484060795
LAC,2003,8.752874440133438,71.5736738142404
LAC,2004,8.794673029420187,71.9021929729155
LAC,2005,8.823029590549968,72.2728732661841
LAC,2006,8.863199322032385,72.547009904381
LAC,2007,8.903991238581881,72.7789303182258
LAC,2008,8.929364249807463,72.9784448770196
LAC,2009,8.893218658334137,73.1637293630776
LAC,2010,8.944423599309632,73.1176199242098
LAC,2011,8.97675143365388,73.6572563740251
LAC,2012,8.990082147525545,73.9046419624981
LAC,2013,9.006429589829414,74.1119744203538
LAC,2014,9.007261205933846,74.2961500729974
LAC,2015,8.998054218131331,74.4738475625624
LAC,2016,8.978723028968552,74.3981617062286
LAC,2017,8.985459819020502,74.5563362550727
LAC,2018,8.988520095285242,74.7784467692697
LAC,2019,8.982459761438712,74.9415412899456
LAC,2020,8.904984797401209,72.8521491389008
LAC,2021,8.96538719592595,71.442251113131
LAC,2022,8.998265870284644,74.4013120327618
LAC,2023,9.012284349332848,75.3619658099591
LAC,2024,9.024938851968516,75.5362004917305
LAO,1984,6.362800117180852,51.014
LAO,1985,6.384565705624102,51.579
LAO,1986,6.40412336544558,52.144
LAO,1987,6.361341545069455,52.597
LAO,1988,6.312393691345707,53.077
LAO,1989,6.416441504753389,53.589
LAO,1990,6.452877155562815,54.035
LAO,1991,6.466782559778435,54.7
LAO,1992,6.493199771034531,55.098
LAO,1993,6.523509667038163,55.583
LAO,1994,6.575785832719706,55.81
LAO,1995,6.619052341262733,56.344
LAO,1996,6.66272796088529,56.821
LAO,1997,6.708335396976584,57.302
LAO,1998,6.728733988521888,57.549
LAO,1999,6.781777150908924,57.866
LAO,2000,6.821356120313198,58.317
LAO,2001,6.8607931236713275,58.887
LAO,2002,6.902232297322216,59.302
LAO,2003,6.945736693442917,59.643
LAO,2004,6.992795031945487,60.08
LAO,2005,7.046370075394029,60.688
LAO,2006,7.113214806552508,61.074
LAO,2007,7.170954560494024,61.694
LAO,2008,7.231097074743313,62.248
LAO,2009,7.288475383695365,63.023
LAO,2010,7.3555840298545405,63.69
LAO,2011,7.41842140716861,64.505
LAO,2012,7.481350527080471,65.126
LAO,2013,7.5444795114478715,65.723
LAO,2014,7.604053467121512,66.35
LAO,2015,7.6596492680636725,66.688
LAO,2016,7.711889560576732,67.014
LAO,2017,7.762840347695303,67.345
LAO,2018,7.807907989198822,67.594
LAO,2019,7.845790430160349,67.911
LAO,2020,7.835874271152135,68.339
LAO,2021,7.846429276577748,67.807
LAO,2022,7.859046350717368,68.715
LAO,2023,7.881894931205427,68.964
LAO,2024,7.908783443491152,69.225
LBN,1988,8.277419466281787,62.92
LBN,1989,7.704643561041211,65.114
LBN,1990,7.920346399344892,65.479
LBN,1991,8.30181807389244,70.865
LBN,1992,8.432850432298064,71.169
LBN,1993,8.51573188068651,71.559
LBN,1994,8.575729204755472,72.03
LBN,1995,8.620151596177905,72.383
LBN,1996,8.708561885698888,72.614
LBN,1997,8.700973442773885,72.94
LBN,1998,8.719392001344383,73.201
LBN,1999,8.696580093577682,73.513
LBN,2000,8.692654330517703,73.895
LBN,2001,8.713706962971784,74.354
LBN,2002,8.733471847394117,74.836
LBN,2003,8.751437331859906,75.275
LBN,2004,8.799925923065931,75.693
LBN,2005,8.810933910101705,76.074
LBN,2006,8.80932150696409,75.677
LBN,2007,8.878963460240485,76.732
LBN,2008,8.949144194965205,76.956
LBN,2009,9.033064684846263,77.262
LBN,2010,9.100027989577221,77.529
LBN,2011,9.097865752609279,77.768
LBN,2012,9.096141546435284,77.941
LBN,2013,9.041156761014575,78.037
LBN,2014,8.965770803075566,78.148
LBN,2015,8.950806398438399,78.275
LBN,2016,8.9895866741038,78.306
LBN,2017,9.02468214118266,78.192
LBN,2018,9.034643643950968,78.263
LBN,2019,8.9951710337158,78.208
LBN,2020,8.770412449168244,76.299
LBN,2021,8.695074796015508,73.65
LBN,2022,8.684238070976315,78.003
LBN,2023,8.671566844793436,77.817
LBN,2024,8.592528679110611,77.945
LBR,1960,7.801520074386761,38.073
LBR,1961,7.801185323134984,38.104
LBR,1962,7.7897413408713625,38.167
LBR,1963,7.787172635386446,38.309
LBR,1964,7.81220332807806,38.451
LBR,1965,7.833604872705875,38.693
LBR,1966,7.882400182200256,38.955
LBR,1967,7.9222936063215075,39.262
LBR,1968,7.943373327925781,39.588
LBR,1969,7.9881662718746025,39.991
LBR,1970,8.027071790576624,40.359
LBR,1971,8.04977436028823,40.72
LBR,1972,8.065009820909877,41.199
LBR,1973,8.016013227588394,41.619
LBR,1974,8.035797692038246,42.063
LBR,1975,7.973471393901823,42.463
LBR,1976,7.997973217563742,42.851
LBR,1977,7.985613962491611,43.22
LBR,1978,8.003507324295583,43.567
LBR,1979,8.006118560510062,43.89
LBR,1980,7.9345267151896035,44.088
LBR,1981,7.883501479060866,44.344
LBR,1982,7.829996798395923,44.447
LBR,1983,7.7809607813343815,44.576
LBR,1984,7.728728908734096,44.683
LBR,1985,7.689795776006375,44.026
LBR,1986,7.6429810476710065,44.494
LBR,1987,7.603581746816705,44.267
LBR,1988,7.554048266441549,44.065
LBR,1989,7.21529916170967,43.863
LBR,1990,6.6255700835980775,37.644
LBR,1991,6.600116263103148,43.575
LBR,1992,6.110443928394821,43.566
LBR,1993,5.671221128757417,43.022
LBR,1994,5.428216816742559,42.621
LBR,1995,5.375711437128718,44.573
LBR,1996,5.461435114274559,44.945
LBR,1997,6.107659786475992,48.302
LBR,1998,6.270365065255432,49.367
LBR,1999,6.41188543008287,50.412
LBR,2000,6.626520269302072,51.852
LBR,2001,6.625952364711056,53.109
LBR,2002,6.636886263533476,54.061
LBR,2003,6.270170319494906,53.045
LBR,2004,6.28412647832901,55.949
LBR,2005,6.29094927867302,56.765
LBR,2006,6.3124195957072144,57.495
LBR,2007,6.353690495782481,58.147
LBR,2008,6.382129636821215,58.675
LBR,2009,6.402342000478006,59.106
LBR,2010,6.432591631827256,59.358
LBR,2011,6.472205213477721,59.486
LBR,2012,6.513764109885485,59.785
LBR,2013,6.575085994465748,59.992
LBR,2014,6.561253689016782,59.21
LBR,2015,6.540438312419157,59.248
LBR,2016,6.504335347836498,60.483
LBR,2017,6.509157883807223,60.777
LBR,2018,6.501102625476685,60.999
LBR,2019,6.456297620829438,61.232
LBR,2020,6.40527056529541,61.267
LBR,2021,6.432824303179599,61.166
LBR,2022,6.458346408481513,61.934
LBR,2023,6.482081119163617,62.163
LBR,2024,6.499939416450873,62.324
LBY,1960,7.943786436176157,40.752
LBY,1961,7.996937806337473,42.362
LBY,1962,8.236825886140632,44.075
LBY,1963,8.49571779380888,45.584
LBY,1964,8.831051865042342,47.652
LBY,1965,9.050782357199331,49.278
LBY,1966,9.19663829469316,50.946
LBY,1967,9.275763075414874,52.462
LBY,1968,9.539067646398323,53.849
LBY,1969,9.63104901675822,55.173
LBY,1970,9.646026447074714,56.379
LBY,1971,9.558309178880638,57.583
LBY,1972,9.612503790685432,58.685
LBY,1973,9.592870951365462,59.71
LBY,1974,9.743566413792445,60.709
LBY,1975,9.727348460012859,61.621
LBY,1976,9.876818900726457,62.448
LBY,1977,9.904408604480698,63.129
LBY,1978,9.879276409881559,63.796
LBY,1979,9.907367023656995,64.328
LBY,1980,9.856948746769012,64.797
LBY,1981,9.587912454201227,65.255
LBY,1982,9.587467213811587,65.768
LBY,1983,9.56399364807101,66.26
LBY,1984,9.497666582709607,66.748
LBY,1985,9.545032273154265,67.285
LBY,1986,9.394548879762395,67.806
LBY,1987,9.207950543125321,68.258
LBY,1988,9.255186596634529,68.608
LBY,1989,9.300193937149858,68.979
LBY,1990,9.313433278097207,69.312
LBY,1991,9.436813782370816,69.635
LBY,1992,9.388421911143482,69.974
LBY,1993,9.330285089344176,70.247
LBY,1994,9.330820472201681,70.472
LBY,1995,9.290931872806441,70.641
LBY,1996,9.29576600280622,70.736
LBY,1997,9.331210023476183,70.72
LBY,1998,9.280134129525615,70.657
LBY,1999,9.272671328197115,70.601
LBY,2000,9.292271076414208,70.542
LBY,2001,9.256066572198543,70.653
LBY,2002,9.227227928857953,70.788
LBY,2003,9.329638948607052,70.996
LBY,2004,9.352630304517888,71.21
LBY,2005,9.443742812685448,71.439
LBY,2006,9.48621115682609,71.632
LBY,2007,9.526096668898754,71.788
LBY,2008,9.503233876141714,71.936
LBY,2009,9.437403068163642,72.071
LBY,2010,9.466062123253575,72.196
LBY,2011,8.790207431614478,69.95
LBY,2012,9.441393272331576,72.188
LBY,2013,9.222892752955376,72.339
LBY,2014,8.941708806071418,71.3
LBY,2015,8.917108149572451,71.644
LBY,2016,8.886846524427611,71.799
LBY,2017,9.152245112416871,72.721
LBY,2018,9.212429845019795,73.151
LBY,2019,9.07891082463603,72.941
LBY,2020,8.716502738443767,72.388
LBY,2021,8.953039350232288,72.062
LBY,2022,8.85404848222905,74.462
LBY,2023,8.939908213809117,69.339
LBY,2024,8.948466488903227,71.121
LCA,1977,8.35053834091039,66.957
LCA,1978,8.433904159035697,67.38
LCA,1979,8.456611473858983,67.364
LCA,1980,8.419275043776755,67.801
LCA,1981,8.4648625904522,68.688
LCA,1982,8.469781434732594,68.977
LCA,1983,8.50246761526395,69.987
LCA,1984,8.556556354376934,70.522
LCA,1985,8.619848646472754,70.308
LCA,1986,8.738421305391793,70.229
LCA,1987,8.76187404556954,69.671
LCA,1988,8.878801440418723,69.736
LCA,1989,8.953667103804456,70.028
LCA,1990,9.038178773927976,70.008
LCA,1991,9.0299374710565,70.309
LCA,1992,9.091545659982412,70.734
LCA,1993,9.08257823863221,71.05
LCA,1994,9.083493212187975,71.076
LCA,1995,9.08506063472686,71.172
LCA,1996,9.09894652910299,70.963
LCA,1997,9.077901816625207,70.778
LCA,1998,9.125147519101041,70.68
LCA,1999,9.138496331721136,70.692
LCA,2000,9.126843424159993,70.779
LCA,2001,9.082000715610585,71.367
LCA,2002,9.077432715477123,71.707
LCA,2003,9.110969414575475,72.188
LCA,2004,9.173404360349483,72.453
LCA,2005,9.161946522165909,72.544
LCA,2006,9.214895024108541,72.794
LCA,2007,9.224977055792126,72.86
LCA,2008,9.267044945587436,72.963
LCA,2009,9.232082529045938,72.946
LCA,2010,9.229291134849598,72.768
LCA,2011,9.266427465291136,72.962
LCA,2012,9.260774685082486,72.86
LCA,2013,9.237898680349941,72.687
LCA,2014,9.246666347170294,72.676
LCA,2015,9.243290125466853,72.932
LCA,2016,9.272766785246647,72.552
LCA,2017,9.302051752157631,72.522
LCA,2018,9.326690235162072,72.655
LCA,2019,9.312711743003463,72.249
LCA,2020,9.049328353427613,72.308
LCA,2021,9.153484328088627,69.119
LCA,2022,9.328888544090454,72.67
LCA,2023,9.364406700084375,72.697
LCA,2024,9.408436609100125,72.846
LCN,1960,8.112557289358245,55.0773141172091
LCN,1961,8.143409417578683,55.576697280404
LCN,1962,8.159759419502254,56.010257113079
LCN,1963,8.153457362864675,56.4143777814931
LCN,1964,8.19806427291524,56.8464187074668
LCN,1965,8.225480738830926,57.2897599484661
LCN,1966,8.24566448166118,57.808423676564
LCN,1967,8.261447769010127,58.2283993541018
LCN,1968,8.30467877589408,58.5512168030279
LCN,1969,8.343175804106666,58.8431982353016
LCN,1970,8.382236545073994,58.902379612124
LCN,1971,8.42218899495726,59.7342015343058
LCN,1972,8.465073172918258,60.1655753368672
LCN,1973,8.517604939897593,60.6250925963834
LCN,1974,8.552795401170014,61.0403324699986
LCN,1975,8.564737150095995,61.5967926063586
LCN,1976,8.59533267244012,61.9488690494927
LCN,1977,8.620528944985665,62.5390220637687
LCN,1978,8.64130056017091,62.9606635576043
LCN,1979,8.687845700585225,63.3018406741567
LCN,1980,8.726400108695097,63.649340251584
LCN,1981,8.716106087387455,64.0618298897904
LCN,1982,8.693812224671687,64.3781886185532
LCN,1983,8.647014936513042,64.922323788958
LCN,1984,8.664369039496428,65.286613829554
LCN,1985,8.673633401976184,65.4772065166013
LCN,1986,8.688363979356845,66.1188432524215
LCN,1987,8.701477982595131,66.4669291599639
LCN,1988,8.689894009227,66.8267411220726
LCN,1989,8.682808225660478,67.1715502333429
LCN,1990,8.662218081568676,67.5066051855487
LCN,1991,8.675130538341492,67.8238040154633
LCN,1992,8.68361821619436,68.0909397835243
LCN,1993,8.707888304166106,68.4262943768375
LCN,1994,8.74000514174037,68.8002934223806
LCN,1995,8.732717865375234,69.1860038199173
LCN,1996,8.754605347148669,69.5658524577749
LCN,1997,8.79185584154606,69.9622221194511
LCN,1998,8.80506826921286,70.1597429021998
LCN,1999,8.795121649854586,70.5489161767663
LCN,2000,8.816109174513425,70.8691414957334
LCN,2001,8.807478604057277,71.1505464911298
LCN,2002,8.796254753491977,71.5629004971875
LCN,2003,8.805203004728714,71.878308455923
LCN,2004,8.8483295183981,72.203823196463
LCN,2005,8.876361508722532,72.5638143751286
LCN,2006,8.915769816166403,72.8332266680253
LCN,2007,8.955628394837488,73.0593298775944
LCN,2008,8.980370222816623,73.2561404095911
LCN,2009,8.94586832025922,73.4422623291815
LCN,2010,8.994676789094298,73.4093227755616
LCN,2011,9.026976105891977,73.9248923022491
LCN,2012,9.0424860175327,74.1643943654901
LCN,2013,9.058919698410117,74.3809772735109
LCN,2014,9.060703868902047,74.5608348669826
LCN,2015,9.053326017688763,74.7432221893097
LCN,2016,9.036550150921778,74.6774848833781
LCN,2017,9.042919699930799,74.8318087892113
LCN,2018,9.046603443445422,75.052717198381
LCN,2019,9.041650887728721,75.2042598654921
LCN,2020,8.963538826706362,73.1889367787058
LCN,2021,9.026134236525966,71.8141764640132
LCN,2022,9.06027931727582,74.6472096226697
LCN,2023,9.075227936316661,75.6435273357906
LCN,2024,9.090603230175573,75.8179100020065
LDC,1961,6.452286373039552,41.5799534401158
LDC,1962,6.500666460465031,42.0598553024842
LDC,1963,6.496232160094785,42.2470646042318
LDC,1964,6.506682180284483,42.8414576891622
LDC,1965,6.517791148660193,42.945901259314
LDC,1966,6.525240488277595,43.4172150177509
LDC,1967,6.509988339571124,44.0150066160107
LDC,1968,6.534021533113134,44.3698967601326
LDC,1969,6.540722388842694,44.7065747457569
LDC,1970,6.509373042362485,43.4926215493787
LDC,1971,6.503357326231274,40.1987043878844
LDC,1972,6.465373271210647,45.1982516345072
LDC,1973,6.461466860722187,45.6941142309257
LDC,1974,6.489852143927187,45.7401964642578
LDC,1975,6.470166205079855,45.6985417627057
LDC,1976,6.484120185167609,46.2719254702855
LDC,1977,6.479851024063711,46.6871241475065
LDC,1978,6.470378423401092,46.9778465304308
LDC,1979,6.462602681065985,47.7827026750584
LDC,1980,6.458910461494321,48.2327276642432
LDC,1981,6.460095230041946,48.5326840447889
LDC,1982,6.444842683596654,48.7948889234745
LDC,1983,6.434250315109017,48.1866325427129
LDC,1984,6.430872267359999,48.2693440342434
LDC,1985,6.421260763266174,48.6185063128524
LDC,1986,6.427991937647445,49.3446903407763
LDC,1987,6.4433582468621395,50.2105792475867
LDC,1988,6.446582623156502,50.4215207386848
LDC,1989,6.438721775395757,50.8958708861624
LDC,1990,6.412819927278686,51.0390684144602
LDC,1991,6.406435752183314,50.667726306693
LDC,1992,6.382519999813276,51.392128629461
LDC,1993,6.348967126734479,52.0067399641488
LDC,1994,6.3284960239274195,52.2582548878349
LDC,1995,6.3582722203595745,52.9419123237299
LDC,1996,6.386768556565437,53.2493842562998
LDC,1997,6.413088692453268,53.7265997211895
LDC,1998,6.427212543017361,53.8866015400869
LDC,1999,6.441670974369501,54.5658060244129
LDC,2000,6.459461737779383,55.4013109927151
LDC,2001,6.4834734877605795,55.9858159581879
LDC,2002,6.511381038406318,56.5350287539977
LDC,2003,6.536732166999865,57.1743521785809
LDC,2004,6.576150095308807,57.71121787803
LDC,2005,6.623616845935246,58.3100149055359
LDC,2006,6.665947985996841,59.0169336288555
LDC,2007,6.71279868552276,59.6139962487597
LDC,2008,6.75208916715838,59.8135647530126
LDC,2009,6.769940022974305,60.5743561841469
LDC,2010,6.808370204803223,61.0428031511838
LDC,2011,6.814889358693468,61.5023936634084
LDC,2012,6.823621315039288,62.2276732048151
LDC,2013,6.8587944925732325,62.7257554327064
LDC,2014,6.88721518952627,62.9617174792618
LDC,2015,6.8910311413248975,63.3074864756394
LDC,2016,6.90483972597335,63.726492423797
LDC,2017,6.925294646953016,64.0368817418845
LDC,2018,6.947199747661927,64.6054293900193
LDC,2019,6.970520912780605,64.9756210416769
LDC,2020,6.944796804403207,64.8355012784588
LDC,2021,6.948723161034538,64.2699057684324
LDC,2022,6.972196235388703,65.7663286665813
LDC,2023,6.9794167935424705,66.5196263232195
LDC,2024,6.994458456598316,66.7090446173001
LKA,1961,6.491179913922093,61.158
LKA,1962,6.504262456597628,61.627
LKA,1963,6.5046478340655725,62.031
LKA,1964,6.518418428496469,62.376
LKA,1965,6.51903230556232,62.793
LKA,1966,6.543889263730287,63.156
LKA,1967,6.582139580688954,63.556
LKA,1968,6.61449124208758,63.869
LKA,1969,6.665434521782064,64.138
LKA,1970,6.6806895049764865,64.352
LKA,1971,6.672351795867609,64.24
LKA,1972,6.647947341083601,64.625
LKA,1973,6.696682078246182,64.785
LKA,1974,6.715851566218113,64.966
LKA,1975,6.757191070473717,65.355
LKA,1976,6.771875110851333,65.84
LKA,1977,6.803479699644381,66.391
LKA,1978,6.840087661516023,66.844
LKA,1979,6.883499768346573,67.514
LKA,1980,6.922075867059851,68.006
LKA,1981,6.960713567723239,68.38
LKA,1982,6.988975358008978,68.665
LKA,1983,7.029327323305475,68.726
LKA,1984,7.075618873425712,68.761
LKA,1985,7.117800768224551,68.881
LKA,1986,7.1484694292678865,68.962
LKA,1987,7.153866819921034,69.009
LKA,1988,7.168163490100685,68.995
LKA,1989,7.180382544763597,67.284
LKA,1990,7.236043774009545,69.239
LKA,1991,7.273529672878338,69.131
LKA,1992,7.300696353460816,69.619
LKA,1993,7.3504420982477665,70.049
LKA,1994,7.3903611697731595,70.211
LKA,1995,7.427352635756623,69.746
LKA,1996,7.445422320054478,69.841
LKA,1997,7.48852302243453,69.934
LKA,1998,7.5155566724570475,70.134
LKA,1999,7.539083850391866,70.427
LKA,2000,7.579133781942966,71.179
LKA,2001,7.547756140866521,71.804
LKA,2002,7.5762127743406955,72.271
LKA,2003,7.626585043906718,72.442
LKA,2004,7.672807351877305,68.022
LKA,2005,7.726956973575146,73.073
LKA,2006,7.794142825368151,72.825
LKA,2007,7.853039067538307,72.983
LKA,2008,7.904181983316694,72.556
LKA,2009,7.932819158525343,70.298
LKA,2010,8.004036222042396,74.463
LKA,2011,8.08097197542219,74.74
LKA,2012,8.156163201997577,75.187
LKA,2013,8.223878179607409,75.546
LKA,2014,8.27637450442495,75.757
LKA,2015,8.308375490128181,75.99
LKA,2016,8.346343462186052,76.136
LKA,2017,8.397510127393447,76.239
LKA,2018,8.410283865008985,76.485
LKA,2019,8.401957832447152,76.698
LKA,2020,8.349302955256215,76.928
LKA,2021,8.37976214783532,76.278
LKA,2022,8.302301897139461,77.3
LKA,2023,8.288317153238237,77.483
LKA,2024,8.34254098279043,77.672
LMY,1960,6.700546456800059,43.4832565617931
LMY,1961,6.696686113450827,45.9712256541056
LMY,1962,6.712969674982311,49.59098765336
LMY,1963,6.734644232715722,50.0801871438059
LMY,1964,6.7862954518258,50.5968814379187
LMY,1965,6.820426434688093,50.40241761909
LMY,1966,6.842534779911876,51.122226941143
LMY,1967,6.849181887459285,51.7109652309735
LMY,1968,6.883647060363247,52.4446450200815
LMY,1969,6.935551582634661,52.9747485953908
LMY,1970,6.986805623840267,53.2870775807762
LMY,1971,7.021031481579545,53.3584098836181
LMY,1972,7.055907565604348,54.4705335362814
LMY,1973,7.098584219131494,55.0942311742298
LMY,1974,7.133355232898614,55.5807492234025
LMY,1975,7.152688958466942,56.1518357125186
LMY,1976,7.191905409704373,56.5646969445777
LMY,1977,7.215928937206656,57.2943525802505
LMY,1978,7.230908527097681,57.7701170327412
LMY,1979,7.254033991262232,58.3234862707846
LMY,1980,7.27784575527146,58.776778104613
LMY,1981,7.275507598250927,59.1925856458833
LMY,1982,7.28213943142179,59.6021636386421
LMY,1983,7.274962477706951,59.964828236592
LMY,1984,7.29940723896769,60.3508136527852
LMY,1985,7.3214484166123555,60.7215731172967
LMY,1986,7.3367935590875355,61.1515894397039
LMY,1987,7.361109735189115,61.5669707597674
LMY,1988,7.380718673537132,61.8471316824064
LMY,1989,7.387902573586717,62.2132700756616
LMY,1990,7.398443502954022,62.4191718397035
LMY,1991,7.408049398434823,62.6720786703707
LMY,1992,7.430918147626136,63.0071838099885
LMY,1993,7.4609439499078505,63.3332931145742
LMY,1994,7.492555001820027,63.5836495158323
LMY,1995,7.520120270056633,63.8949503200479
LMY,1996,7.562879931946283,64.1959173550739
LMY,1997,7.601095972263068,64.5183036945212
LMY,1998,7.6167578899047905,64.7822702330644
LMY,1999,7.63584708998874,65.1111115143984
LMY,2000,7.674045917809136,65.5026469068866
LMY,2001,7.694560388477513,65.8252012990643
LMY,2002,7.725211224461312,66.1730202625342
LMY,2003,7.7668225975456595,66.5206935734983
LMY,2004,7.826914684098406,66.7485375374222
LMY,2005,7.88375544493188,67.1609764802491
LMY,2006,7.9485721923856465,67.5165744610236
LMY,2007,8.0192925100212,67.8705140876484
LMY,2008,8.06300534815674,68.0858529818689
LMY,2009,8.087922008505945,68.4826507476362
LMY,2010,8.151853935052964,68.829079801859
LMY,2011,8.199341427251682,69.1237816714452
LMY,2012,8.238735369360658,69.4672754810116
LMY,2013,8.27956510289994,69.7578943672838
LMY,2014,8.31610446879735,70.0129747334528
LMY,2015,8.348485131978416,70.2660277698023
LMY,2016,8.381021590249796,70.5023449377455
LMY,2017,8.419480543965545,70.7083294342373
LMY,2018,8.455111072434411,71.0377085637557
LMY,2019,8.483229247799903,71.2751936184695
LMY,2020,8.460292083171598,70.6688288777218
LMY,2021,8.521032593062579,69.5994726083483
LMY,2022,8.550761542945791,71.5990630119306
LMY,2023,8.586529573580334,71.8872400935005
LMY,2024,8.619628645046438,72.02401270252
LSO,1960,5.571166588457832,50.171
LSO,1961,5.55978216824391,50.275
LSO,1962,5.672578303924245,50.307
LSO,1963,5.743775790607828,50.26
LSO,1964,5.793617667634135,50.307
LSO,1965,5.7856405762284355,50.326
LSO,1966,5.749569039508858,50.377
LSO,1967,5.817370277608465,50.513
LSO,1968,5.7770379438464285,50.791
LSO,1969,5.756045451602124,51.117
LSO,1970,5.741552251012882,51.501
LSO,1971,5.75579337022113,51.845
LSO,1972,5.718587052924662,52.256
LSO,1973,5.918203738515429,52.62
LSO,1974,5.987915884862333,52.941
LSO,1975,5.808177468097273,53.454
LSO,1976,5.8808951192874055,53.931
LSO,1977,6.049274279378586,54.526
LSO,1978,6.188985537519961,55.166
LSO,1979,6.188605019965079,55.843
LSO,1980,6.131664691898257,56.534
LSO,1981,6.109475393011338,57.307
LSO,1982,6.124046332712706,57.976
LSO,1983,6.1148326941286175,58.495
LSO,1984,6.140069220011393,58.955
LSO,1985,6.137494137749842,59.211
LSO,1986,6.157895633041731,59.346
LSO,1987,6.143054409368669,59.557
LSO,1988,6.2043999551350835,59.572
LSO,1989,6.240483041813125,59.505
LSO,1990,6.280068002819558,59.317
LSO,1991,6.329515725327792,59.061
LSO,1992,6.380136455603721,58.638
LSO,1993,6.399522813625291,58.06
LSO,1994,6.444067743121018,57.288
LSO,1995,6.464212394953176,56.368
LSO,1996,6.507978335211145,55.136
LSO,1997,6.536410715328742,53.733
LSO,1998,6.546693547054458,52.029
LSO,1999,6.548850833238916,50.385
LSO,2000,6.586535269715017,48.783
LSO,2001,6.6230596925302265,47.153
LSO,2002,6.633362436496834,45.95
LSO,2003,6.682785687163368,44.921
LSO,2004,6.706609979454297,44.039
LSO,2005,6.749884940528971,43.611
LSO,2006,6.795426862262083,43.182
LSO,2007,6.832243311366954,43.66
LSO,2008,6.879233746416341,44.304
LSO,2009,6.8593503668274725,45.055
LSO,2010,6.902977315122107,46.045
LSO,2011,6.9392512480179365,46.93
LSO,2012,6.99061587252604,48.235
LSO,2013,6.997553235169458,49.547
LSO,2014,7.0031108548852705,50.786
LSO,2015,7.022153493411392,51.83
LSO,2016,7.045417181308762,52.908
LSO,2017,7.001083193694294,53.874
LSO,2018,6.973959252296863,54.638
LSO,2019,6.947930834341136,55.249
LSO,2020,6.851009386558688,55.133
LSO,2021,6.861942974700147,54.209
LSO,2022,6.874735358538077,56.812
LSO,2023,6.880503871476462,57.375
LSO,2024,6.920270431958137,57.798
LTE,1960,6.789539585463064,43.9051834271111
LTE,1961,6.749832983025625,48.2920866120114
LTE,1962,6.766222320043169,54.8569257788532
LTE,1963,6.783868398543181,55.4337152314113
LTE,1964,6.831256761564378,55.9962946718507
LTE,1965,6.8736295721805005,56.4452167373342
LTE,1966,6.9239149437142915,56.9361339951294
LTE,1967,6.91874022753336,57.3944375234018
LTE,1968,6.946460101064039,57.8163470238336
LTE,1969,7.0180715404283776,58.3601343700733
LTE,1970,7.097545877259942,58.9764745981573
LTE,1971,7.155823923013712,59.6519703087207
LTE,1972,7.2100378861391805,60.1551384261586
LTE,1973,7.283142002273662,60.9209729454539
LTE,1974,7.312387119423841,61.4483797172094
LTE,1975,7.337628635513119,62.1317767430618
LTE,1976,7.385476611959899,62.4015202687061
LTE,1977,7.431821495719022,63.3011148646941
LTE,1978,7.481546413773182,63.7973400355416
LTE,1979,7.541810196787833,64.252061038386
LTE,1980,7.598155715399463,64.6717897557729
LTE,1981,7.585432996561416,65.1610827917008
LTE,1982,7.589374044978819,65.5967191154177
LTE,1983,7.591959975428863,66.0115442708653
LTE,1984,7.653058222922234,66.3376482315143
LTE,1985,7.708532581985995,66.6808124527958
LTE,1986,7.749829073980091,67.1854541841269
LTE,1987,7.796789856190672,67.5082974156621
LTE,1988,7.8314631706751925,67.7870917164106
LTE,1989,7.862877417915616,68.050722220306
LTE,1990,7.851766432219433,68.2431140554747
LTE,1991,7.844188656502104,68.5532049716301
LTE,1992,7.84042536081032,68.770129876965
LTE,1993,7.871785717198615,68.9612707737103
LTE,1994,7.904754807762819,69.2040561673047
LTE,1995,7.949725674244283,69.5210327599019
LTE,1996,7.989645325420202,69.9942023811355
LTE,1997,8.0349366698506,70.4035763536864
LTE,1998,8.053977090269864,70.769457575003
LTE,1999,8.090922434352484,70.9988624371719
LTE,2000,8.150978984655252,71.2853076947069
LTE,2001,8.194340217196386,71.6274933298313
LTE,2002,8.246297420086629,71.9275718160017
LTE,2003,8.306306022352667,72.3420403334068
LTE,2004,8.378838234475536,72.622308504374
LTE,2005,8.447629913951525,73.007214154553
LTE,2006,8.530142193814152,73.3817363374868
LTE,2007,8.620860307548694,73.7749281005029
LTE,2008,8.681629296106106,73.9252633570755
LTE,2009,8.71222030477791,74.3481601286124
LTE,2010,8.783688362793443,74.7108209347901
LTE,2011,8.846683326399619,74.9999962879426
LTE,2012,8.896537229088961,75.2993648872023
LTE,2013,8.944232292040473,75.5790485316218
LTE,2014,8.988467458974732,75.8239893452747
LTE,2015,9.027814741101588,76.0762328807768
LTE,2016,9.06485025589002,76.2928997245812
LTE,2017,9.109538757000898,76.4174343501022
LTE,2018,9.157057771261345,76.7781489421434
LTE,2019,9.198886657714887,76.9979606258316
LTE,2020,9.198092314288834,76.6935638089228
LTE,2021,9.269571875459338,76.3060137275686
LTE,2022,9.300358462128425,76.9543673255695
LTE,2023,9.34265661193453,77.1240537371626
LTE,2024,9.385808540550627,77.2329659519788
LTU,1990,9.028020887752218,71.1607317073171
LTU,1991,8.967888756508767,70.3641463414634
LTU,1992,8.729968807556235,70.2343902439025
LTU,1993,8.557652100471223,68.9104878048781
LTU,1994,8.461827660469092,68.530243902439
LTU,1995,8.501896120602078,69.0063414634147
LTU,1996,8.55854629325402,70.1080487804878
LTU,1997,8.645665385459752,70.9090243902439
LTU,1998,8.724885578954783,71.219512195122
LTU,1999,8.720949774436969,71.5707317073171
LTU,2000,8.761598486059869,72.0195121951219
LTU,2001,8.832664315821049,71.6585365853659
LTU,2002,8.905728864712287,71.7609756097561
LTU,2003,9.014166517130162,72.0609756097561
LTU,2004,9.088390340225851,71.9609756097561
LTU,2005,9.179145691791812,71.2536585365854
LTU,2006,9.266457395918302,71.0560975609756
LTU,2007,9.383398700866026,70.9
LTU,2008,9.419346031266365,71.8121951219512
LTU,2009,9.269827443918208,72.9146341463415
LTU,2010,9.29505977471369,73.2682926829268
LTU,2011,9.378961846276315,73.5634146341464
LTU,2012,9.43481251284963,73.8634146341464
LTU,2013,9.483858122194823,73.9146341463415
LTU,2014,9.529026046974057,74.5170731707317
LTU,2015,9.565900974414994,74.3219512195122
LTU,2016,9.603942536356517,74.6707317073171
LTU,2017,9.66116113904556,75.4804878048781
LTU,2018,9.717453240633645,75.6804878048781
LTU,2019,9.766047038279611,76.2829268292683
LTU,2020,9.766731266286294,75.0292682926829
LTU,2021,9.829425937275333,74.0365853658537
LTU,2022,9.845532261123843,75.6439024390244
LTU,2023,9.838891977222683,77.290243902439
LTU,2024,9.862947561442585,77.1951219512195
LUX,1960,10.235043288479666,68.8005609756098
LUX,1961,10.26351261415004,69.1529268292683
LUX,1962,10.264758596405132,68.4317317073171
LUX,1963,10.288181453369432,68.6719756097561
LUX,1964,10.352700352675951,68.8656829268293
LUX,1965,10.333947229025926,69.2268536585366
LUX,1966,10.33774675696992,68.9003658536585
LUX,1967,10.3366226831023,69.4889268292683
LUX,1968,10.375060860054688,69.974756097561
LUX,1969,10.465223374242262,69.7166829268293
LUX,1970,10.477730763397822,69.2080975609756
LUX,1971,10.494517023725283,69.2398536585366
LUX,1972,10.54628304466533,70.4433658536585
LUX,1973,10.615088337169375,70.3344390243903
LUX,1974,10.643309400035406,70.1996341463415
LUX,1975,10.56441255636441,70.3182195121951
LUX,1976,10.58449062015271,70.2204146341464
LUX,1977,10.59832977659104,71.4241463414634
LUX,1978,10.636476754871088,71.4146341463415
LUX,1979,10.657319476203034,72.1766585365854
LUX,1980,10.662133327423101,72.2581707317073
LUX,1981,10.653660829551686,71.9679268292683
LUX,1982,10.664089205572976,72.0555853658537
LUX,1983,10.693276667488842,72.8511951219512
LUX,1984,10.752279746193448,72.5807073170732
LUX,1985,10.777881617201334,73.1336097560976
LUX,1986,10.868559063728112,73.952512195122
LUX,1987,10.90082746244883,73.7223414634146
LUX,1988,10.97481283557337,74.1201951219512
LUX,1989,11.058559247052292,74.1226585365854
LUX,1990,11.097874274297443,74.7754878048781
LUX,1991,11.167385497067487,75.4634146341463
LUX,1992,11.172134993588744,75.7707317073171
LUX,1993,11.199859263441622,75.7121951219512
LUX,1994,11.223738181740028,76.3707317073171
LUX,1995,11.223911168497406,76.5121951219512
LUX,1996,11.22418366269885,76.519512195122
LUX,1997,11.26442822854804,76.880487804878
LUX,1998,11.31659861764709,77.0170731707317
LUX,1999,11.381683022732027,77.7707317073171
LUX,2000,11.435322122859983,77.8731707317073
LUX,2001,11.453697220234687,77.8243902439025
LUX,2002,11.474964292429998,77.9658536585366
LUX,2003,11.488667636688167,77.7268292682927
LUX,2004,11.51589063447312,79.1219512195122
LUX,2005,11.525112002873286,79.4317073170732
LUX,2006,11.567587241751982,79.2878048780488
LUX,2007,11.630016229895714,79.3829268292683
LUX,2008,11.609113956065205,80.5390243902439
LUX,2009,11.557670527263427,80.6365853658537
LUX,2010,11.576330734059738,80.6317073170732
LUX,2011,11.564492839082202,80.9878048780488
LUX,2012,11.556839934456814,81.3926829268293
LUX,2013,11.564952432522976,81.8
LUX,2014,11.567275399860009,82.2292682926829
LUX,2015,11.566106096767557,82.2926829268293
LUX,2016,11.593135409684555,82.6853658536585
LUX,2017,11.581910853760451,82.0951219512195
LUX,2018,11.578607031358436,82.2951219512195
LUX,2019,11.586100640467407,82.6390243902439
LUX,2020,11.564323485350888,82.1439024390244
LUX,2021,11.61614172076635,82.5975609756098
LUX,2022,11.584940256197747,82.9463414634147
LUX,2023,11.565733875261605,83.309756097561
LUX,2024,11.553559710265946,83.1951219512195
LVA,1990,8.93888573282922,69.2731707317073
LVA,1991,8.808996640498242,69.0324390243903
LVA,1992,8.435356907323829,68.3960975609756
LVA,1993,8.403962089410827,66.7226829268293
LVA,1994,8.44236312146891,65.6643902439025
LVA,1995,8.44712868899316,66.3912195121951
LVA,1996,8.481131546060839,68.7765853658537
LVA,1997,8.578848806479929,69.3492682926829
LVA,1998,8.651722193255763,69.0121951219512
LVA,1999,8.687655988982494,69.7429268292683
LVA,2000,8.75406337470425,70.3146341463415
LVA,2001,8.829582817661262,70.7609756097561
LVA,2002,8.915060099049965,70.9609756097561
LVA,2003,9.005650724624015,71.2658536585366
LVA,2004,9.100216745757315,72.0268292682927
LVA,2005,9.22091057163862,71.3560975609756
LVA,2006,9.350751219120642,70.8658536585366
LVA,2007,9.457984591626825,71.019512195122
LVA,2008,9.43401934025724,72.419512195122
LVA,2009,9.275699666271167,73.0804878048781
LVA,2010,9.259213068197027,73.4829268292683
LVA,2011,9.30733234061311,73.5756097560976
LVA,2012,9.390243234974816,73.7780487804878
LVA,2013,9.421697828426328,73.9829268292683
LVA,2014,9.451848434321084,74.1243902439024
LVA,2015,9.49717022995096,74.4804878048781
LVA,2016,9.531505822621467,74.580487804878
LVA,2017,9.573792587331301,74.6292682926829
LVA,2018,9.62377826726125,74.7829268292683
LVA,2019,9.637461682130624,75.3878048780488
LVA,2020,9.609165455290974,75.1853658536585
LVA,2021,9.684719913140645,72.9804878048781
LVA,2022,9.706339110292909,74.2780487804878
LVA,2023,9.694578733235156,75.4268292682927
LVA,2024,9.703587791885003,76.4292682926829
MAC,1982,10.044550008925476,73.7552926829268
MAC,1983,10.084138547274579,73.906512195122
MAC,1984,10.116250227768155,74.0673902439025
MAC,1985,10.09961698315833,74.5358048780488
MAC,1986,10.14273861210152,74.814512195122
MAC,1987,10.240504984932024,74.9958292682927
MAC,1988,10.286329681454013,75.3718536585366
MAC,1989,10.30696656883465,76.0493658536586
MAC,1990,10.353888754028155,76.3986829268293
MAC,1991,10.341173896978598,76.4601219512195
MAC,1992,10.412737529838635,76.8933170731707
MAC,1993,10.42858975739893,77.3012682926829
MAC,1994,10.437455900571885,77.2664878048781
MAC,1995,10.438869562626856,76.7585365853659
MAC,1996,10.420591038071711,77.5439024390244
MAC,1997,10.412511344689621,77.6463414634146
MAC,1998,10.353812016122228,78.2463414634146
MAC,1999,10.317939113572258,78.9951219512195
MAC,2000,10.366360514304533,80.1829268292683
MAC,2001,10.38719917207225,80.5878048780488
MAC,2002,10.462185532448345,80.9463414634146
MAC,2003,10.560533288055975,81.0439024390244
MAC,2004,10.771972229658243,80.9926829268293
MAC,2005,10.809140711434445,81.3414634146341
MAC,2006,10.882569115007819,81.7292682926829
MAC,2007,10.974662140050928,81.7292682926829
MAC,2008,10.970718018974592,82.0268292682927
MAC,2009,10.99421609625914,82.1756097560976
MAC,2010,11.214452820147848,82.2731707317073
MAC,2011,11.387010381572154,82.4707317073171
MAC,2012,11.442426665720985,82.4707317073171
MAC,2013,11.503425462796491,82.7219512195122
MAC,2014,11.433707388353238,83.0219512195122
MAC,2015,11.154863281747343,83.2243902439024
MAC,2016,11.13300151005989,83.2756097560976
MAC,2017,11.233874387213065,83.5268292682927
MAC,2018,11.2794619786995,83.6780487804878
MAC,2019,11.234858456985046,83.9292682926829
MAC,2020,10.42980582765803,84.1292682926829
MAC,2021,10.63667815134023,83.7292682926829
MAC,2022,10.434136786108482,83.0804878048781
MAC,2023,10.993301186740704,83.1804878048781
MAC,2024,11.056860925058102,83.3317073170732
MAR,1966,6.738442586457039,46.495
MAR,1967,6.806885195198671,47.099
MAR,1968,6.874112146230219,47.659
MAR,1969,6.927568736967978,48.187
MAR,1970,6.946603373518002,48.691
MAR,1971,6.9747830699207265,49.169
MAR,1972,6.973742563997111,49.706
MAR,1973,6.983969377814852,50.22
MAR,1974,7.013947199415489,50.762
MAR,1975,7.062865877404373,51.356
MAR,1976,7.1413805213450035,52.048
MAR,1977,7.174823381905032,52.791
MAR,1978,7.170927697874569,53.554
MAR,1979,7.191584755380759,54.376
MAR,1980,7.200608983537721,55.219
MAR,1981,7.156061035354821,56.023
MAR,1982,7.215231361965032,56.869
MAR,1983,7.202887950730422,57.685
MAR,1984,7.240007109229694,58.438
MAR,1985,7.2744507961244365,59.208
MAR,1986,7.34123651666034,59.951
MAR,1987,7.318008871425522,60.62
MAR,1988,7.410956008548191,61.231
MAR,1989,7.420418739258726,61.824
MAR,1990,7.435813450576074,62.396
MAR,1991,7.488160779648059,62.919
MAR,1992,7.450325170663488,63.388
MAR,1993,7.426971869445767,63.868
MAR,1994,7.51255234060141,64.346
MAR,1995,7.44158325380952,64.725
MAR,1996,7.542569837230199,65.226
MAR,1997,7.5115074956629435,65.616
MAR,1998,7.566176677859204,66.008
MAR,1999,7.568109995927847,66.404
MAR,2000,7.579240196479818,66.794
MAR,2001,7.639625964710423,67.2
MAR,2002,7.662706188328304,67.582
MAR,2003,7.709566788935801,67.958
MAR,2004,7.741134633562479,68.272
MAR,2005,7.758826632988372,68.748
MAR,2006,7.820035146049843,69.157
MAR,2007,7.84016154894035,69.62
MAR,2008,7.881781075892298,70.051
MAR,2009,7.904949826035702,70.454
MAR,2010,7.925534243974052,70.821
MAR,2011,7.965385597362547,71.263
MAR,2012,7.981887166021355,71.674
MAR,2013,8.009092367633745,72.117
MAR,2014,8.02337511075871,72.522
MAR,2015,8.05396584807324,72.894
MAR,2016,8.047005560868302,73.228
MAR,2017,8.084144413923577,73.608
MAR,2018,8.103104581788365,73.946
MAR,2019,8.121105825100972,74.245
MAR,2020,8.036215741323845,73.133
MAR,2021,8.104440853641634,73.385
MAR,2022,8.112201457576917,75.161
MAR,2023,8.13775162669961,75.313
MAR,2024,8.1651230726161,75.493
MCO,1970,11.19598881182336,73.349
MCO,1971,11.232728526689973,73.365
MCO,1972,11.266593460373429,73.381
MCO,1973,11.32166174525113,73.374
MCO,1974,11.358955410522137,73.421
MCO,1975,11.33873489305005,73.523
MCO,1976,11.366534315422118,73.797
MCO,1977,11.386958072153487,74.193
MCO,1978,11.413174691294508,74.656
MCO,1979,11.437176869265919,74.87
MCO,1980,11.445374619297061,74.948
MCO,1981,11.448271071258496,74.953
MCO,1982,11.462532380429606,75.255
MCO,1983,11.46003809218901,75.697
MCO,1984,11.460710407057242,76.394
MCO,1985,11.464515031861323,77.363
MCO,1986,11.476221885427732,78.4
MCO,1987,11.488703508763226,79.257
MCO,1988,11.522350975267583,79.408
MCO,1989,11.553021236062362,79.416
MCO,1990,11.570045817834234,79.436
MCO,1991,11.571389336006936,79.749
MCO,1992,11.576444473753766,80.065
MCO,1993,11.559233935270084,80.365
MCO,1994,11.57350160284807,80.654
MCO,1995,11.587021637376381,80.902
MCO,1996,11.590880476837794,81.133
MCO,1997,11.605932794633732,81.358
MCO,1998,11.634023457586009,81.605
MCO,1999,11.66207388446852,81.826
MCO,2000,11.699043553767568,82.121
MCO,2001,11.720931541279025,82.485
MCO,2002,11.731914974168522,83.055
MCO,2003,11.744213201352817,83.613
MCO,2004,11.770689504382059,84.151
MCO,2005,11.79247321544059,84.34
MCO,2006,11.853781740040965,84.194
MCO,2007,11.99552693547203,83.903
MCO,2008,12.002999305380305,83.827
MCO,2009,11.866222967671867,84.187
MCO,2010,11.86227669606151,84.644
MCO,2011,11.90680803601376,85.01
MCO,2012,11.894593721068855,85.045
MCO,2013,11.965069947295072,85.056
MCO,2014,12.015445428259158,85.093
MCO,2015,12.046121129924316,85.323
MCO,2016,12.061740901171527,85.63
MCO,2017,12.018427149179026,85.878
MCO,2018,12.061287768015925,86.084
MCO,2019,12.131255714136044,86.151
MCO,2020,11.990790922237403,86.089
MCO,2021,12.179085168343011,85.113
MCO,2022,12.275409815034443,85.746
MCO,2023,12.327777213912185,86.372
MCO,2024,12.41783205796018,86.497
MDA,1990,8.226868028582812,67.92
MDA,1991,8.051288356152858,67.554
MDA,1992,7.707590197108443,66.749
MDA,1993,7.697195997978144,66.66
MDA,1994,7.330683839449591,66.319
MDA,1995,7.321160988668041,66.218
MDA,1996,7.262594805976198,66.248
MDA,1997,7.282629635255891,66.484
MDA,1998,7.215373507281999,66.84
MDA,1999,7.182680742652346,67.205
MDA,2000,7.205572569970748,67.462
MDA,2001,7.267020689738975,67.672
MDA,2002,7.344443959671323,67.793
MDA,2003,7.411173309972095,67.9
MDA,2004,7.485037775118744,68.017
MDA,2005,7.559791625206144,68.197
MDA,2006,7.609454437228825,68.423
MDA,2007,7.641330424911858,68.674
MDA,2008,7.718341390309488,69.0
MDA,2009,7.6577286177050174,69.406
MDA,2010,7.727319739910406,69.876
MDA,2011,7.784450123967318,70.173
MDA,2012,7.778666421877294,70.344
MDA,2013,7.865514311622449,70.291
MDA,2014,7.914910633093125,70.241
MDA,2015,7.9191930393679435,70.118
MDA,2016,7.976236439923537,70.179
MDA,2017,8.03441489110945,70.375
MDA,2018,8.091932263900603,70.236
MDA,2019,8.14284217837886,70.181
MDA,2020,8.06743661337088,69.914
MDA,2021,8.212884945475608,68.991
MDA,2022,8.191502705235212,71.546
MDA,2023,8.231740317629335,71.198
MDA,2024,8.257273980363555,71.332
MDG,1960,6.699808620089837,43.349
MDG,1961,6.6939926800596705,43.79
MDG,1962,6.6904858753086796,44.185
MDG,1963,6.655291121505957,44.626
MDG,1964,6.668303149810385,45.037
MDG,1965,6.637786948577631,45.447
MDG,1966,6.631907181534365,45.98
MDG,1967,6.658929831343509,46.457
MDG,1968,6.697659596363619,46.932
MDG,1969,6.706327868455682,47.322
MDG,1970,6.729275391574624,47.898
MDG,1971,6.738737488003276,48.204
MDG,1972,6.696446567465478,48.507
MDG,1973,6.640159463682087,48.921
MDG,1974,6.630066299283746,49.303
MDG,1975,6.61245774351744,49.596
MDG,1976,6.551063084638563,49.8
MDG,1977,6.544126527211248,49.945
MDG,1978,6.486767875356444,50.017
MDG,1979,6.550345037503577,50.059
MDG,1980,6.529565819812493,49.984
MDG,1981,6.39656466810037,49.806
MDG,1982,6.347792738389918,50.009
MDG,1983,6.3273315450729255,50.107
MDG,1984,6.315594881129149,50.209
MDG,1985,6.298054885168948,50.406
MDG,1986,6.288772552393156,50.651
MDG,1987,6.271950362245971,51.098
MDG,1988,6.27670640012257,51.425
MDG,1989,6.287561919576363,51.816
MDG,1990,6.288854857478194,52.14
MDG,1991,6.193825831600693,52.555
MDG,1992,6.175474120992834,52.946
MDG,1993,6.1657533721540725,53.733
MDG,1994,6.134260286579617,54.247
MDG,1995,6.119281401073571,54.845
MDG,1996,6.1084207678929126,55.477
MDG,1997,6.112139396040779,56.127
MDG,1998,6.117846450238622,56.803
MDG,1999,6.131301247550797,57.434
MDG,2000,6.143175488536005,57.974
MDG,2001,6.1704589395028915,58.674
MDG,2002,6.00807881791572,59.17
MDG,2003,6.072124849341225,59.693
MDG,2004,6.094198590323231,60.168
MDG,2005,6.111368068303234,60.664
MDG,2006,6.134569456185471,61.14
MDG,2007,6.16075460811433,61.533
MDG,2008,6.1963706737516615,61.992
MDG,2009,6.1264100282074745,62.304
MDG,2010,6.103491365332874,62.597
MDG,2011,6.090755788356576,62.86
MDG,2012,6.092760187621575,63.007
MDG,2013,6.088306868274125,63.161
MDG,2014,6.094345698975503,63.261
MDG,2015,6.098793280884405,63.362
MDG,2016,6.111814495049767,63.431
MDG,2017,6.124359179862155,63.433
MDG,2018,6.129769706715298,63.491
MDG,2019,6.146923114484069,63.504
MDG,2020,6.047193097816728,62.706
MDG,2021,6.067497155248701,62.516
MDG,2022,6.08321866639517,63.068
MDG,2023,6.10003662977687,63.632
MDG,2024,6.118004263445512,63.835
MDV,1970,7.330046605570354,44.522
MDV,1971,7.350309030178551,45.454
MDV,1972,7.343771891625477,46.431
MDV,1973,7.329461647752016,47.459
MDV,1974,7.355766201658595,48.535
MDV,1975,7.242871092441491,49.645
MDV,1976,7.2187925218077815,50.753
MDV,1977,7.296001180941798,51.835
MDV,1978,7.405562987447521,50.448
MDV,1979,7.4803466833159415,53.871
MDV,1980,7.62318041533598,54.819
MDV,1981,7.706309324509247,55.729
MDV,1982,7.64779865187399,56.614
MDV,1983,7.771292292604454,57.484
MDV,1984,7.982047911737165,58.341
MDV,1985,8.093519211549701,59.18
MDV,1986,8.148039030155372,59.993
MDV,1987,8.197676396542589,60.789
MDV,1988,8.247909584110996,61.59
MDV,1989,8.305101492232462,62.375
MDV,1990,8.429947884399692,63.148
MDV,1991,8.413430272154926,63.911
MDV,1992,8.449341752491073,64.664
MDV,1993,8.477185428779007,65.434
MDV,1994,8.527865308449982,66.197
MDV,1995,8.626991262234979,66.962
MDV,1996,8.680683959705803,67.734
MDV,1997,8.74109782422269,68.517
MDV,1998,8.794805494110259,69.303
MDV,1999,8.837683024400802,70.157
MDV,2000,8.858949366421173,70.892
MDV,2001,8.802018745201105,71.659
MDV,2002,8.855414709827501,72.36
MDV,2003,8.96766902254367,73.263
MDV,2004,9.008764564836648,73.008
MDV,2005,8.873731853938926,74.785
MDV,2006,9.061924831874634,75.256
MDV,2007,9.097526780313189,75.711
MDV,2008,9.148092274997957,75.999
MDV,2009,9.025625133046304,76.371
MDV,2010,9.055967577850883,76.756
MDV,2011,9.105625638173144,77.141
MDV,2012,9.094667011116872,77.512
MDV,2013,9.128406401053926,77.847
MDV,2014,9.170775775980983,78.187
MDV,2015,9.174185236364064,78.607
MDV,2016,9.201206454187805,78.913
MDV,2017,9.23632961818517,79.228
MDV,2018,9.286735895138706,79.433
MDV,2019,9.323215863071058,79.707
MDV,2020,8.895027008552418,78.713
MDV,2021,9.185967956564479,78.052
MDV,2022,9.3001807402514,80.76
MDV,2023,9.344830742634372,81.041
MDV,2024,9.375752378864261,81.285
MEA,1960,7.349354786218664,43.5165882446898
MEA,1961,7.383091202797936,44.66657764804
MEA,1962,7.409753129385894,45.1704889543003
MEA,1963,7.483456602403314,45.8218282735477
MEA,1964,7.54786689005419,46.5863458235392
MEA,1965,7.632393480320961,47.2003777959251
MEA,1966,7.6693529848619315,48.3303645839876
MEA,1967,7.715792609878544,48.9812446411898
MEA,1968,7.803478824276133,49.5740194698905
MEA,1969,7.874168908188634,50.2626317051794
MEA,1970,8.006294730395908,50.8897364738511
MEA,1971,8.064165400708555,50.2523103760476
MEA,1972,8.163486862764588,52.0674454232199
MEA,1973,8.24056430850472,52.5801137731139
MEA,1974,8.295134122663038,53.1770726497956
MEA,1975,8.266594161596055,53.7544820056235
MEA,1976,8.365768208468612,54.2746056765249
MEA,1977,8.372432898715543,55.2198587430077
MEA,1978,8.339395884836092,55.6743938344268
MEA,1979,8.362963934582494,56.5636397281382
MEA,1980,8.345800391597821,57.0787235305079
MEA,1981,8.31940371958425,57.4107677857204
MEA,1982,8.274972599765439,57.8338316375122
MEA,1983,8.239088940468479,58.8714900626031
MEA,1984,8.208114199473675,59.5113171801841
MEA,1985,8.182069627253542,60.0636597951026
MEA,1986,8.135291674696951,60.6806427414193
MEA,1987,8.113980968547,61.2032330602589
MEA,1988,8.10631144684691,61.5756088635228
MEA,1989,8.114116170846145,62.2977472202342
MEA,1990,8.162856724588494,62.4064340378254
MEA,1991,8.156535706671377,63.1853756813512
MEA,1992,8.18850829404706,63.6456887458733
MEA,1993,8.185351246095095,64.0085648294676
MEA,1994,8.189803185502543,64.1689718038005
MEA,1995,8.196361472062382,64.4488985183879
MEA,1996,8.22156539790425,64.7646967701053
MEA,1997,8.238038814694361,65.0220554619783
MEA,1998,8.254943302321669,65.3905262967863
MEA,1999,8.258623965544142,65.8481545626508
MEA,2000,8.296988812664281,66.2225138150545
MEA,2001,8.293519533394578,66.597196122581
MEA,2002,8.291773000108869,66.9641479857025
MEA,2003,8.31381041434139,67.083794061249
MEA,2004,8.366575454350226,67.5318434649335
MEA,2005,8.394249470252298,67.529947021124
MEA,2006,8.428305794092838,68.0590796974229
MEA,2007,8.455478442814137,68.346588319376
MEA,2008,8.474722112271971,68.7041650814368
MEA,2009,8.462360718149812,68.9987213130448
MEA,2010,8.48809947781318,69.2105446964534
MEA,2011,8.503253783116811,69.3940300698411
MEA,2012,8.522762467158831,69.4551250054337
MEA,2013,8.524727411744843,69.708340253746
MEA,2014,8.53524846677939,69.9897867130321
MEA,2015,8.542911577442746,70.1510409297575
MEA,2016,8.568707315500406,70.4288635225293
MEA,2017,8.572621512784359,70.7096592741194
MEA,2018,8.580529896281863,70.9403213532696
MEA,2019,8.579445003720778,71.2438695042576
MEA,2020,8.524962363814753,69.9110789555644
MEA,2021,8.559378764653118,69.7113193479505
MEA,2022,8.60281898271349,71.6917293154863
MEA,2023,8.605909519897002,72.0838364704563
MEA,2024,8.609842978743698,72.3150125047629
MEX,1960,8.329849369368857,53.573
MEX,1961,8.347396432924345,54.422
MEX,1962,8.360806776039507,55.057
MEX,1963,8.406200736923555,55.501
MEX,1964,8.48588298848689,55.916
MEX,1965,8.521453701112309,56.688
MEX,1966,8.547492436132163,57.355
MEX,1967,8.571323020866744,57.959
MEX,1968,8.628564818640118,58.22
MEX,1969,8.629878254980653,58.413
MEX,1970,8.661253787278214,58.893
MEX,1971,8.667232366201501,59.415
MEX,1972,8.715913414392608,60.051
MEX,1973,8.761737644525812,60.518
MEX,1974,8.78863934079262,61.18
MEX,1975,8.815907928609745,61.883
MEX,1976,8.831327953558478,62.475
MEX,1977,8.837620094026718,62.988
MEX,1978,8.896944804949134,63.435
MEX,1979,8.963742617045886,63.862
MEX,1980,9.022840107498673,64.282
MEX,1981,9.091001671980976,64.722
MEX,1982,9.068381719207286,65.256
MEX,1983,8.99943616606714,65.756
MEX,1984,9.01285523199945,66.215
MEX,1985,9.011177288739285,66.775
MEX,1986,8.950741859256393,67.377
MEX,1987,8.951115824684036,67.904
MEX,1988,8.943470544487651,68.299
MEX,1989,8.959800676235025,68.621
MEX,1990,8.99179388097735,69.034
MEX,1991,9.011524951578567,69.368
MEX,1992,9.027650459502315,69.663
MEX,1993,9.037390310817463,69.961
MEX,1994,9.062244044349661,70.302
MEX,1995,8.983520117978733,70.703
MEX,1996,9.026496011129996,71.088
MEX,1997,9.079188410882171,71.472
MEX,1998,9.12280834431784,71.792
MEX,1999,9.13399668782849,72.203
MEX,2000,9.167638455470653,72.562
MEX,2001,9.148289500043115,72.912
MEX,2002,9.131543764230113,73.106
MEX,2003,9.129346851332476,73.308
MEX,2004,9.150727275536402,73.432
MEX,2005,9.15815376319475,73.627
MEX,2006,9.191547694779059,73.746
MEX,2007,9.198034496968853,73.796
MEX,2008,9.192822036515162,73.695
MEX,2009,9.11318155408587,73.628
MEX,2010,9.147301229756302,73.718
MEX,2011,9.167008394389159,73.921
MEX,2012,9.188352169827196,74.128
MEX,2013,9.183864005595144,74.289
MEX,2014,9.196493064363933,74.404
MEX,2015,9.21246198090763,74.431
MEX,2016,9.2203404164037,74.376
MEX,2017,9.229532295068868,74.261
MEX,2018,9.239595156557186,74.301
MEX,2019,9.226159077589305,74.53
MEX,2020,9.130717301987913,70.449
MEX,2021,9.182769443029882,69.75
MEX,2022,9.21166428748381,73.973
MEX,2023,9.233537625763944,75.069
MEX,2024,9.23834784459323,75.264
MHL,1970,7.620053890982905,58.798
MHL,1971,7.606456041743978,59.133
MHL,1972,7.5907778958553696,59.491
MHL,1973,7.8586175792638615,59.833
MHL,1974,7.9725130169856415,60.12
MHL,1975,7.939759575526785,60.273
MHL,1976,7.910754203590379,60.416
MHL,1977,7.902538643265361,60.572
MHL,1978,7.92540704909682,60.701
MHL,1979,7.914797696244272,60.845
MHL,1980,7.805881140164061,60.989
MHL,1981,7.828662803706585,61.139
MHL,1982,7.833645267356075,61.293
MHL,1983,7.936347553682639,61.452
MHL,1984,7.933387130778698,61.602
MHL,1985,7.828319517816601,61.712
MHL,1986,8.008204947682453,61.778
MHL,1987,8.05921438103364,61.808
MHL,1988,8.09830494323472,61.778
MHL,1989,8.051791564413687,61.733
MHL,1990,8.054554304769155,61.756
MHL,1991,8.034610068826993,61.792
MHL,1992,8.085749408688624,61.9
MHL,1993,8.128993710300007,62.085
MHL,1994,8.173049586166488,62.308
MHL,1995,8.240439186599756,62.515
MHL,1996,8.121216295028209,62.765
MHL,1997,8.044714181162231,63.015
MHL,1998,8.028695563532933,63.218
MHL,1999,8.005550533438818,63.421
MHL,2000,8.019809082225791,63.323
MHL,2001,8.078623479808217,63.735
MHL,2002,8.10844608701371,63.848
MHL,2003,8.088553344481568,63.956
MHL,2004,8.081522241251008,64.044
MHL,2005,8.097056185279417,64.112
MHL,2006,8.09715869974456,64.207
MHL,2007,8.132553254681103,64.259
MHL,2008,8.053970288057013,64.3
MHL,2009,8.090178414762207,64.395
MHL,2010,8.143610073407572,64.498
MHL,2011,8.141208138182634,64.641
MHL,2012,8.137663176762741,64.776
MHL,2013,8.189502160235167,64.954
MHL,2014,8.194442749671868,65.11
MHL,2015,8.233328958344115,65.292
MHL,2016,8.280671655303356,65.477
MHL,2017,8.340679063431127,65.673
MHL,2018,8.421198223814137,65.87
MHL,2019,8.549237253655399,66.047
MHL,2020,8.551125963822487,65.387
MHL,2021,8.604346015763062,65.421
MHL,2022,8.628996415929873,66.725
MHL,2023,8.605225672745899,66.945
MHL,2024,8.671206894323893,67.075
MIC,1960,6.721463938034274,43.6332156508729
MIC,1961,6.719669302649252,46.2693729057564
MIC,1962,6.733498138879462,50.115184546006
MIC,1963,6.756330003374259,50.6198265215886
MIC,1964,6.8107315997698095,51.1413476093373
MIC,1965,6.845840222706424,50.9162550854907
MIC,1966,6.868544262589684,51.6830840151531
MIC,1967,6.875613244011143,52.26129935796
MIC,1968,6.911077289888309,53.0208195568306
MIC,1969,6.963814146353499,53.5657004968171
MIC,1970,7.0167195737972685,53.87619499992
MIC,1971,7.051445670149157,53.9362322678839
MIC,1972,7.087737697832335,55.1409353719623
MIC,1973,7.132104802157393,55.7696170875286
MIC,1974,7.16717866369743,56.2836531832012
MIC,1975,7.187223945536994,56.8771345761374
MIC,1976,7.227530279322898,57.2743229458208
MIC,1977,7.252335918201613,58.0336044858071
MIC,1978,7.2687775300592925,58.537792740564
MIC,1979,7.293328883499233,59.1086331399161
MIC,1980,7.317722362142266,59.5702504142477
MIC,1981,7.315012304659785,60.0039113592935
MIC,1982,7.322205195539068,60.4450888265295
MIC,1983,7.315379575443686,60.9186178826845
MIC,1984,7.341579846989081,61.3478258491021
MIC,1985,7.36488236932331,61.7171916521134
MIC,1986,7.38085320713041,62.1158194844727
MIC,1987,7.405468713533105,62.4663721017444
MIC,1988,7.425604840333354,62.7621733153018
MIC,1989,7.433888578943368,63.117054311292
MIC,1990,7.446087025947649,63.339720868789
MIC,1991,7.456528364879497,63.620787235505
MIC,1992,7.481173682942226,63.9760231984236
MIC,1993,7.513038612222619,64.2799227224791
MIC,1994,7.546279700653776,64.5577806796851
MIC,1995,7.574675582386303,64.8969792755709
MIC,1996,7.618507558125355,65.2233859720393
MIC,1997,7.657599723681039,65.5489037913222
MIC,1998,7.674036278961771,65.8551230524083
MIC,1999,7.6943399371474985,66.1615874056695
MIC,2000,7.733934763930406,66.5190293920721
MIC,2001,7.755231660508166,66.8362757800678
MIC,2002,7.786983716414245,67.1873346010373
MIC,2003,7.830183672368819,67.4882937058145
MIC,2004,7.8917755402180685,67.7057737444581
MIC,2005,7.95005716820103,68.1199928300658
MIC,2006,8.016754752261974,68.4498049465259
MIC,2007,8.089381888655726,68.7885219423492
MIC,2008,8.13456037355976,68.9800130190862
MIC,2009,8.160917644985666,69.3980951064878
MIC,2010,8.22643534262711,69.7152724941539
MIC,2011,8.276441547621847,70.0433399389519
MIC,2012,8.318678504665291,70.3714424713366
MIC,2013,8.360937282819721,70.653650805728
MIC,2014,8.398849465291335,70.9352424200034
MIC,2015,8.433290740249987,71.2016487222758
MIC,2016,8.467682152600476,71.4300275716491
MIC,2017,8.508002402394128,71.6459926445355
MIC,2018,8.545548948360384,71.9484629361219
MIC,2019,8.57554790594852,72.1773912892027
MIC,2020,8.554326536862263,71.5113174647439
MIC,2021,8.617775981235953,70.3885567961503
MIC,2022,8.649548614627523,72.5034114518773
MIC,2023,8.687889603997997,72.7277443304535
MIC,2024,8.723219546230757,72.8726073761326
MKD,1990,8.170276947794042,71.1720975609756
MKD,1991,8.110318943480662,71.5829024390244
MKD,1992,8.053894189311878,71.1484634146342
MKD,1993,7.988974351348517,71.5965609756098
MKD,1994,7.978331177450115,71.6926829268293
MKD,1995,7.964180832844667,71.8487804878049
MKD,1996,7.968972044516914,72.4951219512195
MKD,1997,7.991092776716138,72.4463414634146
MKD,1998,8.019000710347171,72.2975609756098
MKD,1999,8.056695971106913,72.790243902439
MKD,2000,8.096628457873,72.9463414634147
MKD,2001,8.061273955781283,73.4365853658537
MKD,2002,8.083362757975165,73.0390243902439
MKD,2003,8.104074995499568,73.2414634146342
MKD,2004,8.15299442814708,73.5975609756098
MKD,2005,8.204552378676441,73.6975609756098
MKD,2006,8.260168736376048,73.8951219512195
MKD,2007,8.328604086051813,73.8
MKD,2008,8.387665366133492,74.4
MKD,2009,8.390541044147287,74.4463414634146
MKD,2010,8.429970557594938,74.9975609756098
MKD,2011,8.457683132467706,75.1
MKD,2012,8.457029446518554,74.9024390243903
MKD,2013,8.48955081431236,75.4
MKD,2014,8.527885823401416,75.4512195121951
MKD,2015,8.568396958460816,75.4024390243902
MKD,2016,8.599684612434945,75.4
MKD,2017,8.614468462655624,75.9536585365854
MKD,2018,8.647939544764558,76.6487804878049
MKD,2019,8.693091623035492,76.6024390243903
MKD,2020,8.655863493690106,74.3951219512195
MKD,2021,8.710277150432288,73.2463414634146
MKD,2022,8.74043709121867,74.4248780487805
MKD,2023,8.767795043598106,75.3160975609756
MKD,2024,8.79918614134707,76.6165853658537
MLI,1967,6.242108251738098,32.197
MLI,1968,6.263269388604783,32.568
MLI,1969,6.250124580550782,32.871
MLI,1970,6.2938233239531725,33.396
MLI,1971,6.303151092842746,33.804
MLI,1972,6.343497817332034,34.507
MLI,1973,6.311504029964181,35.087
MLI,1974,6.278320009428983,35.749
MLI,1975,6.370316847127806,36.484
MLI,1976,6.480103558731925,37.204
MLI,1977,6.523152906545945,37.986
MLI,1978,6.489042647571111,38.761
MLI,1979,6.568002233499134,39.506
MLI,1980,6.502948837235177,40.266
MLI,1981,6.503877211180282,40.984
MLI,1982,6.394507479595534,41.804
MLI,1983,6.349304034204999,42.748
MLI,1984,6.2993456158938095,43.396
MLI,1985,6.403230205591168,43.921
MLI,1986,6.377046163264035,44.62
MLI,1987,6.351883829743817,45.228
MLI,1988,6.437040007427378,45.72
MLI,1989,6.453748277935849,46.237
MLI,1990,6.379741796433529,46.541
MLI,1991,6.479067215686789,46.889
MLI,1992,6.406992790464933,47.238
MLI,1993,6.428709983741052,47.586
MLI,1994,6.4615947447833255,47.914
MLI,1995,6.447186120809662,48.292
MLI,1996,6.487345568521409,48.5
MLI,1997,6.505006967036806,49.086
MLI,1998,6.54409365929548,49.592
MLI,1999,6.5622770547511236,50.06
MLI,2000,6.525758747493748,50.605
MLI,2001,6.6424350963160546,51.3
MLI,2002,6.641278338796881,51.995
MLI,2003,6.70295307521519,52.632
MLI,2004,6.6852388018973326,53.253
MLI,2005,6.677553537409113,53.792
MLI,2006,6.680980809962873,54.305
MLI,2007,6.665548568540009,54.756
MLI,2008,6.66842710917962,55.187
MLI,2009,6.688960680909535,55.588
MLI,2010,6.7107438969977755,55.993
MLI,2011,6.707350030615608,56.367
MLI,2012,6.667368248910837,56.696
MLI,2013,6.670537458421474,57.052
MLI,2014,6.701930465416038,57.482
MLI,2015,6.731161132497182,57.852
MLI,2016,6.757807675312093,58.286
MLI,2017,6.778285738288648,58.562
MLI,2018,6.794562305987584,58.873
MLI,2019,6.813171012316802,59.217
MLI,2020,6.771235914601654,58.858
MLI,2021,6.771170669370656,59.116
MLI,2022,6.777439103357243,60.035
MLI,2023,6.7942385018632985,60.439
MLI,2024,6.813774628892051,60.675
MLT,1970,8.04982395750914,70.2849512195122
MLT,1971,8.073902432842411,70.0765365853659
MLT,1972,8.13147120138311,70.5963170731707
MLT,1973,8.172923029579792,71.2199268292683
MLT,1974,8.269239377306713,71.8290731707317
MLT,1975,8.440544279288499,71.9532195121951
MLT,1976,8.592605513150374,72.0916097560976
MLT,1977,8.703673465229137,72.2178048780488
MLT,1978,8.799075104155309,72.2289268292683
MLT,1979,8.888700911084632,72.3917073170732
MLT,1980,8.946338015718078,72.2183902439025
MLT,1981,8.971565660302925,72.2716585365854
MLT,1982,8.972703380236826,72.7255853658537
MLT,1983,8.95246582614968,73.0011463414634
MLT,1984,8.961636671722951,73.2111707317073
MLT,1985,8.969593452643787,73.7640731707317
MLT,1986,8.991000632140295,74.393512195122
MLT,1987,9.0243973475705,75.1933170731707
MLT,1988,9.096976180212833,75.7509024390244
MLT,1989,9.165861286935293,76.0512926829268
MLT,1990,9.21709225785995,76.0459268292683
MLT,1991,9.250827067510246,76.3776341463415
MLT,1992,9.28635298302211,76.5651219512195
MLT,1993,9.320198074030937,76.7196097560976
MLT,1994,9.36581745365013,76.8329756097561
MLT,1995,9.420340770546892,77.290243902439
MLT,1996,9.450852943117319,77.3414634146342
MLT,1997,9.494519624910696,77.7390243902439
MLT,1998,9.538005925750825,77.5878048780488
MLT,1999,9.578197014040992,77.5
MLT,2000,9.751406276139328,78.3487804878049
MLT,2001,9.73629436122793,78.8439024390244
MLT,2002,9.755881678639488,78.7390243902439
MLT,2003,9.785571775838141,78.5463414634146
MLT,2004,9.782920761111287,79.2536585365854
MLT,2005,9.804951485451275,79.3
MLT,2006,9.824401291158187,79.4390243902439
MLT,2007,9.870050528040338,79.7926829268293
MLT,2008,9.906704960601118,79.6365853658537
MLT,2009,9.885115144640713,80.2414634146342
MLT,2010,9.940332284113836,81.3975609756098
MLT,2011,9.945968392916484,80.7463414634146
MLT,2012,9.977174176781398,80.7463414634146
MLT,2013,10.026876520412557,81.7463414634146
MLT,2014,10.080212459903496,81.8951219512195
MLT,2015,10.147596557588672,81.7975609756098
MLT,2016,10.164678050753091,82.3536585365854
MLT,2017,10.259294747390365,82.1951219512195
MLT,2018,10.293391930920295,82.2487804878049
MLT,2019,10.292912977147441,82.6585365853659
MLT,2020,10.23501211678321,82.0975609756098
MLT,2021,10.355184099191574,82.2585365853659
MLT,2022,10.356071324875137,82.2975609756098
MLT,2023,10.417203511533016,83.3560975609756
MLT,2024,10.448766464651698,82.9560975609756
MMR,1960,4.865779374527208,44.086
MMR,1961,4.848620403751214,44.603
MMR,1962,4.86667208962482,45.264
MMR,1963,4.969818805812543,45.951
MMR,1964,4.8867519863791,46.653
MMR,1965,4.965757989353842,47.405
MMR,1966,4.893339049925214,48.181
MMR,1967,4.809570380617326,48.86
MMR,1968,4.900732157352737,49.4
MMR,1969,4.910466877581913,50.02
MMR,1970,4.936451355141034,50.47
MMR,1971,4.954585439415896,51.027
MMR,1972,4.9565616093315485,51.397
MMR,1973,4.926013819027061,51.763
MMR,1974,4.95855231297463,52.092
MMR,1975,4.9798871106992255,52.493
MMR,1976,5.019803326305485,52.908
MMR,1977,5.058393944567041,53.266
MMR,1978,5.102049531723148,53.522
MMR,1979,5.1334393807750756,54.026
MMR,1980,5.1906686846345504,54.374
MMR,1981,5.233458652812644,54.699
MMR,1982,5.269716545965138,55.033
MMR,1983,5.293169858339467,55.308
MMR,1984,5.320587261162256,55.596
MMR,1985,5.3287448407458005,55.816
MMR,1986,5.2993946700748324,56.084
MMR,1987,5.2410677766373714,56.353
MMR,1988,5.10412816686895,56.57
MMR,1989,5.124641453466938,56.889
MMR,1990,5.1371706523464695,57.159
MMR,1991,5.116258414955474,57.395
MMR,1992,5.194806402843188,57.681
MMR,1993,5.240055242727788,58.032
MMR,1994,5.298941114683701,58.326
MMR,1995,5.3531162798035705,58.671
MMR,1996,5.402737559232298,59.169
MMR,1997,5.444959732757413,59.523
MMR,1998,5.48948364377532,59.896
MMR,1999,5.581446597320012,60.107
MMR,2000,5.699072950589988,60.357
MMR,2001,5.7959783333535215,60.64
MMR,2002,5.8995022075567665,60.925
MMR,2003,6.0198060167636935,61.196
MMR,2004,6.138439836098998,61.443
MMR,2005,6.25785826852312,61.72
MMR,2006,6.37346581974586,62.026
MMR,2007,6.479629952813736,62.367
MMR,2008,6.57175151923277,56.364
MMR,2009,6.666492121073843,63.095
MMR,2010,6.751022492737562,63.479
MMR,2011,6.797396223357358,63.859
MMR,2012,6.859744047385542,64.251
MMR,2013,6.932145996965493,64.617
MMR,2014,7.002377838339691,64.994
MMR,2015,7.0619628618732735,65.288
MMR,2016,7.111005576897016,65.64
MMR,2017,7.162834681045915,65.909
MMR,2018,7.216392485398779,66.232
MMR,2019,7.273085574716955,66.457
MMR,2020,7.17112969730828,66.612
MMR,2021,7.036144677156973,65.553
MMR,2022,7.068825091555892,66.506
MMR,2023,7.071375124236996,66.889
MMR,2024,7.054863459359703,67.095
MNA,1960,6.932821467228121,43.4132691936275
MNA,1961,6.944182125651641,44.1901236960878
MNA,1962,6.944355463668356,44.6818278051315
MNA,1963,7.024558069490763,45.7147486310035
MNA,1964,7.095029729831749,46.4765810322621
MNA,1965,7.183789059119159,47.0827464675415
MNA,1966,7.225843486157036,47.8638222252998
MNA,1967,7.271251130235493,48.5220142283659
MNA,1968,7.360650339567105,49.1206749502756
MNA,1969,7.437518131236177,49.8104905207651
MNA,1970,7.49324340416283,50.4288464604734
MNA,1971,7.520169559887295,49.7207505731107
MNA,1972,7.6054200025654675,51.5964140713434
MNA,1973,7.630957550788009,52.0852184715503
MNA,1974,7.6742736250132895,52.6754004537141
MNA,1975,7.675994481516681,53.241892897475
MNA,1976,7.787526566642567,53.7369267532141
MNA,1977,7.774772294745837,54.6943820299513
MNA,1978,7.726588293509153,55.1315666869342
MNA,1979,7.691572310585461,56.0270274264861
MNA,1980,7.627493928702388,56.5268479659775
MNA,1981,7.582326856759791,56.8378946741224
MNA,1982,7.6552670173757775,57.2532226400128
MNA,1983,7.6705518305837215,58.3124515698044
MNA,1984,7.640692799552892,58.9549368285972
MNA,1985,7.65198332039324,59.5039633453074
MNA,1986,7.603214550099682,60.1307379648158
MNA,1987,7.583080548911095,60.6506835404093
MNA,1988,7.571486376748623,61.0276496492712
MNA,1989,7.56994298415358,61.7427304403537
MNA,1990,7.629657808960673,61.86242007335
MNA,1991,7.613643875575696,62.6673249254626
MNA,1992,7.634666525845464,63.120272467422
MNA,1993,7.623186238444582,63.4769595101973
MNA,1994,7.620642109936641,63.6262493800491
MNA,1995,7.625389173100771,63.9040214770717
MNA,1996,7.659449552704899,64.2095358044498
MNA,1997,7.670149792085997,64.4598684308186
MNA,1998,7.699705691888196,64.8233679087773
MNA,1999,7.7179219058298365,65.2748261800046
MNA,2000,7.751550256606149,65.6368471519478
MNA,2001,7.758186614527166,65.9952073676464
MNA,2002,7.768810717930306,66.3529323677295
MNA,2003,7.773221248314797,66.4455527298438
MNA,2004,7.824761133226595,66.8873537609515
MNA,2005,7.850408287965471,66.853402612801
MNA,2006,7.880269415905706,67.3815240346302
MNA,2007,7.915022733369414,67.6503603993861
MNA,2008,7.927472553879118,67.9910660173055
MNA,2009,7.933336901249297,68.2744546682628
MNA,2010,7.95889902206928,68.4912505131132
MNA,2011,7.934242586377849,68.6624095113408
MNA,2012,7.949141702865526,68.6913310388784
MNA,2013,7.941236992167149,68.9136300385634
MNA,2014,7.946481734029876,69.1715558421355
MNA,2015,7.940449729182832,69.2873263613117
MNA,2016,7.978210671792446,69.5328376363007
MNA,2017,7.994887676654596,69.8141316373328
MNA,2018,7.998026160255648,70.0733668958653
MNA,2019,7.99402746837204,70.417484585256
MNA,2020,7.94993988430568,69.050634286622
MNA,2021,7.975273600729978,68.9280214782653
MNA,2022,8.000612155513394,71.0055315443397
MNA,2023,8.011770313235557,71.2758849884582
MNA,2024,8.016979475820118,71.4871863765917
MNE,1997,8.400219389930575,73.3429756097561
MNE,1998,8.45110971644071,73.2877804878049
MNE,1999,8.35513097022366,73.1438780487805
MNE,2000,8.387395969135417,73.3968048780488
MNE,2001,8.394310703294577,73.5801951219512
MNE,2002,8.409163576406511,73.9652195121951
MNE,2003,8.429695481664485,74.0557317073171
MNE,2004,8.471232310406615,74.2056097560976
MNE,2005,8.510708783202205,73.9829268292683
MNE,2006,8.591657749908888,73.8390243902439
MNE,2007,8.659219984894689,74.3390243902439
MNE,2008,8.724155764719773,75.1365853658537
MNE,2009,8.66019412347567,75.1439024390244
MNE,2010,8.685739488027894,75.990243902439
MNE,2011,8.717789619015496,76.0829268292683
MNE,2012,8.69087357481033,76.3
MNE,2013,8.722294744745602,76.490243902439
MNE,2014,8.743864627239612,76.3390243902439
MNE,2015,8.767329156720102,76.6024390243903
MNE,2016,8.80002079578283,76.5414634146342
MNE,2017,8.830675800193273,76.6853658536585
MNE,2018,8.876190925394813,77.8853658536585
MNE,2019,8.91868941734561,76.6829268292683
MNE,2020,8.756517427251728,75.9317073170732
MNE,2021,8.881600336407983,73.8243902439024
MNE,2022,8.958488603513848,76.1878048780488
MNE,2023,9.021359645252147,77.5878048780488
MNE,2024,9.052516787675057,77.890243902439
MNG,1981,7.262261259659126,55.3730487804878
MNG,1982,7.318288625183851,55.5940243902439
MNG,1983,7.350793273832574,55.8454146341464
MNG,1984,7.38399213595678,56.1206097560976
MNG,1985,7.41469659868005,56.416756097561
MNG,1986,7.478898853641603,56.7378048780488
MNG,1987,7.486941249152821,57.0928536585366
MNG,1988,7.510643823680742,57.4803414634146
MNG,1989,7.528786351063148,58.1020243902439
MNG,1990,7.508489010955879,58.8011951219512
MNG,1991,7.386284867616498,59.8047317073171
MNG,1992,7.288022006039152,60.4307073170732
MNG,1993,7.257048973289618,60.8242195121951
MNG,1994,7.267023366759415,60.859
MNG,1995,7.312730235057171,60.892512195122
MNG,1996,7.319420600198685,60.994
MNG,1997,7.343478611280729,61.414512195122
MNG,1998,7.362440402770404,62.0830731707317
MNG,1999,7.378579533082161,62.7895365853659
MNG,2000,7.3767038646188245,63.2104878048781
MNG,2001,7.3935470683440405,63.3917073170732
MNG,2002,7.426937897613762,63.540243902439
MNG,2003,7.4819213064828745,63.5753658536585
MNG,2004,7.571660365167494,64.630243902439
MNG,2005,7.630588283925541,65.2807317073171
MNG,2006,7.700631596754892,65.9021951219512
MNG,2007,7.784774548051303,66.5934146341464
MNG,2008,7.854269818490425,67.2460975609756
MNG,2009,7.823537751687497,67.9690243902439
MNG,2010,7.86774639284731,68.5056097560976
MNG,2011,8.00996655907954,69.109268292683
MNG,2012,8.107167188010816,69.500243902439
MNG,2013,8.196686802227164,70.0980487804878
MNG,2014,8.25071379070713,70.5831707317073
MNG,2015,8.252946686819639,70.810243902439
MNG,2016,8.247460953034002,70.2239024390244
MNG,2017,8.283040497192792,70.5434146341463
MNG,2018,8.338988508131704,70.8270731707317
MNG,2019,8.375126437968385,71.0531707317073
MNG,2020,8.310423382945018,71.3490243902439
MNG,2021,8.309808981404466,71.6451219512195
MNG,2022,8.344240143608863,71.9007317073171
MNG,2023,8.40212712345176,72.1224390243902
MNG,2024,8.439619919736796,72.3980487804878
MNP,2002,10.088577613373083,75.934
MNP,2003,10.112533824629358,76.505
MNP,2004,10.104199868030912,76.789
MNP,2005,9.993433040513047,77.307
MNP,2006,9.949424219687963,77.688
MNP,2007,9.909355489147977,77.863
MNP,2008,9.822895014968932,77.938
MNP,2009,9.66208969607912,77.903
MNP,2010,9.698509624506514,77.8
MNP,2011,9.630768367685697,77.688
MNP,2012,9.645844802406147,77.566
MNP,2013,9.681283242274025,77.452
MNP,2014,9.73326413949578,77.377
MNP,2015,9.779346263106214,77.36
MNP,2016,10.050120379656798,77.392
MNP,2017,10.274683697416904,77.47
MNP,2018,10.075615984748445,77.51
MNP,2019,9.973547062598895,77.844
MNP,2020,9.642779630581344,78.03
MNP,2021,9.702901209568122,78.16
MNP,2022,9.87621198903823,78.531
MOZ,1980,5.527711538856367,43.987
MOZ,1981,5.556251084854777,41.643
MOZ,1982,5.462846077056647,41.677
MOZ,1983,5.271180750069649,41.596
MOZ,1984,5.184116144433763,38.897
MOZ,1985,5.1753250208436015,38.984
MOZ,1986,5.134549420268712,40.951
MOZ,1987,5.267635982089733,41.002
MOZ,1988,5.348165565613514,43.691
MOZ,1989,5.4028716128996495,43.889
MOZ,1990,5.398384310835689,44.337
MOZ,1991,5.426986428212213,44.705
MOZ,1992,5.32882041987613,45.095
MOZ,1993,5.400984869141129,45.675
MOZ,1994,5.395800562239206,46.086
MOZ,1995,5.356993030911438,46.546
MOZ,1996,5.425824026152221,47.121
MOZ,1997,5.5101368241708135,47.8
MOZ,1998,5.586022083984013,48.212
MOZ,1999,5.675245880533787,48.837
MOZ,2000,5.66084237166771,49.476
MOZ,2001,5.75948741806728,50.259
MOZ,2002,5.829343686083938,50.879
MOZ,2003,5.876393585650507,51.383
MOZ,2004,5.932417475218029,51.855
MOZ,2005,5.970495623270462,52.322
MOZ,2006,6.041507409096922,52.748
MOZ,2007,6.091422034290103,53.255
MOZ,2008,6.133283708601263,53.799
MOZ,2009,6.164972751093582,54.4
MOZ,2010,6.202865137097766,55.04
MOZ,2011,6.243914358470833,55.733
MOZ,2012,6.292114394176851,56.46
MOZ,2013,6.326853972138992,57.189
MOZ,2014,6.372067668344984,57.965
MOZ,2015,6.414382751168728,58.711
MOZ,2016,6.430976292682047,59.455
MOZ,2017,6.427131768870941,60.148
MOZ,2018,6.431578610385618,60.79
MOZ,2019,6.425094800688096,61.306
MOZ,2020,6.383175600344625,61.39
MOZ,2021,6.3770939803561095,60.268
MOZ,2022,6.390386010393377,63.011
MOZ,2023,6.414427408741362,63.611
MOZ,2024,6.406489615193047,63.797
MRT,1961,7.140010184333467,44.307
MRT,1962,7.12041189648465,45.047
MRT,1963,7.072869499986118,45.794
MRT,1964,7.289134704891239,46.581
MRT,1965,7.40991235172805,47.36
MRT,1966,7.382718133735685,48.135
MRT,1967,7.387749545304971,48.893
MRT,1968,7.454530387968462,49.507
MRT,1969,7.43646723819408,50.085
MRT,1970,7.519156893053467,50.544
MRT,1971,7.507063420221819,50.757
MRT,1972,7.469598959484878,51.037
MRT,1973,7.39274911000545,51.216
MRT,1974,7.477780432113798,51.432
MRT,1975,7.395562687752445,51.571
MRT,1976,7.4482473302539995,51.77
MRT,1977,7.400483026839613,51.998
MRT,1978,7.3670612809114076,52.349
MRT,1979,7.385502207894859,52.763
MRT,1980,7.39025080650135,53.204
MRT,1981,7.395527162374963,53.684
MRT,1982,7.343064044558736,54.229
MRT,1983,7.350965093681226,54.58
MRT,1984,7.289364385158566,55.195
MRT,1985,7.29001639055988,55.808
MRT,1986,7.316782645306679,56.323
MRT,1987,7.3068122704000205,56.964
MRT,1988,7.2949819848028055,57.483
MRT,1989,7.316542518569185,57.699
MRT,1990,7.273335545073743,58.087
MRT,1991,7.261846056085127,58.291
MRT,1992,7.242146902107048,58.568
MRT,1993,7.258774671128621,58.733
MRT,1994,7.193721293921768,58.763
MRT,1995,7.2599591686008536,58.861
MRT,1996,7.296744207877507,58.915
MRT,1997,7.2331815339918615,59.417
MRT,1998,7.23464990453324,59.89
MRT,1999,7.243990167849457,60.443
MRT,2000,7.176186323850898,61.044
MRT,2001,7.143472997746027,61.662
MRT,2002,7.135080359230348,62.249
MRT,2003,7.179185464216261,62.805
MRT,2004,7.201930669790764,63.369
MRT,2005,7.259878366694749,63.92
MRT,2006,7.403146719422631,64.493
MRT,2007,7.357250694265558,64.885
MRT,2008,7.325186322170231,65.233
MRT,2009,7.2948746571270116,65.485
MRT,2010,7.288823612892732,65.661
MRT,2011,7.297253077851553,65.754
MRT,2012,7.308341616503797,65.808
MRT,2013,7.3176533405705735,65.89
MRT,2014,7.329391204921639,66.207
MRT,2015,7.351698552016565,66.498
MRT,2016,7.334249227389078,66.823
MRT,2017,7.365189322814944,67.088
MRT,2018,7.382071714438738,67.419
MRT,2019,7.383463830237113,67.64
MRT,2020,7.3506414810996965,66.794
MRT,2021,7.329170855991351,66.762
MRT,2022,7.365625542812952,68.281
MRT,2023,7.40183682939163,68.484
MRT,2024,7.434163851999394,68.713
MUS,1960,7.257992924501904,58.4614146341463
MUS,1961,7.463153500878396,59.5666829268293
MUS,1962,7.4428126547014495,60.4433902439024
MUS,1963,7.546826042180137,61.128512195122
MUS,1964,7.451363258458431,61.5040487804878
MUS,1965,7.460515080552895,62.074756097561
MUS,1966,7.403398330962543,62.1274878048781
MUS,1967,7.426850410868729,61.7451707317073
MUS,1968,7.337142652132297,62.0993414634146
MUS,1969,7.367921263121319,62.7038780487805
MUS,1970,7.34729392789683,63.7321951219512
MUS,1971,7.373251574071829,63.9004390243903
MUS,1972,7.438250613716165,63.8733902439024
MUS,1973,7.536544265687465,64.2941951219512
MUS,1974,7.605819912885874,64.4107073170732
MUS,1975,7.599068307895186,64.6136829268293
MUS,1976,7.796048653201106,64.3810243902439
MUS,1977,7.843197771034565,65.1307317073171
MUS,1978,7.86772186394347,65.5920731707317
MUS,1979,7.8848787558022515,66.3225365853659
MUS,1980,7.761977235272704,66.7709024390244
MUS,1981,7.80431596565682,67.4061463414634
MUS,1982,7.845604733996733,68.0819756097561
MUS,1983,7.840238661117102,68.5459024390244
MUS,1984,7.875694820212496,68.7760243902439
MUS,1985,7.934754701222959,68.855512195122
MUS,1986,8.020071815368278,68.9978048780488
MUS,1987,8.097768386021066,69.2877073170732
MUS,1988,8.156591095138083,69.5606097560976
MUS,1989,8.192615270494423,69.6791219512195
MUS,1990,8.254894466625755,69.4048780487805
MUS,1991,8.287498785788285,69.9560975609756
MUS,1992,8.33743538221629,70.0585365853659
MUS,1993,8.375151386948408,70.1073170731707
MUS,1994,8.401679665055442,70.1585365853659
MUS,1995,8.435063921136893,70.3258536585366
MUS,1996,8.479209340052334,70.3229268292683
MUS,1997,8.522004590964144,70.4048780487805
MUS,1998,8.57043773356145,70.6073170731707
MUS,1999,8.583499542179636,70.9609756097561
MUS,2000,8.65250976235398,71.6634146341463
MUS,2001,8.677536590824774,71.7658536585366
MUS,2002,8.686614365040613,71.9658536585366
MUS,2003,8.73694306360717,72.1170731707317
MUS,2004,8.77306098058126,72.2658536585366
MUS,2005,8.784759278760452,72.4321951219512
MUS,2006,8.827604059549161,72.4321951219512
MUS,2007,8.879086936169763,72.5707317073171
MUS,2008,8.928661157982713,72.5707317073171
MUS,2009,8.959087699214146,72.8824390243903
MUS,2010,8.999736966581228,72.9673170731707
MUS,2011,9.038754841554317,73.2668292682927
MUS,2012,9.070485670159163,73.8634146341464
MUS,2013,9.101475103548594,74.0170731707317
MUS,2014,9.137516765579655,74.1943902439024
MUS,2015,9.172694970877131,74.3531707317073
MUS,2016,9.210129548069917,74.3948780487805
MUS,2017,9.248010197380088,74.5146341463415
MUS,2018,9.287806981714475,74.4163414634146
MUS,2019,9.315721700443156,74.2358536585366
MUS,2020,9.162577499320603,74.1770731707317
MUS,2021,9.195160631597496,73.680243902439
MUS,2022,9.278301444541968,73.5146341463415
MUS,2023,9.335274097343342,73.4121951219512
MUS,2024,9.385872643744937,73.7890243902439
MWI,1960,5.562114464699202,34.986
MWI,1961,5.611928925645405,35.23
MWI,1962,5.594453318229994,35.449
MWI,1963,5.5559980107439015,35.643
MWI,1964,5.5577470329059375,35.681
MWI,1965,5.660976698192808,35.74
MWI,1966,5.7608543905155996,35.831
MWI,1967,5.806416242239618,35.941
MWI,1968,5.762199712930487,36.085
MWI,1969,5.794697949148027,36.301
MWI,1970,5.774845044266314,36.638
MWI,1971,5.900109319949281,37.095
MWI,1972,5.934992448512554,37.608
MWI,1973,5.931525606330469,38.355
MWI,1974,5.973739463924072,39.197
MWI,1975,6.0048199012693475,40.079
MWI,1976,6.0245079220885085,41.022
MWI,1977,6.041479493467547,41.979
MWI,1978,6.100304690733491,43.002
MWI,1979,6.106391101430714,43.703
MWI,1980,6.071926820182339,44.331
MWI,1981,5.978307625216247,44.72
MWI,1982,5.963552546269616,44.84
MWI,1983,5.960606625610722,44.974
MWI,1984,5.973733582933448,44.807
MWI,1985,5.979945255840191,44.568
MWI,1986,5.940955279244471,44.298
MWI,1987,5.909326925403021,43.902
MWI,1988,5.886611859579041,43.569
MWI,1989,5.852780223344033,43.515
MWI,1990,5.868650669667381,43.575
MWI,1991,5.921571882819419,43.54
MWI,1992,5.816296970087597,43.636
MWI,1993,5.894212720874933,43.648
MWI,1994,5.7978315562789895,43.8
MWI,1995,5.9539696005506695,43.804
MWI,1996,6.004866990998275,44.005
MWI,1997,6.02202553349398,44.2
MWI,1998,6.038618242446171,44.3
MWI,1999,6.045242039482963,45.06
MWI,2000,6.036899051721604,46.17
MWI,2001,5.961675320712021,47.205
MWI,2002,5.954045558490261,48.176
MWI,2003,5.984502484995049,49.601
MWI,2004,6.011426269720294,51.073
MWI,2005,6.016810554951459,52.469
MWI,2006,6.0351887815164424,53.652
MWI,2007,6.098645591790816,54.687
MWI,2008,6.143222666286294,55.715
MWI,2009,6.193652901504677,56.714
MWI,2010,6.2306559413158595,57.787
MWI,2011,6.249654218969128,58.859
MWI,2012,6.239769514228157,59.87
MWI,2013,6.264079260215444,60.816
MWI,2014,6.290758814885902,61.651
MWI,2015,6.2908380635738395,62.324
MWI,2016,6.288271097381806,63.163
MWI,2017,6.300410915634879,63.914
MWI,2018,6.316313766879168,64.464
MWI,2019,6.345401683069272,64.995
MWI,2020,6.326948949706904,65.216
MWI,2021,6.345581916052533,64.782
MWI,2022,6.329071424985529,66.037
MWI,2023,6.3226285048163415,67.353
MWI,2024,6.313460222621001,67.561
MYS,1960,7.143866589971904,57.168
MYS,1961,7.191261024197564,58.015
MYS,1962,7.227414109037791,58.855
MYS,1963,7.272089247991924,59.667
MYS,1964,7.298331133233868,60.448
MYS,1965,7.346871882039517,61.144
MYS,1966,7.397240343102184,61.679
MYS,1967,7.4114143295402535,62.044
MYS,1968,7.465481595614823,62.443
MYS,1969,7.490607380866695,62.868
MYS,1970,7.525772978869374,63.298
MYS,1971,7.5976471643066015,63.77
MYS,1972,7.663364163163977,64.232
MYS,1973,7.750071365049128,64.725
MYS,1974,7.806009410368806,65.204
MYS,1975,7.79008105668517,65.697
MYS,1976,7.875545006025337,66.233
MYS,1977,7.9262001151815795,66.72
MYS,1978,7.966611348841604,67.17
MYS,1979,8.031966869490379,67.607
MYS,1980,8.075983112271834,68.061
MYS,1981,8.111574073126603,68.461
MYS,1982,8.137459328377181,68.876
MYS,1983,8.165873858023504,69.205
MYS,1984,8.208046666965744,69.551
MYS,1985,8.164867363846122,69.863
MYS,1986,8.144422877221128,70.133
MYS,1987,8.162804057512634,70.351
MYS,1988,8.226108020070832,70.551
MYS,1989,8.282436141873417,70.759
MYS,1990,8.33920480788165,70.952
MYS,1991,8.402215765935697,71.219
MYS,1992,8.460863634581017,71.483
MYS,1993,8.529633707177906,71.721
MYS,1994,8.592319527559939,71.865
MYS,1995,8.660661668195443,71.979
MYS,1996,8.730765369545727,72.119
MYS,1997,8.776561664448847,72.296
MYS,1998,8.675557899070128,72.385
MYS,1999,8.711271403750604,72.428
MYS,2000,8.772705449478574,72.732
MYS,2001,8.753833720396491,73.08
MYS,2002,8.782155112220659,73.469
MYS,2003,8.814764280155496,73.727
MYS,2004,8.857279685880815,74.027
MYS,2005,8.886550789184724,74.37
MYS,2006,8.918624935385537,74.697
MYS,2007,8.957973567306357,74.961
MYS,2008,8.984207087579115,75.151
MYS,2009,8.949035490846198,75.269
MYS,2010,9.00195275257077,75.376
MYS,2011,9.036025375384428,75.488
MYS,2012,9.072287540302792,75.552
MYS,2013,9.101061885413454,75.464
MYS,2014,9.142246798825608,75.345
MYS,2015,9.17457637603625,75.288
MYS,2016,9.200439479682519,75.371
MYS,2017,9.239293449107793,75.542
MYS,2018,9.269570612593471,75.734
MYS,2019,9.296791745038226,75.9
MYS,2020,9.227341606904542,76.057
MYS,2021,9.248432247470918,73.917
MYS,2022,9.322923348569963,75.444
MYS,2023,9.345342528653756,76.657
MYS,2024,9.382930673106989,76.821
NAC,1960,9.834945116759569,69.8928809447431
NAC,1961,9.841437057589907,70.3674111103082
NAC,1962,9.885907402928774,70.2322004358455
NAC,1963,9.91482616538005,70.0498732749243
NAC,1964,9.957502118428453,70.3125870410997
NAC,1965,10.006452872896562,70.3664482428266
NAC,1966,10.057445018182785,70.3774745800766
NAC,1967,10.071064792823481,70.7137220587
NAC,1968,10.107528045448085,70.1757231439513
NAC,1969,10.129408774051512,70.6941667067473
NAC,1970,10.121866387090689,70.9850542794544
NAC,1971,10.140593433344648,71.2906105325876
NAC,1972,10.181210502641042,71.325889782303
NAC,1973,10.22714810882614,71.5291863757895
NAC,1974,10.215368587176137,72.0793243629389
NAC,1975,10.204516069675881,72.6932766943585
NAC,1976,10.247571902462584,72.9528469578295
NAC,1977,10.281658186929244,73.3490323734962
NAC,1978,10.32350371481518,73.4698455920373
NAC,1979,10.344205488341276,73.9076174873992
NAC,1980,10.333849033969669,73.7548645377218
NAC,1981,10.349597460386404,74.1547309404066
NAC,1982,10.320394378099413,74.4941013567384
NAC,1983,10.354299674956419,74.6194447243444
NAC,1984,10.414329484789,74.7363519363636
NAC,1985,10.446721455837192,74.7359434817121
NAC,1986,10.47036619570308,74.7956281535059
NAC,1987,10.495476719575944,74.9636321926897
NAC,1988,10.527123797630805,74.9722477585484
NAC,1989,10.551797096777458,75.2265211544613
NAC,1990,10.557418597532301,75.4361985040414
NAC,1991,10.541415718305743,75.5878135699287
NAC,1992,10.560297348473007,75.837971168818
NAC,1993,10.574405425156131,75.6464787218972
NAC,1994,10.602110977438311,75.8429823471392
NAC,1995,10.616855106305726,75.8554630666128
NAC,1996,10.640777130019561,76.2440970663799
NAC,1997,10.672333869370666,76.6253579363396
NAC,1998,10.704423575385173,76.7819490135195
NAC,1999,10.740297788033239,76.8047860395782
NAC,2000,10.77012595538714,76.8850332429286
NAC,2001,10.770384361874887,77.0883485337654
NAC,2002,10.778805302638979,77.1919358768587
NAC,2003,10.796980145070238,77.3002796759891
NAC,2004,10.824894132932767,77.7343375427686
NAC,2005,10.849680621177328,77.7462382909607
NAC,2006,10.867356319225248,77.9690402937581
NAC,2007,10.87770961993945,78.2395331531403
NAC,2008,10.869930575364487,78.3038592516027
NAC,2009,10.834509180136013,78.6547128363776
NAC,2010,10.852661893724555,78.8169547045614
NAC,2011,10.861279561963146,78.9234323511493
NAC,2012,10.875199916371148,79.0322253270364
NAC,2013,10.888450928097448,79.0411295925553
NAC,2014,10.905462187608274,79.135655352291
NAC,2015,10.924759033218347,79.0036254654542
NAC,2016,10.933979772417509,78.8800103845064
NAC,2017,10.951267459556206,78.868288279967
NAC,2018,10.973600989866133,78.960276789842
NAC,2019,10.992475075255214,79.1328897249464
NAC,2020,10.964301309086501,77.4492825889982
NAC,2021,11.021873893522388,76.8590190564362
NAC,2022,11.041394607068746,77.817206254568
NAC,2023,11.059299115951958,78.7304513464606
NAC,2024,11.07452225895016,79.2390403034254
NAM,1980,8.172878206894419,56.572
NAM,1981,8.171333574450165,56.912
NAM,1982,8.14956122082366,57.335
NAM,1983,8.104589078873877,57.637
NAM,1984,8.075138922039626,58.097
NAM,1985,8.051193999078825,58.472
NAM,1986,8.067070314039418,58.725
NAM,1987,8.069967081432518,59.123
NAM,1988,8.042894445705857,59.033
NAM,1989,7.997854055075918,60.773
NAM,1990,7.957645622397537,61.359
NAM,1991,8.00282798282872,60.833
NAM,1992,8.040525924822164,60.16
NAM,1993,7.992699597729073,59.26
NAM,1994,7.978783056895543,58.441
NAM,1995,7.98798710025619,57.518
NAM,1996,7.992349981062747,56.639
NAM,1997,8.007802552100724,55.844
NAM,1998,8.014774358059027,54.767
NAM,1999,8.023048002027338,53.983
NAM,2000,8.033851915117301,52.946
NAM,2001,8.02466725181829,51.98
NAM,2002,8.053869811635773,51.988
NAM,2003,8.080951061384026,51.918
NAM,2004,8.183926420921873,52.175
NAM,2005,8.196368065135237,52.557
NAM,2006,8.251924439136854,53.183
NAM,2007,8.29094932936793,54.026
NAM,2008,8.30310399415493,54.74
NAM,2009,8.291347771810116,55.347
NAM,2010,8.334502743072532,56.093
NAM,2011,8.367003708870591,56.647
NAM,2012,8.394113823009352,57.733
NAM,2013,8.42272152996369,58.468
NAM,2014,8.455734071655062,59.311
NAM,2015,8.470962116800253,60.008
NAM,2016,8.44432721511902,60.81
NAM,2017,8.406648872820726,61.661
NAM,2018,8.389467854310752,62.579
NAM,2019,8.35304770327587,63.546
NAM,2020,8.239461301892296,64.071
NAM,2021,8.24533395072853,60.85
NAM,2022,8.270154243774979,64.19
NAM,2023,8.287400107330571,67.385
NAM,2024,8.302117384844653,67.516
NER,1960,6.6099001840413685,36.193
NER,1961,6.62536720774967,36.287
NER,1962,6.69415697959341,36.319
NER,1963,6.755241368526652,36.437
NER,1964,6.727696970978899,36.464
NER,1965,6.766081600925063,36.404
NER,1966,6.734043985326144,36.331
NER,1967,6.707327354104337,36.243
NER,1968,6.683515618734951,36.128
NER,1969,6.599746982823641,36.003
NER,1970,6.602698609092806,35.919
NER,1971,6.631213526941538,35.294
NER,1972,6.551595457760723,35.813
NER,1973,6.337933530011617,35.938
NER,1974,6.39519918532349,36.195
NER,1975,6.339787183753851,36.568
NER,1976,6.319101962934836,37.101
NER,1977,6.365956859832736,37.689
NER,1978,6.46371848890904,38.267
NER,1979,6.5033362447755705,38.889
NER,1980,6.448635725917702,39.344
NER,1981,6.416989260060009,39.637
NER,1982,6.408778353223073,39.844
NER,1983,6.339738079442715,39.979
NER,1984,6.12600821321952,39.989
NER,1985,6.17063036403104,40.12
NER,1986,6.202138833556161,40.251
NER,1987,6.172765933941134,40.468
NER,1988,6.208921073643268,40.791
NER,1989,6.187988281862831,41.188
NER,1990,6.144022293611428,41.732
NER,1991,6.108623536654158,42.289
NER,1992,6.097248717464506,43.064
NER,1993,6.068852463756802,43.838
NER,1994,6.05506709934062,44.586
NER,1995,6.046244247422329,45.504
NER,1996,6.013811382949284,46.313
NER,1997,5.995767745331358,47.097
NER,1998,6.056985469122133,47.807
NER,1999,6.020381636722919,48.48
NER,2000,5.973551606428521,49.172
NER,2001,6.008625191520422,49.872
NER,2002,6.021323773131806,50.645
NER,2003,6.007174884695823,51.545
NER,2004,5.974823808474816,52.402
NER,2005,6.009282193524459,53.32
NER,2006,6.030329480909105,54.223
NER,2007,6.02446191192748,55.063
NER,2008,6.06191262579786,55.852
NER,2009,6.044177723651797,56.487
NER,2010,6.089224374329243,57.08
NER,2011,6.075314455587776,57.6
NER,2012,6.137870165867721,57.987
NER,2013,6.152073358668328,58.364
NER,2014,6.179489076453245,58.693
NER,2015,6.185514090947897,58.85
NER,2016,6.190694071448602,59.228
NER,2017,6.208937266263771,59.524
NER,2018,6.241101429750416,59.765
NER,2019,6.266448116504737,60.031
NER,2020,6.277034805994733,59.89
NER,2021,6.255582563253701,59.542
NER,2022,6.338370353168635,60.398
NER,2023,6.331431909212529,61.183
NER,2024,6.378571577630626,61.433
NGA,1960,7.282748065621399,37.207
NGA,1961,7.264112137108333,37.427
NGA,1962,7.283322790932157,37.606
NGA,1963,7.344385636168405,37.806
NGA,1964,7.37128899856016,37.98
NGA,1965,7.397291814522061,38.221
NGA,1966,7.33210396713128,38.355
NGA,1967,7.139443916144652,37.497
NGA,1968,7.105321029346082,38.642
NGA,1969,7.299829203363492,38.946
NGA,1970,7.50019476439633,40.008
NGA,1971,7.609948032039863,40.606
NGA,1972,7.61908317333266,41.273
NGA,1973,7.646658851119917,41.831
NGA,1974,7.726232096500797,42.489
NGA,1975,7.644850001785382,43.054
NGA,1976,7.70270181903514,44.186
NGA,1977,7.731359162883939,44.847
NGA,1978,7.641349727428779,45.348
NGA,1979,7.675912363726779,45.738
NGA,1980,7.6858940336061785,45.959
NGA,1981,7.5144114607010675,46.309
NGA,1982,7.414029446675746,46.437
NGA,1983,7.272410529875882,46.442
NGA,1984,7.235562770642341,46.339
NGA,1985,7.264679391618522,46.193
NGA,1986,7.238122325618308,45.953
NGA,1987,7.242975899079687,45.89
NGA,1988,7.287007356163601,45.834
NGA,1989,7.279098243135181,45.83
NGA,1990,7.36340397128641,45.733
NGA,1991,7.340570060134532,45.483
NGA,1992,7.359588716971446,45.587
NGA,1993,7.312526113056517,45.783
NGA,1994,7.267796578030946,45.748
NGA,1995,7.240703373508637,45.87
NGA,1996,7.255663231207413,45.833
NGA,1997,7.2585802911153685,45.96
NGA,1998,7.25793154863128,46.148
NGA,1999,7.237396531314604,46.609
NGA,2000,7.259594465132531,47.143
NGA,2001,7.289922557011261,47.549
NGA,2002,7.405127929196699,48.02
NGA,2003,7.448458786767408,48.618
NGA,2004,7.509227147606736,49.148
NGA,2005,7.543936131918618,49.538
NGA,2006,7.5751530548670925,49.876
NGA,2007,7.6112651622861796,50.381
NGA,2008,7.648874857149329,50.748
NGA,2009,7.698304656841149,51.08
NGA,2010,7.747366572588008,51.315
NGA,2011,7.771057204497734,51.49
NGA,2012,7.784745308155398,51.688
NGA,2013,7.822180698537905,51.827
NGA,2014,7.856945080452944,51.94
NGA,2015,7.857764540382057,51.939
NGA,2016,7.816745387441366,52.189
NGA,2017,7.800454860692004,52.397
NGA,2018,7.796378193844972,52.669
NGA,2019,7.79627814125767,53.009
NGA,2020,7.70916759412648,53.072
NGA,2021,7.699237180151511,53.455
NGA,2022,7.720590703201436,54.079
NGA,2023,7.732227946050053,54.462
NGA,2024,7.7513019799650555,54.635
NIC,1960,7.42194112005594,46.399
NIC,1961,7.464349824409098,47.289
NIC,1962,7.537756871862609,47.981
NIC,1963,7.610796935364699,48.752
NIC,1964,7.691118466084639,49.586
NIC,1965,7.751481878616697,50.647
NIC,1966,7.753016389773457,51.579
NIC,1967,7.789192079650686,52.348
NIC,1968,7.771169463679581,52.865
NIC,1969,7.800292414742482,53.35
NIC,1970,7.782439982973161,53.815
NIC,1971,7.783765755850114,54.219
NIC,1972,7.776653575953461,47.957
NIC,1973,7.809858858380097,55.023
NIC,1974,7.911799393548643,55.401
NIC,1975,7.879674888523482,55.774
NIC,1976,7.900072337750755,56.118
NIC,1977,7.950356695453874,56.126
NIC,1978,7.839814703422292,53.533
NIC,1979,7.505247043353131,50.828
NIC,1980,7.522941423587627,57.953
NIC,1981,7.546911462312004,58.278
NIC,1982,7.5112759271261345,58.685
NIC,1983,7.53010441577731,56.851
NIC,1984,7.4894708215993555,56.126
NIC,1985,7.423939955745362,56.4
NIC,1986,7.390334882184892,57.558
NIC,1987,7.360315809610967,57.329
NIC,1988,7.2044001382910965,59.833
NIC,1989,7.1634386615873,61.884
NIC,1990,7.139560273861087,62.473
NIC,1991,7.1146117492812175,63.31
NIC,1992,7.095862001905139,63.672
NIC,1993,7.069972219353498,64.093
NIC,1994,7.081570056442028,64.549
NIC,1995,7.11863860599025,64.869
NIC,1996,7.1615762082639085,65.215
NIC,1997,7.1837876047075095,65.523
NIC,1998,7.204946566177612,64.111
NIC,1999,7.258636281158865,65.892
NIC,2000,7.2850780131543456,66.36
NIC,2001,7.301360450231303,67.028
NIC,2002,7.296742946025616,67.95
NIC,2003,7.309852179392455,68.749
NIC,2004,7.349792889742919,69.51
NIC,2005,7.378688293137505,70.374
NIC,2006,7.40511378825957,70.958
NIC,2007,7.440268694941515,71.197
NIC,2008,7.459717513687397,71.404
NIC,2009,7.411991413446985,71.499
NIC,2010,7.440955954105295,71.761
NIC,2011,7.488085678332341,72.033
NIC,2012,7.5369909268807636,72.435
NIC,2013,7.571193633093493,72.551
NIC,2014,7.604221294344823,72.792
NIC,2015,7.637454329088445,72.899
NIC,2016,7.668628423234317,73.18
NIC,2017,7.700581597096402,73.389
NIC,2018,7.653181590260366,73.879
NIC,2019,7.610810802484285,73.764
NIC,2020,7.575683011943189,70.766
NIC,2021,7.66308295290986,70.478
NIC,2022,7.685123407249598,74.463
NIC,2023,7.714732305459759,74.947
NIC,2024,7.736446789801287,75.1
NLD,1960,9.57289610946643,73.3926829268293
NLD,1961,9.562694269831823,73.6526829268293
NLD,1962,9.61464454778683,73.3239024390244
NLD,1963,9.636764403938196,73.3370731707317
NLD,1964,9.702889806377296,73.7041463414634
NLD,1965,9.772061159007526,73.5687804878049
NLD,1966,9.786051539705795,73.5129268292683
NLD,1967,9.826173522581419,73.8041463414634
NLD,1968,9.87797506874719,73.6126829268293
NLD,1969,9.928707507486683,73.539512195122
NLD,1970,9.975908682461194,73.5856097560976
NLD,1971,10.006281312746218,73.809512195122
NLD,1972,10.030898247224744,73.7270731707317
NLD,1973,10.075636874118326,74.1439024390244
NLD,1974,10.101609303482942,74.5368292682927
NLD,1975,10.092715691283033,74.4987804878049
NLD,1976,10.128464463961942,74.6470731707317
NLD,1977,10.147410216969007,75.2214634146342
NLD,1978,10.167862956406971,75.1451219512195
NLD,1979,10.180901636431694,75.6060975609756
NLD,1980,10.18631822005877,75.7431707317073
NLD,1981,10.171590771759657,75.9343902439025
NLD,1982,10.154519989649184,75.9885365853659
NLD,1983,10.171216020172121,76.1641463414634
NLD,1984,10.19740413431615,76.2331707317073
NLD,1985,10.21821541982939,76.2846341463415
NLD,1986,10.24015430738694,76.2704878048781
NLD,1987,10.252937405043541,76.7051219512195
NLD,1988,10.280309774858742,76.890243902439
NLD,1989,10.317562874108937,76.7341463414634
NLD,1990,10.351657757567878,76.8780487804878
NLD,1991,10.367876072106998,77.0
NLD,1992,10.377232316689405,77.2170731707317
NLD,1993,10.38275950969428,76.9165853658537
NLD,1994,10.405911113330037,77.3751219512195
NLD,1995,10.43165657026151,77.4046341463415
NLD,1996,10.460676937168502,77.4356097560976
NLD,1997,10.497136303547972,77.7943902439024
NLD,1998,10.536399214129093,77.8829268292683
NLD,1999,10.578947143794764,77.8365853658537
NLD,2000,10.613130428445524,77.9878048780488
NLD,2001,10.628552031270214,78.190243902439
NLD,2002,10.624624393115148,78.2926829268293
NLD,2003,10.62088432005513,78.4926829268293
NLD,2004,10.637371820838823,79.0951219512195
NLD,2005,10.65517124895427,79.3463414634146
NLD,2006,10.688326820533101,79.6975609756098
NLD,2007,10.72427001308344,80.0975609756098
NLD,2008,10.741323621474573,80.2512195121951
NLD,2009,10.698839368583005,80.5487804878049
NLD,2010,10.70681738979929,80.7024390243902
NLD,2011,10.719730738225008,81.2048780487805
NLD,2012,10.706203805516967,81.1048780487805
NLD,2013,10.702953141663102,81.3048780487805
NLD,2014,10.715351812192356,81.7073170731707
NLD,2015,10.73190428550867,81.509756097561
NLD,2016,10.750536110988945,81.5609756097561
NLD,2017,10.772059348285007,81.7609756097561
NLD,2018,10.78855601392628,81.8121951219512
NLD,2019,10.804746364866567,82.1121951219512
NLD,2020,10.759743047727733,81.3585365853659
NLD,2021,10.815385306100119,81.309756097561
NLD,2022,10.854711578990827,81.6146341463415
NLD,2023,10.838811616473393,81.8634146341464
NLD,2024,10.843004451168317,81.9658536585366
NOR,1960,9.861879291201156,73.549756097561
NOR,1961,9.914779978299089,73.5504878048781
NOR,1962,9.934496774422762,73.4480487804878
NOR,1963,9.964087219770061,73.0775609756098
NOR,1964,10.00541526643375,73.5958536585366
NOR,1965,10.049148550953682,73.7231707317073
NOR,1966,10.078330597955791,73.9953658536585
NOR,1967,10.130647066548898,74.0665853658537
NOR,1968,10.144588231810939,73.9419512195122
NOR,1969,10.18050196263557,73.6634146341463
NOR,1970,10.192483398176993,74.0880487804878
NOR,1971,10.241044881843685,74.1792682926829
NOR,1972,10.28489018296355,74.3446341463415
NOR,1973,10.32181914203711,74.4421951219512
NOR,1974,10.354494357281572,74.7536585365854
NOR,1975,10.397270139179406,74.8175609756098
NOR,1976,10.449428687375532,75.039512195122
NOR,1977,10.48588235514015,75.3868292682927
NOR,1978,10.519896571548774,75.4185365853659
NOR,1979,10.559083141312378,75.4139024390244
NOR,1980,10.600144182687513,75.6717073170732
NOR,1981,10.61330708365185,75.8690243902439
NOR,1982,10.612055771374582,76.0109756097561
NOR,1983,10.647397322722027,76.0668292682927
NOR,1984,10.703556763445,76.2243902439024
NOR,1985,10.754681858440087,75.9168292682927
NOR,1986,10.790793840785764,76.2412195121951
NOR,1987,10.803405753093571,76.0817073170732
NOR,1988,10.794720811111288,76.2204878048781
NOR,1989,10.800835519688656,76.500487804878
NOR,1990,10.816794497330052,76.5373170731707
NOR,1991,10.840215049143843,76.9807317073171
NOR,1992,10.869465022074824,77.1843902439025
NOR,1993,10.891838344660046,77.1517073170732
NOR,1994,10.93530915490707,77.689756097561
NOR,1995,10.97080768002996,77.7365853658537
NOR,1996,11.014238455131345,78.1504878048781
NOR,1997,11.05848307594629,78.1426829268293
NOR,1998,11.079423141827771,78.3292682926829
NOR,1999,11.094166890778832,78.2829268292683
NOR,2000,11.12153101574343,78.6341463414634
NOR,2001,11.13787419611952,78.7853658536585
NOR,2002,11.146950885309051,78.9878048780488
NOR,2003,11.151989472181164,79.390243902439
NOR,2004,11.188470424309074,79.8414634146342
NOR,2005,11.210924628202102,80.0414634146342
NOR,2006,11.230945526453903,80.3439024390244
NOR,2007,11.254229274664855,80.3951219512195
NOR,2008,11.249960336556558,80.5926829268293
NOR,2009,11.221084799471472,80.7951219512195
NOR,2010,11.218627305853005,80.9975609756098
NOR,2011,11.219410881896332,81.2951219512195
NOR,2012,11.234124654060826,81.4512195121951
NOR,2013,11.234681922978936,81.7512195121951
NOR,2014,11.244140217509605,82.1
NOR,2015,11.25442610373778,82.3048780487805
NOR,2016,11.258449580291675,82.4073170731707
NOR,2017,11.276719163603925,82.609756097561
NOR,2018,11.281160971684233,82.7585365853659
NOR,2019,11.289000480774247,82.9585365853659
NOR,2020,11.269413931231195,83.209756097561
NOR,2021,11.304662387560173,83.1634146341463
NOR,2022,11.33567190472542,82.509756097561
NOR,2023,11.32780954114185,83.0121951219512
NOR,2024,11.332447805883865,83.1609756097561
NPL,1960,5.790434798029775,38.652
NPL,1961,5.790284406829332,38.966
NPL,1962,5.789751468288006,39.333
NPL,1963,5.7888829399193344,39.608
NPL,1964,5.841522093411811,40.229
NPL,1965,5.808890200398902,40.688
NPL,1966,5.856088458460292,41.239
NPL,1967,5.819086507017166,41.71
NPL,1968,5.804293099702342,42.173
NPL,1969,5.826294379873374,42.722
NPL,1970,5.829847661695637,43.151
NPL,1971,5.7960386928209315,43.616
NPL,1972,5.805023951728661,44.068
NPL,1973,5.7784570950069325,44.485
NPL,1974,5.8180225718923895,44.919
NPL,1975,5.810450030441131,45.499
NPL,1976,5.831607129283181,45.991
NPL,1977,5.838905667852886,46.628
NPL,1978,5.858806216241105,47.202
NPL,1979,5.858848296653162,47.766
NPL,1980,5.811797002328326,48.333
NPL,1981,5.868451397891016,48.662
NPL,1982,5.882235224205655,49.181
NPL,1983,5.82829357197647,49.676
NPL,1984,5.897242624273812,50.227
NPL,1985,5.934167354445192,50.922
NPL,1986,5.956719259141788,51.594
NPL,1987,5.952358882748464,52.382
NPL,1988,6.00546342816689,53.109
NPL,1989,6.025609958118986,54.013
NPL,1990,6.046721230998301,54.771
NPL,1991,6.082575454560302,55.65
NPL,1992,6.094612217076496,56.686
NPL,1993,6.105085468446014,57.597
NPL,1994,6.158991964167807,58.631
NPL,1995,6.169068953147444,59.323
NPL,1996,6.1989103876015,60.044
NPL,1997,6.227379938979918,60.823
NPL,1998,6.2374428131550275,61.532
NPL,1999,6.26201171910434,62.035
NPL,2000,6.304852893113016,62.642
NPL,2001,6.335561621352696,63.288
NPL,2002,6.32155657077898,63.507
NPL,2003,6.3461444310974215,64.229
NPL,2004,6.379223707117632,64.744
NPL,2005,6.402232418301659,65.275
NPL,2006,6.4256428550346465,65.891
NPL,2007,6.450827592374355,66.169
NPL,2008,6.502587769712752,66.442
NPL,2009,6.540163824481891,66.6
NPL,2010,6.581006921744232,66.772
NPL,2011,6.610180774253302,67.123
NPL,2012,6.653263695501543,67.364
NPL,2013,6.685909710982821,67.598
NPL,2014,6.741305742729731,67.812
NPL,2015,6.77484499111767,67.374
NPL,2016,6.774439798739264,68.444
NPL,2017,6.858415127089003,68.74
NPL,2018,6.929433520762369,69.036
NPL,2019,6.982044202246393,69.299
NPL,2020,6.938804414629165,69.106
NPL,2021,6.968651716147926,68.385
NPL,2022,7.0153125410957,70.087
NPL,2023,7.035645018848633,70.354
NPL,2024,7.073231575300392,70.636
NRU,1970,10.58438031021716,58.449
NRU,1971,10.605232339232025,58.427
NRU,1972,10.626437067150052,58.405
NRU,1973,10.647112923481652,58.362
NRU,1974,10.667417200140706,58.31
NRU,1975,10.686786909154176,58.251
NRU,1976,10.647254938534935,58.215
NRU,1977,10.604765730884838,58.144
NRU,1978,10.55752249193624,58.288
NRU,1979,10.505923817838244,58.374
NRU,1980,10.453404340861018,58.471
NRU,1981,10.400296199023524,58.555
NRU,1982,10.346406607335403,58.635
NRU,1983,10.296180432163862,58.694
NRU,1984,10.248202261801916,58.658
NRU,1985,10.199072099711254,58.598
NRU,1986,10.14840955135115,58.591
NRU,1987,10.096770253926985,58.625
NRU,1988,10.044013096330485,58.725
NRU,1989,9.991187895004272,58.9
NRU,1990,9.938209261347453,59.102
NRU,1991,9.70414540948707,59.312
NRU,1992,9.509477388319498,59.518
NRU,1993,9.32567529491924,59.761
NRU,1994,9.282788255044832,59.954
NRU,1995,9.197480021212789,60.063
NRU,1996,9.069471937876164,60.07
NRU,1997,8.974297310045715,59.985
NRU,1998,8.848772118454951,59.86
NRU,1999,8.781912917477182,59.701
NRU,2000,8.712754548341838,59.574
NRU,2001,8.64649317143405,59.482
NRU,2002,8.546200777098226,59.427
NRU,2003,8.551326425230025,59.359
NRU,2004,8.507120828900192,59.346
NRU,2005,8.508214866504963,59.361
NRU,2006,8.590834212322092,59.409
NRU,2007,8.342769583095851,59.49
NRU,2008,8.526189547309642,59.675
NRU,2009,8.468332007348831,59.852
NRU,2010,8.465639947295372,60.074
NRU,2011,8.597379558783334,60.287
NRU,2012,8.798784226717023,60.533
NRU,2013,8.815135637833835,60.701
NRU,2014,8.94102075984496,60.834
NRU,2015,8.955093975765678,60.897
NRU,2016,8.97785052557582,60.996
NRU,2017,8.896768373746484,61.101
NRU,2018,8.874837018629696,61.238
NRU,2019,8.947311422974137,61.393
NRU,2020,8.958115379837256,61.527
NRU,2021,9.027124272794575,61.331
NRU,2022,9.01929777601755,61.93
NRU,2023,9.00582645176697,62.109
NRU,2024,9.01417033830469,62.279
NZL,1960,9.785297157586918,71.2365853658537
NZL,1961,9.797921429095204,70.9853658536585
NZL,1962,9.802843981795945,71.2317073170732
NZL,1963,9.842209973226323,71.280487804878
NZL,1964,9.880503068614333,71.3292682926829
NZL,1965,9.92333043716104,71.2268292682927
NZL,1966,9.966030111522725,71.1243902439025
NZL,1967,9.901197035145628,71.4731707317073
NZL,1968,9.891936764603335,71.1243902439025
NZL,1969,9.980067244882928,71.4731707317073
NZL,1970,9.952416658395084,71.2731707317073
NZL,1971,9.974634821793433,71.7731707317073
NZL,1972,10.00687512257819,71.8292682926829
NZL,1973,10.06241147335216,71.6682926829268
NZL,1974,10.099765613615812,71.9243902439024
NZL,1975,10.062842753715156,72.219512195122
NZL,1976,10.063240111269899,72.4219512195122
NZL,1977,10.01996742881713,72.1682926829268
NZL,1978,10.02282755816596,73.019512195122
NZL,1979,10.048424979636584,73.0682926829269
NZL,1980,10.059932096531233,72.8292682926829
NZL,1981,10.10158985986382,73.6219512195122
NZL,1982,10.100908955016283,73.7243902439024
NZL,1983,10.12163354253857,73.7756097560976
NZL,1984,10.159795595450268,74.3707317073171
NZL,1985,10.169641477150245,73.8292682926829
NZL,1986,10.196659011588679,74.1219512195122
NZL,1987,10.197619307639512,74.1780487804878
NZL,1988,10.191522660538656,74.4243902439024
NZL,1989,10.188367751834285,74.8243902439024
NZL,1990,10.18050346386675,75.3780487804878
NZL,1991,10.121236750510809,76.0317073170732
NZL,1992,10.121768459765882,76.1243902439025
NZL,1993,10.172247683267877,76.4341463414634
NZL,1994,10.208808466699585,76.8829268292683
NZL,1995,10.240444805134535,76.7341463414634
NZL,1996,10.25989690433363,76.7878048780488
NZL,1997,10.267316026057982,77.3341463414634
NZL,1998,10.266958752896503,78.0853658536585
NZL,1999,10.31413650573887,77.890243902439
NZL,2000,10.336544980030048,78.6365853658537
NZL,2001,10.364237509351373,78.6926829268293
NZL,2002,10.392939342446493,78.8463414634146
NZL,2003,10.41937979156942,79.1463414634146
NZL,2004,10.444608471478215,79.5487804878049
NZL,2005,10.466300422871347,79.8512195121951
NZL,2006,10.481477100070006,80.0487804878049
NZL,2007,10.502324474803183,80.1512195121951
NZL,2008,10.483528391004212,80.3512195121951
NZL,2009,10.4731284307754,80.7024390243902
NZL,2010,10.476622158389333,80.9048780487805
NZL,2011,10.490215656228278,81.1560975609756
NZL,2012,10.507498001334962,81.4073170731707
NZL,2013,10.5251394810331,81.4048780487805
NZL,2014,10.546011411591383,81.4568292682927
NZL,2015,10.562269201113974,81.6124390243903
NZL,2016,10.576560439212342,81.6585365853659
NZL,2017,10.588292241672647,81.8585365853659
NZL,2018,10.60306188280117,81.7073170731707
NZL,2019,10.611910627597656,82.0560975609756
NZL,2020,10.589164681833186,82.2560975609756
NZL,2021,10.62885551933396,82.2073170731707
NZL,2022,10.662330865465877,81.9585365853658
NZL,2023,10.65729448851877,81.7585365853659
NZL,2024,10.631409690619833,82.009756097561
OED,1960,9.311277550245702,67.214675804737
OED,1961,9.3401261298648,67.6239161043531
OED,1962,9.38020684954887,67.634730644146
OED,1963,9.416288073924429,67.8322296440742
OED,1964,9.465659300988005,68.2408325847987
OED,1965,9.50625845987895,68.3636268247411
OED,1966,9.547939555738788,68.5822045163458
OED,1967,9.573584331392246,69.025105031354
OED,1968,9.619963068044692,68.8914030370739
OED,1969,9.662187749639168,69.0385118621778
OED,1970,9.67819730323763,69.3365985983267
OED,1971,9.700304652061291,69.6364527131522
OED,1972,9.740517187350388,69.9184179691612
OED,1973,9.788791194987086,70.0952045478606
OED,1974,9.789768674245536,70.4973625348169
OED,1975,9.783457326236995,70.8130519668422
OED,1976,9.82045848310877,71.1195410157041
OED,1977,9.847017755963616,71.5352131238266
OED,1978,9.880299680364566,71.7226081084638
OED,1979,9.908919437852596,72.0878760519218
OED,1980,9.911521486104315,72.152259840394
OED,1981,9.923170732348858,72.5185547374403
OED,1982,9.91681180634543,72.868508853242
OED,1983,9.936553854842025,73.0046213132604
OED,1984,9.975451823323224,73.2977077375509
OED,1985,10.003458273470482,73.3462328831744
OED,1986,10.026032219497205,73.6956598540525
OED,1987,10.0527680714825,73.9828600223715
OED,1988,10.088656505274614,74.1284019607245
OED,1989,10.11682092698305,74.3750880767806
OED,1990,10.136600983365325,74.538567072286
OED,1991,10.1383300901012,74.7215702802414
OED,1992,10.149934362733317,74.9803149628922
OED,1993,10.155187641591708,75.0829574190709
OED,1994,10.179643181274178,75.3716055852652
OED,1995,10.198964132312534,75.4722903820899
OED,1996,10.221812761077455,75.8475207335284
OED,1997,10.250240349902445,76.179185888832
OED,1998,10.271781705171056,76.3849265675108
OED,1999,10.298254904123336,76.4944403452378
OED,2000,10.331707705942096,76.8195165967813
OED,2001,10.338192017601258,77.1207466135963
OED,2002,10.34613373432848,77.2833606924084
OED,2003,10.358910024950017,77.4260355491099
OED,2004,10.383733828232803,77.8261405899935
OED,2005,10.404829315828456,77.953987145508
OED,2006,10.427716859279412,78.2501352258837
OED,2007,10.44673353886976,78.4729454763552
OED,2008,10.442849041590623,78.6146332445559
OED,2009,10.401042342772048,78.8670589595977
OED,2010,10.42356766118376,79.0473008520596
OED,2011,10.436538954997536,79.2685938676768
OED,2012,10.44428268083701,79.429885982955
OED,2013,10.454523473452971,79.6249265687692
OED,2014,10.470576661825804,79.876650819389
OED,2015,10.489381407178476,79.7619467978058
OED,2016,10.501419969848703,79.8914217482034
OED,2017,10.521265020819621,79.9309175598336
OED,2018,10.53890722278389,80.0273651713987
OED,2019,10.551426092642686,80.2449221878264
OED,2020,10.508238426511493,78.9578582698334
OED,2021,10.56559548192293,78.5867205183939
OED,2022,10.591739332555342,79.5170877696899
OED,2023,10.602784370934016,80.1629734061989
OED,2024,10.613999202906694,80.3985705098059
OMN,1960,7.764231621475846,35.429
OMN,1961,7.758056189346758,36.386
OMN,1962,7.923429188100743,37.413
OMN,1963,7.948143529933767,38.498
OMN,1964,7.928155901111781,39.628
OMN,1965,7.9107589149677855,40.791
OMN,1966,7.938575310823071,41.975
OMN,1967,8.422762595119305,43.177
OMN,1968,8.996055905818304,44.395
OMN,1969,9.1986791297486,45.624
OMN,1970,9.302140130252168,46.64
OMN,1971,9.283637465948532,47.868
OMN,1972,9.349167425451492,48.717
OMN,1973,9.166449073642651,49.964
OMN,1974,9.240131026166695,51.228
OMN,1975,9.416944971646585,52.511
OMN,1976,9.558772726489936,54.448
OMN,1977,9.520147045303212,55.524
OMN,1978,9.43124851933086,57.037
OMN,1979,9.42085543722583,58.328
OMN,1980,9.425987192061873,59.601
OMN,1981,9.528903056542958,60.802
OMN,1982,9.582867695538733,62.049
OMN,1983,9.681521613771181,63.192
OMN,1984,9.781492746199076,64.272
OMN,1985,9.852124161135007,65.281
OMN,1986,9.80771102858695,66.168
OMN,1987,9.712580002509881,66.979
OMN,1988,9.713805397494713,67.718
OMN,1989,9.771247797067753,68.393
OMN,1990,9.71893083924914,69.012
OMN,1991,9.729474693135304,69.584
OMN,1992,9.764462897072812,70.114
OMN,1993,9.780989949687394,70.608
OMN,1994,9.789692609459044,71.072
OMN,1995,9.820036604594907,71.56
OMN,1996,9.833022380308819,72.023
OMN,1997,9.876061197184608,72.463
OMN,1998,9.860984743717202,72.882
OMN,1999,9.850361750249274,73.276
OMN,2000,9.897556822053982,73.643
OMN,2001,9.930424250538843,73.979
OMN,2002,9.910965185083183,74.276
OMN,2003,9.877433276020719,74.521
OMN,2004,9.879955848237893,74.82
OMN,2005,9.884765643937744,75.07
OMN,2006,9.908295802234724,75.354
OMN,2007,9.935119396596123,75.596
OMN,2008,9.999149211307742,76.124
OMN,2009,10.035357466464356,76.631
OMN,2010,10.033025686044365,77.184
OMN,2011,9.951987576699661,77.74
OMN,2012,9.894654735236053,78.187
OMN,2013,9.867857268757941,78.633
OMN,2014,9.837679035679123,79.03
OMN,2015,9.842053955046863,79.346
OMN,2016,9.843238788996851,79.581
OMN,2017,9.81345045158146,79.748
OMN,2018,9.812997966870682,79.864
OMN,2019,9.803091729509623,79.946
OMN,2020,9.783796278102361,77.763
OMN,2021,9.814182937087057,75.969
OMN,2022,9.841210262568888,77.911
OMN,2023,9.789980862814964,80.031
OMN,2024,9.76119164234101,80.246
OSS,1975,8.513821619839756,60.3488722806292
OSS,1976,8.646618429436094,60.6333722123236
OSS,1977,8.723925564217582,60.7796533206685
OSS,1978,8.773141634178215,60.748617166034
OSS,1979,8.892651168704518,61.0748824858755
OSS,1980,8.84675882348506,61.9013466490488
OSS,1981,8.750681331893597,62.156949190062
OSS,1982,8.762916279623836,62.5909352102746
OSS,1983,8.755615790863333,62.763713174576
OSS,1984,8.765493373468072,63.2256221043334
OSS,1985,8.767416495853233,63.4782035877973
OSS,1986,8.768954481440716,63.8199486245255
OSS,1987,8.809284412472456,64.2525039136168
OSS,1988,8.820730375031124,64.4049864822448
OSS,1989,8.829258261214843,65.130828157496
OSS,1990,8.859543859880251,65.0247123780379
OSS,1991,8.834207501564443,65.0261916750851
OSS,1992,8.794756757228381,64.9885654346304
OSS,1993,8.79329608851793,64.9694843018552
OSS,1994,8.812855795531286,64.7556285715004
OSS,1995,8.848773115591527,64.8449297144334
OSS,1996,8.869888730229848,65.1970463137825
OSS,1997,8.917238625118008,65.1946385702487
OSS,1998,8.937667582245169,65.0252157448601
OSS,1999,8.962042773880864,65.1053065248799
OSS,2000,9.029519704952937,66.4385365444731
OSS,2001,9.043349956529635,66.6129499326785
OSS,2002,9.060336356422892,66.8105993387088
OSS,2003,9.089061006028775,67.0073081269231
OSS,2004,9.12282124851922,67.2249688020829
OSS,2005,9.157407518650743,67.5574840535073
OSS,2006,9.206040079830355,67.8310957913256
OSS,2007,9.247139363994181,68.1699901591828
OSS,2008,9.243884329278492,68.5798272966725
OSS,2009,9.179621692023822,69.0687004196222
OSS,2010,9.192969650312415,69.566524844548
OSS,2011,9.215223682809663,69.9373436903887
OSS,2012,9.216544960151062,70.3920318149408
OSS,2013,9.213899085070803,70.8040790092001
OSS,2014,9.223889611047554,71.0941610047193
OSS,2015,9.245622259031737,71.4757935597765
OSS,2016,9.27494293576831,71.7707341897413
OSS,2017,9.312799544246197,72.1178742995091
OSS,2018,9.34346790628871,72.4217850423792
OSS,2019,9.373000630089967,72.6570116424877
OSS,2020,9.302661279281043,72.5097097789427
OSS,2021,9.369559477924238,71.7699719301416
OSS,2022,9.400156931826047,72.9062214171014
OSS,2023,9.42200932346359,73.5849815358082
OSS,2024,9.440798535343966,73.8137960223999
PAK,1960,6.025773849926826,44.101
PAK,1961,6.057754134633166,44.956
PAK,1962,6.07562981517886,45.85
PAK,1963,6.132479988878954,46.761
PAK,1964,6.178470093948331,47.831
PAK,1965,6.250226691015942,48.495
PAK,1966,6.27875147176291,49.797
PAK,1967,6.303134940264822,50.763
PAK,1968,6.344480014312846,51.624
PAK,1969,6.369458125683289,52.316
PAK,1970,6.448236884446885,52.943
PAK,1971,6.425350905348685,49.002
PAK,1972,6.405781005036513,53.824
PAK,1973,6.444920782838776,54.09
PAK,1974,6.4503041682566,54.266
PAK,1975,6.461662466179438,54.722
PAK,1976,6.481329097314739,55.069
PAK,1977,6.48868714370102,55.482
PAK,1978,6.534065375536932,56.072
PAK,1979,6.536319925255189,56.614
PAK,1980,6.5927376342518444,57.199
PAK,1981,6.627183715371262,57.764
PAK,1982,6.652914697314013,58.291
PAK,1983,6.683877960138325,58.663
PAK,1984,6.701938021250601,58.921
PAK,1985,6.74342236263451,59.075
PAK,1986,6.763173085072051,59.167
PAK,1987,6.7916059087860425,59.222
PAK,1988,6.83147641759205,59.36
PAK,1989,6.847202733348989,59.528
PAK,1990,6.857392756379772,59.728
PAK,1991,6.873704573808178,59.864
PAK,1992,6.919313311306385,59.983
PAK,1993,6.909013035874244,60.083
PAK,1994,6.916778740029929,60.197
PAK,1995,6.936309620088013,60.273
PAK,1996,6.954530686459436,60.466
PAK,1997,6.936340838440306,60.623
PAK,1998,6.93391056496326,61.134
PAK,1999,6.942638601224124,61.54
PAK,2000,6.956109440371903,61.903
PAK,2001,6.964010536341795,62.241
PAK,2002,6.965119731271381,62.556
PAK,2003,6.994185457051062,62.834
PAK,2004,7.044901916101283,63.097
PAK,2005,7.0911043024781355,62.416
PAK,2006,7.126040187002022,63.624
PAK,2007,7.14310852796464,63.807
PAK,2008,7.137319683901401,64.002
PAK,2009,7.146043032716872,64.206
PAK,2010,7.136240396308027,64.378
PAK,2011,7.1403196103313915,64.659
PAK,2012,7.151084183551179,64.883
PAK,2013,7.177553996570383,65.129
PAK,2014,7.2028903446602675,65.374
PAK,2015,7.230179450828166,65.641
PAK,2016,7.280825687605688,65.943
PAK,2017,7.310056637896352,66.223
PAK,2018,7.3535185312701,66.481
PAK,2019,7.36126937678076,66.729
PAK,2020,7.330409127212275,65.701
PAK,2021,7.3746465208677385,65.773
PAK,2022,7.403841207042412,67.417
PAK,2023,7.384195168728769,67.649
PAK,2024,7.399451483539122,67.799
PAN,1960,7.8412526423280635,60.278
PAN,1961,7.915319171491183,60.914
PAN,1962,7.964453623964034,61.428
PAN,1963,8.016049574638007,61.814
PAN,1964,8.029088208031798,62.101
PAN,1965,8.086663701776141,62.337
PAN,1966,8.129968927282164,62.629
PAN,1967,8.18263023585847,62.887
PAN,1968,8.221106093862952,63.242
PAN,1969,8.273568458782808,63.66
PAN,1970,8.31257021110243,64.068
PAN,1971,8.376354847944997,64.666
PAN,1972,8.393503875391628,65.183
PAN,1973,8.418644430309861,65.783
PAN,1974,8.41627587438473,66.552
PAN,1975,8.40753444049012,67.243
PAN,1976,8.398653461427344,67.794
PAN,1977,8.384740334522922,68.252
PAN,1978,8.453883868985908,68.687
PAN,1979,8.474090180753084,69.09
PAN,1980,8.573285119790855,69.451
PAN,1981,8.637690126321557,69.79
PAN,1982,8.666200188169833,69.9
PAN,1983,8.59672978338162,70.133
PAN,1984,8.600096332949963,70.403
PAN,1985,8.625294503979013,70.544
PAN,1986,8.63770492624173,70.669
PAN,1987,8.597202390393257,70.811
PAN,1988,8.431703512464054,70.945
PAN,1989,8.425772578586036,70.137
PAN,1990,8.482344732870155,71.266
PAN,1991,8.551132080184205,71.331
PAN,1992,8.609021064649284,71.461
PAN,1993,8.641369304768395,71.805
PAN,1994,8.648865700610994,71.943
PAN,1995,8.645833413502288,71.994
PAN,1996,8.665593472367807,72.199
PAN,1997,8.719749740827606,72.541
PAN,1998,8.780321797364609,72.785
PAN,1999,8.81131291180725,73.124
PAN,2000,8.832901220551138,73.443
PAN,2001,8.822891396180937,73.82
PAN,2002,8.828373623286012,74.195
PAN,2003,8.858948825850266,74.567
PAN,2004,8.918485061185857,74.845
PAN,2005,8.979148437972452,75.16
PAN,2006,9.05461948066611,75.429
PAN,2007,9.159851639183033,75.675
PAN,2008,9.23874851160005,75.937
PAN,2009,9.236696314144593,76.228
PAN,2010,9.277818795181531,76.417
PAN,2011,9.372586666967182,76.659
PAN,2012,9.446857658683653,76.877
PAN,2013,9.490758425869842,77.129
PAN,2014,9.51867390848937,77.365
PAN,2015,9.552699166644704,77.583
PAN,2016,9.580117807598286,77.772
PAN,2017,9.618837255783216,77.901
PAN,2018,9.640540373769173,78.266
PAN,2019,9.655188457057458,78.514
PAN,2020,9.445182540661305,76.33
PAN,2021,9.585547937980428,77.004
PAN,2022,9.677594418881789,79.324
PAN,2023,9.73371617233685,79.594
PAN,2024,9.748161333338983,79.775
PER,1960,7.9026240769196185,50.597
PER,1961,7.944366087417321,51.192
PER,1962,8.010879968934868,51.532
PER,1963,8.024238073608034,52.597
PER,1964,8.058731863568614,53.302
PER,1965,8.08469419600858,53.871
PER,1966,8.135348583302966,54.4
PER,1967,8.144837920327136,54.893
PER,1968,8.118227421720789,55.384
PER,1969,8.124829610259068,55.816
PER,1970,8.132849682359433,47.728
PER,1971,8.153090641520695,56.493
PER,1972,8.160741978650108,56.989
PER,1973,8.195729012323959,57.333
PER,1974,8.260147251920488,57.769
PER,1975,8.277336387491657,58.205
PER,1976,8.267042794572946,58.57
PER,1977,8.245829975100328,58.895
PER,1978,8.194144503564193,59.261
PER,1979,8.209298028734482,59.624
PER,1980,8.242081438045808,59.982
PER,1981,8.271207424115852,60.325
PER,1982,8.244135580681975,60.559
PER,1983,8.109361883265368,60.764
PER,1984,8.12005850288379,61.066
PER,1985,8.116066886178904,61.71
PER,1986,8.182559519331795,62.154
PER,1987,8.252515855471163,62.544
PER,1988,8.130652768685001,62.995
PER,1989,7.9768235230907445,63.405
PER,1990,7.903567671387445,63.979
PER,1991,7.904437289829567,64.248
PER,1992,7.878653029534769,65.031
PER,1993,7.909593868801556,65.732
PER,1994,8.005893098859444,66.544
PER,1995,8.058005541670788,67.22
PER,1996,8.066804178143753,67.85
PER,1997,8.111073322278738,68.324
PER,1998,8.08896008703908,68.724
PER,1999,8.086526583387267,69.302
PER,2000,8.097509400669164,69.821
PER,2001,8.089992850389264,70.315
PER,2002,8.131162970700037,70.815
PER,2003,8.161315545801125,71.278
PER,2004,8.199904605893666,71.447
PER,2005,8.251959183297817,71.988
PER,2006,8.316633368645569,72.337
PER,2007,8.391128985115767,72.746
PER,2008,8.471887497983221,72.743
PER,2009,8.476615237408398,72.631
PER,2010,8.550123506290927,72.886
PER,2011,8.604005032808287,73.327
PER,2012,8.655222061188207,73.979
PER,2013,8.703085270909416,74.591
PER,2014,8.716686245139517,75.26
PER,2015,8.737406293698061,75.732
PER,2016,8.762842341065296,75.951
PER,2017,8.772985043676032,75.958
PER,2018,8.793785657037539,76.018
PER,2019,8.798795947456263,76.275
PER,2020,8.671086166197867,73.832
PER,2021,8.787368023895665,71.596
PER,2022,8.805568376673039,76.834
PER,2023,8.791057682517735,77.74
PER,2024,8.814668810861306,77.941
PHL,1960,7.024455150276513,59.175
PHL,1961,7.048064085595683,59.469
PHL,1962,7.063569261546263,59.755
PHL,1963,7.099879878224291,60.018
PHL,1964,7.102260032984428,60.13
PHL,1965,7.123760788198604,60.41
PHL,1966,7.13726604186691,60.623
PHL,1967,7.158742065506411,60.804
PHL,1968,7.178943182995139,60.917
PHL,1969,7.196485613339985,60.981
PHL,1970,7.206858724312281,60.827
PHL,1971,7.235798519292852,61.065
PHL,1972,7.26583895590366,60.911
PHL,1973,7.327791984147771,60.741
PHL,1974,7.339565125886748,60.816
PHL,1975,7.369915278834826,60.904
PHL,1976,7.428725267373106,60.869
PHL,1977,7.456220037365759,61.431
PHL,1978,7.479992904857577,61.531
PHL,1979,7.507769669988368,61.727
PHL,1980,7.532392662527966,61.884
PHL,1981,7.539992123274074,61.942
PHL,1982,7.548629372578787,62.175
PHL,1983,7.538283020641891,62.349
PHL,1984,7.436367816458887,62.426
PHL,1985,7.338020674146574,62.735
PHL,1986,7.346918782684051,62.875
PHL,1987,7.363262700502999,63.299
PHL,1988,7.401253745259378,63.711
PHL,1989,7.43602920990705,64.105
PHL,1990,7.440778124824864,64.382
PHL,1991,7.412391888477497,64.622
PHL,1992,7.392862644170379,65.353
PHL,1993,7.390400576026253,65.661
PHL,1994,7.411402885730488,66.0
PHL,1995,7.434734959047622,66.311
PHL,1996,7.46864910761585,66.691
PHL,1997,7.495685895398368,66.994
PHL,1998,7.465383896735121,67.212
PHL,1999,7.472740086335551,67.503
PHL,2000,7.491839326239126,67.789
PHL,2001,7.499815535318612,67.829
PHL,2002,7.5160275039791395,67.886
PHL,2003,7.545823915364357,68.049
PHL,2004,7.59001586064897,68.301
PHL,2005,7.619664182831977,68.423
PHL,2006,7.6546424709858805,68.172
PHL,2007,7.700452054329457,68.549
PHL,2008,7.7253063249334675,68.643
PHL,2009,7.721670169226304,68.631
PHL,2010,7.7719705667311105,68.883
PHL,2011,7.790179818822522,69.096
PHL,2012,7.837452311337028,69.237
PHL,2013,7.8839795965372215,69.283
PHL,2014,7.929097700106277,69.311
PHL,2015,7.975859623618142,69.45
PHL,2016,8.031495018587451,69.49
PHL,2017,8.085625471395327,69.966
PHL,2018,8.134742160070255,69.761
PHL,2019,8.181967056671677,69.68
PHL,2020,8.070489408264836,70.097
PHL,2021,8.117006888629858,66.675
PHL,2022,8.182475796564232,69.472
PHL,2023,8.228096155182355,69.833
PHL,2024,8.275414328508655,69.946
PLW,1970,9.465702636077639,57.674
PLW,1971,9.433148720733652,58.108
PLW,1972,9.40023080037023,58.557
PLW,1973,9.37331302000972,59.024
PLW,1974,9.36366997837562,59.492
PLW,1975,9.366448066022832,59.998
PLW,1976,9.370547061888884,60.469
PLW,1977,9.390558233741746,60.899
PLW,1978,9.392469869249371,61.294
PLW,1979,9.397035593416328,61.616
PLW,1980,9.398651251020098,61.909
PLW,1981,9.384283769776323,62.142
PLW,1982,9.357263568007175,62.333
PLW,1983,9.352118041915775,62.477
PLW,1984,9.372170343388332,62.638
PLW,1985,9.399131683774488,62.72
PLW,1986,9.427819824288244,62.752
PLW,1987,9.458894378841867,62.771
PLW,1988,9.490368486549894,62.779
PLW,1989,9.523029421550945,62.777
PLW,1990,9.555175477852085,62.79
PLW,1991,9.58006425408065,62.849
PLW,1992,9.490191015579827,62.926
PLW,1993,9.335270685643586,62.98
PLW,1994,9.381710520170131,63.104
PLW,1995,9.46014207134956,63.255
PLW,1996,9.532738266897482,63.455
PLW,1997,9.530086325348258,63.707
PLW,1998,9.527175425050089,63.951
PLW,1999,9.451515247950821,64.23
PLW,2000,9.410582014167836,64.499
PLW,2001,9.47243606470202,64.8
PLW,2002,9.510735493880345,65.076
PLW,2003,9.481261323367342,65.446
PLW,2004,9.507240856650627,65.816
PLW,2005,9.535731238689948,66.219
PLW,2006,9.549478384568868,66.633
PLW,2007,9.571289140918177,67.113
PLW,2008,9.529448682423054,67.562
PLW,2009,9.481403511795316,67.99
PLW,2010,9.467542691130197,68.347
PLW,2011,9.529430899447071,68.638
PLW,2012,9.567300112599362,68.863
PLW,2013,9.55987301696107,68.981
PLW,2014,9.59735930014024,69.062
PLW,2015,9.676484388884303,69.07
PLW,2016,9.691493857584025,69.046
PLW,2017,9.65583804424162,69.019
PLW,2018,9.65154076317501,68.989
PLW,2019,9.655441668674563,68.982
PLW,2020,9.593824634828254,68.689
PLW,2021,9.467466766260982,68.563
PLW,2022,9.464177739864551,68.922
PLW,2023,9.478135589026175,69.269
PLW,2024,9.593324381739476,69.383
PNG,1960,7.179734753721406,45.805
PNG,1961,7.21446125375258,46.425
PNG,1962,7.253164495707532,46.706
PNG,1963,7.270671107278729,47.674
PNG,1964,7.331210842667453,48.295
PNG,1965,7.407487496827374,48.927
PNG,1966,7.441901212764159,49.566
PNG,1967,7.459408236603874,50.247
PNG,1968,7.479546963721627,50.884
PNG,1969,7.5358331639455995,51.523
PNG,1970,7.615069561244289,52.144
PNG,1971,7.6521465148341505,52.593
PNG,1972,7.683171902966553,53.25
PNG,1973,7.723033926938202,53.853
PNG,1974,7.726007607524508,54.441
PNG,1975,7.69484322413446,54.984
PNG,1976,7.638407929989978,55.53
PNG,1977,7.625062371390507,56.05
PNG,1978,7.685773062539727,56.523
PNG,1979,7.682969617566116,56.967
PNG,1980,7.638960773041389,57.391
PNG,1981,7.615505835700206,57.76
PNG,1982,7.598205290312219,58.075
PNG,1983,7.608908267731422,58.294
PNG,1984,7.5841143093432475,58.583
PNG,1985,7.60191344050739,58.804
PNG,1986,7.626205723776323,59.017
PNG,1987,7.631897714098867,59.232
PNG,1988,7.638969434699846,59.381
PNG,1989,7.602241969993111,59.598
PNG,1990,7.545551889106294,59.778
PNG,1991,7.605069524968032,59.94
PNG,1992,7.6993877447473,60.26
PNG,1993,7.830281885117315,60.466
PNG,1994,7.851792262923543,60.726
PNG,1995,7.782140284722915,60.929
PNG,1996,7.82087283269855,61.071
PNG,1997,7.745430305092169,61.27
PNG,1998,7.6718478794773315,60.435
PNG,1999,7.655435670988359,61.505
PNG,2000,7.595678248103402,61.609
PNG,2001,7.560486652773667,61.647
PNG,2002,7.525326350327157,61.643
PNG,2003,7.513533947775312,61.741
PNG,2004,7.507606326074636,61.795
PNG,2005,7.536802634059574,61.868
PNG,2006,7.557595578464986,62.018
PNG,2007,7.601388650666471,62.211
PNG,2008,7.567362229954573,62.511
PNG,2009,7.6025216965052325,62.772
PNG,2010,7.668799112528819,63.056
PNG,2011,7.650659737147659,63.382
PNG,2012,7.668318539628602,63.639
PNG,2013,7.678837991428156,63.927
PNG,2014,7.779616601940612,64.198
PNG,2015,7.817865486648128,64.473
PNG,2016,7.846626982936606,64.7
PNG,2017,7.857437599792221,64.923
PNG,2018,7.831402482811024,65.114
PNG,2019,7.852657482844119,65.331
PNG,2020,7.7991840494086135,65.075
PNG,2021,7.774178811308401,64.358
PNG,2022,7.810855430922544,65.274
PNG,2023,7.830141694754037,66.134
PNG,2024,7.850458381114066,66.256
POL,1990,8.539217922450252,70.890243902439
POL,1991,8.462932909996569,70.5878048780488
POL,1992,8.484704830817119,71.090243902439
POL,1993,8.51886161659337,71.5951219512195
POL,1994,8.568326367678308,71.6951219512195
POL,1995,8.643278685946392,71.8926829268293
POL,1996,8.701672096847888,72.2463414634146
POL,1997,8.762666640959344,72.6463414634146
POL,1998,8.80748906159393,72.9975609756098
POL,1999,8.853493234847752,73.0439024390244
POL,2000,8.909448361418155,73.7487804878049
POL,2001,8.921986193049099,74.2
POL,2002,8.94128285768953,74.4975609756098
POL,2003,8.976584994360927,74.5975609756098
POL,2004,9.02682463093347,74.8463414634146
POL,2005,9.059351981618704,74.9951219512195
POL,2006,9.120159450938822,75.1439024390244
POL,2007,9.186119834635363,75.2439024390244
POL,2008,9.228887485080271,75.5439024390244
POL,2009,9.254025040861318,75.6951219512195
POL,2010,9.288078663514185,76.2463414634146
POL,2011,9.33876115251882,76.6951219512195
POL,2012,9.353768224666355,76.7463414634146
POL,2013,9.36119092788997,77.0
POL,2014,9.400395470924495,77.6024390243903
POL,2015,9.444425606744861,77.4512195121951
POL,2016,9.474716910374987,77.8512195121951
POL,2017,9.524833198869176,77.7536585365854
POL,2018,9.585420842170386,77.6024390243903
POL,2019,9.630451637076177,77.9048780487805
POL,2020,9.621802319314305,76.4
POL,2021,9.70312160873207,75.3512195121951
POL,2022,9.75867244865389,77.1560975609756
POL,2023,9.764822032158765,78.2585365853659
POL,2024,9.798155006438733,78.409756097561
PRE,1960,6.8787726200371315,39.8872149694242
PRE,1961,6.8524424017435,40.1557500491627
PRE,1962,6.888619609042537,40.7161322580846
PRE,1963,6.920338308419471,41.06419109333
PRE,1964,6.9408406588511316,41.3702452996928
PRE,1965,6.958923943090679,41.6970083264314
PRE,1966,6.945402321538346,42.0771703294889
PRE,1967,6.860763105076001,42.1988278545879
PRE,1968,6.87049960068152,42.7808256994843
PRE,1969,6.951235628062935,43.1216171377743
PRE,1970,7.0068048024161165,43.7090182398374
PRE,1971,7.069217515807403,44.1033363129328
PRE,1972,7.0760831819411685,44.3438502230983
PRE,1973,7.088260625043625,45.0168296499811
PRE,1974,7.139841618353939,45.4477905445792
PRE,1975,7.1079669380688175,45.8419144105759
PRE,1976,7.14641012967892,46.4656486655277
PRE,1977,7.163382366970795,46.9494005279855
PRE,1978,7.130942072875037,47.2157939444145
PRE,1979,7.154935422923557,47.5349826304442
PRE,1980,7.167379850924309,47.6842961893158
PRE,1981,7.102400718138117,47.8404206423583
PRE,1982,7.064428259688619,48.0027522354724
PRE,1983,6.988414384551248,47.8470584570294
PRE,1984,6.966574425296962,47.7169963272612
PRE,1985,6.9737692615125875,47.9276244645107
PRE,1986,6.971155698245489,48.5220940173399
PRE,1987,6.981877596064286,48.5296106393045
PRE,1988,6.99329247338427,48.4894728099322
PRE,1989,6.980033811558442,48.9397193525752
PRE,1990,7.031909907209519,48.9307310197861
PRE,1991,6.922568324784236,48.8470953126042
PRE,1992,6.916093207791017,49.0227917779228
PRE,1993,6.878288320687647,49.5774347403617
PRE,1994,6.8457878140786095,50.0145764665431
PRE,1995,6.845243494956675,50.1295103227986
PRE,1996,6.873437050002064,50.1537039884381
PRE,1997,6.907964593134861,50.4023801410372
PRE,1998,6.946912548910411,50.3270896350795
PRE,1999,6.9595373706148935,51.0367885399355
PRE,2000,6.984833070611319,51.7498417942543
PRE,2001,6.999142086025567,52.2506407628639
PRE,2002,7.027628674906659,52.7410145652031
PRE,2003,6.991923119843373,53.2927125516406
PRE,2004,7.076171831261757,53.7989567605991
PRE,2005,7.104754786507712,54.3650816168261
PRE,2006,7.136444385731591,54.9712541124866
PRE,2007,7.168117046535723,55.550345439484
PRE,2008,7.201276529634396,56.1355264401913
PRE,2009,7.218660770233372,56.509207413095
PRE,2010,7.253868731707231,57.1220509386403
PRE,2011,7.265072017536625,57.3117928365729
PRE,2012,7.277640969368713,58.015496924455
PRE,2013,7.307199473554344,58.4505165351906
PRE,2014,7.328567336716039,58.608641358086
PRE,2015,7.330432074078413,58.9361548123525
PRE,2016,7.327138361960991,59.2361026971089
PRE,2017,7.315704924260761,59.5398409028105
PRE,2018,7.314401857286471,60.207194494983
PRE,2019,7.318453242016145,60.5564155644205
PRE,2020,7.249324134987662,60.5007902438254
PRE,2021,7.245979166668942,60.2743516231876
PRE,2022,7.266061452717961,61.3824217457713
PRE,2023,7.26486225631437,62.1630603690952
PRE,2024,7.272215821121734,62.3537442260657
PRI,1960,8.74947998246647,68.627
PRI,1961,8.79998953884716,68.528
PRI,1962,8.859073195358347,68.863
PRI,1963,8.920162704862866,68.727
PRI,1964,8.968805064963245,68.242
PRI,1965,9.041345799417702,69.289
PRI,1966,9.101780633685337,70.223
PRI,1967,9.154306346258672,70.699
PRI,1968,9.198637551874905,70.566
PRI,1969,9.279989507812143,70.511
PRI,1970,9.348095992045042,70.352
PRI,1971,9.393679071171109,71.084
PRI,1972,9.443219083118542,70.813
PRI,1973,9.483131127800831,70.949
PRI,1974,9.49108501753008,71.324
PRI,1975,9.466078658356928,71.963
PRI,1976,9.510124032525788,72.08
PRI,1977,9.553304993305387,72.401
PRI,1978,9.60722647222936,72.528
PRI,1979,9.671044158693569,72.718
PRI,1980,9.700707345648443,73.101
PRI,1981,9.700784808814326,72.981
PRI,1982,9.674390025370132,72.949
PRI,1983,9.64046633775767,73.375
PRI,1984,9.688129676025728,73.427
PRI,1985,9.708870846529214,72.633
PRI,1986,9.747851689820335,73.272
PRI,1987,9.794511337712438,73.402
PRI,1988,9.842458414664316,73.153
PRI,1989,9.875796002393612,72.479
PRI,1990,9.838076397625258,72.827
PRI,1991,9.853784652589937,73.877
PRI,1992,9.891959785887673,73.387
PRI,1993,9.928936987249633,73.309
PRI,1994,9.960655391261339,73.622
PRI,1995,9.995903453019357,73.571
PRI,1996,10.00755829776734,73.995
PRI,1997,10.045912662669961,74.674
PRI,1998,10.093996738559802,74.556
PRI,1999,10.141484314773736,75.278
PRI,2000,10.170914482533895,75.514
PRI,2001,10.229994846024113,75.972
PRI,2002,10.23782832713284,76.819
PRI,2003,10.23773648345303,76.941
PRI,2004,10.321401174570806,76.913
PRI,2005,10.302774160368058,76.703
PRI,2006,10.292814426235283,77.561
PRI,2007,10.286974432585598,77.659
PRI,2008,10.274227702890986,78.111
PRI,2009,10.259964354030158,78.377
PRI,2010,10.260095264022814,78.717
PRI,2011,10.264862162028216,78.766
PRI,2012,10.273971015986247,79.258
PRI,2013,10.279020974346315,80.318
PRI,2014,10.27990839200433,80.039
PRI,2015,10.28336272897395,80.677
PRI,2016,10.286249376297468,80.355
PRI,2017,10.277171493166762,79.07
PRI,2018,10.268437975281772,81.086
PRI,2019,10.28141348113659,81.438
PRI,2020,10.245114827012365,80.009
PRI,2021,10.254723444408462,79.77
PRI,2022,10.297002866338316,79.427
PRI,2023,10.309382751840023,81.69
PRI,2024,10.34105667842236,81.902
PRT,1960,8.310652847619185,64.0074634146342
PRT,1961,8.356473555200429,62.666512195122
PRT,1962,8.41330616872824,64.1810243902439
PRT,1963,8.466347210620961,64.7883902439024
PRT,1964,8.526988768617262,64.9833902439024
PRT,1965,8.603098788011872,65.9604634146341
PRT,1966,8.650609544073356,65.4876585365854
PRT,1967,8.729686914038338,66.3340731707317
PRT,1968,8.818998248330134,66.6781951219512
PRT,1969,8.848957879176224,66.2781707317073
PRT,1970,8.945042161340863,67.0731707317073
PRT,1971,9.013486333777138,66.7707317073171
PRT,1972,9.092135579736565,68.3243902439024
PRT,1973,9.19799249520867,67.5243902439024
PRT,1974,9.195407498214902,68.019512195122
PRT,1975,9.112953640728236,68.309756097561
PRT,1976,9.151238458952344,68.8609756097561
PRT,1977,9.19513369457406,70.0121951219512
PRT,1978,9.212114595930153,70.3170731707317
PRT,1979,9.256251501849938,71.1682926829268
PRT,1980,9.290308631722768,71.2146341463415
PRT,1981,9.297689340806151,71.6146341463415
PRT,1982,9.31270497071815,72.4146341463415
PRT,1983,9.306332694755296,72.2658536585366
PRT,1984,9.283508402589948,72.5146341463415
PRT,1985,9.308460549279584,72.8146341463415
PRT,1986,9.348126154169472,73.2658536585366
PRT,1987,9.410256114948229,73.6658536585366
PRT,1988,9.483514964489828,73.7146341463415
PRT,1989,9.547391437977621,74.2658536585366
PRT,1990,9.588315784000024,73.9658536585366
PRT,1991,9.633375505988669,74.0146341463415
PRT,1992,9.644988847206816,74.3121951219512
PRT,1993,9.62312127136157,74.5121951219512
PRT,1994,9.630032511130494,74.9146341463415
PRT,1995,9.668506535117169,75.3121951219512
PRT,1996,9.699189028400466,75.2609756097561
PRT,1997,9.73779222274008,75.4121951219512
PRT,1998,9.779697898051346,75.7121951219512
PRT,1999,9.812363612654803,75.9634146341463
PRT,2000,9.842786634865467,76.3146341463415
PRT,2001,9.854984569273409,76.8146341463415
PRT,2002,9.857187573287348,77.0658536585366
PRT,2003,9.844084684759105,77.219512195122
PRT,2004,9.859422653913747,77.6707317073171
PRT,2005,9.865355401039723,78.0707317073171
PRT,2006,9.879671806151135,78.419512195122
PRT,2007,9.902465561885503,78.3219512195122
PRT,2008,9.90421103740784,78.5243902439025
PRT,2009,9.871539189783375,78.7268292682927
PRT,2010,9.888307094175856,79.0268292682927
PRT,2011,9.872494160627962,80.4707317073171
PRT,2012,9.835196007149635,80.3731707317073
PRT,2013,9.830794350175609,80.7219512195122
PRT,2014,9.843572821075838,81.1219512195122
PRT,2015,9.863487163188946,81.1243902439025
PRT,2016,9.886484980778611,81.1243902439025
PRT,2017,9.921533553239117,81.4243902439025
PRT,2018,9.952171739599772,81.3243902439024
PRT,2019,9.979021069470727,81.6756097560976
PRT,2020,9.892361585498369,81.3292682926829
PRT,2021,9.940190631482182,81.3780487804878
PRT,2022,10.000744383129602,81.6317073170732
PRT,2023,10.017582167929966,82.3292682926829
PRT,2024,10.028532738219846,82.3829268292683
PRY,1960,7.31864658052361,60.197
PRY,1961,7.362343233080993,60.517
PRY,1962,7.371360642840601,60.816
PRY,1963,7.3929668632361345,61.101
PRY,1964,7.409216421837551,61.368
PRY,1965,7.444267886722552,61.606
PRY,1966,7.43962629759023,61.832
PRY,1967,7.503399669272151,62.025
PRY,1968,7.524450918153887,62.208
PRY,1969,7.547605959891025,62.385
PRY,1970,7.579193547928595,62.554
PRY,1971,7.610526546795609,62.726
PRY,1972,7.651527549273672,62.89
PRY,1973,7.697817724056757,63.059
PRY,1974,7.753425378119691,63.231
PRY,1975,7.794867847566713,63.435
PRY,1976,7.842774664796622,63.654
PRY,1977,7.926859647552552,63.86
PRY,1978,8.015511373674798,64.078
PRY,1979,8.102170018465658,64.298
PRY,1980,8.186620673626841,64.553
PRY,1981,8.24710322393489,64.811
PRY,1982,8.205186347185398,65.076
PRY,1983,8.146206562157492,65.293
PRY,1984,8.145792957279715,65.609
PRY,1985,8.161796942862118,65.893
PRY,1986,8.181943340559274,66.172
PRY,1987,8.226796531706782,66.454
PRY,1988,8.256222198730354,66.71
PRY,1989,8.295588455299242,66.922
PRY,1990,8.308882445898986,67.341
PRY,1991,8.316664595335482,67.676
PRY,1992,8.307470244714665,67.961
PRY,1993,8.330329592640803,68.234
PRY,1994,8.35752782379231,68.504
PRY,1995,8.399577842624682,68.778
PRY,1996,8.391941212693776,69.05
PRY,1997,8.410948588333017,69.284
PRY,1998,8.389839500473617,69.507
PRY,1999,8.355260127269762,69.774
PRY,2000,8.312500749902892,70.026
PRY,2001,8.28724762845027,70.281
PRY,2002,8.272938413850728,70.539
PRY,2003,8.30293959192202,70.795
PRY,2004,8.331187861372,71.054
PRY,2005,8.341238729247996,71.317
PRY,2006,8.377772943908957,71.584
PRY,2007,8.420766507531372,71.817
PRY,2008,8.474006567482823,72.047
PRY,2009,8.461172288554133,72.282
PRY,2010,8.554691295295894,72.551
PRY,2011,8.583390989661925,72.787
PRY,2012,8.562216737174236,73.105
PRY,2013,8.627503530512824,73.292
PRY,2014,8.66466040603197,73.415
PRY,2015,8.679199436438523,73.454
PRY,2016,8.70648354194201,73.487
PRY,2017,8.739237519828748,73.45
PRY,2018,8.756877459781835,73.627
PRY,2019,8.739302001006266,73.668
PRY,2020,8.717550469205571,72.72
PRY,2021,8.744611567412317,68.108
PRY,2022,8.732983069078593,72.319
PRY,2023,8.772189714210445,73.844
PRY,2024,8.805480015823058,73.982
PSE,1994,7.667340404892725,69.328
PSE,1995,7.691321212707205,69.583
PSE,1996,7.658614644758572,69.982
PSE,1997,7.750703589098815,70.328
PSE,1998,7.8591056363620195,70.564
PSE,1999,7.9131086936374935,70.789
PSE,2000,7.798117586697776,70.298
PSE,2001,7.6748299011088665,69.75
PSE,2002,7.515878429096025,70.88
PSE,2003,7.621491466872472,70.967
PSE,2004,7.7941704088361705,71.094
PSE,2005,7.875592857307842,72.004
PSE,2006,7.84002472093093,71.831
PSE,2007,7.851655084909431,72.064
PSE,2008,7.895803171665555,72.204
PSE,2009,7.951564947228901,72.306
PSE,2010,7.981760966368257,73.302
PSE,2011,8.048183663284643,73.557
PSE,2012,8.08268525371673,73.722
PSE,2013,8.104592042958386,74.14
PSE,2014,8.079571356933426,72.781
PSE,2015,8.093203861526998,74.577
PSE,2016,8.15567770387785,74.917
PSE,2017,8.149884728928209,75.216
PSE,2018,8.136750712182334,75.38
PSE,2019,8.125167751293695,75.811
PSE,2020,7.980183747468846,74.998
PSE,2021,8.023383987032283,73.89
PSE,2022,8.039144777824925,76.662
PSE,2023,8.00544278709866,65.17
PSE,2024,7.722326408656098,69.213
PSS,1970,7.907773977364315,59.7238453421264
PSS,1971,7.948740438600202,60.0905410435044
PSS,1972,7.98206659045449,60.33925414676
PSS,1973,8.067148474463322,60.2171181628336
PSS,1974,8.078133819154443,60.7610584071697
PSS,1975,8.062143138250887,60.9573558684819
PSS,1976,8.051092471287827,61.7153836020704
PSS,1977,8.061938030218244,62.1451428313143
PSS,1978,8.060832405362547,62.6361500980742
PSS,1979,8.120381621810857,62.558034413465
PSS,1980,8.062845452808899,62.7968232016204
PSS,1981,8.069987279799685,62.9126548854131
PSS,1982,8.015157520518933,63.0472054302319
PSS,1983,7.98179707535069,63.5345023789867
PSS,1984,8.011691335480249,63.8161524409801
PSS,1985,7.972554834818324,64.2798024591949
PSS,1986,8.002297870765409,64.2700212799143
PSS,1987,7.962865080253933,64.6139925518575
PSS,1988,7.957008474908438,65.1117846695863
PSS,1989,7.985025388358099,65.4218695734462
PSS,1990,8.006406177698983,65.4079695743484
PSS,1991,7.986903687633465,65.712646615018
PSS,1992,8.019245829351949,65.8184307733139
PSS,1993,8.023651901761024,65.9809205557246
PSS,1994,8.057285953994336,66.2175038703264
PSS,1995,8.087404070612578,66.3962764207464
PSS,1996,8.103768591245695,66.5580295814554
PSS,1997,8.076823428510266,66.6807208082094
PSS,1998,8.075567440432351,66.8765066591632
PSS,1999,8.102015654984372,66.999001761912
PSS,2000,8.073471197618082,66.8914832838297
PSS,2001,8.068897360853851,67.0167243338519
PSS,2002,8.07538567768312,66.7584824574172
PSS,2003,8.082366226814285,66.9599297545214
PSS,2004,8.109636071120073,67.1038169577792
PSS,2005,8.12268600693317,67.2332794133166
PSS,2006,8.135280262605786,67.3577049121232
PSS,2007,8.125754086690307,67.3668379536838
PSS,2008,8.135358496439196,67.5747311016589
PSS,2009,8.120704485470064,67.4527929020498
PSS,2010,8.144382985046237,67.9059171883101
PSS,2011,8.168446802437323,68.0222810195532
PSS,2012,8.165541287059852,67.6660532253593
PSS,2013,8.184423357027024,68.0054625635404
PSS,2014,8.206493965617518,68.0376132124002
PSS,2015,8.232457902558673,68.1166096033138
PSS,2016,8.256343736785718,68.2856508563666
PSS,2017,8.281545040804998,68.519287500513
PSS,2018,8.295739593647872,68.5825887890247
PSS,2019,8.296876753113587,68.6421578303985
PSS,2020,8.178368057790843,68.3568108792759
PSS,2021,8.140337236822136,67.4810209240703
PSS,2022,8.208825423368845,69.1004348993561
PSS,2023,8.266265944850902,69.2745949035856
PSS,2024,8.289997700945653,69.440356940231
PST,1960,9.34733214717189,68.8399200533406
PST,1961,9.377978071053803,69.2688281977515
PST,1962,9.420186961925854,69.2703494749647
PST,1963,9.457533372054206,69.444966986002
PST,1964,9.508283571615252,69.8899746188658
PST,1965,9.551198912332458,69.9655681168664
PST,1966,9.594570360633117,70.1417541718071
PST,1967,9.622094282854043,70.5859707055814
PST,1968,9.669868591971504,70.3989176622243
PST,1969,9.714907565087803,70.5519226992632
PST,1970,9.732300394447668,70.8485134676882
PST,1971,9.755949564358597,71.1394974898806
PST,1972,9.797689135428739,71.3541322725004
PST,1973,9.848693219543355,71.5095030685449
PST,1974,9.850304111804329,71.8692328583235
PST,1975,9.844843136790406,72.155310229648
PST,1976,9.884594771420938,72.4149061630142
PST,1977,9.91397232999062,72.8043725845809
PST,1978,9.948906440995172,72.9422374499268
PST,1979,9.97894147486528,73.2767101491464
PST,1980,9.982335725299793,73.3189938394268
PST,1981,9.994470863294476,73.6518467661203
PST,1982,9.991038720051023,73.9750726994584
PST,1983,10.016154729744262,74.0735190567252
PST,1984,10.058436314048508,74.358352232478
PST,1985,10.089301411757809,74.4975404732636
PST,1986,10.116018986799325,74.7603390194632
PST,1987,10.145083769078859,75.0383219389569
PST,1988,10.184629452708048,75.1354402525022
PST,1989,10.215332044420094,75.3645532807694
PST,1990,10.235295222151976,75.473991731623
PST,1991,10.238345757996512,75.6090759076253
PST,1992,10.2505994384159,75.7166150305185
PST,1993,10.256020518193809,75.7231520791668
PST,1994,10.282419627256205,76.0312406656581
PST,1995,10.30469714042572,76.0734629753437
PST,1996,10.328101341532893,76.4365491203333
PST,1997,10.357068906261789,76.7755552244692
PST,1998,10.379199989959874,76.9698452316562
PST,1999,10.409166835491655,77.092735203919
PST,2000,10.444147084311108,77.3513756471438
PST,2001,10.454258455131214,77.6340698596268
PST,2002,10.464455457487839,77.771842585777
PST,2003,10.479327617071185,77.8873480039422
PST,2004,10.505585000827066,78.3070690267902
PST,2005,10.52819666363726,78.410884260835
PST,2006,10.551856592327159,78.7291498117515
PST,2007,10.571553404218458,78.9805173339684
PST,2008,10.569148695292322,79.1456240590947
PST,2009,10.529507949456693,79.4684041481196
PST,2010,10.553440084250246,79.6785405516336
PST,2011,10.566640070008308,79.9443824717695
PST,2012,10.574896702248862,80.088710974095
PST,2013,10.586123007559557,80.2734408942833
PST,2014,10.60249145241704,80.5389847887351
PST,2015,10.620373451789401,80.4400588000625
PST,2016,10.633662722728662,80.611199448631
PST,2017,10.65435987663967,80.6648214527058
PST,2018,10.673421661998004,80.7434751770259
PST,2019,10.68806732931624,80.9699107710013
PST,2020,10.644953505633294,80.0657027820539
PST,2021,10.701909515357276,79.7932796702764
PST,2022,10.729357859160114,80.1925594478523
PST,2023,10.743724642491605,80.8342678318764
PST,2024,10.755107733447378,81.1124065061669
PYF,1965,10.023553347923194,61.069
PYF,1966,10.081185109864352,61.353
PYF,1967,9.998642846301665,61.645
PYF,1968,10.103376919136398,61.931
PYF,1969,10.041425005096455,62.214
PYF,1970,10.022764010640413,62.495
PYF,1971,10.102181951234162,62.782
PYF,1972,10.021225446773448,63.082
PYF,1973,10.063978746364613,63.401
PYF,1974,10.197739475403516,63.778
PYF,1975,10.116520988526823,64.249
PYF,1976,10.165461724374582,64.761
PYF,1977,10.156089064091717,65.31
PYF,1978,10.219236732437917,65.891
PYF,1979,10.225918115194748,66.612
PYF,1980,10.19892568672009,67.405
PYF,1981,10.19337029456779,68.157
PYF,1982,10.178884034484314,68.922
PYF,1983,10.17262436050019,69.702
PYF,1984,10.168847750421136,70.559
PYF,1985,10.131785284146222,71.203
PYF,1986,10.233304155848655,71.967
PYF,1987,10.220503588026299,72.448
PYF,1988,10.159249422457398,73.088
PYF,1989,10.15805674641852,73.494
PYF,1990,10.13886415593412,73.908
PYF,1991,10.155481928236014,74.295
PYF,1992,10.12260343612212,74.746
PYF,1993,10.092389480546055,75.191
PYF,1994,10.05936728289373,75.65
PYF,1995,10.040135898589464,76.243
PYF,1996,10.018365480731035,76.813
PYF,1997,10.001157708403259,77.38
PYF,1998,10.0020226521654,77.842
PYF,1999,10.004972209537005,78.574
PYF,2000,10.021218522527464,79.0
PYF,2001,10.002273136859044,79.316
PYF,2002,9.995743962206317,79.544
PYF,2003,10.001323719810708,79.71
PYF,2004,9.995152052141265,79.829
PYF,2005,9.98328828323123,79.951
PYF,2006,9.97792688506042,80.1
PYF,2007,9.982692936106213,80.328
PYF,2008,9.975502019853536,80.587
PYF,2009,9.928169057907892,80.867
PYF,2010,9.899129332717418,81.141
PYF,2011,9.864832156909229,81.434
PYF,2012,9.85053194125408,81.695
PYF,2013,9.848509947229038,81.935
PYF,2014,9.848407405591598,82.151
PYF,2015,9.860943215019411,82.339
PYF,2016,9.878993601771729,82.555
PYF,2017,9.917773450585063,82.774
PYF,2018,9.936652499325337,82.985
PYF,2019,9.965986892398924,83.195
PYF,2020,9.853603288377817,82.459
PYF,2021,9.8846223816454,79.571
PYF,2022,9.911480495183904,83.859
PYF,2023,9.936195615206648,84.07
PYF,2024,9.94494861029992,84.192
QAT,1970,11.286143811956949,64.889
QAT,1971,11.260293195033668,65.49
QAT,1972,11.256136854703016,66.07
QAT,1973,11.259009120419854,66.629
QAT,1974,11.225116868832695,67.165
QAT,1975,11.19729684366856,67.679
QAT,1976,11.19804118501437,68.172
QAT,1977,11.047397616973415,68.639
QAT,1978,11.06154325154665,69.083
QAT,1979,11.045090883631492,69.507
QAT,1980,10.970342176849789,69.915
QAT,1981,10.917338948933235,70.313
QAT,1982,10.786656962611568,70.704
QAT,1983,10.711544356214747,71.089
QAT,1984,10.703428158597244,71.465
QAT,1985,10.631380929678087,71.831
QAT,1986,10.639308633178503,72.184
QAT,1987,10.6023342818214,72.52
QAT,1988,10.624414894624131,72.836
QAT,1989,10.650405268997194,73.131
QAT,1990,10.65041554047245,73.405
QAT,1991,10.600851598873648,73.654
QAT,1992,10.67615656571912,73.876
QAT,1993,10.631608957067838,74.071
QAT,1994,10.615381139738789,74.245
QAT,1995,10.60976035956015,74.404
QAT,1996,10.624400932354346,74.558
QAT,1997,10.847055197557347,74.713
QAT,1998,10.900251368566948,74.872
QAT,1999,10.888609508827116,75.048
QAT,2000,10.914146617280334,75.25
QAT,2001,10.902584099513817,75.486
QAT,2002,10.924023067866312,75.766
QAT,2003,10.9145504993317,76.097
QAT,2004,11.052587114225695,76.484
QAT,2005,11.059670769665749,76.909
QAT,2006,11.12780138649477,77.323
QAT,2007,11.076187104326337,77.741
QAT,2008,11.072769457581584,78.262
QAT,2009,11.0656973741754,78.837
QAT,2010,11.215487993583016,79.444
QAT,2011,11.333002984638838,79.994
QAT,2012,11.319847147206335,80.499
QAT,2013,11.256479409583873,80.974
QAT,2014,11.181027658744016,81.395
QAT,2015,11.141648640520387,81.785
QAT,2016,11.116833173121455,82.147
QAT,2017,11.074384823427014,82.458
QAT,2018,11.07303686581504,82.714
QAT,2019,11.057699478687294,82.945
QAT,2020,10.964218035789289,80.409
QAT,2021,11.089630013738178,81.083
QAT,2022,11.071557903474487,81.857
QAT,2023,11.083849296500997,82.368
QAT,2024,11.04124541258751,82.522
ROU,1990,8.521073060477296,69.7412195121951
ROU,1991,8.391437596386579,69.7843902439024
ROU,1992,8.308716209363201,69.7843902439024
ROU,1993,8.325249956645676,69.5634146341464
ROU,1994,8.365269849402903,69.509756097561
ROU,1995,8.427762461104905,69.4560975609756
ROU,1996,8.468976595148511,69.1048780487805
ROU,1997,8.422149832732378,69.0048780487805
ROU,1998,8.403712668228362,69.8073170731708
ROU,1999,8.401508735803482,70.5121951219512
ROU,2000,8.427117759892157,71.1634146341463
ROU,2001,8.491937557090171,71.1609756097561
ROU,2002,8.56570711673555,71.009756097561
ROU,2003,8.596061367991172,71.309756097561
ROU,2004,8.700953793057444,71.5609756097561
ROU,2005,8.752753767127427,71.9121951219512
ROU,2006,8.835905567509409,72.1634146341463
ROU,2007,8.92051918100169,72.5658536585366
ROU,2008,9.026177532415526,72.5658536585366
ROU,2009,8.977761268101364,73.309756097561
ROU,2010,8.94385951387169,73.4585365853659
ROU,2011,8.99275285095176,74.409756097561
ROU,2012,9.016061879194224,74.4121951219512
ROU,2013,9.022558950116128,75.0634146341463
ROU,2014,9.066640191777969,74.909756097561
ROU,2015,9.102422977129411,74.9121951219512
ROU,2016,9.136357583933709,75.209756097561
ROU,2017,9.220907043122477,75.209756097561
ROU,2018,9.279322454204783,75.3585365853659
ROU,2019,9.323429411747748,75.6073170731707
ROU,2020,9.292293508868276,74.2536585365854
ROU,2021,9.354122266965353,72.809756097561
ROU,2022,9.399000413166808,75.1536585365854
ROU,2023,9.420667506855567,76.4048780487805
ROU,2024,9.430271666006991,76.4585365853659
RUS,1989,9.000346856145994,69.1717073170732
RUS,1990,8.968207540487844,68.8860975609756
RUS,1991,8.913553171282688,68.4743902439024
RUS,1992,8.755566122279662,66.8731707317073
RUS,1993,8.66542603260341,64.9358536585366
RUS,1994,8.531439760559778,64.4670731707317
RUS,1995,8.48933811279428,64.6907317073171
RUS,1996,8.452518723538327,65.8541463414634
RUS,1997,8.468074237849933,66.6987804878049
RUS,1998,8.415273256243886,67.029756097561
RUS,1999,8.48040064506592,65.9821951219512
RUS,2000,8.579917537415207,65.4836585365854
RUS,2001,8.633901083340453,65.3834146341463
RUS,2002,8.684430192041567,65.1287804878049
RUS,2003,8.759425956907013,65.0275609756098
RUS,2004,8.832978379342993,65.4709756097561
RUS,2005,8.898827966431375,65.529756097561
RUS,2006,8.980914248150096,66.7275609756098
RUS,2007,9.064204880368637,67.5868292682927
RUS,2008,9.11533716653478,67.9492682926829
RUS,2009,9.03382609990302,68.6846341463415
RUS,2010,9.0773939644645,68.8412195121951
RUS,2011,9.118315025569482,69.6839024390244
RUS,2012,9.15525154071543,70.0721951219512
RUS,2013,9.169678480198696,70.5787804878049
RUS,2014,9.158395549600886,70.7436585365854
RUS,2015,9.135370444912384,71.1834146341463
RUS,2016,9.134465018611492,71.6512195121951
RUS,2017,9.150483790102484,72.4514634146342
RUS,2018,9.17727851345692,72.6621951219512
RUS,2019,9.198472669961488,73.0839024390244
RUS,2020,9.172879928950492,71.3387804878049
RUS,2021,9.233208722526568,69.900243902439
RUS,2022,9.222181511586156,72.5456097560976
RUS,2023,9.264872668059374,73.2546341463415
RUS,2024,9.314036544398494,73.4404878048781
RWA,1960,5.808646895918593,47.022
RWA,1961,5.737150506691213,47.458
RWA,1962,5.819325641851945,47.802
RWA,1963,5.693345612461923,43.998
RWA,1964,5.537177967036779,48.131
RWA,1965,5.578769865659813,48.203
RWA,1966,5.618167681973007,48.084
RWA,1967,5.65484784138994,47.987
RWA,1968,5.691594158295417,47.731
RWA,1969,5.765181394818713,47.437
RWA,1970,5.793010256839939,47.116
RWA,1971,5.775456635393493,46.755
RWA,1972,5.749167060448474,46.343
RWA,1973,5.753848059061259,45.944
RWA,1974,5.738550591775118,45.566
RWA,1975,5.687784654493901,45.324
RWA,1976,5.8364115701218475,45.312
RWA,1977,5.826616590660554,45.579
RWA,1978,5.884562023586147,46.165
RWA,1979,5.966530732310192,47.087
RWA,1980,6.02120412604226,48.122
RWA,1981,6.04215871420543,49.216
RWA,1982,6.027301693834054,50.188
RWA,1983,6.052023356640782,50.944
RWA,1984,5.975003954160974,51.445
RWA,1985,5.984347581992541,51.704
RWA,1986,6.0042097618061465,51.706
RWA,1987,5.971196937812487,51.465
RWA,1988,5.983331541099032,50.914
RWA,1989,5.95234996043553,49.485
RWA,1990,5.901881602819613,47.763
RWA,1991,5.856061789832109,46.243
RWA,1992,5.892576593056398,44.397
RWA,1993,5.76997731331751,42.937
RWA,1994,5.233139425064148,12.158
RWA,1995,5.714784621395093,41.518
RWA,1996,5.667249639473857,42.486
RWA,1997,5.652005317248916,41.978
RWA,1998,5.6956541526094595,43.099
RWA,1999,5.730090893326237,45.749
RWA,2000,5.802410355519627,47.798
RWA,2001,5.874980281717341,49.49
RWA,2002,5.9853424687790575,51.262
RWA,2003,5.985145580933399,53.529
RWA,2004,6.030550200661309,55.52
RWA,2005,6.093587884434929,56.968
RWA,2006,6.155178320111057,58.342
RWA,2007,6.202137379555655,59.504
RWA,2008,6.281665255049434,60.641
RWA,2009,6.316481273772106,61.813
RWA,2010,6.362026158320575,62.804
RWA,2011,6.41407554804526,63.476
RWA,2012,6.47302089510687,64.189
RWA,2013,6.495105376118715,64.651
RWA,2014,6.526069438296669,65.088
RWA,2015,6.58712488135122,65.419
RWA,2016,6.618469430593194,65.733
RWA,2017,6.640980268668742,66.14
RWA,2018,6.695433971304703,66.354
RWA,2019,6.761424699489526,66.691
RWA,2020,6.710836255645735,66.953
RWA,2021,6.769690007047125,66.85
RWA,2022,6.841503111770299,67.528
RWA,2023,6.9016476700965095,67.785
RWA,2024,6.950009477807104,68.017
SAS,1960,5.803913104183449,45.5847588043855
SAS,1961,5.818889614566265,45.8783720172752
SAS,1962,5.8270131698279135,46.2503760431791
SAS,1963,5.850829517903878,46.5383740922089
SAS,1964,5.90179629296191,46.9081118471866
SAS,1965,5.859850194717583,45.8384667855239
SAS,1966,5.843869518069105,46.3047754098716
SAS,1967,5.88174919096186,46.625128808535
SAS,1968,5.900808530579499,48.1648330098961
SAS,1969,5.935366650059902,48.4984203842372
SAS,1970,5.962705175627248,48.1392393573673
SAS,1971,5.947468494160802,46.6849157165649
SAS,1972,5.904101177431432,49.4510270246546
SAS,1973,5.914261792788531,49.8567012037096
SAS,1974,5.91359583093458,50.3588160401222
SAS,1975,5.960443461005152,50.9170029754766
SAS,1976,5.958597876831984,51.4312144791619
SAS,1977,5.9988946337212825,51.9303839573028
SAS,1978,6.032529605488149,52.4943779205513
SAS,1979,5.973071548331033,53.0633065883042
SAS,1980,6.006378228487136,53.6107546114151
SAS,1981,6.042673407022942,54.1561519201744
SAS,1982,6.052094502048144,54.6883182010921
SAS,1983,6.0929692853006685,55.2088462287673
SAS,1984,6.109752016780943,55.7095935881379
SAS,1985,6.1360386331327375,56.1693922205464
SAS,1986,6.159059605179211,56.6763008968854
SAS,1987,6.174113636478754,57.1271988267727
SAS,1988,6.233742560119167,57.5562821301481
SAS,1989,6.265042007445219,57.9676675968098
SAS,1990,6.297734605981286,58.406615379707
SAS,1991,6.2915242429120415,58.5496193401874
SAS,1992,6.323186381099627,59.2393230868812
SAS,1993,6.349518620651661,59.6399172274896
SAS,1994,6.3910228383368874,60.0784359785787
SAS,1995,6.4405604366470435,60.4870544448028
SAS,1996,6.48909951577257,60.9188482954283
SAS,1997,6.5107911778496215,61.3682134088457
SAS,1998,6.549618253260998,61.8215419198501
SAS,1999,6.609504588645228,62.2946275399582
SAS,2000,6.630859059436557,62.8036305165364
SAS,2001,6.657185594438084,63.2621106390743
SAS,2002,6.676564172780308,63.7751981046195
SAS,2003,6.731740217814579,64.2408303344517
SAS,2004,6.788062660467032,64.5911610689622
SAS,2005,6.846060613119133,65.131596636791
SAS,2006,6.9070906134933,65.5691020177667
SAS,2007,6.965379024166913,65.9890229742237
SAS,2008,6.985917701210225,66.4314116387286
SAS,2009,7.043563599164361,66.84109704634
SAS,2010,7.108668133350014,67.3525068406787
SAS,2011,7.148404812920183,67.8108394834024
SAS,2012,7.190307521732884,68.2629615309516
SAS,2013,7.238642073394188,68.6853288301062
SAS,2014,7.296560217245272,69.1208563538772
SAS,2015,7.359175695279962,69.5110334122263
SAS,2016,7.424376534214191,69.9184707063298
SAS,2017,7.478883353031486,70.2904723380061
SAS,2018,7.530330373727533,70.6523573971364
SAS,2019,7.560287247319712,70.9975623145981
SAS,2020,7.499418007673177,70.3622206982499
SAS,2021,7.579432548120324,67.8215299767513
SAS,2022,7.639979393318186,72.0115731308447
SAS,2023,7.696822675884012,72.3247648783903
SAS,2024,7.753348653266446,72.5599614464264
SAU,1960,9.682796708759358,45.31
SAU,1961,9.758363105269597,45.88
SAU,1962,9.834253812577742,46.469
SAU,1963,9.880771640649693,47.086
SAU,1964,9.927854444953555,47.732
SAU,1965,10.005255125019886,48.436
SAU,1966,10.046654571072729,49.187
SAU,1967,10.094122057952527,49.994
SAU,1968,10.128960416616197,50.857
SAU,1969,10.147459951311731,51.773
SAU,1970,10.528400286164514,52.729
SAU,1971,10.625799922773455,53.727
SAU,1972,10.750309888416355,54.742
SAU,1973,10.90312030761983,55.765
SAU,1974,11.000836518466912,56.785
SAU,1975,10.8919791841521,57.78
SAU,1976,10.979923982868243,58.782
SAU,1977,10.98152386030853,59.749
SAU,1978,10.926115371869768,60.685
SAU,1979,10.972077347165127,61.518
SAU,1980,10.969822696799895,62.444
SAU,1981,10.939437161415853,63.252
SAU,1982,10.70277114387847,64.008
SAU,1983,10.525421009346234,64.719
SAU,1984,10.425057354784862,65.391
SAU,1985,10.292840938891766,66.027
SAU,1986,10.246021385384905,66.648
SAU,1987,10.157689602629747,67.242
SAU,1988,10.168396558871548,67.814
SAU,1989,10.121993644804544,68.359
SAU,1990,10.162730222344734,68.874
SAU,1991,10.194016154584153,69.341
SAU,1992,10.192757094991178,69.799
SAU,1993,10.152262376976411,70.208
SAU,1994,10.118947778268582,70.587
SAU,1995,10.08063935790495,70.944
SAU,1996,10.073193837688454,71.288
SAU,1997,10.06074915973615,71.624
SAU,1998,10.051038995921003,71.957
SAU,1999,10.008497160637742,72.29
SAU,2000,10.010000954808191,72.607
SAU,2001,9.961430572160209,72.951
SAU,2002,9.90475834472896,73.296
SAU,2003,9.941069364231883,73.657
SAU,2004,9.977940589619092,74.027
SAU,2005,9.991415621253445,74.4
SAU,2006,9.981204584563729,74.762
SAU,2007,9.961605156934239,75.066
SAU,2008,9.981829148298356,75.301
SAU,2009,9.931955728442166,75.447
SAU,2010,9.991046973905739,75.616
SAU,2011,10.05683323425291,75.808
SAU,2012,10.070823882583978,76.09
SAU,2013,10.045739845623242,76.517
SAU,2014,10.06069344347705,77.116
SAU,2015,10.054325105243393,77.776
SAU,2016,10.033771364832356,78.354
SAU,2017,10.04477528672353,78.721
SAU,2018,10.102072754303496,78.75
SAU,2019,10.122850757049267,78.313
SAU,2020,10.03572876041035,77.596
SAU,2021,10.123533178025276,77.089
SAU,2022,10.192677909182692,77.31
SAU,2023,10.15170700901508,78.732
SAU,2024,10.13153952605354,78.982
SDN,1960,6.747272418670353,49.566
SDN,1961,6.7199390152252505,49.964
SDN,1962,6.758647566744396,50.419
SDN,1963,6.7010915498954216,50.816
SDN,1964,6.660141948677261,50.879
SDN,1965,6.695618964097031,51.031
SDN,1966,6.630048434582868,51.253
SDN,1967,6.615264462510655,51.495
SDN,1968,6.60539793431506,51.762
SDN,1969,6.589789999718563,52.04
SDN,1970,6.617728010790642,52.294
SDN,1971,6.609388972810047,52.541
SDN,1972,6.525986699933017,52.803
SDN,1973,6.495252555917416,52.988
SDN,1974,6.566691916224447,53.156
SDN,1975,6.679540756010431,53.31
SDN,1976,6.800395628255398,53.342
SDN,1977,6.827846570102172,53.522
SDN,1978,6.73012489865871,53.29
SDN,1979,6.64075531063762,53.374
SDN,1980,6.617295263074171,54.072
SDN,1981,6.650983586635453,54.369
SDN,1982,6.67278841432441,54.375
SDN,1983,6.662142625817722,49.562
SDN,1984,6.58887711087914,49.807
SDN,1985,6.5059385063764745,50.014
SDN,1986,6.539870099166221,54.558
SDN,1987,6.654836336268298,54.747
SDN,1988,6.639162066210786,54.984
SDN,1989,6.713049566016712,54.883
SDN,1990,6.639157195868286,55.497
SDN,1991,6.691298458532648,55.553
SDN,1992,6.735790235041675,55.952
SDN,1993,6.760389371428083,56.102
SDN,1994,6.745588568008797,57.022
SDN,1995,6.777297214089651,57.447
SDN,1996,6.811971158760794,57.638
SDN,1997,6.956850107488163,58.058
SDN,1998,6.974733296492558,58.308
SDN,1999,6.979965219497817,58.607
SDN,2000,7.013122581726306,58.946
SDN,2001,7.047670487464707,59.264
SDN,2002,7.077679751855402,59.308
SDN,2003,7.111855268352782,58.319
SDN,2004,7.135425483587366,56.773
SDN,2005,7.162586924967926,57.226
SDN,2006,7.197528181702272,60.4
SDN,2007,7.224104702427029,61.442
SDN,2008,7.231016063394568,61.261
SDN,2009,7.171155383734918,62.676
SDN,2010,7.17871567868571,62.979
SDN,2011,7.235776289848233,63.181
SDN,2012,7.161046620154998,63.427
SDN,2013,7.157314233944265,63.443
SDN,2014,7.175787793476717,63.99
SDN,2015,7.164240479161954,64.375
SDN,2016,7.167928329890364,64.677
SDN,2017,7.140352828219474,65.146
SDN,2018,7.0782947471016975,65.501
SDN,2019,7.026917788074605,65.803
SDN,2020,6.96306201750643,65.124
SDN,2021,6.917258865664105,64.46
SDN,2022,6.880615587515786,65.695
SDN,2023,6.518738953206132,66.331
SDN,2024,6.360246929583617,66.521
SEN,1960,7.04838826673252,39.668
SEN,1961,7.049708648098414,39.715
SEN,1962,7.020138032967607,39.738
SEN,1963,7.010385532414023,39.745
SEN,1964,7.0201109597179,39.755
SEN,1965,7.004555465966898,39.761
SEN,1966,7.00360609581625,39.848
SEN,1967,6.961617136092921,39.992
SEN,1968,6.992781179205798,40.15
SEN,1969,6.895166904807056,40.398
SEN,1970,6.947467594419769,40.789
SEN,1971,6.9161672685052,41.243
SEN,1972,6.948125105487676,41.77
SEN,1973,6.860848350460435,42.429
SEN,1974,6.87289602402161,43.104
SEN,1975,6.917827075744389,43.938
SEN,1976,6.976983165909339,44.809
SEN,1977,6.925412856794684,45.714
SEN,1978,6.861713618630972,46.596
SEN,1979,6.905467243995663,47.478
SEN,1980,6.919848475428593,48.294
SEN,1981,6.944763359442019,49.083
SEN,1982,6.995523259724219,49.863
SEN,1983,6.91054296233629,50.811
SEN,1984,6.921873872148622,51.694
SEN,1985,6.928012956977541,52.586
SEN,1986,6.930057974947211,53.718
SEN,1987,6.961603620902679,54.632
SEN,1988,6.924443185583719,55.546
SEN,1989,6.9346656836253056,56.209
SEN,1990,6.898490011265645,56.674
SEN,1991,6.896322387675233,57.037
SEN,1992,6.881467626519543,57.287
SEN,1993,6.867460813752989,57.348
SEN,1994,6.840217136084597,57.479
SEN,1995,6.867815283742002,57.336
SEN,1996,6.863373613847059,57.129
SEN,1997,6.869779947055325,57.107
SEN,1998,6.903726259060552,57.076
SEN,1999,6.940961754944439,57.315
SEN,2000,6.954996377801152,57.615
SEN,2001,6.97295189493963,58.158
SEN,2002,6.949142009474185,58.912
SEN,2003,6.9795044141803775,59.474
SEN,2004,7.001428342588426,60.308
SEN,2005,7.020235864356541,60.98
SEN,2006,7.019996804799913,61.801
SEN,2007,7.024647804058623,62.653
SEN,2008,7.037615174290761,63.201
SEN,2009,7.041108181475429,63.751
SEN,2010,7.050585822482072,64.221
SEN,2011,7.038559374972487,64.799
SEN,2012,7.051038648564451,65.229
SEN,2013,7.045241522368861,65.638
SEN,2014,7.073946362086212,66.001
SEN,2015,7.104970485658123,66.451
SEN,2016,7.136808588554078,66.724
SEN,2017,7.179391295116795,67.059
SEN,2018,7.211627659680629,67.379
SEN,2019,7.229555225271635,67.668
SEN,2020,7.216556345386861,67.496
SEN,2021,7.254559323144008,66.868
SEN,2022,7.267664418533401,67.788
SEN,2023,7.285483534774421,68.683
SEN,2024,7.324897535242733,68.924
SGP,1960,8.192004082621946,65.5621951219512
SGP,1961,8.236789800949216,65.9597073170732
SGP,1962,8.281916447201402,66.3726341463415
SGP,1963,8.352316817449081,66.7795365853659
SGP,1964,8.295163717669917,67.0024146341463
SGP,1965,8.346288442910046,67.2328536585366
SGP,1966,8.41837258391029,67.5478292682927
SGP,1967,8.514145386975962,67.6523902439025
SGP,1968,8.623770580235606,67.9807804878049
SGP,1969,8.738294809265627,68.3339756097561
SGP,1970,8.853265209290914,68.724756097561
SGP,1971,8.951940624946658,69.0002195121951
SGP,1972,9.058424867896042,69.1635609756098
SGP,1973,9.140514951879007,69.5304634146342
SGP,1974,9.18324940957049,69.894512195122
SGP,1975,9.207759135254879,70.405512195122
SGP,1976,9.266017897458434,70.7470487804878
SGP,1977,9.318439316443259,71.0261219512195
SGP,1978,9.381238088449686,71.2835609756098
SGP,1979,9.459865652097841,71.461756097561
SGP,1980,9.543513613666573,72.190243902439
SGP,1981,9.598137013654565,72.5878048780488
SGP,1982,9.622863895191195,72.6878048780488
SGP,1983,9.691958448758596,73.0365853658537
SGP,1984,9.757326476285185,73.290243902439
SGP,1985,9.749713539346251,73.890243902439
SGP,1986,9.763997191120653,74.2463414634146
SGP,1987,9.851496788676585,74.5487804878049
SGP,1988,9.932850954082312,74.6975609756098
SGP,1989,10.000246551840883,74.9463414634146
SGP,1990,10.055036282793017,75.2951219512195
SGP,1991,10.091323681466019,75.6463414634146
SGP,1992,10.125567784158722,75.9463414634146
SGP,1993,10.208762180546444,76.0463414634146
SGP,1994,10.282618021043028,76.1975609756098
SGP,1995,10.321536455356226,76.2951219512195
SGP,1996,10.35294776529797,76.5951219512195
SGP,1997,10.399257968783207,76.8975609756097
SGP,1998,10.343132103951412,77.3
SGP,1999,10.39074912160565,77.5512195121951
SGP,2000,10.459957859673008,77.9512195121951
SGP,2001,10.422217923726535,78.2512195121951
SGP,2002,10.451575051464479,78.5512195121951
SGP,2003,10.510798933131072,79.0390243902439
SGP,2004,10.593044185344016,79.490243902439
SGP,2005,10.640615447606706,79.990243902439
SGP,2006,10.69556132447716,80.1414634146341
SGP,2007,10.740276399317946,80.4414634146342
SGP,2008,10.705524561826238,80.790243902439
SGP,2009,10.67664377860065,81.2414634146342
SGP,2010,10.79450255849819,81.5414634146342
SGP,2011,10.833948069927242,81.7439024390244
SGP,2012,10.85281361355864,81.9951219512195
SGP,2013,10.88367233897066,82.2463414634147
SGP,2014,10.909288653157498,82.4951219512195
SGP,2015,10.92675841129577,82.7439024390244
SGP,2016,10.952148176143107,82.8463414634146
SGP,2017,10.99362025524481,83.0951219512195
SGP,2018,11.020292108152367,83.2975609756098
SGP,2019,11.020370445511993,83.5951219512195
SGP,2020,10.986713027068982,83.5439024390244
SGP,2021,11.125008334606463,83.0926829268293
SGP,2022,11.131241672677344,82.8951219512195
SGP,2023,11.09705703149828,83.0975609756098
SGP,2024,11.129168462290401,83.3463414634146
SLB,1980,7.701458626243617,63.669
SLB,1981,7.6485776550223745,64.077
SLB,1982,7.597278596997372,64.456
SLB,1983,7.601287658689004,64.771
SLB,1984,7.569126174069215,65.049
SLB,1985,7.503851322325789,65.288
SLB,1986,7.469141675131674,64.718
SLB,1987,7.517723972213076,65.683
SLB,1988,7.497988526884683,65.866
SLB,1989,7.508072344508132,66.051
SLB,1990,7.498721366452946,66.194
SLB,1991,7.526377647428475,66.357
SLB,1992,7.6157678322261555,66.471
SLB,1993,7.625242724385667,66.558
SLB,1994,7.673702048231953,66.661
SLB,1995,7.740654348969006,66.717
SLB,1996,7.727737858140769,66.739
SLB,1997,7.690014861525003,66.768
SLB,1998,7.674784053956662,66.89
SLB,1999,7.64300794796244,67.001
SLB,2000,7.466066190834963,67.116
SLB,2001,7.363694972880372,67.237
SLB,2002,7.316446324123511,67.35
SLB,2003,7.3612759858867145,67.479
SLB,2004,7.417324009062524,67.628
SLB,2005,7.47064616903244,67.79
SLB,2006,7.493714941546279,67.968
SLB,2007,7.512198677091754,67.845
SLB,2008,7.555481201561763,68.336
SLB,2009,7.565515085345455,68.397
SLB,2010,7.629954782325543,68.669
SLB,2011,7.664829125719228,68.824
SLB,2012,7.652504968970034,68.961
SLB,2013,7.667027765650074,69.007
SLB,2014,7.642601192525639,68.984
SLB,2015,7.623386398351897,69.323
SLB,2016,7.642163617193172,69.501
SLB,2017,7.6378933100442294,69.652
SLB,2018,7.631383019876264,69.806
SLB,2019,7.622219330862016,69.981
SLB,2020,7.565614655948561,69.258
SLB,2021,7.539320620558534,68.89
SLB,2022,7.489198130617161,70.409
SLB,2023,7.493254878861174,70.528
SLB,2024,7.4990821550706,70.694
SLE,1960,6.784521664258068,33.09
SLE,1961,6.7867604925962075,33.633
SLE,1962,6.814806002207032,34.155
SLE,1963,6.814720131894369,34.705
SLE,1964,6.861901582603884,35.298
SLE,1965,6.913144536800295,35.93
SLE,1966,6.911550720768076,36.64
SLE,1967,6.893104252172437,37.281
SLE,1968,6.894103244783651,37.761
SLE,1969,6.9570156101947775,38.23
SLE,1970,7.020752845067801,38.619
SLE,1971,7.036219339943576,39.104
SLE,1972,7.0268339658051,39.505
SLE,1973,7.0306436391995,39.96
SLE,1974,7.046553102219766,40.412
SLE,1975,7.044719542127455,40.99
SLE,1976,7.022173293886379,41.425
SLE,1977,7.004146648186826,41.826
SLE,1978,7.008613145453519,42.192
SLE,1979,7.033224588651986,42.53
SLE,1980,7.060586087617237,42.839
SLE,1981,7.068768275217936,43.086
SLE,1982,7.094951844085723,43.302
SLE,1983,7.052373724350998,43.455
SLE,1984,7.070582160755686,43.561
SLE,1985,6.993863355074378,43.556
SLE,1986,6.981728702820052,43.502
SLE,1987,7.024729060741768,43.748
SLE,1988,6.924300824102594,43.765
SLE,1989,6.9065948261712755,43.741
SLE,1990,6.899984516565495,43.72
SLE,1991,6.911520563304333,43.287
SLE,1992,6.719636190285894,43.451
SLE,1993,6.735507338207733,43.428
SLE,1994,6.712005943516775,42.808
SLE,1995,6.6271725696065875,42.579
SLE,1996,6.6397771597915725,43.528
SLE,1997,6.566312010925614,43.649
SLE,1998,6.574163336443481,42.714
SLE,1999,6.549003986033458,41.962
SLE,2000,6.589257804526696,44.834
SLE,2001,6.464645382815284,45.448
SLE,2002,6.6422112663352175,46.174
SLE,2003,6.692166231675201,46.784
SLE,2004,6.7211362238701025,47.485
SLE,2005,6.73685548192493,48.306
SLE,2006,6.7567280203598,49.547
SLE,2007,6.771578518851911,50.024
SLE,2008,6.782805788471993,50.693
SLE,2009,6.771064149385005,51.312
SLE,2010,6.805467694156183,51.927
SLE,2011,6.857262467338131,52.594
SLE,2012,6.9324904858312335,53.159
SLE,2013,7.044747942236414,54.051
SLE,2014,6.939484436491127,54.281
SLE,2015,6.87168860673288,55.454
SLE,2016,6.910530048566022,56.937
SLE,2017,6.918246988720802,57.761
SLE,2018,6.923301635430662,59.059
SLE,2019,6.953653437508732,59.593
SLE,2020,6.917956020210277,59.694
SLE,2021,6.952505064733894,60.26
SLE,2022,6.982017167147747,61.275
SLE,2023,7.01559425821637,61.786
SLE,2024,7.036403568060039,61.964
SLV,1965,7.87739590412259,50.208
SLV,1966,7.918363681473126,50.672
SLV,1967,7.9430770370981305,50.844
SLV,1968,7.947085054143887,50.837
SLV,1969,7.954219510953926,51.279
SLV,1970,7.95807478457067,51.364
SLV,1971,7.972035238724036,51.665
SLV,1972,8.00792287214535,51.956
SLV,1973,8.03195395738687,52.782
SLV,1974,8.060944535767295,52.891
SLV,1975,8.067483250340521,53.422
SLV,1976,8.095168307826375,54.375
SLV,1977,8.139398549114057,54.047
SLV,1978,8.169899113634408,54.709
SLV,1979,8.107753857249616,53.805
SLV,1980,7.922039178747413,48.589
SLV,1981,7.856494446302228,50.889
SLV,1982,7.780045595833239,53.342
SLV,1983,7.777120600230174,54.373
SLV,1984,7.771313759197016,56.571
SLV,1985,7.757483706077709,58.031
SLV,1986,7.73959209124575,59.329
SLV,1987,7.744597782591361,59.402
SLV,1988,7.743105677785315,59.977
SLV,1989,7.733042893463759,61.254
SLV,1990,7.7614063158558935,61.981
SLV,1991,7.758732287136455,62.542
SLV,1992,7.810255311022323,62.944
SLV,1993,7.8535859180234695,63.998
SLV,1994,7.889913443138551,64.47
SLV,1995,7.92780234500189,64.903
SLV,1996,7.9284227072619275,65.48
SLV,1997,7.9525746163149895,66.248
SLV,1998,7.972576576280139,66.655
SLV,1999,7.9883505731528945,67.285
SLV,2000,7.99459638121267,67.711
SLV,2001,7.999207780250162,67.965
SLV,2002,8.01170764312865,68.526
SLV,2003,8.025243189033683,68.792
SLV,2004,8.033086190447184,69.295
SLV,2005,8.059390407038835,69.336
SLV,2006,8.102389062150724,69.612
SLV,2007,8.119446907115272,69.82
SLV,2008,8.137527187971052,70.138
SLV,2009,8.113070634317651,70.359
SLV,2010,8.131087512584056,70.909
SLV,2011,8.164850747587009,71.192
SLV,2012,8.188777766364051,71.42
SLV,2013,8.206829270823723,71.225
SLV,2014,8.219851257751255,71.144
SLV,2015,8.240211238908092,70.952
SLV,2016,8.262519476250159,70.908
SLV,2017,8.282695460364838,71.007
SLV,2018,8.305524283156728,71.384
SLV,2019,8.329203047532397,71.725
SLV,2020,8.244999080053105,70.244
SLV,2021,8.354097037462306,69.941
SLV,2022,8.379300386464532,71.969
SLV,2023,8.407645397126927,72.099
SLV,2024,8.428702568037547,72.302
SMR,1997,10.7874518881266,79.677
SMR,1998,10.846934455640655,79.918
SMR,1999,10.920861239963916,80.2
SMR,2000,10.929652739037165,80.504
SMR,2001,10.971181204290612,80.803
SMR,2002,10.9615448954105,81.061
SMR,2003,10.986820477944017,81.33
SMR,2004,10.974954677682978,81.592
SMR,2005,10.986132214458957,81.926
SMR,2006,11.012121515046434,82.258
SMR,2007,11.047342734376835,82.605
SMR,2008,11.027974125828834,82.894
SMR,2009,10.875652711517303,83.224
SMR,2010,10.813210269323683,83.464
SMR,2011,10.746131834812914,83.713
SMR,2012,10.647388122548564,83.943
SMR,2013,10.6523879318523,84.175
SMR,2014,10.657090675705206,84.394
SMR,2015,10.672363615672651,84.596
SMR,2016,10.689355119280531,84.775
SMR,2017,10.67029770844973,84.933
SMR,2018,10.66472963209882,85.095
SMR,2019,10.681100046151446,85.257
SMR,2020,10.609225984175243,82.65
SMR,2021,10.754367217091248,83.539
SMR,2022,10.845003910959733,85.708
SMR,2023,10.845909356561313,85.706
SOM,1960,5.76464181899147,43.543
SOM,1961,5.7054924449140785,43.667
SOM,1962,5.747775789998699,43.972
SOM,1963,5.749330436928018,44.194
SOM,1964,5.660119270937898,44.393
SOM,1965,5.57254480129123,44.631
SOM,1966,5.633362755415211,44.843
SOM,1967,5.664845396375978,45.051
SOM,1968,5.65864373692113,45.254
SOM,1969,5.615226044854586,45.453
SOM,1970,5.633613587055048,45.644
SOM,1971,5.6285714809398035,45.837
SOM,1972,5.741131008247988,46.032
SOM,1973,5.585008529299065,46.224
SOM,1974,5.566581074071541,44.259
SOM,1975,5.67855076331821,44.49
SOM,1976,5.634784634409887,44.727
SOM,1977,5.7359744395566485,47.004
SOM,1978,5.721162318561586,47.013
SOM,1979,5.546266434138343,47.405
SOM,1980,5.478429164762617,47.611
SOM,1981,5.531352040493114,47.817
SOM,1982,5.555143850670013,48.02
SOM,1983,5.400214860613827,48.23
SOM,1984,5.395921699020554,48.438
SOM,1985,5.446567796939936,48.279
SOM,1986,5.383678421975924,48.431
SOM,1987,5.444083511317362,49.002
SOM,1988,5.476689776831034,43.933
SOM,1989,5.530860005667224,46.648
SOM,1990,5.558371356192679,46.896
SOM,1991,5.626176914323624,25.418
SOM,1992,5.585368277519498,25.034
SOM,1993,5.596220294975996,50.551
SOM,1994,5.349230012857404,50.303
SOM,1995,5.352272885567317,50.65
SOM,1996,5.393338331232701,50.524
SOM,1997,5.369951054023913,50.278
SOM,1998,5.392318329472107,50.755
SOM,1999,5.422498164050346,50.611
SOM,2000,5.451177470023937,50.747
SOM,2001,5.479968173806847,50.829
SOM,2002,5.51599180549829,50.82
SOM,2003,5.552611994425835,50.721
SOM,2004,5.584463028787946,50.685
SOM,2005,5.61843168466659,50.894
SOM,2006,5.65063057646863,50.915
SOM,2007,5.684295172826164,50.885
SOM,2008,5.719463708283491,51.456
SOM,2009,5.7590222234515265,52.101
SOM,2010,5.799003271486811,48.9
SOM,2011,5.856725136774392,32.453
SOM,2012,5.912467888341836,49.138
SOM,2013,5.984210289351987,54.016
SOM,2014,6.034324775592763,54.442
SOM,2015,6.099383716782181,55.056
SOM,2016,6.1288791209694535,55.283
SOM,2017,6.227526493241026,52.19
SOM,2018,6.212568149167664,54.767
SOM,2019,6.203433979264508,57.249
SOM,2020,6.137439871897174,57.095
SOM,2021,6.134759005243871,55.703
SOM,2022,6.131326977228074,53.931
SOM,2023,6.141437375122518,58.816
SOM,2024,6.146907056865943,58.967
SRB,1995,8.010524969456226,72.6157317073171
SRB,1996,8.071146140709969,72.7948536585366
SRB,1997,8.159818142338567,72.8280975609756
SRB,1998,8.215926952666527,72.1948780487805
SRB,1999,8.110562925106395,69.9271463414634
SRB,2000,8.172546660661723,71.5829268292683
SRB,2001,8.239852750008527,72.2341463414634
SRB,2002,8.303666378679484,72.2853658536585
SRB,2003,8.350849651307245,72.4365853658537
SRB,2004,8.417910829984564,72.6829268292683
SRB,2005,8.478273221826027,72.8341463414634
SRB,2006,8.52047039416079,73.3853658536585
SRB,2007,8.599929905320167,73.6317073170732
SRB,2008,8.654508269085472,73.8853658536585
SRB,2009,8.626587714867293,73.9853658536585
SRB,2010,8.64658911734339,74.3365853658537
SRB,2011,8.654691914076855,74.5365853658537
SRB,2012,8.655093837846179,74.8365853658537
SRB,2013,8.664463595523246,75.1853658536585
SRB,2014,8.651119088732186,75.3365853658537
SRB,2015,8.669110789661225,75.2878048780488
SRB,2016,8.703665712116246,75.6878048780488
SRB,2017,8.732346696907411,75.5390243902439
SRB,2018,8.783255271689672,75.890243902439
SRB,2019,8.83502972977784,75.9365853658537
SRB,2020,8.832145150727886,74.4780487804878
SRB,2021,8.918071263243814,72.780487804878
SRB,2022,8.969917625720775,75.2365853658537
SRB,2023,9.012922885538318,76.1414634146341
SRB,2024,9.05721961838657,75.9682926829268
SSA,1960,7.05405689786775,41.4263900275352
SSA,1961,7.040771937080715,41.7252617834367
SSA,1962,7.074965152539193,42.2341873095005
SSA,1963,7.110700388672644,42.5134131489498
SSA,1964,7.133963600530203,42.8476792492593
SSA,1965,7.154192205366057,43.1129585243266
SSA,1966,7.148554142744,43.2191456993906
SSA,1967,7.114959771022258,43.5398905053037
SSA,1968,7.1194554386811575,44.0277015058042
SSA,1969,7.179026949144767,44.3043398942821
SSA,1970,7.227295829942455,44.7653186075601
SSA,1971,7.27461900896629,45.0858299387179
SSA,1972,7.2768751506899205,45.1751921849504
SSA,1973,7.2913473476029305,45.7317702246011
SSA,1974,7.335789806046391,45.9687680436518
SSA,1975,7.30526021523311,46.3210467685459
SSA,1976,7.327420956952618,46.9992837627519
SSA,1977,7.326916349012224,47.4227937626623
SSA,1978,7.295918250560964,47.707513473529
SSA,1979,7.304354147851735,48.1506863797323
SSA,1980,7.311608905861187,48.5384361037039
SSA,1981,7.273530569909484,48.8153737301695
SSA,1982,7.230586891183892,49.0995209262194
SSA,1983,7.1752103847007485,48.3770575430042
SSA,1984,7.168835893797955,48.5059801222581
SSA,1985,7.159685672515437,48.8013772687175
SSA,1986,7.149331267614602,49.2083166108566
SSA,1987,7.149312404983665,49.8831083111019
SSA,1988,7.164638707709984,49.8626371312775
SSA,1989,7.159235151522377,50.1461552689904
SSA,1990,7.1537041629291025,50.0314347658802
SSA,1991,7.130474930726978,49.9272665472246
SSA,1992,7.098467525434012,49.8960403442591
SSA,1993,7.060507263945553,50.1777388734762
SSA,1994,7.044183512820486,50.115452043783
SSA,1995,7.050423134175947,50.4906160909731
SSA,1996,7.073743936697576,50.4473088660328
SSA,1997,7.087277467620631,50.6198844863416
SSA,1998,7.085572830254793,50.5618852600868
SSA,1999,7.080486093828937,51.002924661408
SSA,2000,7.0877009243646825,51.6412613573806
SSA,2001,7.102307206121531,51.9833195606955
SSA,2002,7.137440757380897,52.3538567888642
SSA,2003,7.1509398666967785,52.8240910544882
SSA,2004,7.188562903932732,53.3432269082173
SSA,2005,7.2195810481784655,53.8903142647049
SSA,2006,7.250951770961453,54.5874922955175
SSA,2007,7.28323841579987,55.2609700981639
SSA,2008,7.306327487610446,55.8852324866472
SSA,2009,7.309735341003718,56.3661066129672
SSA,2010,7.341055606453655,57.1054824459401
SSA,2011,7.355624238299675,57.472012962771
SSA,2012,7.361093017158819,58.2268465604768
SSA,2013,7.385140581157293,58.716889879682
SSA,2014,7.404219724907816,58.9844549293868
SSA,2015,7.406147730709996,59.3975354580919
SSA,2016,7.392648749912943,59.8109397138943
SSA,2017,7.39106921506918,60.1572303772595
SSA,2018,7.39212590284748,60.7658407661798
SSA,2019,7.391215756797547,61.1283093108513
SSA,2020,7.33210893467985,61.1663194682411
SSA,2021,7.342023530984199,60.701952995968
SSA,2022,7.356704030494975,61.855676568586
SSA,2023,7.358834276459788,62.6015210435979
SSA,2024,7.369932164097135,62.8024124096261
SSF,1960,7.054352000660054,41.4298887419235
SSF,1961,7.041032589725699,41.7287336393241
SSF,1962,7.075237110776592,42.2375875851933
SSF,1963,7.1109918608949485,42.5168097817683
SSF,1964,7.1342601438098585,42.851061616964
SSF,1965,7.154458085786317,43.1163456170998
SSF,1966,7.1488817999170715,43.2225535310726
SSF,1967,7.115295247292311,43.5433041786027
SSF,1968,7.119816716661172,44.0311217727929
SSF,1969,7.179337733094227,44.3078123683868
SSF,1970,7.2276128636484165,44.7688242080293
SSF,1971,7.27498021248596,45.0893747845113
SSF,1972,7.277256780088097,45.1788398630682
SSF,1973,7.291759980690924,45.7353803765767
SSF,1974,7.33616598439968,45.9723917006399
SSF,1975,7.3056585267443,46.3246657561344
SSF,1976,7.327888564132544,47.0028226201489
SSF,1977,7.327323193953759,47.4263006038962
SSF,1978,7.296467745972112,47.7109520289001
SSF,1979,7.304997128946977,48.1540302095526
SSF,1980,7.31218057678955,48.5418535475006
SSF,1981,7.274081739012266,48.8187809473372
SSF,1982,7.231135549154424,49.1026657246553
SSF,1983,7.175777984411307,48.3803753646478
SSF,1984,7.16942161584216,48.5090821624138
SSF,1985,7.160335297950163,48.8043934317486
SSF,1986,7.149975319899624,49.211060856302
SSF,1987,7.149969642918308,49.8857334183292
SSF,1988,7.165306108172631,49.8652660940308
SSF,1989,7.159969885978763,50.1485882902878
SSF,1990,7.154487067864888,50.0338461441483
SSF,1991,7.131281701252339,49.93000144535
SSF,1992,7.099350758172777,49.8987833289639
SSF,1993,7.0614778999717425,50.1802046800686
SSF,1994,7.045115968972822,50.1180871731902
SSF,1995,7.051327528480454,50.4933944156576
SSF,1996,7.074698107973685,50.4499440601937
SSF,1997,7.08831880629604,50.6224175104891
SSF,1998,7.086614447237592,50.5644729043157
SSF,1999,7.0815250263143055,51.0055525880133
SSF,2000,7.088751251163244,51.6437803457957
SSF,2001,7.103286891605131,51.9857897497051
SSF,2002,7.13836594556212,52.3560404373729
SSF,2003,7.151767910015694,52.8261333445824
SSF,2004,7.189309036637969,53.3453281368772
SSF,2005,7.220354189840783,53.8922539208949
SSF,2006,7.251753897860976,54.589354695264
SSF,2007,7.284066475696845,55.2628174960913
SSF,2008,7.307084837358918,55.8870079518376
SSF,2009,7.3104481597149995,56.367784162949
SSF,2010,7.341756416227555,57.107097844285
SSF,2011,7.35637039706893,57.4734640185534
SSF,2012,7.361839050638793,58.2283469511484
SSF,2013,7.385855367342086,58.7182244214244
SSF,2014,7.404930458821257,58.985759679416
SSF,2015,7.4069055249673275,59.3988936826923
SSF,2016,7.393498275913925,59.8122443592399
SSF,2017,7.391960773159771,60.1584852136877
SSF,2018,7.393039418481548,60.7668941967258
SSF,2019,7.392159709028645,61.129417043288
SSF,2020,7.332964357520018,61.1676740309985
SSF,2021,7.342852897453103,60.7030048050853
SSF,2022,7.357569930332131,61.8569116778883
SSF,2023,7.359725771812354,62.6027406477464
SSF,2024,7.37082216283517,62.8036817702073
SST,1974,8.582761427034738,61.2298049170236
SST,1975,8.56729761705499,61.6081624215837
SST,1976,8.652205117124865,61.9357697665411
SST,1977,8.715741317550853,62.1259964339903
SST,1978,8.768580451807367,62.198646078708
SST,1979,8.860379961486435,62.4396806469697
SST,1980,8.848827916908977,63.0023015664447
SST,1981,8.796847855530231,63.208566296824
SST,1982,8.796136394319397,63.5128513789948
SST,1983,8.769994272971173,63.6894763822999
SST,1984,8.780419807205147,64.0785702762979
SST,1985,8.778168415202767,64.3273770015488
SST,1986,8.781579794089662,64.5590631654757
SST,1987,8.79615350821242,64.903647442077
SST,1988,8.804460776535123,65.0979559983539
SST,1989,8.819110320918996,65.6276190934717
SST,1990,8.831735944636597,65.585573984719
SST,1991,8.812064562711377,65.6629094328245
SST,1992,8.793292433746737,65.6862994591054
SST,1993,8.791292439312384,65.7266880347173
SST,1994,8.813188526495502,65.6344676001216
SST,1995,8.843839836971659,65.7224503098331
SST,1996,8.870376015078294,65.9790280185203
SST,1997,8.909254091525687,66.018781748514
SST,1998,8.93419665675809,65.9979318054306
SST,1999,8.963689411722282,66.1245021369021
SST,2000,9.01599482739955,66.9881018420458
SST,2001,9.028211995672446,67.1751397089871
SST,2002,9.048890988354962,67.320533039585
SST,2003,9.08353782524832,67.5137796957376
SST,2004,9.118074221365834,67.7344645790668
SST,2005,9.155317466935175,68.0184220231352
SST,2006,9.20874546794651,68.2773677005452
SST,2007,9.243971814499687,68.5761118394504
SST,2008,9.245462377500198,68.9208192339965
SST,2009,9.191094134862345,69.2706797451225
SST,2010,9.201749544860316,69.6933118913694
SST,2011,9.21695274031357,70.0014375655617
SST,2012,9.228187667579707,70.2725959153837
SST,2013,9.229739620782738,70.6156980246326
SST,2014,9.242651085324201,70.850031877117
SST,2015,9.254548291325465,71.1218770493238
SST,2016,9.26189425949283,71.3735507555474
SST,2017,9.28315810611414,71.6518752446228
SST,2018,9.30485223123796,71.8640735615265
SST,2019,9.32461154994706,72.0009607335469
SST,2020,9.243099305012498,71.8255552822673
SST,2021,9.304587710588331,70.7756825891382
SST,2022,9.365820573632384,72.380297225352
SST,2023,9.405911988035669,72.9130400157843
SST,2024,9.456760001246217,73.1115272530592
STP,1970,6.89273483720359,56.267
STP,1971,6.923379254460723,56.965
STP,1972,6.924692248518438,57.448
STP,1973,6.9190411105238,57.896
STP,1974,6.9519412469748145,58.262
STP,1975,6.9805646789467595,58.561
STP,1976,6.971611770025654,58.782
STP,1977,7.155612575585989,58.979
STP,1978,7.157234645162317,59.141
STP,1979,7.282739681251598,59.273
STP,1980,7.248333798499752,59.361
STP,1981,7.1186811808893244,59.432
STP,1982,7.130500896913383,59.533
STP,1983,7.072893596232946,59.679
STP,1984,6.991582999310565,59.893
STP,1985,7.05945201535269,60.139
STP,1986,6.9766856827452886,57.605
STP,1987,6.922339666205688,60.663
STP,1988,6.915965080177241,60.808
STP,1989,6.921172468195091,59.731
STP,1990,6.874705923569718,60.707
STP,1991,6.86479191322014,60.792
STP,1992,6.852752476134232,60.706
STP,1993,6.845461350926891,60.618
STP,1994,6.850011121704909,60.552
STP,1995,6.85364912540783,60.536
STP,1996,6.853330931443714,60.576
STP,1997,6.849035725746322,60.648
STP,1998,6.860648473076922,60.785
STP,1999,6.8733986191840835,60.976
STP,2000,6.866868887587772,61.207
STP,2001,6.880820011924033,61.5
STP,2002,6.889926349550073,61.826
STP,2003,6.943954087124436,62.158
STP,2004,6.953739568792738,62.56
STP,2005,6.993150823539376,62.434
STP,2006,7.053660179611482,63.041
STP,2007,7.0652000627817,63.336
STP,2008,7.101792231127865,63.448
STP,2009,7.111190220508838,63.669
STP,2010,7.1036100573725856,63.867
STP,2011,7.10246750569321,64.122
STP,2012,7.111262921959973,64.505
STP,2013,7.1418025599483785,64.93
STP,2014,7.171135538267656,65.478
STP,2015,7.1686642280408845,66.023
STP,2016,7.202314008702069,66.563
STP,2017,7.226640940690306,67.074
STP,2018,7.254067151635171,67.602
STP,2019,7.2588768898836875,68.043
STP,2020,7.266017797151423,67.979
STP,2021,7.264230935750326,68.026
STP,2022,7.246534543115421,69.237
STP,2023,7.230274693389128,69.718
STP,2024,7.224950634230021,69.905
SUR,1960,8.278956648763078,56.595
SUR,1961,8.29277274915223,57.29
SUR,1962,8.291073064562795,58.023
SUR,1963,8.300378970475732,58.496
SUR,1964,8.323726425884368,58.908
SUR,1965,8.402208069585678,59.137
SUR,1966,8.543635486688306,59.232
SUR,1967,8.623588629134902,59.172
SUR,1968,8.662597725917538,59.292
SUR,1969,8.67254444071479,59.394
SUR,1970,8.665590303654513,59.494
SUR,1971,8.671462412896306,59.59
SUR,1972,8.651556653682272,59.685
SUR,1973,8.637530437481379,59.793
SUR,1974,8.646832510571171,59.914
SUR,1975,8.680833665454525,60.035
SUR,1976,8.772567154326163,60.155
SUR,1977,8.87802642764059,60.277
SUR,1978,8.951241005314257,60.401
SUR,1979,8.95549829536314,60.527
SUR,1980,8.86929288298784,60.654
SUR,1981,8.937667251259889,60.795
SUR,1982,8.891844908833225,60.934
SUR,1983,8.846262361963014,61.072
SUR,1984,8.818019621701412,61.211
SUR,1985,8.825395626662191,61.358
SUR,1986,8.81961281286225,61.159
SUR,1987,8.743998731142337,61.314
SUR,1988,8.805801671880005,61.477
SUR,1989,8.831691097784159,61.982
SUR,1990,8.775697046640285,62.088
SUR,1991,8.79624836006051,62.151
SUR,1992,8.794052531231014,62.246
SUR,1993,8.720489505448267,62.382
SUR,1994,8.746741388541073,62.542
SUR,1995,8.729766423997956,62.779
SUR,1996,8.71847318219458,63.079
SUR,1997,8.753077186701738,63.385
SUR,1998,8.755188065490971,63.706
SUR,1999,8.720511165498396,64.035
SUR,2000,8.720675280555065,64.409
SUR,2001,8.741224786999487,64.82
SUR,2002,8.748513987415832,65.274
SUR,2003,8.789940762108872,65.778
SUR,2004,8.85680181859609,66.362
SUR,2005,8.890385370580338,66.997
SUR,2006,8.935818913381011,67.643
SUR,2007,8.974270698286118,68.307
SUR,2008,9.003207297053992,68.873
SUR,2009,9.021198505378132,69.323
SUR,2010,9.059971782224588,69.626
SUR,2011,9.105344898210108,69.82
SUR,2012,9.120517298901987,69.957
SUR,2013,9.138141662394105,70.11
SUR,2014,9.129590490925912,70.33
SUR,2015,9.084053196979129,70.567
SUR,2016,9.023205111516392,70.979
SUR,2017,9.02866169097553,71.247
SUR,2018,9.067237456061589,71.468
SUR,2019,9.068466300951869,71.773
SUR,2020,8.883655159149434,72.321
SUR,2021,8.849929804803109,68.943
SUR,2022,8.865217526755439,73.254
SUR,2023,8.879955799272373,73.631
SUR,2024,8.888240432817597,73.757
SVK,1990,9.059222545179434,70.9326829268293
SVK,1991,8.900930448846012,70.8829268292683
SVK,1992,8.83102537589248,71.7951219512195
SVK,1993,8.846042970952682,72.4487804878049
SVK,1994,8.902308424566284,72.3
SVK,1995,8.956173450698373,72.2536585365854
SVK,1996,9.013453080780012,72.6536585365854
SVK,1997,9.065013322536643,72.7048780487805
SVK,1998,9.10121937928058,72.5512195121951
SVK,1999,9.095455001306313,72.9024390243902
SVK,2000,9.104670030098635,73.0512195121951
SVK,2001,9.13533209651057,73.4024390243903
SVK,2002,9.178920361070636,73.6048780487805
SVK,2003,9.227003032116434,73.6048780487805
SVK,2004,9.279699460413369,73.9585365853659
SVK,2005,9.342434676746999,73.9048780487805
SVK,2006,9.427884399084137,74.2048780487805
SVK,2007,9.530317325613145,74.2073170731707
SVK,2008,9.581704697578502,74.7048780487805
SVK,2009,9.52374528546728,74.909756097561
SVK,2010,9.588512922038431,75.1121951219512
SVK,2011,9.612525006400196,75.9585365853659
SVK,2012,9.626393036381128,76.109756097561
SVK,2013,9.632327073899523,76.4121951219512
SVK,2014,9.658075972311597,76.8121951219512
SVK,2015,9.70759894324071,76.5634146341463
SVK,2016,9.725600632169233,77.1658536585366
SVK,2017,9.752390722504042,77.1658536585366
SVK,2018,9.790823481696595,77.2658536585366
SVK,2019,9.81197406976346,77.6658536585366
SVK,2020,9.784921131755084,76.8658536585366
SVK,2021,9.842061731233246,74.6146341463415
SVK,2022,9.850341481768611,76.9658536585366
SVK,2023,9.87217092607487,78.119512195122
SVK,2024,9.892233250132435,78.3707317073171
SVN,1990,9.518970397290932,73.2048780487805
SVN,1991,9.42512245450372,73.3536585365854
SVN,1992,9.370403181732952,73.3048780487805
SVN,1993,9.400823638446155,73.2536585365854
SVN,1994,9.453884813070381,73.4048780487805
SVN,1995,9.493919754088942,73.9585365853659
SVN,1996,9.523264903197848,74.4585365853658
SVN,1997,9.57503007394696,74.7073170731707
SVN,1998,9.607389530335332,74.8073170731708
SVN,1999,9.658014581757303,75.009756097561
SVN,2000,9.689435156458172,75.4121951219512
SVN,2001,9.715754332111711,75.7585365853659
SVN,2002,9.746813754520934,76.0073170731707
SVN,2003,9.777661305073957,76.8585365853659
SVN,2004,9.821477834806354,77.2073170731707
SVN,2005,9.857562856160202,77.6121951219512
SVN,2006,9.911779694656975,78.0865853658537
SVN,2007,9.975146646136327,78.5609756097561
SVN,2008,10.006731492835778,78.7658536585366
SVN,2009,9.918751406550351,78.9707317073171
SVN,2010,9.925450595902388,79.4219512195122
SVN,2011,9.929906263605451,79.9707317073171
SVN,2012,9.89821717830354,80.1243902439024
SVN,2013,9.88858803395893,80.3219512195122
SVN,2014,9.914858072395745,81.0780487804878
SVN,2015,9.937757320976354,80.7756097560976
SVN,2016,9.966918220256982,81.1756097560976
SVN,2017,10.01671638905634,81.0292682926829
SVN,2018,10.055949664620233,81.3780487804878
SVN,2019,10.083438806338028,81.5292682926829
SVN,2020,10.035033446477938,80.5317073170732
SVN,2021,10.11315839497574,80.6756097560976
SVN,2022,10.137599370599515,81.2829268292683
SVN,2023,10.157117692400249,81.9292682926829
SVN,2024,10.171016426801438,82.2853658536585
SWE,1960,9.729869461886565,73.0056097560976
SWE,1961,9.7804163556837,73.4743902439024
SWE,1962,9.81660946120229,73.3504878048781
SWE,1963,9.862881599940964,73.5553658536585
SWE,1964,9.921396318311174,73.7331707317073
SWE,1965,9.949480828283018,73.8617073170732
SWE,1966,9.960658025496107,74.0785365853659
SWE,1967,9.986085731917388,74.1224390243903
SWE,1968,10.016204515261844,73.9729268292683
SWE,1969,10.058053647892718,74.0848780487805
SWE,1970,10.111446374449748,74.6492682926829
SWE,1971,10.113967541910274,74.6239024390244
SWE,1972,10.133641938751909,74.7180487804878
SWE,1973,10.170831090204885,74.8673170731707
SWE,1974,10.199410624635451,74.9804878048781
SWE,1975,10.220646080188796,74.9846341463415
SWE,1976,10.22753468057863,74.9692682926829
SWE,1977,10.20789174352889,75.379756097561
SWE,1978,10.222344140135023,75.4690243902439
SWE,1979,10.257843008199771,75.5241463414634
SWE,1980,10.272669876648541,75.7409756097561
SWE,1981,10.276008664655187,76.0260975609756
SWE,1982,10.287846078941666,76.3273170731707
SWE,1983,10.306221364835869,76.5517073170732
SWE,1984,10.346738019630516,76.8158536585366
SWE,1985,10.366459997642473,76.6678048780488
SWE,1986,10.390691749217282,76.9312195121951
SWE,1987,10.420343243776106,77.0921951219512
SWE,1988,10.441015693986836,76.9792682926829
SWE,1989,10.460545649309411,77.7268292682927
SWE,1990,10.460338035970407,77.5368292682927
SWE,1991,10.441995687366108,77.6668292682927
SWE,1992,10.424476820666394,77.9987804878049
SWE,1993,10.397795946167374,78.0604878048781
SWE,1994,10.430061188013351,78.650243902439
SWE,1995,10.464942045594261,78.7404878048781
SWE,1996,10.480254100352619,78.9590243902439
SWE,1997,10.509871070540898,79.1975609756098
SWE,1998,10.550897640420608,79.3390243902439
SWE,1999,10.591271054009335,79.4414634146342
SWE,2000,10.634936147948784,79.6439024390244
SWE,2001,10.645767748729286,79.7951219512195
SWE,2002,10.665035125343998,79.8463414634146
SWE,2003,10.679949747314154,80.0951219512195
SWE,2004,10.71696275248944,80.4975609756098
SWE,2005,10.740511737024276,80.5463414634146
SWE,2006,10.780587292644292,80.7487804878049
SWE,2007,10.804911375886864,80.9
SWE,2008,10.787847039539354,81.1
SWE,2009,10.735839805559381,81.3512195121951
SWE,2010,10.783229423106263,81.4512195121951
SWE,2011,10.806826582565227,81.8024390243903
SWE,2012,10.795276362748696,81.7048780487805
SWE,2013,10.798115315800002,81.9560975609756
SWE,2014,10.810891278995069,82.2536585365854
SWE,2015,10.843263636106574,82.2048780487805
SWE,2016,10.851786967343648,82.3073170731707
SWE,2017,10.856965678266043,82.409756097561
SWE,2018,10.86289691501412,82.5585365853659
SWE,2019,10.878507651590331,83.109756097561
SWE,2020,10.85175321747415,82.3560975609756
SWE,2021,10.89668624463542,83.0560975609756
SWE,2022,10.902356625417916,83.0585365853659
SWE,2023,10.89558674884876,83.309756097561
SWE,2024,10.90257894419773,84.0634146341463
SWZ,1970,6.807667823982967,51.208
SWZ,1971,6.909683261093399,51.779
SWZ,1972,6.935071603121614,52.352
SWZ,1973,6.993371272174813,52.99
SWZ,1974,7.020512405893514,53.656
SWZ,1975,7.121384517201775,54.399
SWZ,1976,7.0695876131900794,55.172
SWZ,1977,7.047631782608462,55.973
SWZ,1978,7.027871227988981,56.785
SWZ,1979,7.025438624919034,57.536
SWZ,1980,7.109635162192065,58.227
SWZ,1981,7.213037158357939,58.788
SWZ,1982,7.1914597364443935,59.467
SWZ,1983,7.170545974776864,58.418
SWZ,1984,7.19775438681471,60.439
SWZ,1985,7.198327889298661,61.165
SWZ,1986,7.2744022144165665,61.598
SWZ,1987,7.371922767991628,61.899
SWZ,1988,7.389514134525422,61.934
SWZ,1989,7.464524555297404,61.669
SWZ,1990,7.614792947934563,61.167
SWZ,1991,7.592071187110468,60.392
SWZ,1992,7.585768935836915,59.284
SWZ,1993,7.587210859038405,58.092
SWZ,1994,7.611043276293501,56.643
SWZ,1995,7.658974006740134,55.08
SWZ,1996,7.676872891846479,53.296
SWZ,1997,7.690605264835992,51.699
SWZ,1998,7.703463094688395,50.066
SWZ,1999,7.7216894808650665,48.808
SWZ,2000,7.728876429716158,47.627
SWZ,2001,7.733676201288856,46.344
SWZ,2002,7.765810509302615,45.38
SWZ,2003,7.803368872965383,44.632
SWZ,2004,7.832864382858646,43.906
SWZ,2005,7.885612045435465,43.958
SWZ,2006,7.94572802481871,44.563
SWZ,2007,7.9822348548486985,45.16
SWZ,2008,7.989788675363347,45.853
SWZ,2009,7.997607499758,46.913
SWZ,2010,8.029277049051858,48.331
SWZ,2011,8.04196063594246,49.057
SWZ,2012,8.076671120902219,50.714
SWZ,2013,8.11136396881017,52.11
SWZ,2014,8.126161297753303,53.491
SWZ,2015,8.13734400578844,54.941
SWZ,2016,8.160568785765973,56.228
SWZ,2017,8.18764303693121,57.574
SWZ,2018,8.179071593535255,58.707
SWZ,2019,8.23208675108026,59.85
SWZ,2020,8.191287665777669,59.862
SWZ,2021,8.221220414495114,58.228
SWZ,2022,8.214911615440656,63.028
SWZ,2023,8.240165035347136,64.123
SWZ,2024,8.2600716922152,64.264
SXM,2009,10.533400626512982,74.796
SXM,2010,10.555892696841738,74.821
SXM,2011,10.58696657513092,74.868
SXM,2012,10.578954030522393,75.125
SXM,2013,10.568486551812489,75.391
SXM,2014,10.56160840963399,75.735
SXM,2015,10.541112202333137,75.899
SXM,2016,10.530193142422025,75.952
SXM,2017,10.432509175964498,75.455
SXM,2018,10.343280786931658,75.693
SXM,2019,10.430520425774432,75.68
SXM,2020,10.272301722547068,75.002
SXM,2021,10.303425246157143,74.505
SXM,2022,10.420005072809575,76.18
SXM,2023,10.44292870976964,76.371
SXM,2024,10.45852662077346,76.528
SYC,1960,8.061446467380389,60.5314390243903
SYC,1961,7.983277348106384,60.6061219512195
SYC,1962,8.037486069766706,60.6882926829268
SYC,1963,8.108605996151844,60.936756097561
SYC,1964,8.141061749998684,61.1964146341464
SYC,1965,8.105286697110468,61.4950975609756
SYC,1966,8.210477933603388,61.727
SYC,1967,8.190929709517258,62.1034634146342
SYC,1968,8.239537245270402,62.6659512195122
SYC,1969,8.215748454034994,63.2811219512195
SYC,1970,8.277439314126125,63.992243902439
SYC,1971,8.40435747740218,64.6586097560976
SYC,1972,8.441433613134883,65.3703902439024
SYC,1973,8.512822988183695,65.9660487804878
SYC,1974,8.507565864378211,66.4828780487805
SYC,1975,8.515727388210678,66.9132195121951
SYC,1976,8.646302959405874,67.2967073170732
SYC,1977,8.56143449270605,67.6752195121951
SYC,1978,8.747433707989524,68.0320731707317
SYC,1979,8.885491894571707,68.3445853658537
SYC,1980,8.824007392081615,69.5975609756098
SYC,1981,8.772307300518124,70.1878048780488
SYC,1982,8.745493413601551,69.3243902439024
SYC,1983,8.74052366492757,70.3829268292683
SYC,1984,8.776758638618757,69.5536585365854
SYC,1985,8.86662546813696,69.6975609756098
SYC,1986,8.867982075946848,68.6560975609756
SYC,1987,8.873125704842915,68.2365853658537
SYC,1988,8.921289402911004,68.7024390243902
SYC,1989,9.0132186676645,67.9707317073171
SYC,1990,9.080214865687438,68.1073170731707
SYC,1991,9.094125379919907,70.7121951219512
SYC,1992,9.158810777114864,71.2146341463415
SYC,1993,9.208463071301015,69.4682926829268
SYC,1994,9.157137943359238,70.7292682926829
SYC,1995,9.147274864323494,72.4829268292683
SYC,1996,9.227894440527443,71.5609756097561
SYC,1997,9.331216040656926,71.2121951219512
SYC,1998,9.336034091476431,71.7463414634146
SYC,1999,9.334939115243085,72.6682926829268
SYC,2000,9.367664883405393,72.7780487804878
SYC,2001,9.343816627557068,73.2536585365854
SYC,2002,9.325298144459754,71.0878048780488
SYC,2003,9.275937945381802,71.0292682926829
SYC,2004,9.250722611604287,72.6609756097561
SYC,2005,9.332320084280083,72.1317073170732
SYC,2006,9.401410839077519,72.2170731707317
SYC,2007,9.481345733616072,73.1439024390244
SYC,2008,9.431345011601783,73.1634146341463
SYC,2009,9.402313400513735,73.0829268292683
SYC,2010,9.418456104492195,73.1975609756098
SYC,2011,9.535586373000246,72.7243902439024
SYC,2012,9.556409344911225,74.2756097560976
SYC,2013,9.55039999181759,73.119512195122
SYC,2014,9.57467898169896,73.2292682926829
SYC,2015,9.637769506651795,74.2951219512195
SYC,2016,9.738770644385793,74.309756097561
SYC,2017,9.793760472725365,74.3
SYC,2018,9.832431101243063,72.8414634146341
SYC,2019,9.877228075955676,74.0463414634146
SYC,2020,9.743809391865643,77.2365853658537
SYC,2021,9.74126517943574,73.3975609756097
SYC,2022,9.646736218302001,74.509756097561
SYC,2023,9.6981136680349,75.419512195122
SYC,2024,9.71791897907726,76.2951219512195
SYR,1960,6.248295288513966,52.723
SYR,1961,6.321225677153616,53.652
SYR,1962,6.511092408155003,54.569
SYR,1963,6.390572314866803,55.394
SYR,1964,6.448670180123787,56.17
SYR,1965,6.440352003960636,56.901
SYR,1966,6.329197170617752,57.55
SYR,1967,6.376755662319219,58.045
SYR,1968,6.381324288639278,59.118
SYR,1969,6.520999812324043,59.844
SYR,1970,6.470140106693205,60.608
SYR,1971,6.522395077665546,61.334
SYR,1972,6.716848883178471,61.969
SYR,1973,6.572505930584345,60.826
SYR,1974,6.7683158092835685,63.441
SYR,1975,6.885806844044304,64.187
SYR,1976,6.967188421974028,64.844
SYR,1977,6.914680488292977,65.398
SYR,1978,6.975175821535968,65.932
SYR,1979,6.950064838152309,66.244
SYR,1980,7.051966133074577,66.545
SYR,1981,7.093444178127886,64.598
SYR,1982,7.0877820838394285,60.839
SYR,1983,7.076595534130763,67.35
SYR,1984,6.9623609841627365,67.723
SYR,1985,7.0165756556082055,68.048
SYR,1986,6.89882473264735,68.415
SYR,1987,6.881020188120947,68.797
SYR,1988,7.012674896221008,69.172
SYR,1989,6.832822255137115,69.486
SYR,1990,6.8372083485810995,69.83
SYR,1991,6.87964868546701,70.075
SYR,1992,6.970921118017083,70.243
SYR,1993,7.000433958167421,70.309
SYR,1994,7.040591270491013,70.296
SYR,1995,7.08017298659483,70.209
SYR,1996,7.146811388962635,70.156
SYR,1997,7.169578691658525,70.158
SYR,1998,7.20943370850576,70.237
SYR,1999,7.147811656658451,70.507
SYR,2000,7.129604760209226,70.856
SYR,2001,7.142290820794919,71.296
SYR,2002,7.193780324471143,71.742
SYR,2003,7.175857855340122,72.188
SYR,2004,7.21789367041257,72.494
SYR,2005,7.252501524858645,72.797
SYR,2006,7.258919163254684,73.04
SYR,2007,7.252542207539007,73.256
SYR,2008,7.260939990272727,73.368
SYR,2009,7.302770766477053,73.496
SYR,2010,7.3306444924560665,73.542
SYR,2011,7.341301748687415,72.259
SYR,2012,7.040792181185118,66.206
SYR,2013,6.784828958300835,65.146
SYR,2014,6.742478325883029,65.492
SYR,2015,6.742564011795143,63.265
SYR,2016,6.688315619659879,65.19
SYR,2017,6.679450703908441,65.651
SYR,2018,6.675082549826935,67.371
SYR,2019,6.648359935679326,70.97
SYR,2020,6.6242449005149915,71.944
SYR,2021,6.614829426942786,72.418
SYR,2022,6.5749975166590975,72.79
TCA,2007,10.531193998725781,76.427
TCA,2008,10.567569079161357,76.084
TCA,2009,10.308572579673244,76.672
TCA,2010,10.2789013741519,76.784
TCA,2011,10.287522928483698,76.87
TCA,2012,10.21980568119463,76.969
TCA,2013,10.184052145918894,77.1
TCA,2014,10.226904257620383,77.212
TCA,2015,10.290687329452664,77.321
TCA,2016,10.31503414073348,77.437
TCA,2017,10.831432177901329,77.505
TCA,2018,10.856364434589265,77.596
TCA,2019,10.867041306193274,77.691
TCA,2020,10.42642232569928,77.499
TCA,2021,10.666807723722226,77.234
TCA,2022,10.785338130981264,77.918
TCA,2023,10.906378516924715,78.008
TCA,2024,10.953947154131399,78.181
TCD,1960,6.6872206669366445,39.216
TCD,1961,6.68094121922236,39.421
TCD,1962,6.712907806946158,39.608
TCD,1963,6.676427322904155,39.893
TCD,1964,6.630663651572217,40.12
TCD,1965,6.61672970903573,40.05
TCD,1966,6.5789237614135665,40.089
TCD,1967,6.5671084159707505,40.393
TCD,1968,6.542849214640228,40.702
TCD,1969,6.589234488786554,41.019
TCD,1970,6.5868665459621925,41.386
TCD,1971,6.543035120653028,40.869
TCD,1972,6.5321453837106045,41.922
TCD,1973,6.42109455489103,42.399
TCD,1974,6.446592769898467,42.601
TCD,1975,6.511306116832523,42.736
TCD,1976,6.520706550200172,42.687
TCD,1977,6.524078436077001,42.884
TCD,1978,6.501139096049327,43.017
TCD,1979,6.23872899469571,43.239
TCD,1980,6.174113938720492,43.452
TCD,1981,6.183270485605305,43.497
TCD,1982,6.1883633485912375,43.91
TCD,1983,6.284471702052125,44.446
TCD,1984,6.2915823978179235,44.732
TCD,1985,6.478650926069419,45.315
TCD,1986,6.4070548946431405,45.598
TCD,1987,6.34784037050244,43.071
TCD,1988,6.457928169857285,46.352
TCD,1989,6.4717188095110405,46.434
TCD,1990,6.401370921119706,45.074
TCD,1991,6.446704545014478,46.596
TCD,1992,6.481247828764957,46.777
TCD,1993,6.286762301359924,47.002
TCD,1994,6.360306305886359,47.08
TCD,1995,6.328528477981433,47.453
TCD,1996,6.3061398753633755,47.551
TCD,1997,6.326614223523364,47.762
TCD,1998,6.359417409162124,47.802
TCD,1999,6.317433424553505,47.934
TCD,2000,6.274009066027598,47.937
TCD,2001,6.350548324422846,48.306
TCD,2002,6.397215367688055,48.36
TCD,2003,6.49459602169636,48.609
TCD,2004,6.739949612420639,48.687
TCD,2005,6.859480487577029,48.86
TCD,2006,6.8180610313171,48.747
TCD,2007,6.82475709182934,49.21
TCD,2008,6.8201116381207445,49.503
TCD,2009,6.770199010289301,49.828
TCD,2010,6.863754297988115,50.107
TCD,2011,6.872425428697144,50.426
TCD,2012,6.924043424597909,50.765
TCD,2013,6.916335477860363,51.051
TCD,2014,6.9010540334137245,51.141
TCD,2015,6.901727881271915,51.32
TCD,2016,6.828242125792,51.603
TCD,2017,6.77887123692077,51.875
TCD,2018,6.801099251183,52.447
TCD,2019,6.821329595960453,52.993
TCD,2020,6.785565658252029,53.082
TCD,2021,6.754053400771419,53.136
TCD,2022,6.75995355137107,54.528
TCD,2023,6.753421007467271,55.069
TCD,2024,6.7522696205098365,55.238
TEA,1960,5.79770669340378,37.6087627658498
TEA,1961,5.654224476582577,42.8910858220991
TEA,1962,5.634365153455638,51.0883378832305
TEA,1963,5.671586895575863,51.6887104308907
TEA,1964,5.75005961028101,52.3384197593711
TEA,1965,5.828411398486978,52.1687874308125
TEA,1966,5.878397372674896,53.31083747888
TEA,1967,5.838050646111039,54.2096539770638
TEA,1968,5.829189040052449,54.7509307707098
TEA,1969,5.910325285194307,55.5489147723591
TEA,1970,6.009805874862455,56.2414919355644
TEA,1971,6.048575529029138,57.0542179232734
TEA,1972,6.071785826309022,57.6393408909489
TEA,1973,6.127963117050722,58.5512779580457
TEA,1974,6.145013486439794,59.1691881450862
TEA,1975,6.191084181247656,59.9202862367276
TEA,1976,6.201000865097462,60.2891742701396
TEA,1977,6.2570997625917855,61.3548956813247
TEA,1978,6.329214964635758,61.9489305698585
TEA,1979,6.38122881257829,62.6296880332687
TEA,1980,6.437908304847374,63.1567595252831
TEA,1981,6.476561505415011,63.6459429118303
TEA,1982,6.521779217658087,64.1221435033479
TEA,1983,6.579030108982632,64.6034816651287
TEA,1984,6.65833622313735,65.0348840568245
TEA,1985,6.7185035413901115,65.4345332481052
TEA,1986,6.770807058031942,65.7880180578551
TEA,1987,6.8412921286177495,66.1705125087584
TEA,1988,6.917134309100618,66.515794255539
TEA,1989,6.955720844149938,66.8586401713104
TEA,1990,6.989691404167944,67.1059418173639
TEA,1991,7.052220967226725,67.5238103908208
TEA,1992,7.144518882137429,67.9602940182907
TEA,1993,7.237973248191924,68.3913925018719
TEA,1994,7.328482363711385,68.6976175849428
TEA,1995,7.409984427489982,69.1413699380372
TEA,1996,7.4843228068913445,69.5404594603161
TEA,1997,7.543184088686506,69.9134519791432
TEA,1998,7.560871761586679,70.2501544733824
TEA,1999,7.612544834013735,70.5482866109716
TEA,2000,7.676870116712528,70.8650826611101
TEA,2001,7.7349413544418475,71.2077369930428
TEA,2002,7.804345558561942,71.534352902059
TEA,2003,7.882209051278209,71.8352733706059
TEA,2004,7.961657013283262,71.8921244592524
TEA,2005,8.049325056833268,72.440234089532
TEA,2006,8.1463360615131,72.698344733116
TEA,2007,8.255748376660847,73.0450331089394
TEA,2008,8.330837521725606,72.9707321912267
TEA,2009,8.400390591312416,73.5161019563418
TEA,2010,8.48727787519808,73.8065980873171
TEA,2011,8.561774771874742,74.0266932049917
TEA,2012,8.626050090431278,74.2971126258118
TEA,2013,8.688040718193403,74.5190033698096
TEA,2014,8.747728579206017,74.7479822020749
TEA,2015,8.80455538371733,74.9777768374826
TEA,2016,8.860096237572284,75.1832269955477
TEA,2017,8.917019618680712,75.2671640185859
TEA,2018,8.973895934592088,75.6101241544348
TEA,2019,9.025557510225878,75.8042877234534
TEA,2020,9.034368394558498,75.7338497054699
TEA,2021,9.10559278666746,75.3009806060199
TEA,2022,9.138135639146999,75.9610347461336
TEA,2023,9.187560922182826,75.9085643603807
TEA,2024,9.234251120435308,75.9869566179365
TEC,1989,8.605183031823747,69.0030726912282
TEC,1990,8.584217904325346,68.8738472388555
TEC,1991,8.51858609903873,68.6301496300886
TEC,1992,8.414396450480172,67.7190874221605
TEC,1993,8.363904998344209,66.9975364612732
TEC,1994,8.27382666070315,66.967721554268
TEC,1995,8.271922750675174,67.1259517928607
TEC,1996,8.280528732687323,67.6689839886607
TEC,1997,8.308561790472869,68.1346709972974
TEC,1998,8.30130279197781,68.476548332671
TEC,1999,8.326130658534284,68.1082557500204
TEC,2000,8.397807672100909,68.3665797468115
TEC,2001,8.424789474317047,68.5080250387666
TEC,2002,8.474161923547765,68.5629095629382
TEC,2003,8.533949129387397,68.6968166323048
TEC,2004,8.609217403080226,69.0029078332647
TEC,2005,8.673054651512803,69.1399718973032
TEC,2006,8.747920074480932,69.6987479861711
TEC,2007,8.82151554978098,70.1803431982885
TEC,2008,8.863074072741577,70.5451641405676
TEC,2009,8.811582268083676,71.0832338433596
TEC,2010,8.853775259421779,71.4358973425353
TEC,2011,8.90661268389067,71.9266644042886
TEC,2012,8.93600626118038,72.3336150257883
TEC,2013,8.96430099267345,72.7942035795041
TEC,2014,8.981953218858063,73.0389491798356
TEC,2015,8.991522981771082,73.3408132950813
TEC,2016,9.005347361555586,73.6902109808947
TEC,2017,9.043622077448129,74.1318681774556
TEC,2018,9.076841080334086,74.2976622013592
TEC,2019,9.100449900711387,74.590946255432
TEC,2020,9.083927432676443,73.1492512511888
TEC,2021,9.156586274134837,72.1506406826172
TEC,2022,9.18078557465128,74.1883654842503
TEC,2023,9.223483750815204,74.6977324805541
TEC,2024,9.259997796023475,74.965455732724
TGO,1960,6.10778564079006,43.536
TGO,1961,6.205083906237397,43.746
TGO,1962,6.224520690959167,44.001
TGO,1963,6.254946812721293,44.274
TGO,1964,6.369213453255502,44.6
TGO,1965,6.4930588958925215,44.917
TGO,1966,6.5625416942663675,45.228
TGO,1967,6.5953391345242895,45.615
TGO,1968,6.623269817156036,46.022
TGO,1969,6.681116453795931,46.354
TGO,1970,6.655444032529173,46.782
TGO,1971,6.623240240058573,47.232
TGO,1972,6.668284987593698,47.692
TGO,1973,6.679733707375246,48.138
TGO,1974,6.701751641264496,48.593
TGO,1975,6.701416223012486,49.046
TGO,1976,6.656748815309725,49.509
TGO,1977,6.7003346885018065,50.163
TGO,1978,6.781197943740292,50.902
TGO,1979,6.702823621132729,51.515
TGO,1980,6.810906155733052,52.146
TGO,1981,6.746142613907338,52.781
TGO,1982,6.681509769113451,53.273
TGO,1983,6.6020185793556125,53.772
TGO,1984,6.632410433317351,54.101
TGO,1985,6.658287811209012,54.372
TGO,1986,6.642658347394644,54.624
TGO,1987,6.61748634152239,54.831
TGO,1988,6.651666174208142,54.911
TGO,1989,6.661814484034008,54.742
TGO,1990,6.630113500336777,54.566
TGO,1991,6.594264092938695,54.263
TGO,1992,6.525287540882969,54.084
TGO,1993,6.373048347260606,53.858
TGO,1994,6.508497016077798,53.731
TGO,1995,6.5325455897944,53.708
TGO,1996,6.57420052214799,53.829
TGO,1997,6.674702428882279,53.855
TGO,1998,6.626331274149811,53.963
TGO,1999,6.626082894825122,54.318
TGO,2000,6.593247791251305,54.587
TGO,2001,6.576586803777392,54.757
TGO,2002,6.589370352437961,55.044
TGO,2003,6.629464756948232,55.312
TGO,2004,6.595248675782378,55.608
TGO,2005,6.522806013588114,55.931
TGO,2006,6.520459446433818,56.154
TGO,2007,6.477044177781507,56.395
TGO,2008,6.484477548449603,56.663
TGO,2009,6.50529010132219,56.94
TGO,2010,6.530898305932091,57.24
TGO,2011,6.560241328748071,57.624
TGO,2012,6.598077877003362,57.953
TGO,2013,6.633110006881569,58.356
TGO,2014,6.667703841119657,58.776
TGO,2015,6.7018309681655035,59.23
TGO,2016,6.7249850407309895,59.677
TGO,2017,6.747276301039784,60.145
TGO,2018,6.776008351441888,60.608
TGO,2019,6.8025798600127185,61.061
TGO,2020,6.802115615872228,61.14
TGO,2021,6.83335612810928,61.337
TGO,2022,6.877848471291393,62.292
TGO,2023,6.91892357354134,62.74
TGO,2024,6.960173650997055,62.935
THA,1960,6.384292871517116,50.608
THA,1961,6.407219190434907,51.065
THA,1962,6.45044362196855,51.444
THA,1963,6.497610788359647,51.988
THA,1964,6.533813993573939,52.539
THA,1965,6.58256834199172,53.131
THA,1966,6.658402468999732,53.729
THA,1967,6.71182046663836,54.316
THA,1968,6.761129574240538,54.977
THA,1969,6.796417060810928,55.705
THA,1970,6.876792559517456,56.47
THA,1971,6.897613241984704,57.1
THA,1972,6.912886637747974,57.746
THA,1973,6.983967883577591,58.323
THA,1974,7.002182701952782,59.031
THA,1975,7.026284304106783,59.713
THA,1976,7.09236109698574,60.371
THA,1977,7.163884583422684,60.906
THA,1978,7.240062669101135,61.266
THA,1979,7.27138349929773,61.696
THA,1980,7.30120679200253,62.186
THA,1981,7.338518523078423,62.856
THA,1982,7.371125509535429,63.603
THA,1983,7.406098333196837,64.5
THA,1984,7.443037859466967,65.55
THA,1985,7.470011670308865,66.543
THA,1986,7.505989976273943,67.308
THA,1987,7.579556055975985,67.833
THA,1988,7.687269856386003,68.194
THA,1989,7.785833096493278,68.557
THA,1990,7.875316795154772,68.924
THA,1991,7.94114152845319,69.132
THA,1992,8.00297978682566,69.353
THA,1993,8.066834395380921,69.568
THA,1994,8.129024592335266,69.661
THA,1995,8.192828445667832,69.757
THA,1996,8.23399800962009,69.94
THA,1997,8.19273882594483,70.362
THA,1998,8.10027075319704,70.703
THA,1999,8.132438349625003,70.979
THA,2000,8.164714183557189,71.205
THA,2001,8.188418323551389,71.52
THA,2002,8.238471975824611,71.775
THA,2003,8.29857821607332,72.101
THA,2004,8.350612275591972,72.1
THA,2005,8.383034699820561,72.894
THA,2006,8.423217621027346,73.341
THA,2007,8.468143081239914,73.779
THA,2008,8.477571297301573,74.221
THA,2009,8.463255730115991,74.669
THA,2010,8.528994773648948,75.012
THA,2011,8.531142920325157,75.302
THA,2012,8.594872208146699,75.59
THA,2013,8.615519117762524,75.96
THA,2014,8.620014364522413,76.279
THA,2015,8.646263987300964,76.563
THA,2016,8.675526061571343,76.769
THA,2017,8.712224153308563,76.989
THA,2018,8.75055626255621,77.19
THA,2019,8.769435276762746,77.197
THA,2020,8.70490394139797,77.331
THA,2021,8.71917197037036,77.606
THA,2022,8.745096995393986,75.291
THA,2023,8.767794856441542,76.412
THA,2024,8.797334714252285,76.564
TJK,1985,7.256768703933883,60.973
TJK,1986,7.258554378305016,61.83
TJK,1987,7.21210160145389,61.582
TJK,1988,7.307251873888456,61.839
TJK,1989,7.21071015108812,61.736
TJK,1990,7.1800295179518105,61.636
TJK,1991,7.080341780771511,61.679
TJK,1992,6.718514098263055,57.085
TJK,1993,6.526095452317992,55.512
TJK,1994,6.26918760031005,60.093
TJK,1995,6.1156810334352825,61.389
TJK,1996,5.913326999629651,60.806
TJK,1997,5.917982802683192,61.928
TJK,1998,5.963810028227272,62.404
TJK,1999,5.994974335059739,63.114
TJK,2000,6.062708585114621,63.542
TJK,2001,6.134874600418972,64.197
TJK,2002,6.2182187052716,64.898
TJK,2003,6.3033357148126825,65.874
TJK,2004,6.381743445205455,66.604
TJK,2005,6.4270282835515395,66.531
TJK,2006,6.475684347223267,66.997
TJK,2007,6.531578405336905,67.405
TJK,2008,6.587805479901928,67.924
TJK,2009,6.605585942424534,68.248
TJK,2010,6.647174759706793,68.37
TJK,2011,6.696253979329011,68.698
TJK,2012,6.744670402109575,69.13
TJK,2013,6.791089300172851,69.579
TJK,2014,6.830842875064628,69.697
TJK,2015,6.863715938235779,69.665
TJK,2016,6.90510438301683,69.982
TJK,2017,6.949150470067212,70.524
TJK,2018,6.998327161512598,70.737
TJK,2019,7.046078593223498,70.962
TJK,2020,7.066382730073155,68.605
TJK,2021,7.1341495377555555,69.594
TJK,2022,7.18973772908326,71.562
TJK,2023,7.249291488892838,71.79
TJK,2024,7.310776158362432,71.927
TKM,1987,7.881283930262051,63.531
TKM,1988,7.955440651164971,63.699
TKM,1989,7.8834023520145795,63.782
TKM,1990,8.159917838958055,63.867
TKM,1991,8.087736587619533,63.842
TKM,1992,7.902850504587849,63.753
TKM,1993,7.895745769394051,63.586
TKM,1994,7.685117699446387,63.515
TKM,1995,7.5924485481362725,63.514
TKM,1996,7.6401220126955325,63.538
TKM,1997,7.5021283125070255,63.667
TKM,1998,7.553852066195069,63.966
TKM,1999,7.688226916822714,64.475
TKM,2000,7.721526966942266,64.931
TKM,2001,7.744015112527544,65.325
TKM,2002,7.7266661173477775,65.593
TKM,2003,7.73923225648298,65.854
TKM,2004,7.768838498595856,66.055
TKM,2005,7.872543395744948,66.275
TKM,2006,7.958063569785301,66.574
TKM,2007,8.044298755871857,67.02
TKM,2008,8.162374961844185,67.584
TKM,2009,8.201846115623278,68.155
TKM,2010,8.26938341496763,68.608
TKM,2011,8.385521510449951,68.87
TKM,2012,8.468561714481737,68.961
TKM,2013,8.543083305892582,68.968
TKM,2014,8.618937466687377,69.001
TKM,2015,8.658605580417193,69.061
TKM,2016,8.696088263947289,69.142
TKM,2017,8.735753395638342,69.19
TKM,2018,8.77340474505794,69.272
TKM,2019,8.812742714394158,69.405
TKM,2020,8.84856409962643,68.846
TKM,2021,8.88801355572274,69.353
TKM,2022,8.929203899507812,69.913
TKM,2023,8.972078817093303,70.073
TKM,2024,9.015501512945768,70.201
TLA,1960,8.111670033305025,54.6237085193975
TLA,1961,8.141811209129568,55.1363024542024
TLA,1962,8.156850379838566,55.5675547239002
TLA,1963,8.148539870709195,55.995315866524
TLA,1964,8.192833763990683,56.4236324944455
TLA,1965,8.218911696754397,56.8662411157393
TLA,1966,8.237915261955113,57.3875571829013
TLA,1967,8.252598439235042,57.8107219559415
TLA,1968,8.29583770316542,58.1390275513471
TLA,1969,8.333186942331217,58.4343913931253
TLA,1970,8.372000618546842,58.4817746121117
TLA,1971,8.411568631227462,59.3291335206113
TLA,1972,8.45485901207309,59.7683128893455
TLA,1973,8.508287984815244,60.2358760845068
TLA,1974,8.545524271401339,60.6517494551239
TLA,1975,8.557543455626568,61.2132194951468
TLA,1976,8.587504799773708,61.5676060333154
TLA,1977,8.611140898546267,62.1678462793967
TLA,1978,8.630125890835684,62.596503998235
TLA,1979,8.676548137634164,62.9439421052639
TLA,1980,8.716917019998693,63.2976205577304
TLA,1981,8.703266987364087,63.7212920606903
TLA,1982,8.678844621674473,64.0422301955847
TLA,1983,8.629587459214937,64.6036008444099
TLA,1984,8.644804503426732,64.9849732670039
TLA,1985,8.65390462205802,65.195270981529
TLA,1986,8.668743058198299,65.8553153971701
TLA,1987,8.68213008425474,66.2164162447607
TLA,1988,8.668101346063036,66.5902292868949
TLA,1989,8.659708268462323,66.9557980877174
TLA,1990,8.640206246408288,67.2980432149088
TLA,1991,8.656162039915573,67.6211130708918
TLA,1992,8.66657905037429,67.9012759219107
TLA,1993,8.693450252586311,68.2498924640737
TLA,1994,8.72599551067437,68.6306176493055
TLA,1995,8.717058176713543,69.025435617002
TLA,1996,8.73855585601422,69.4079548533645
TLA,1997,8.776061871481419,69.8050183106203
TLA,1998,8.788509897063026,70.0034671535312
TLA,1999,8.7759107212978,70.394156669931
TLA,2000,8.796301854671057,70.7184102333167
TLA,2001,8.785167798705109,70.9952366364032
TLA,2002,8.77316181147935,71.4081069056409
TLA,2003,8.782431921767191,71.7199407794109
TLA,2004,8.824573691235472,72.0585594152496
TLA,2005,8.853280886713037,72.4275917225936
TLA,2006,8.893436739174945,72.7029489273067
TLA,2007,8.934558282927235,72.9337716205704
TLA,2008,8.960554797940384,73.133810817189
TLA,2009,8.92524631700143,73.3248238756312
TLA,2010,8.976287760223558,73.2840381673624
TLA,2011,9.009874833186027,73.8112572375492
TLA,2012,9.025764021678485,74.0531427389642
TLA,2013,9.042740941822336,74.2726524054357
TLA,2014,9.044688735188801,74.4642031483392
TLA,2015,9.036468986328282,74.6505904118153
TLA,2016,9.019173854141032,74.5894794269073
TLA,2017,9.025844659322312,74.7614101353626
TLA,2018,9.029934193093458,74.9760978010797
TLA,2019,9.024544392723122,75.1319711493442
TLA,2020,8.947016800811946,73.0747493617473
TLA,2021,9.011219777143399,71.7449274626405
TLA,2022,9.045378992735854,74.5684293540859
TLA,2023,9.060804770913416,75.5699258379688
TLA,2024,9.07618338774997,75.7447305457286
TLS,1990,6.4507586751972,45.185
TLS,1991,6.529229813352781,45.076
TLS,1992,6.602033665501397,46.19
TLS,1993,6.67190723811075,47.008
TLS,1994,6.713032048084226,47.861
TLS,1995,6.750083960483116,47.543
TLS,1996,6.7994577114831865,48.26
TLS,1997,6.811152486673836,48.968
TLS,1998,6.763690175949825,48.583
TLS,1999,6.447421406638976,45.246
TLS,2000,7.018906862157903,58.097
TLS,2001,7.084015135421342,58.772
TLS,2002,6.935498778466239,59.477
TLS,2003,6.871425849240624,60.13
TLS,2004,6.862203939853502,60.743
TLS,2005,6.871118902293307,61.272
TLS,2006,6.799695304919372,61.881
TLS,2007,6.868856914442838,62.396
TLS,2008,6.949730228846686,62.858
TLS,2009,7.021170553829426,63.265
TLS,2010,7.086219972659028,63.66
TLS,2011,7.120835429988011,64.022
TLS,2012,7.146312461799203,64.384
TLS,2013,7.156120973626996,64.719
TLS,2014,7.180043172342836,65.027
TLS,2015,7.18507861477971,65.326
TLS,2016,7.195681231825078,65.61
TLS,2017,7.1444755295471,65.898
TLS,2018,7.12060656401165,66.204
TLS,2019,7.318040407402116,66.496
TLS,2020,7.574476330616807,66.919
TLS,2021,7.608781534181727,66.199
TLS,2022,7.364997100923941,67.368
TLS,2023,7.153998935841084,67.689
TLS,2024,7.046837764510946,67.904
TMN,1960,6.926646718506102,43.4132691936275
TMN,1961,6.938007376929625,44.1901236960878
TMN,1962,6.938180714946347,44.6818278051315
TMN,1963,7.018383320768747,45.7147486310035
TMN,1964,7.088854981109734,46.4765810322621
TMN,1965,7.177614310397148,47.0827464675414
TMN,1966,7.2196687374350255,47.8638222252998
TMN,1967,7.265076381513483,48.5220142283659
TMN,1968,7.354475590845091,49.1206749502756
TMN,1969,7.4313433825141635,49.8104905207651
TMN,1970,7.487068655440817,50.4288464604734
TMN,1971,7.513994811165279,49.7207505731107
TMN,1972,7.599245253843454,51.5964140713434
TMN,1973,7.624782802065991,52.0852184715503
TMN,1974,7.6680988762912765,52.6754004537141
TMN,1975,7.669819732794671,53.241892897475
TMN,1976,7.781351817920554,53.7369267532141
TMN,1977,7.768597546023821,54.6943820299513
TMN,1978,7.720413544787135,55.1315666869342
TMN,1979,7.685397561863447,56.0270274264862
TMN,1980,7.621319179980378,56.5268479659775
TMN,1981,7.576152108037777,56.8378946741224
TMN,1982,7.649092268653761,57.2532226400129
TMN,1983,7.664377081861706,58.3124515698044
TMN,1984,7.63451805083088,58.9549368285972
TMN,1985,7.645808571671225,59.5039633453074
TMN,1986,7.597039801377667,60.1307379648158
TMN,1987,7.576905800189078,60.6506835404093
TMN,1988,7.565311628026604,61.0276496492712
TMN,1989,7.563768235431565,61.7427304403537
TMN,1990,7.628973127902712,61.8297161964841
TMN,1991,7.613051919790636,62.6362276004953
TMN,1992,7.634171788874515,63.089753921278
TMN,1993,7.622794848930552,63.4463230673086
TMN,1994,7.620364073275942,63.5925284748733
TMN,1995,7.624980660902833,63.8697421757794
TMN,1996,7.659459703371648,64.1739479085054
TMN,1997,7.66962146828208,64.4229011265335
TMN,1998,7.698610052506311,64.7871175627443
TMN,1999,7.7165506118566976,65.2399180377491
TMN,2000,7.75124894482133,65.6072409047927
TMN,2001,7.75869883778336,65.9712698137957
TMN,2002,7.77024373315874,66.3239554028688
TMN,2003,7.7741280956568,66.4165076290855
TMN,2004,7.824957224956752,66.8602521893277
TMN,2005,7.85024503996146,66.8201250398649
TMN,2006,7.880526993519712,67.3526959987589
TMN,2007,7.915424156231746,67.6216572647968
TMN,2008,7.927678360931903,67.9635063066435
TMN,2009,7.933217469091321,68.2479599816693
TMN,2010,7.958747761155682,68.4594967501144
TMN,2011,7.933442803520113,68.6299635824863
TMN,2012,7.948190044780203,68.6578262057094
TMN,2013,7.940048532043843,68.8786484698568
TMN,2014,7.945523663918335,69.147274936726
TMN,2015,7.939332405781223,69.2515348606398
TMN,2016,7.97688777430658,69.4961826399098
TMN,2017,7.993742066647406,69.7772409464567
TMN,2018,7.997001479495092,70.0368444388331
TMN,2019,7.993055502122951,70.3800917806817
TMN,2020,7.949725403967944,69.0090964026373
TMN,2021,7.974926703620489,68.8931032282321
TMN,2022,8.000333625969581,70.965432550888
TMN,2023,8.011815322384598,71.3194560888195
TMN,2024,8.018810825568755,71.5035205544959
TON,1981,7.859028644653006,66.357
TON,1982,7.904626728623839,66.327
TON,1983,7.924073124526058,66.652
TON,1984,7.941389310673488,66.806
TON,1985,8.004974145305004,66.928
TON,1986,8.025674124010635,67.058
TON,1987,8.051366119054332,67.189
TON,1988,8.026358276136822,67.321
TON,1989,8.025874137994036,67.445
TON,1990,8.002238033354812,67.539
TON,1991,8.062459998042158,67.749
TON,1992,8.063706035353798,67.927
TON,1993,8.099595405147161,68.157
TON,1994,8.14730413461167,68.371
TON,1995,8.20713433568328,68.592
TON,1996,8.207564332902349,68.803
TON,1997,8.197569687582407,69.012
TON,1998,8.213169438752598,69.224
TON,1999,8.229464046689529,69.431
TON,2000,8.260153065951021,69.635
TON,2001,8.26903453511892,69.8
TON,2002,8.306716481642809,70.03
TON,2003,8.301570513679177,70.228
TON,2004,8.275901022524758,70.433
TON,2005,8.263608613272918,70.56
TON,2006,8.236221483545505,70.71
TON,2007,8.206827922734997,70.887
TON,2008,8.251560029471865,71.041
TON,2009,8.197197538884085,70.949
TON,2010,8.203571763370814,71.319
TON,2011,8.266875771601743,71.437
TON,2012,8.277054454561458,71.546
TON,2013,8.28454708587763,71.65
TON,2014,8.308646546131104,71.721
TON,2015,8.324555438555482,71.851
TON,2016,8.393853061750836,71.951
TON,2017,8.42696753042795,72.066
TON,2018,8.430231199168663,72.169
TON,2019,8.426409271765566,72.292
TON,2020,8.443978797453674,72.379
TON,2021,8.436612193869511,72.13
TON,2022,8.419352794915953,72.635
TON,2023,8.45111751220694,72.895
TON,2024,8.472179925565285,73.07
TSA,1960,5.803913104183449,45.5847588043855
TSA,1961,5.818889614566265,45.8783720172752
TSA,1962,5.8270131698279135,46.2503760431791
TSA,1963,5.850829517903878,46.5383740922089
TSA,1964,5.90179629296191,46.9081118471866
TSA,1965,5.859850194717583,45.8384667855239
TSA,1966,5.843869518069105,46.3047754098716
TSA,1967,5.88174919096186,46.625128808535
TSA,1968,5.900808530579499,48.1648330098961
TSA,1969,5.935366650059902,48.4984203842372
TSA,1970,5.962705175627248,48.1392393573673
TSA,1971,5.947468494160802,46.6849157165649
TSA,1972,5.904101177431432,49.4510270246545
TSA,1973,5.914261792788531,49.8567012037096
TSA,1974,5.91359583093458,50.3588160401222
TSA,1975,5.960443461005152,50.9170029754766
TSA,1976,5.958597876831984,51.4312144791619
TSA,1977,5.9988946337212825,51.9303839573028
TSA,1978,6.032529605488149,52.4943779205513
TSA,1979,5.973071548331033,53.0633065883042
TSA,1980,6.006378228487136,53.6107546114151
TSA,1981,6.042673407022942,54.1561519201744
TSA,1982,6.052094502048144,54.6883182010921
TSA,1983,6.0929692853006685,55.2088462287673
TSA,1984,6.109752016780943,55.7095935881379
TSA,1985,6.1360386331327375,56.1693922205464
TSA,1986,6.159059605179211,56.6763008968854
TSA,1987,6.174113636478754,57.1271988267727
TSA,1988,6.233742560119167,57.5562821301481
TSA,1989,6.265042007445219,57.9676675968098
TSA,1990,6.297734605981286,58.406615379707
TSA,1991,6.2915242429120415,58.5496193401874
TSA,1992,6.323186381099627,59.2393230868812
TSA,1993,6.349518620651661,59.6399172274896
TSA,1994,6.3910228383368874,60.0784359785787
TSA,1995,6.4405604366470435,60.4870544448028
TSA,1996,6.48909951577257,60.9188482954284
TSA,1997,6.5107911778496215,61.3682134088457
TSA,1998,6.549618253260998,61.8215419198501
TSA,1999,6.609504588645228,62.2946275399582
TSA,2000,6.630859059436557,62.8036305165364
TSA,2001,6.657185594438084,63.2621106390743
TSA,2002,6.676564172780308,63.7751981046195
TSA,2003,6.731740217814579,64.2408303344517
TSA,2004,6.788062660467032,64.5911610689622
TSA,2005,6.846060613119133,65.131596636791
TSA,2006,6.9070906134933,65.5691020177667
TSA,2007,6.965379024166913,65.9890229742236
TSA,2008,6.985917701210225,66.4314116387286
TSA,2009,7.043563599164361,66.84109704634
TSA,2010,7.108668133350014,67.3525068406787
TSA,2011,7.148404812920183,67.8108394834024
TSA,2012,7.190307521732884,68.2629615309516
TSA,2013,7.238642073394188,68.6853288301062
TSA,2014,7.296560217245272,69.1208563538772
TSA,2015,7.359175695279962,69.5110334122263
TSA,2016,7.424376534214191,69.9184707063298
TSA,2017,7.478883353031486,70.2904723380061
TSA,2018,7.530330373727533,70.6523573971364
TSA,2019,7.560287247319712,70.9975623145981
TSA,2020,7.499418007673177,70.3622206982499
TSA,2021,7.579432548120324,67.8215299767513
TSA,2022,7.639979393318186,72.0115731308447
TSA,2023,7.696822675884012,72.3247648783903
TSA,2024,7.753348653266446,72.5599614464264
TSS,1960,7.054352000660054,41.4298887419235
TSS,1961,7.041032589725699,41.7287336393242
TSS,1962,7.075237110776584,42.2375875851933
TSS,1963,7.1109918608949485,42.5168097817683
TSS,1964,7.1342601438098585,42.851061616964
TSS,1965,7.154458085786317,43.1163456170998
TSS,1966,7.1488817999170715,43.2225535310726
TSS,1967,7.115295247292311,43.5433041786027
TSS,1968,7.119816716661172,44.0311217727929
TSS,1969,7.179337733094227,44.3078123683868
TSS,1970,7.2276128636484165,44.7688242080293
TSS,1971,7.274980212485953,45.0893747845113
TSS,1972,7.277256780088097,45.1788398630682
TSS,1973,7.291759980690924,45.7353803765767
TSS,1974,7.33616598439968,45.9723917006399
TSS,1975,7.3056585267443,46.3246657561344
TSS,1976,7.327888564132544,47.0028226201489
TSS,1977,7.327323193953759,47.4263006038962
TSS,1978,7.296467745972112,47.7109520289001
TSS,1979,7.304997128946977,48.1540302095526
TSS,1980,7.31218057678955,48.5418535475006
TSS,1981,7.274081739012266,48.8187809473372
TSS,1982,7.231135549154424,49.1026657246553
TSS,1983,7.175777984411307,48.3803753646478
TSS,1984,7.16942161584216,48.5090821624137
TSS,1985,7.160335297950163,48.8043934317486
TSS,1986,7.149975319899624,49.211060856302
TSS,1987,7.149969642918308,49.8857334183292
TSS,1988,7.165306108172631,49.8652660940308
TSS,1989,7.159969885978763,50.1485882902878
TSS,1990,7.154487067864888,50.0338461441483
TSS,1991,7.131281701252339,49.93000144535
TSS,1992,7.099350758172777,49.8987833289639
TSS,1993,7.0614778999717425,50.1802046800686
TSS,1994,7.045115968972822,50.1180871731901
TSS,1995,7.051327528480454,50.4933944156576
TSS,1996,7.074698107973685,50.4499440601937
TSS,1997,7.08831880629604,50.6224175104891
TSS,1998,7.086614447237592,50.5644729043157
TSS,1999,7.0815250263143055,51.0055525880133
TSS,2000,7.088751251163244,51.6437803457957
TSS,2001,7.103286891605131,51.9857897497051
TSS,2002,7.13836594556212,52.3560404373729
TSS,2003,7.151767910015694,52.8261333445824
TSS,2004,7.189309036637969,53.3453281368772
TSS,2005,7.220354189840783,53.8922539208949
TSS,2006,7.251753897860976,54.589354695264
TSS,2007,7.284066475696845,55.2628174960913
TSS,2008,7.307084837358918,55.8870079518376
TSS,2009,7.3104481597149995,56.367784162949
TSS,2010,7.341756416227555,57.107097844285
TSS,2011,7.35637039706893,57.4734640185534
TSS,2012,7.361839050638793,58.2283469511484
TSS,2013,7.385855367342086,58.7182244214244
TSS,2014,7.404930458821257,58.985759679416
TSS,2015,7.4069055249673275,59.3988936826923
TSS,2016,7.393498275913925,59.8122443592399
TSS,2017,7.391960773159771,60.1584852136877
TSS,2018,7.393039418481548,60.7668941967258
TSS,2019,7.392159709028645,61.129417043288
TSS,2020,7.332964357520018,61.1676740309985
TSS,2021,7.342852897453103,60.7030048050853
TSS,2022,7.357569930332131,61.8569116778883
TSS,2023,7.359725771812354,62.6027406477464
TSS,2024,7.37082216283517,62.8036817702073
TTO,1960,8.363944142657942,62.505
TTO,1961,8.473985167731099,62.965
TTO,1962,8.48147968029023,63.429
TTO,1963,8.517316404827202,63.633
TTO,1964,8.572992259548888,63.978
TTO,1965,8.563112553668805,64.195
TTO,1966,8.587369608525192,64.316
TTO,1967,8.593393405666884,64.471
TTO,1968,8.631154693487971,64.626
TTO,1969,8.646093442237975,64.753
TTO,1970,8.669902820095425,64.869
TTO,1971,8.669105191158184,64.934
TTO,1972,8.713070637167922,65.183
TTO,1973,8.716839716752519,65.412
TTO,1974,8.7417267937133,65.512
TTO,1975,8.744261940933747,65.647
TTO,1976,8.794229189576447,66.032
TTO,1977,8.869180640214882,66.17
TTO,1978,8.951914808641696,66.198
TTO,1979,8.974318940123675,66.422
TTO,1980,9.060521748891796,66.507
TTO,1981,9.093412872725645,66.459
TTO,1982,9.119493324513726,66.382
TTO,1983,8.99986770855707,66.44
TTO,1984,8.929968048994532,66.556
TTO,1985,8.875714847315624,66.748
TTO,1986,8.829189422075993,66.903
TTO,1987,8.770732020461967,67.135
TTO,1988,8.720363484373205,67.379
TTO,1989,8.702699107565511,67.518
TTO,1990,8.709170516938574,67.591
TTO,1991,8.731895201522669,67.782
TTO,1992,8.820549403974047,67.78
TTO,1993,8.806945838804806,67.825
TTO,1994,8.835864872916986,67.837
TTO,1995,8.867970311074988,67.995
TTO,1996,8.932448301787906,68.039
TTO,1997,9.001215949203575,68.143
TTO,1998,9.075974266564126,68.331
TTO,1999,9.149749364746869,68.509
TTO,2000,9.212639792972327,68.629
TTO,2001,9.249099834945124,68.874
TTO,2002,9.320625144978886,69.232
TTO,2003,9.450498387543242,69.454
TTO,2004,9.52202605138361,69.879
TTO,2005,9.620820747313195,70.185
TTO,2006,9.742216324802689,70.437
TTO,2007,9.784630788778655,70.797
TTO,2008,9.813851290504351,71.117
TTO,2009,9.767780314132555,71.404
TTO,2010,9.794681939670202,71.809
TTO,2011,9.783944113738583,72.232
TTO,2012,9.84350755418353,72.513
TTO,2013,9.872626071334645,72.785
TTO,2014,9.905113240397837,72.898
TTO,2015,9.897833235555126,72.882
TTO,2016,9.816350774580016,72.935
TTO,2017,9.764375791885625,72.984
TTO,2018,9.75299107088155,72.658
TTO,2019,9.754138090361735,72.836
TTO,2020,9.660138816138733,72.645
TTO,2021,9.652336300106647,71.111
TTO,2022,9.6621947006287,73.331
TTO,2023,9.67550524046458,73.49
TTO,2024,9.699686041800813,73.617
TUN,1961,7.259831756252378,44.257
TUN,1962,7.2006722582426015,45.562
TUN,1963,7.0739363412018665,46.412
TUN,1964,7.01197651557048,47.272
TUN,1965,6.970479526107657,48.204
TUN,1966,6.98471217754775,49.158
TUN,1967,6.963237889888318,50.157
TUN,1968,7.037592861198334,51.342
TUN,1969,7.058726029915276,52.297
TUN,1970,7.079363994358586,53.792
TUN,1971,7.15468551528657,54.906
TUN,1972,7.29270224819026,56.095
TUN,1973,7.260398906047995,57.115
TUN,1974,7.311774897780037,58.251
TUN,1975,7.354060723460136,59.306
TUN,1976,7.403226936103604,60.313
TUN,1977,7.410611352738305,61.256
TUN,1978,7.448404069080802,62.147
TUN,1979,7.488976839206475,62.929
TUN,1980,7.537608288773865,63.669
TUN,1981,7.568521272026188,64.374
TUN,1982,7.541567586858903,65.01
TUN,1983,7.5665304079878934,65.696
TUN,1984,7.599132533085808,66.294
TUN,1985,7.628124284710795,66.877
TUN,1986,7.588178187850475,67.429
TUN,1987,7.628390670790884,68.011
TUN,1988,7.605709765648831,68.456
TUN,1989,7.60104580173262,68.825
TUN,1990,7.656559632392753,69.092
TUN,1991,7.673785064027112,69.398
TUN,1992,7.727915872526003,69.684
TUN,1993,7.729577880034567,69.992
TUN,1994,7.742905920551176,70.363
TUN,1995,7.750439113326085,70.785
TUN,1996,7.805030067710601,71.247
TUN,1997,7.844456512813597,71.67
TUN,1998,7.878486839416766,72.067
TUN,1999,7.925363590538028,72.344
TUN,2000,7.960165514264062,72.604
TUN,2001,7.986756160286251,72.822
TUN,2002,7.989629636632078,73.07
TUN,2003,8.025591255588935,73.304
TUN,2004,8.076740040489113,73.519
TUN,2005,8.102264899943865,73.712
TUN,2006,8.144548943503654,73.888
TUN,2007,8.200321146745102,74.039
TUN,2008,8.232205694609082,74.192
TUN,2009,8.25198993185532,74.32
TUN,2010,8.270501101594988,74.438
TUN,2011,8.238732812238293,74.471
TUN,2012,8.268743678541677,74.599
TUN,2013,8.280859946094077,74.674
TUN,2014,8.299434999745554,74.784
TUN,2015,8.29777960932586,74.875
TUN,2016,8.297864588430892,75.007
TUN,2017,8.309629162962034,75.177
TUN,2018,8.32554105349651,75.37
TUN,2019,8.331653611011207,75.599
TUN,2020,8.229316010473173,75.004
TUN,2021,8.269381167382672,72.893
TUN,2022,8.29068036628246,76.05
TUN,2023,8.285849580407458,76.508
TUN,2024,8.2955999084834,76.711
TUR,1960,7.803635821254706,50.799
TUR,1961,7.787648858899043,51.558
TUR,1962,7.814867132229941,52.347
TUR,1963,7.87491474713285,53.12
TUR,1964,7.901849946887855,53.6
TUR,1965,7.904581700115924,54.105
TUR,1966,7.985446264018182,54.57
TUR,1967,8.00572037910958,55.183
TUR,1968,8.046036510922779,55.639
TUR,1969,8.061538793819183,56.179
TUR,1970,8.069869789401206,56.702
TUR,1971,8.10030407357824,57.223
TUR,1972,8.147927103526964,57.971
TUR,1973,8.156898047683109,58.455
TUR,1974,8.189188078011526,59.019
TUR,1975,8.237727181700524,59.513
TUR,1976,8.316802677679844,60.014
TUR,1977,8.329673372241299,60.846
TUR,1978,8.324409171094633,61.614
TUR,1979,8.2985206960996,62.161
TUR,1980,8.253760010072082,62.739
TUR,1981,8.281290717010862,63.194
TUR,1982,8.294925045427235,63.74
TUR,1983,8.319938203053496,64.269
TUR,1984,8.361912766274981,64.81
TUR,1985,8.381247485194805,65.344
TUR,1986,8.427729358717455,65.87
TUR,1987,8.497974660899756,66.379
TUR,1988,8.500945713284914,66.902
TUR,1989,8.484243124506792,67.365
TUR,1990,8.554138711431806,67.835
TUR,1991,8.54372169991728,68.287
TUR,1992,8.575803279034082,68.603
TUR,1993,8.632279361318833,69.018
TUR,1994,8.567088154093648,69.402
TUR,1995,8.62655426553595,69.734
TUR,1996,8.680616138824156,70.245
TUR,1997,8.737161502388393,70.668
TUR,1998,8.742141305637707,71.144
TUR,1999,8.697772733217068,70.752
TUR,2000,8.752464102488055,71.931
TUR,2001,8.683880414009694,72.271
TUR,2002,8.734190763569853,72.605
TUR,2003,8.778953084510617,72.906
TUR,2004,8.86243007717421,73.223
TUR,2005,8.938944478085427,73.51
TUR,2006,8.996963394379998,73.804
TUR,2007,9.04517480014172,74.129
TUR,2008,9.041677875708675,74.38
TUR,2009,8.977815592246035,74.679
TUR,2010,9.044590120376022,74.964
TUR,2011,9.134091859988523,74.823
TUR,2012,9.16830103943749,75.552
TUR,2013,9.23692864170461,76.171
TUR,2014,9.268418713657828,76.452
TUR,2015,9.31151057104938,76.539
TUR,2016,9.330752566421996,76.595
TUR,2017,9.39313231666067,77.037
TUR,2018,9.413689966269365,77.454
TUR,2019,9.412325250776597,77.737
TUR,2020,9.420491391349826,76.525
TUR,2021,9.52302754693335,75.722
TUR,2022,9.566165188242875,77.591
TUR,2023,9.611321116091183,77.156
TUR,2024,9.641799871950939,77.421
TUV,1970,7.7956208051341545,55.347
TUV,1971,7.775779734952325,55.971
TUV,1972,7.754856527521159,54.694
TUV,1973,7.737297177302679,57.197
TUV,1974,7.695857188686415,57.693
TUV,1975,7.63124962226577,58.253
TUV,1976,7.576911717944502,58.773
TUV,1977,7.495685829728947,59.201
TUV,1978,7.437458252685998,59.571
TUV,1979,7.401374389922976,59.879
TUV,1980,7.3699403574481614,60.217
TUV,1981,7.374122179935903,60.489
TUV,1982,7.181490129759,60.746
TUV,1983,7.251247153219022,60.938
TUV,1984,7.308801509101948,61.052
TUV,1985,7.2722208981626375,61.137
TUV,1986,7.4548293178383345,61.207
TUV,1987,7.551880956916903,61.286
TUV,1988,7.711002539286913,61.367
TUV,1989,7.674568306380164,61.506
TUV,1990,7.802015687269154,61.643
TUV,1991,7.822803482084497,61.809
TUV,1992,7.838064080253519,60.29
TUV,1993,7.868660267680187,62.11
TUV,1994,7.957706705954231,62.317
TUV,1995,7.898469064488383,62.505
TUV,1996,7.83034571346835,62.709
TUV,1997,7.919496590922195,62.942
TUV,1998,8.05819616443745,63.162
TUV,1999,8.037683780246875,63.346
TUV,2000,8.023348879576739,63.536
TUV,2001,8.02589010722684,63.709
TUV,2002,8.10193281563758,63.825
TUV,2003,8.049995886408512,63.897
TUV,2004,8.018530541630094,63.989
TUV,2005,7.967790830892157,64.096
TUV,2006,7.9691148568538175,64.247
TUV,2007,8.02343770359191,64.402
TUV,2008,8.073596687098851,64.516
TUV,2009,8.002283109642244,64.693
TUV,2010,7.962770933428219,64.834
TUV,2011,8.019759964899237,64.96
TUV,2012,7.976632882054534,65.079
TUV,2013,8.007868082381028,65.171
TUV,2014,8.025949393610462,65.278
TUV,2015,8.117511494300159,65.365
TUV,2016,8.167185530383367,65.51
TUV,2017,8.2049397789714,65.683
TUV,2018,8.229627279730089,65.871
TUV,2019,8.371727329932593,66.109
TUV,2020,8.35830596350977,66.357
TUV,2021,8.378216299270015,65.824
TUV,2022,8.282399022839465,66.852
TUV,2023,8.334656264325302,67.105
TUV,2024,8.385463070354724,67.259
TZA,1960,6.726823673726581,42.596
TZA,1961,6.709621077439342,42.841
TZA,1962,6.767676761233728,43.215
TZA,1963,6.799101654388412,43.616
TZA,1964,6.822801708681391,44.075
TZA,1965,6.835173691640713,44.542
TZA,1966,6.914690343217663,44.941
TZA,1967,6.937430574551847,45.163
TZA,1968,6.96597316962697,45.626
TZA,1969,6.9641620337152865,46.043
TZA,1970,6.305545717586624,46.495
TZA,1971,6.308949569655691,46.972
TZA,1972,6.341980748581918,47.436
TZA,1973,6.366056329699365,47.912
TZA,1974,6.350885077602952,48.422
TZA,1975,6.3536132370003795,48.922
TZA,1976,6.349763019822464,49.459
TZA,1977,6.314072236240415,49.969
TZA,1978,6.299390420240702,50.351
TZA,1979,6.290463000487409,50.791
TZA,1980,6.285873629601244,51.272
TZA,1981,6.245548185138994,51.703
TZA,1982,6.211352009657027,51.99
TZA,1983,6.174617044687467,52.178
TZA,1984,6.187700360301588,52.151
TZA,1985,6.167474328397872,52.184
TZA,1986,6.187917779464269,52.207
TZA,1987,6.202183020284377,52.182
TZA,1988,6.241967573836153,52.224
TZA,1989,6.252332801282967,52.09
TZA,1990,6.294425795806851,51.985
TZA,1991,6.289654307400644,51.837
TZA,1992,6.270575407399222,51.432
TZA,1993,6.251253570903689,51.215
TZA,1994,6.228456768712429,51.077
TZA,1995,6.232134457737911,51.005
TZA,1996,6.258305797886607,51.132
TZA,1997,6.272790632311894,51.246
TZA,1998,6.282945318819019,51.807
TZA,1999,6.303727390137189,52.399
TZA,2000,6.3195950946232795,53.244
TZA,2001,6.351583808915534,54.124
TZA,2002,6.394295471839875,54.94
TZA,2003,6.432490961549205,55.929
TZA,2004,6.477766725034891,56.836
TZA,2005,6.522168101946654,57.675
TZA,2006,6.557492229957155,58.512
TZA,2007,6.595124587865934,59.26
TZA,2008,6.623454771002537,59.896
TZA,2009,6.650187925974936,60.494
TZA,2010,6.68623455567777,61.127
TZA,2011,6.732209833496771,61.618
TZA,2012,6.747481715663585,62.286
TZA,2013,6.783111727579558,62.788
TZA,2014,6.817624005549459,63.364
TZA,2015,6.844951060363835,63.928
TZA,2016,6.877457015173844,64.404
TZA,2017,6.909313025026465,64.963
TZA,2018,6.931486706649624,65.488
TZA,2019,6.958226507050118,66.007
TZA,2020,6.948186454955274,66.771
TZA,2021,6.960648690204736,66.131
TZA,2022,6.975960812605172,66.879
TZA,2023,6.99655717646314,66.995
TZA,2024,7.0217749486489875,67.212
UGA,1982,5.8838968350153245,43.309
UGA,1983,5.914961295913088,43.489
UGA,1984,5.884743056997886,43.706
UGA,1985,5.8230398168632185,45.496
UGA,1986,5.797814631283946,45.651
UGA,1987,5.8056948768200884,47.36
UGA,1988,5.853276135824431,47.476
UGA,1989,5.882681197235681,47.488
UGA,1990,5.913068551778414,47.561
UGA,1991,5.9343133488812825,47.549
UGA,1992,5.933860891366185,47.671
UGA,1993,5.979300739973377,47.681
UGA,1994,6.007810968206797,47.675
UGA,1995,6.0895576717635285,47.706
UGA,1996,6.149382192183349,47.759
UGA,1997,6.170134996691269,48.026
UGA,1998,6.188282556724227,48.263
UGA,1999,6.2333423023227805,48.977
UGA,2000,6.232836061467779,49.64
UGA,2001,6.252783164867614,50.576
UGA,2002,6.305189549792256,51.443
UGA,2003,6.336330987890149,52.414
UGA,2004,6.372192002124185,53.699
UGA,2005,6.404244193731566,54.926
UGA,2006,6.477388493014676,56.118
UGA,2007,6.528750354712275,57.248
UGA,2008,6.582807612463694,58.253
UGA,2009,6.619196643174824,59.157
UGA,2010,6.64460202250046,59.959
UGA,2011,6.705046957019458,60.791
UGA,2012,6.713661259823246,61.579
UGA,2013,6.7202064876474275,62.353
UGA,2014,6.74049414036517,63.057
UGA,2015,6.760338918057234,63.831
UGA,2016,6.773821943462781,64.494
UGA,2017,6.769749755220039,65.174
UGA,2018,6.796907656488682,65.775
UGA,2019,6.82539391193632,66.354
UGA,2020,6.821145674105173,66.41
UGA,2021,6.82372310544711,66.45
UGA,2022,6.8385060064527,67.675
UGA,2023,6.862491975261556,68.252
UGA,2024,6.893747775741977,68.487
UKR,1987,8.052512868201847,71.179
UKR,1988,8.073802585688396,71.04
UKR,1989,8.108078707820951,70.839
UKR,1990,8.039902450548647,70.354
UKR,1991,7.9466404565654445,69.688
UKR,1992,7.839467597827163,68.947
UKR,1993,7.685810939329714,68.287
UKR,1994,7.430994235783187,67.534
UKR,1995,7.308798679117615,67.114
UKR,1996,7.211979790866068,67.097
UKR,1997,7.190131767256722,67.658
UKR,1998,7.178998186716614,67.993
UKR,1999,7.185033319040957,68.004
UKR,2000,7.250793523722175,67.786
UKR,2001,7.344252744095522,67.675
UKR,2002,7.405058637626521,67.699
UKR,2003,7.50343214803933,67.638
UKR,2004,7.621902872289646,67.472
UKR,2005,7.660397767452958,67.517
UKR,2006,7.739852039091524,67.49
UKR,2007,7.82338661381434,67.715
UKR,2008,7.850763534582072,68.262
UKR,2009,7.69082093291978,69.159
UKR,2010,7.734529901630858,70.188
UKR,2011,7.790746009086028,70.711
UKR,2012,7.794382133758643,71.09
UKR,2013,7.7966403878830555,71.474
UKR,2014,7.744415425280027,71.803
UKR,2015,7.647057668097867,72.686
UKR,2016,7.676048432128427,73.389
UKR,2017,7.704249768417747,73.993
UKR,2018,7.744425577293742,73.569
UKR,2019,7.782423016096244,73.92
UKR,2020,7.751091339741339,73.283
UKR,2021,7.794251450357203,71.631
UKR,2022,7.53618416964291,72.658
UKR,2023,7.67983434916351,73.422
UKR,2024,7.707987634580502,74.692
URY,1960,8.799991956046433,67.683
URY,1961,8.812013572717031,67.81
URY,1962,8.784017759900266,67.911
URY,1963,8.77404063177002,68.023
URY,1964,8.78700456054876,68.112
URY,1965,8.78691234191124,68.2
URY,1966,8.80725448054449,68.302
URY,1967,8.760945052057489,68.407
URY,1968,8.771518893128647,68.514
URY,1969,8.821504425239386,68.581
URY,1970,8.838518673775184,68.734
URY,1971,8.830404571213194,68.926
URY,1972,8.811725957302794,69.169
URY,1973,8.808999832240492,69.348
URY,1974,8.83163418402744,69.524
URY,1975,8.884398792104596,69.705
URY,1976,8.916380852127375,69.887
URY,1977,8.924600768597003,70.081
URY,1978,8.971375315321424,70.265
URY,1979,9.026683228733068,70.255
URY,1980,9.079383296917015,70.505
URY,1981,9.091040229756565,70.952
URY,1982,8.984242304406497,71.528
URY,1983,8.871373046764433,71.595
URY,1984,8.855304421894015,71.708
URY,1985,8.865029340084432,71.861
URY,1986,8.944234735278734,72.187
URY,1987,9.01552586120493,72.196
URY,1988,9.024320967919593,72.408
URY,1989,9.029354282802691,72.628
URY,1990,9.026460309927904,72.994
URY,1991,9.055470849610224,73.198
URY,1992,9.126257562987211,73.185
URY,1993,9.14719920909749,73.147
URY,1994,9.21227329511559,73.162
URY,1995,9.192471348027704,73.493
URY,1996,9.241471021431476,73.812
URY,1997,9.31819585775088,73.92
URY,1998,9.357462050652947,74.029
URY,1999,9.337597205686361,74.293
URY,2000,9.314369788239542,74.693
URY,2001,9.272710049302109,74.987
URY,2002,9.190828375699178,74.979
URY,2003,9.198141957262543,75.086
URY,2004,9.246373967265198,75.319
URY,2005,9.317525086780893,75.829
URY,2006,9.356557136243545,75.888
URY,2007,9.418206433316357,76.15
URY,2008,9.485380593016586,76.275
URY,2009,9.52454612643267,76.67
URY,2010,9.597123928699771,76.691
URY,2011,9.644975610857257,76.614
URY,2012,9.677171329777222,76.691
URY,2013,9.719528985074962,76.953
URY,2014,9.748121594509515,77.194
URY,2015,9.748347314592769,77.285
URY,2016,9.761764701294066,77.351
URY,2017,9.776313263788442,77.618
URY,2018,9.776162241116287,77.527
URY,2019,9.784616086291907,77.503
URY,2020,9.707677239541228,78.381
URY,2021,9.765144903261541,75.434
URY,2022,9.811881520825366,76.468
URY,2023,9.82030566889607,78.138
URY,2024,9.853462949157347,78.287
USA,1960,9.851749138037075,69.7707317073171
USA,1961,9.85791132463162,70.2707317073171
USA,1962,9.901743210757054,70.119512195122
USA,1963,9.930411052645086,69.9170731707317
USA,1964,9.972900925567522,70.1658536585366
USA,1965,10.022434600040818,70.2146341463415
USA,1966,10.073860467375878,70.2121951219512
USA,1967,10.087664267825728,70.5609756097561
USA,1968,10.12456324331528,69.9512195121951
USA,1969,10.145320020198106,70.5073170731708
USA,1970,10.135833715974174,70.8073170731707
USA,1971,10.155587115975665,71.1073170731707
USA,1972,10.196102448982744,71.1560975609756
USA,1973,10.24147834692857,71.3560975609756
USA,1974,10.226921580475878,71.9560975609756
USA,1975,10.215003411025453,72.6048780487805
USA,1976,10.257980123907414,72.8560975609756
USA,1977,10.293126971356225,73.2560975609756
USA,1978,10.336405662528113,73.3560975609756
USA,1979,10.356538938153877,73.8048780487805
USA,1980,10.344371979189011,73.609756097561
USA,1981,10.359618187051083,74.009756097561
USA,1982,10.331890350135916,74.3609756097561
USA,1983,10.367564956585802,74.4634146341463
USA,1984,10.428772836263416,74.5634146341464
USA,1985,10.460761463385845,74.5634146341464
USA,1986,10.485560362601971,74.6146341463415
USA,1987,10.510585040470527,74.7658536585366
USA,1988,10.542426070675791,74.7658536585366
USA,1989,10.56904619243571,75.0170731707317
USA,1990,10.57643370458266,75.2146341463415
USA,1991,10.56198738143011,75.3658536585366
USA,1992,10.582737291588442,75.6170731707317
USA,1993,10.596696636812993,75.419512195122
USA,1994,10.623933414822993,75.619512195122
USA,1995,10.638515863949376,75.6219512195122
USA,1996,10.663915192598386,76.0268292682927
USA,1997,10.69538639422713,76.4292682926829
USA,1998,10.727584718051212,76.5804878048781
USA,1999,10.762874449365563,76.5829268292683
USA,2000,10.791713211341452,76.6365853658537
USA,2001,10.791325816970334,76.8365853658537
USA,2002,10.79890935770275,76.9365853658537
USA,2003,10.817886963150846,77.0365853658537
USA,2004,10.846388030585665,77.4878048780488
USA,2005,10.871413375193665,77.4878048780488
USA,2006,10.88923559910648,77.6878048780488
USA,2007,10.899565499768839,77.9878048780488
USA,2008,10.891242074755974,78.0390243902439
USA,2009,10.856372827998042,78.390243902439
USA,2010,10.874506648934766,78.5414634146342
USA,2011,10.882105667121523,78.6414634146341
USA,2012,10.896754900940332,78.7414634146342
USA,2013,10.910146457679765,78.7414634146342
USA,2014,10.927111193758208,78.8414634146341
USA,2015,10.948162172702753,78.690243902439
USA,2016,10.958336893154724,78.5390243902439
USA,2017,10.975686916765625,78.5390243902439
USA,2018,10.999056141844981,78.6390243902439
USA,2019,11.019415142765025,78.7878048780488
USA,2020,10.994296289614953,76.9804878048781
USA,2021,11.052425106106162,76.3292682926829
USA,2022,11.071660624672864,77.4341463414634
USA,2023,11.092356083177735,78.3853658536585
USA,2024,11.110304007400245,78.890243902439
UZB,1987,7.397934738877014,65.486
UZB,1988,7.45774123731104,65.757
UZB,1989,7.461988674275713,65.844
UZB,1990,7.453738835848867,65.772
UZB,1991,7.4247659669873665,65.529
UZB,1992,7.281377910534282,65.236
UZB,1993,7.234973686311771,64.924
UZB,1994,7.160185247347614,64.681
UZB,1995,7.131122274034591,64.67
UZB,1996,7.129202265555842,64.78
UZB,1997,7.162617477262689,65.028
UZB,1998,7.189018248461859,65.169
UZB,1999,7.217086179369005,65.307
UZB,2000,7.242090965884191,65.456
UZB,2001,7.270726668270847,65.853
UZB,2002,7.297424680785144,66.376
UZB,2003,7.326699095038328,66.852
UZB,2004,7.386249472921222,67.203
UZB,2005,7.440932591408727,67.481
UZB,2006,7.499906453463844,67.905
UZB,2007,7.576393959404919,68.483
UZB,2008,7.647491224000673,69.035
UZB,2009,7.708884407098075,69.517
UZB,2010,7.766265187646291,69.836
UZB,2011,7.829108310993703,70.143
UZB,2012,7.884990239321728,70.411
UZB,2013,7.945556155774755,70.692
UZB,2014,8.003217075896057,70.973
UZB,2015,8.062400958082765,71.33
UZB,2016,8.110099554593935,71.58
UZB,2017,8.139086854720825,71.737
UZB,2018,8.177474914567739,71.999
UZB,2019,8.225102577623492,72.093
UZB,2020,8.22250565997535,71.461
UZB,2021,8.28197619178074,71.681
UZB,2022,8.320955462787925,72.147
UZB,2023,8.361989889392762,72.388
UZB,2024,8.406911130323307,72.528
VCT,1960,7.543401774824717,58.566
VCT,1961,7.570270398396123,59.272
VCT,1962,7.590764426000054,59.924
VCT,1963,7.511416963874185,60.521
VCT,1964,7.5337024285806935,61.071
VCT,1965,7.529472751693619,61.61
VCT,1966,7.517176103710274,62.102
VCT,1967,7.405514297729873,62.541
VCT,1968,7.457909729349139,63.064
VCT,1969,7.4762318037679485,63.529
VCT,1970,7.5688140224711455,64.029
VCT,1971,7.588645190009344,64.432
VCT,1972,7.808986822320822,64.752
VCT,1973,7.682142328080652,65.095
VCT,1974,7.581074685353785,65.422
VCT,1975,7.493624799373827,65.873
VCT,1976,7.584318367933574,66.466
VCT,1977,7.700670232870751,66.883
VCT,1978,7.786376275612738,67.273
VCT,1979,7.812822156152102,69.345
VCT,1980,7.829877934378877,67.977
VCT,1981,7.866765752613618,68.292
VCT,1982,7.902069822348434,68.584
VCT,1983,7.915356918101503,68.796
VCT,1984,7.97122688100174,69.244
VCT,1985,8.023609704860045,69.771
VCT,1986,8.070978357343158,70.104
VCT,1987,8.068781932492719,70.428
VCT,1988,8.194510288328328,70.607
VCT,1989,8.202935235179435,70.647
VCT,1990,8.238748173573706,70.647
VCT,1991,8.246379770213943,70.64
VCT,1992,8.305653648559641,70.745
VCT,1993,8.345275619654327,70.621
VCT,1994,8.33109894461739,70.602
VCT,1995,8.404755232439582,70.575
VCT,1996,8.416915421392195,70.466
VCT,1997,8.451172147213722,70.382
VCT,1998,8.490915100257476,70.263
VCT,1999,8.516015371599917,70.312
VCT,2000,8.53069510785162,70.35
VCT,2001,8.54841394714642,70.382
VCT,2002,8.60181490502381,70.658
VCT,2003,8.66840376197108,70.43
VCT,2004,8.711434994385382,70.445
VCT,2005,8.739433861249218,70.454
VCT,2006,8.810948597761362,70.434
VCT,2007,8.847959395985654,70.446
VCT,2008,8.856517796789896,70.611
VCT,2009,8.847334513371747,70.712
VCT,2010,8.806580110836178,70.66
VCT,2011,8.806061858035774,70.609
VCT,2012,8.823306842821927,70.539
VCT,2013,8.853175859863265,70.091
VCT,2014,8.870132064812884,70.355
VCT,2015,8.902963702626419,70.463
VCT,2016,8.949351415602218,70.7
VCT,2017,8.971185178925793,71.013
VCT,2018,9.009446939324159,71.017
VCT,2019,9.023368942645522,70.994
VCT,2020,8.985914313518153,69.605
VCT,2021,9.01327090298949,69.132
VCT,2022,9.051665589460724,71.191
VCT,2023,9.11066942665187,71.23
VCT,2024,9.15748667258097,71.382
VEN,1960,8.309040405423481,58.376
VEN,1961,8.304855585641985,59.115
VEN,1962,8.351766724881797,59.667
VEN,1963,8.355560286147762,60.502
VEN,1964,8.42706192653861,61.168
VEN,1965,8.434285225898826,61.909
VEN,1966,8.416105434613142,62.894
VEN,1967,8.41130872845092,63.55
VEN,1968,8.449909947805587,63.908
VEN,1969,8.42540797892076,63.84
VEN,1970,8.468706670678793,64.816
VEN,1971,8.452845292629629,65.184
VEN,1972,8.435541749818427,65.555
VEN,1973,8.474557854761976,65.74
VEN,1974,8.465644168821068,66.223
VEN,1975,8.464978373685618,66.686
VEN,1976,8.510303604572774,67.266
VEN,1977,8.542111778937059,67.726
VEN,1978,8.536467216607111,68.108
VEN,1979,8.515508796717572,68.226
VEN,1980,8.442129179905537,68.179
VEN,1981,8.401697563151988,68.697
VEN,1982,8.399609788887732,68.985
VEN,1983,8.271103279894524,69.541
VEN,1984,8.294924158092456,69.672
VEN,1985,8.275198719145147,69.961
VEN,1986,8.309128321037731,70.528
VEN,1987,8.331079509105104,70.673
VEN,1988,8.367872104844162,70.762
VEN,1989,8.191912184074104,70.805
VEN,1990,8.232441492638731,70.964
VEN,1991,8.30011694334845,71.172
VEN,1992,8.335314383384636,71.177
VEN,1993,8.315355414165424,71.385
VEN,1994,8.27004457716263,71.283
VEN,1995,8.287417497279199,71.714
VEN,1996,8.264002059212347,71.92
VEN,1997,8.30501324639952,72.56
VEN,1998,8.289675119894206,72.446
VEN,1999,8.20893516415139,72.088
VEN,2000,8.224740162631768,72.388
VEN,2001,8.240006722218466,71.019
VEN,2002,8.130617783312989,72.823
VEN,2003,8.032120239402403,72.056
VEN,2004,8.182230452677574,72.752
VEN,2005,8.262511009085545,73.075
VEN,2006,8.340591104149247,72.972
VEN,2007,8.409511253703366,73.348
VEN,2008,8.445837108418543,72.578
VEN,2009,8.400968195052904,72.785
VEN,2010,8.371874432020887,73.092
VEN,2011,8.399434263398124,73.09
VEN,2012,8.442127366392015,73.086
VEN,2013,8.443019384850384,73.076
VEN,2014,8.39230538477014,72.837
VEN,2015,8.31791749593616,73.004
VEN,2016,8.12398197163188,72.002
VEN,2017,7.9597413579039475,71.903
VEN,2018,7.766155161841786,72.641
VEN,2019,7.472532281275797,72.766
VEN,2020,7.135579515323743,72.369
VEN,2021,7.149087587506664,71.536
VEN,2022,7.22761748120939,72.566
VEN,2023,7.2639506995745595,72.514
VEN,2024,7.314034775048569,72.673
VIR,2002,10.673728281055535,77.5219512195122
VIR,2003,10.669796471420357,77.5219512195122
VIR,2004,10.70248659045378,77.7731707317073
VIR,2005,10.73686592564271,77.4219512195122
VIR,2006,10.772090423320572,78.3243902439024
VIR,2007,10.811708327885123,76.8634146341463
VIR,2008,10.823267248766458,77.1634146341463
VIR,2009,10.754979624910327,77.5146341463415
VIR,2010,10.761359401249928,77.8658536585366
VIR,2011,10.676373781658333,78.3170731707317
VIR,2012,10.517000664235525,78.5170731707317
VIR,2013,10.453446752780636,78.7170731707317
VIR,2014,10.437014861890688,78.8682926829268
VIR,2015,10.434332043192612,79.0170731707317
VIR,2016,10.452035120612035,79.1682926829268
VIR,2017,10.446843126684355,79.3682926829268
VIR,2018,10.468065352004922,79.5195121951219
VIR,2019,10.499841409706665,79.6682926829268
VIR,2020,10.487119579839746,79.819512195122
VIR,2021,10.527098370010917,80.0682926829268
VIR,2022,10.518225282148048,80.319512195122
VNM,1984,6.389386835109355,66.929
VNM,1985,6.403536938626586,67.192
VNM,1986,6.409500308913691,67.55
VNM,1987,6.424407244746325,68.005
VNM,1988,6.454251895183649,68.585
VNM,1989,6.504771847711858,68.805
VNM,1990,6.53358578861988,69.027
VNM,1991,6.570528853161259,69.303
VNM,1992,6.6332011289711845,69.62
VNM,1993,6.691595339920599,69.957
VNM,1994,6.758236680796192,70.379
VNM,1995,6.832628108243537,70.871
VNM,1996,6.906679607904238,71.296
VNM,1997,6.9705216325696275,71.67
VNM,1998,7.0122168002578995,72.283
VNM,1999,7.045815471687837,72.575
VNM,2000,7.100189346500339,72.746
VNM,2001,7.1497639743782315,72.984
VNM,2002,7.200810419069993,73.138
VNM,2003,7.2575268114144675,73.236
VNM,2004,7.320490224666083,73.062
VNM,2005,7.3839662795338095,73.198
VNM,2006,7.438193043334589,73.293
VNM,2007,7.489383297681163,73.385
VNM,2008,7.526181714441248,73.455
VNM,2009,7.563789344541438,73.525
VNM,2010,7.614599152010479,73.611
VNM,2011,7.665239962486633,73.713
VNM,2012,7.707113932172954,73.762
VNM,2013,7.749358806435046,73.821
VNM,2014,7.799460881041575,73.886
VNM,2015,7.854601928784033,73.955
VNM,2016,7.906760423016145,73.984
VNM,2017,7.961417899373379,74.026
VNM,2018,8.022333850815286,74.1
VNM,2019,8.083660803500296,74.211
VNM,2020,8.102637740475883,75.383
VNM,2021,8.119165560869616,74.145
VNM,2022,8.193583547414308,74.502
VNM,2023,8.235456156466793,74.588
VNM,2024,8.29717171116494,74.736
VUT,1979,8.114991315187392,60.893
VUT,1980,7.971042054082037,61.322
VUT,1981,7.991752660360538,61.95
VUT,1982,7.988070854554052,62.54
VUT,1983,7.993537463856799,63.075
VUT,1984,8.06019689683014,63.519
VUT,1985,8.044939116869262,63.927
VUT,1986,8.017954457871593,64.618
VUT,1987,7.962991212390545,64.439
VUT,1988,7.920234517122704,65.699
VUT,1989,7.909926448195565,66.023
VUT,1990,7.995435359730926,66.684
VUT,1991,8.001546627237193,67.114
VUT,1992,8.00224992376778,67.433
VUT,1993,7.9851055953162815,67.724
VUT,1994,8.048167600053421,67.984
VUT,1995,8.035017882656739,68.104
VUT,1996,8.035695424515728,68.176
VUT,1997,8.062094105376001,68.309
VUT,1998,8.052900049318206,68.372
VUT,1999,8.035537350427362,67.924
VUT,2000,8.070110760526964,68.586
VUT,2001,8.010364909254887,68.722
VUT,2002,7.932002150279608,68.836
VUT,2003,7.949366488211713,68.933
VUT,2004,7.964034127144033,68.985
VUT,2005,7.991480168625722,69.166
VUT,2006,8.048496037407523,69.126
VUT,2007,8.052360255433028,69.144
VUT,2008,8.081776861310878,69.302
VUT,2009,8.086306250832529,69.422
VUT,2010,8.075387476529343,69.57
VUT,2011,8.084604655484313,69.729
VUT,2012,8.072681717560487,69.898
VUT,2013,8.055057718176068,69.986
VUT,2014,8.06326249878482,70.043
VUT,2015,8.075402056097861,70.163
VUT,2016,8.088714449397672,70.397
VUT,2017,8.106758860938774,70.5
VUT,2018,8.10764665697344,70.626
VUT,2019,8.116584076179537,70.783
VUT,2020,8.034360608122164,70.385
VUT,2021,7.999474071471549,69.952
VUT,2022,8.030689583637084,71.302
VUT,2023,8.064102720654564,71.477
VUT,2024,8.07833231468774,71.654
WLD,1960,8.207017577610472,50.9418860745353
WLD,1961,8.23184772101659,52.7972306837695
WLD,1962,8.266020904153695,55.2860734026534
WLD,1963,8.2938289591731,55.6522285444853
WLD,1964,8.337139953355509,56.096712233261
WLD,1965,8.37130313727061,55.9265080057019
WLD,1966,8.403184725605104,56.44915720267
WLD,1967,8.419471062590521,56.9040239437714
WLD,1968,8.456740614330869,57.3357035221963
WLD,1969,8.493868843821136,57.6804599932799
WLD,1970,8.510020908299905,57.9372947120442
WLD,1971,8.529311818919352,58.0247486866482
WLD,1972,8.563235816558311,58.8444152506983
WLD,1973,8.606028335321,59.2963752109716
WLD,1974,8.606449651713989,59.6998625917946
WLD,1975,8.59598180473641,60.1307923083887
WLD,1976,8.628898938188007,60.454259510654
WLD,1977,8.65001232824632,61.0414812816423
WLD,1978,8.673011957516135,61.394384620536
WLD,1979,8.695856070143513,61.8410145342921
WLD,1980,8.69621759585206,62.1515000723228
WLD,1981,8.697206321899943,62.516815469465
WLD,1982,8.683188245069978,62.8744224934289
WLD,1983,8.690671085019433,63.1315027470635
WLD,1984,8.719282647779508,63.4358699774594
WLD,1985,8.737615637472413,63.7253727049054
WLD,1986,8.75236127230491,64.1164876670747
WLD,1987,8.771262120442717,64.4576806100147
WLD,1988,8.797787307642306,64.6663839423644
WLD,1989,8.81599554324133,64.9575716318237
WLD,1990,8.825284422248114,65.1085564186251
WLD,1991,8.820760753872017,65.3038759534727
WLD,1992,8.824869856252537,65.5476873001237
WLD,1993,8.827405006474867,65.742736646679
WLD,1994,8.845646372457194,65.9586214931772
WLD,1995,8.861884811196424,66.2008974348323
WLD,1996,8.882216770210576,66.5154326237584
WLD,1997,8.906768888626816,66.8309307807022
WLD,1998,8.91982550538195,67.0666353847454
WLD,1999,8.941012628960163,67.3121942863677
WLD,2000,8.97203469054717,67.6504778738489
WLD,2001,8.97871627104615,67.9451852910729
WLD,2002,8.988526840842852,68.2313680755001
WLD,2003,9.005900438024343,68.5157832704694
WLD,2004,9.037006059128075,68.7710985282211
WLD,2005,9.06408370944668,69.111445965915
WLD,2006,9.095283741510581,69.4690022328376
WLD,2007,9.126031615629017,69.8049778312625
WLD,2008,9.134055969783823,70.0043236169628
WLD,2009,9.108110567371968,70.3803491247646
WLD,2010,9.140155853164616,70.6826307784169
WLD,2011,9.160574280345871,70.9688028224075
WLD,2012,9.175089028644951,71.2645542969028
WLD,2013,9.191262154313335,71.5334887297047
WLD,2014,9.210398697662546,71.7763867362613
WLD,2015,9.229355949558034,71.9656376386893
WLD,2016,9.24522911832552,72.1858228976022
WLD,2017,9.267812272449245,72.3662967648278
WLD,2018,9.289389466061985,72.6442408544831
WLD,2019,9.305369559433764,72.869911203356
WLD,2020,9.266268759094162,72.1832040176208
WLD,2021,9.320772410007079,71.2160780260296
WLD,2022,9.345921431188644,72.9689585478052
WLD,2023,9.364847199925071,73.3302230276374
WLD,2024,9.38381054984888,73.4818184164654
WSM,1970,7.794205749541295,60.388
WSM,1971,7.9060898957892425,60.879
WSM,1972,7.9076588560307,61.36
WSM,1973,7.964447462994473,61.863
WSM,1974,7.831806942401335,62.34
WSM,1975,7.767171901003249,62.839
WSM,1976,7.832018152970579,63.301
WSM,1977,7.807572432365629,63.742
WSM,1978,7.858095077119114,64.132
WSM,1979,7.952340602434686,64.543
WSM,1980,7.87960715086088,64.961
WSM,1981,7.776758166418003,65.296
WSM,1982,7.762253535293077,65.647
WSM,1983,7.765174071148728,65.991
WSM,1984,7.777475727597798,66.284
WSM,1985,7.815604365000099,66.557
WSM,1986,7.8679187234320915,66.819
WSM,1987,7.8691529838406105,67.047
WSM,1988,7.850547662871137,67.328
WSM,1989,7.884446511024773,67.607
WSM,1990,7.8376025242575205,67.808
WSM,1991,7.812407112928044,68.039
WSM,1992,7.804735498619284,68.532
WSM,1993,7.836481145374523,68.818
WSM,1994,7.802700856113605,69.162
WSM,1995,7.859183491480736,69.469
WSM,1996,7.919957561381359,69.767
WSM,1997,7.918023160187207,70.045
WSM,1998,7.932115071856695,70.308
WSM,1999,7.946105508574465,70.555
WSM,2000,7.987990464750061,70.791
WSM,2001,8.051170121273351,71.028
WSM,2002,8.09905079935695,71.233
WSM,2003,8.144678770510922,71.441
WSM,2004,8.170677365090242,71.508
WSM,2005,8.231051912192596,71.487
WSM,2006,8.248247136989765,71.62
WSM,2007,8.247548800913659,71.605
WSM,2008,8.275344365407554,71.531
WSM,2009,8.262544245570336,69.486
WSM,2010,8.314135403728008,71.451
WSM,2011,8.343186562569823,71.393
WSM,2012,8.296025419081664,71.159
WSM,2013,8.28813037896121,71.229
WSM,2014,8.285825238414336,71.142
WSM,2015,8.314920529495012,71.06
WSM,2016,8.383258957525818,71.003
WSM,2017,8.387852585180294,70.991
WSM,2018,8.371243335526128,71.052
WSM,2019,8.404266514372841,70.269
WSM,2020,8.36242390277304,70.727
WSM,2021,8.30205186438565,71.096
WSM,2022,8.317560763733452,71.55
WSM,2023,8.452860100624116,71.698
WSM,2024,8.493012004990922,71.826
XKX,2008,7.841334920118275,74.711
XKX,2009,7.8938929011115055,74.79
XKX,2010,7.945425157799448,74.609
XKX,2011,8.004915885517619,75.323
XKX,2012,8.013459032642148,75.75
XKX,2013,8.059424934625916,76.336
XKX,2014,8.095300928443677,76.179
XKX,2015,8.166394336045292,76.024
XKX,2016,8.226619974771877,76.748
XKX,2017,8.266209742879878,77.105
XKX,2018,8.296326926214984,77.117
XKX,2019,8.347368808250767,77.249
XKX,2020,8.291783137491022,74.212
XKX,2021,8.396126396360549,74.981
XKX,2022,8.44814085800957,77.623
XKX,2023,8.53753425200944,78.033
XKX,2024,8.636163004980913,78.222
YEM,1990,7.451371986671034,58.528
YEM,1991,7.474097797930776,58.805
YEM,1992,7.514952945264429,59.26
YEM,1993,7.516587091923474,59.655
YEM,1994,7.544731550424575,59.828
YEM,1995,7.563939146553941,60.532
YEM,1996,7.575583393837278,60.884
YEM,1997,7.594696531801971,61.34
YEM,1998,7.621523907283118,61.788
YEM,1999,7.62744597412679,62.275
YEM,2000,7.656655306768278,62.761
YEM,2001,7.66377053358497,63.286
YEM,2002,7.672706059537186,63.807
YEM,2003,7.680111356705156,64.407
YEM,2004,7.689732594400935,64.881
YEM,2005,7.713175957277082,65.356
YEM,2006,7.711881363341983,65.8
YEM,2007,7.7123323607144005,66.23
YEM,2008,7.716035282731199,66.609
YEM,2009,7.721999562436548,66.905
YEM,2010,7.764805262838556,67.223
YEM,2011,7.598317437936981,67.412
YEM,2012,7.591588216577457,67.569
YEM,2013,7.608239927339016,67.961
YEM,2014,7.575668004524299,68.003
YEM,2015,7.216837093883101,66.761
YEM,2016,7.088374270326833,67.105
YEM,2017,7.006202667595322,67.12
YEM,2018,6.984095186201333,65.915
ZAF,1960,8.2924074916441,52.575
ZAF,1961,8.302073047437803,53.067
ZAF,1962,8.332273971137171,53.566
ZAF,1963,8.373108922780624,53.895
ZAF,1964,8.418970321051496,54.215
ZAF,1965,8.447649523499749,54.427
ZAF,1966,8.460093476576134,54.731
ZAF,1967,8.498388863229854,54.955
ZAF,1968,8.507910368692855,55.191
ZAF,1969,8.523105064532025,55.44
ZAF,1970,8.543944464522756,55.681
ZAF,1971,8.556556820910858,56.02
ZAF,1972,8.54429790219191,56.377
ZAF,1973,8.560410095006748,56.72
ZAF,1974,8.591526957764117,57.11
ZAF,1975,8.58064082426421,57.591
ZAF,1976,8.575836820975997,58.0
ZAF,1977,8.547855415490186,58.48
ZAF,1978,8.550254455423035,58.991
ZAF,1979,8.560391570959338,59.472
ZAF,1980,8.5940691694368,59.961
ZAF,1981,8.612247344603045,60.445
ZAF,1982,8.573834853836384,60.936
ZAF,1983,8.520262760210203,61.393
ZAF,1984,8.535370844972958,61.837
ZAF,1985,8.489833698736168,62.195
ZAF,1986,8.45804145697995,62.421
ZAF,1987,8.447656625612801,62.694
ZAF,1988,8.458339354705089,62.902
ZAF,1989,8.452610093690906,63.017
ZAF,1990,8.421613626397736,62.942
ZAF,1991,8.388532362772974,62.983
ZAF,1992,8.348967261689038,62.839
ZAF,1993,8.341314417973827,62.618
ZAF,1994,8.35661633894408,62.069
ZAF,1995,8.375006690453016,61.603
ZAF,1996,8.404137924401814,61.079
ZAF,1997,8.417825775437613,60.538
ZAF,1998,8.410689158263333,59.912
ZAF,1999,8.423508706993465,59.19
ZAF,2000,8.45550405864801,58.368
ZAF,2001,8.47355106791421,57.161
ZAF,2002,8.50041623820819,55.58
ZAF,2003,8.519514940370357,54.245
ZAF,2004,8.553979565939386,53.963
ZAF,2005,8.595278750744047,53.914
ZAF,2006,8.639585732321903,54.22
ZAF,2007,8.681252452011616,54.948
ZAF,2008,8.701133376089404,55.982
ZAF,2009,8.673693926700775,57.413
ZAF,2010,8.691809314984317,58.886
ZAF,2011,8.710640102523593,60.602
ZAF,2012,8.71957189190634,61.737
ZAF,2013,8.727596198966356,62.388
ZAF,2014,8.725020996315116,63.184
ZAF,2015,8.718054131030598,64.053
ZAF,2016,8.715272450986127,64.749
ZAF,2017,8.72024701690778,65.422
ZAF,2018,8.718871220537295,65.726
ZAF,2019,8.704971454270988,66.071
ZAF,2020,8.625075793912258,65.15
ZAF,2021,8.657113273425072,62.01
ZAF,2022,8.663345982388412,65.454
ZAF,2023,8.658093701816968,66.139
ZAF,2024,8.650932742445304,66.312
ZMB,1960,7.079777816782398,50.648
ZMB,1961,7.061973925953294,51.041
ZMB,1962,7.005286465065649,51.331
ZMB,1963,7.005887048925373,51.605
ZMB,1964,7.089570199338064,51.17
ZMB,1965,7.21189380530883,52.079
ZMB,1966,7.122615994959165,52.29
ZMB,1967,7.1667358617874575,52.512
ZMB,1968,7.146834395530208,52.719
ZMB,1969,7.110617653694406,53.044
ZMB,1970,7.128218304953807,53.404
ZMB,1971,7.099787638985027,53.887
ZMB,1972,7.159740614154757,54.375
ZMB,1973,7.121300217360506,54.913
ZMB,1974,7.154253629417574,55.377
ZMB,1975,7.10132765551865,55.742
ZMB,1976,7.131331939076158,56.102
ZMB,1977,7.054240779582746,56.281
ZMB,1978,7.0295052225344286,56.335
ZMB,1979,6.968815505499937,56.05
ZMB,1980,6.968790171673223,55.496
ZMB,1981,6.998018159438662,54.986
ZMB,1982,6.937359887528304,54.361
ZMB,1983,6.885263944517547,53.674
ZMB,1984,6.851111479264602,52.877
ZMB,1985,6.837127067765463,52.001
ZMB,1986,6.8144820198439575,51.149
ZMB,1987,6.811993044044765,50.421
ZMB,1988,6.845453911573664,49.674
ZMB,1989,6.808760437362382,48.882
ZMB,1990,6.778317446010347,48.204
ZMB,1991,6.753159844447227,47.443
ZMB,1992,6.711558023457982,46.968
ZMB,1993,6.753484206452256,46.678
ZMB,1994,6.639404364984178,46.344
ZMB,1995,6.643835567466232,46.051
ZMB,1996,6.679621873568297,45.757
ZMB,1997,6.691503427510306,45.743
ZMB,1998,6.661424192391787,45.709
ZMB,1999,6.680073929895959,45.924
ZMB,2000,6.690201866421358,46.577
ZMB,2001,6.711765863476688,47.408
ZMB,2002,6.725059065071774,48.461
ZMB,2003,6.761167814896272,49.616
ZMB,2004,6.797354592458928,50.54
ZMB,2005,6.834194048259819,51.615
ZMB,2006,6.875814113134732,52.693
ZMB,2007,6.920756075525709,53.73
ZMB,2008,6.95995497931982,54.835
ZMB,2009,7.012762995335981,55.886
ZMB,2010,7.076161400386329,56.896
ZMB,2011,7.097105614018111,57.843
ZMB,2012,7.137905733147997,58.704
ZMB,2013,7.155216833621354,59.445
ZMB,2014,7.169359575997534,60.109
ZMB,2015,7.166943649325317,60.728
ZMB,2016,7.1728658755107055,61.129
ZMB,2017,7.176841739088681,61.564
ZMB,2018,7.186333883156558,62.138
ZMB,2019,7.171027846019296,62.914
ZMB,2020,7.11374046478012,63.361
ZMB,2021,7.146069742320289,62.363
ZMB,2022,7.169233034893394,65.279
ZMB,2023,7.19358061539153,66.349
ZMB,2024,7.202951298745944,66.528
ZWE,1960,7.041016674976516,53.492
ZWE,1961,7.07099111217458,53.966
ZWE,1962,7.053788207716431,54.453
ZWE,1963,7.082830517764405,54.942
ZWE,1964,7.040166612195176,55.431
ZWE,1965,7.0565576323965615,55.905
ZWE,1966,7.040157130764762,56.359
ZWE,1967,7.089043342049325,56.766
ZWE,1968,7.07701626850091,57.145
ZWE,1969,7.162479261434239,57.481
ZWE,1970,7.335243636499078,57.761
ZWE,1971,7.390675073373113,57.996
ZWE,1972,7.439954183870603,58.175
ZWE,1973,7.434064188649091,58.087
ZWE,1974,7.465890000404023,58.194
ZWE,1975,7.414682984714112,58.249
ZWE,1976,7.388888639961449,57.628
ZWE,1977,7.292310882996812,56.996
ZWE,1978,7.250389354717822,54.73
ZWE,1979,7.267062229387708,54.918
ZWE,1980,7.344229939444856,59.062
ZWE,1981,7.399311182548734,59.446
ZWE,1982,7.386359755605243,59.859
ZWE,1983,7.364095859784554,59.989
ZWE,1984,7.3092871574264136,60.622
ZWE,1985,7.341837660417977,60.901
ZWE,1986,7.329129895609337,60.982
ZWE,1987,7.307496632281597,60.724
ZWE,1988,7.348665728272288,60.241
ZWE,1989,7.370384463989709,59.446
ZWE,1990,7.4106889713882635,58.319
ZWE,1991,7.438482063854657,57.037
ZWE,1992,7.315773051346362,55.602
ZWE,1993,7.311615081342888,53.976
ZWE,1994,7.398765147555263,52.537
ZWE,1995,7.391057091313021,51.144
ZWE,1996,7.473035773978819,48.981
ZWE,1997,7.480714165194553,48.536
ZWE,1998,7.489608460575894,47.551
ZWE,1999,7.465212532519762,46.379
ZWE,2000,7.424969830773163,46.034
ZWE,2001,7.432570586182049,44.525
ZWE,2002,7.329801725107704,45.938
ZWE,2003,7.131634146534934,45.373
ZWE,2004,7.060943613745685,46.043
ZWE,2005,6.992676667322633,46.57
ZWE,2006,6.945266605601306,47.056
ZWE,2007,6.8948730204494115,47.576
ZWE,2008,6.6884106833082075,48.456
ZWE,2009,6.798961691379442,49.75
ZWE,2010,6.962441215203574,51.925
ZWE,2011,7.077442533214191,53.911
ZWE,2012,7.215351958006324,55.386
ZWE,2013,7.22097228007501,56.842
ZWE,2014,7.230747091059944,58.106
ZWE,2015,7.234989494718449,58.989
ZWE,2016,7.228637014237937,59.76
ZWE,2017,7.260466018463444,60.263
ZWE,2018,7.294476505270205,60.906
ZWE,2019,7.213422797912225,61.06
ZWE,2020,7.115435351490065,61.53
ZWE,2021,7.179460407265959,60.135
ZWE,2022,7.221980164729089,62.36
ZWE,2023,7.257335406528494,62.775
ZWE,2024,7.256156548522964,63.064
